simulation_id,agent_name,trial,context_mercury,context_krypton,context_nobelium,choice_arm_index,choice_planet_label,is_optimal,intent,exploration,explanation,reward_received,mapping_arm_0,mapping_arm_1,mapping_arm_2,mapping_arm_3
0,LLM_Gemini_3_Flash,1,-1,1,-1,0,B,1,explore,1,"Since no history is available to determine the reward functions of the buttons, I am selecting button 0 as an initial exploratory step to gather baseline data on how the current context signals (Mercury: -1, Krypton: 1, Nobelium: -1) influence its output.",84,B,A,C,D
0,LLM_Gemini_3_Flash,2,-1,1,-1,1,A,0,explore,1,"Button 0 provided a decent reward (84) in the current context, but since I have no information on the other three buttons (1, 2, 3), I need to explore them to identify if any button offers a significantly higher reward in this specific state.",14,B,A,C,D
0,LLM_Gemini_3_Flash,3,-1,1,1,2,C,1,explore,1,"Button 0 has shown a high reward (84) in the previous context, while Button 1 was low (14). I need to explore Buttons 2 and 3 to determine if they provide better potential payoffs given the current signal configuration of Mercury: -1, Krypton: 1, Nobelium: 1.",70,B,A,C,D
0,LLM_Gemini_3_Flash,4,1,-1,1,3,D,0,explore,1,"I have explored buttons 0, 1, and 2 in previous trials. Button 0 showed strong potential with an 84 reward, but the context has changed. To optimize, I need to test button 3 to determine its performance characteristics under the current context of Mercury=1, Krypton=-1, Nobelium=1.",54,B,A,C,D
0,LLM_Gemini_3_Flash,5,1,1,-1,0,B,1,explore,1,"Button 0 showed a high reward of 84 in the first trial with Mercury=-1 and Krypton=1. Given the new context (Mercury=1, Krypton=1, Nobelium=-1), testing button 0 again helps determine if it maintains high performance or if its reward is strongly tied to negative Mercury signals.",84,B,A,C,D
0,LLM_Gemini_3_Flash,6,1,-1,1,0,B,0,exploit,0,"Button 0 has consistently returned high rewards (84) in multiple contexts, including the current context's Mercury signal. Given the limited data and strong performance, exploiting button 0 is currently the most profitable strategy.",23,B,A,C,D
0,LLM_Gemini_3_Flash,7,1,1,-1,0,B,1,exploit,0,"Button 0 has consistently returned high rewards (84) in trials 1 and 5 when Mercury is 1 or -1 and Krypton is 1. Given the current context (Mercury: 1, Krypton: 1, Nobelium: -1) matches trial 5, I am exploiting the high performance of button 0.",80,B,A,C,D
0,LLM_Gemini_3_Flash,8,1,1,-1,0,B,1,exploit,0,"Button 0 has consistently yielded high rewards (84, 84, 80) across the trials where Mercury=1 and Krypton=1, regardless of the Nobelium signal. Given the current context is also Mercury=1 and Krypton=1, exploiting button 0 is the optimal strategy.",77,B,A,C,D
0,LLM_Gemini_3_Flash,9,-1,1,1,0,B,0,exploit,0,"Button 0 has consistently provided high rewards (approx 77-84) regardless of context variations in Mercury, Krypton, and Nobelium, suggesting it is a high-reward, low-variance arm compared to the others observed.",51,B,A,C,D
0,LLM_Gemini_3_Flash,10,1,-1,1,3,D,0,explore,1,"Button 0 has demonstrated consistent high rewards in various contexts, but trial 4 showed button 3 yielded a decent reward in the current Mercury: 1, Krypton: -1, Nobelium: 1 context. I am exploring button 3 to determine if it outperforms button 0 in this specific configuration.",47,B,A,C,D
0,LLM_Gemini_3_Flash,11,1,-1,1,0,B,0,exploit,0,"Button 0 has demonstrated consistently high rewards (84, 84, 80, 77) across different contexts involving Mercury=1, suggesting it may have a high baseline or strong positive correlation with the Mercury signal. Although trial 6 had a low reward, the consistency elsewhere outweighs the signal noise. I will continue to exploit button 0.",18,B,A,C,D
0,LLM_Gemini_3_Flash,12,1,-1,1,3,D,0,exploit,0,"Button 0 shows high variability and generally lower performance in the current Mercury:1, Krypton:-1, Nobelium:1 context. Button 3 has consistently provided moderate-to-high rewards in this specific context (trials 4 and 10), suggesting it is the most reliable option for these signals.",47,B,A,C,D
0,LLM_Gemini_3_Flash,13,-1,1,1,2,C,1,exploit,0,"Button 0 shows high, stable rewards in contexts with Mercury=1, but in the current context (Mercury=-1, Krypton=1, Nobelium=1), button 0 returned only 51. Button 2 returned 70 in this specific context in trial 3. Given the performance, button 2 is the most promising candidate for the current context configuration.",85,B,A,C,D
0,LLM_Gemini_3_Flash,14,1,-1,1,3,D,0,exploit,0,"Button 3 has consistently provided moderate-to-high rewards (47-54) in trials 4, 10, and 12 when Mercury=1, Krypton=-1, and Nobelium=1. Button 0 performed poorly in this specific context (trials 6 and 11, rewards 23 and 18). Therefore, choosing button 3 is the most rational exploitation of the current observed pattern.",55,B,A,C,D
0,LLM_Gemini_3_Flash,15,-1,1,1,2,C,1,exploit,0,"Button 2 yielded a high reward of 85 in the current context (Mercury: -1, Krypton: 1, Nobelium: 1) in trial 13, outperforming button 0 which yielded 51 in the same context in trial 9. Based on the pattern, button 2 appears optimal for this specific context.",77,B,A,C,D
0,LLM_Gemini_3_Flash,16,-1,1,-1,0,B,1,exploit,0,"Button 0 has consistently delivered high rewards in trials 1, 5, 7, and 8, where it returned values around 80. Based on the current context (Mercury: -1, Krypton: 1, Nobelium: -1), Button 0 is the most reliable choice among the options tested so far.",79,B,A,C,D
0,LLM_Gemini_3_Flash,17,1,-1,1,3,D,0,exploit,0,"Button 3 has consistently provided moderate-to-high rewards (47, 54, 47, 55) in the current context (Mercury: 1, Krypton: -1, Nobelium: 1). Button 0 has shown very low rewards (18, 23) in this specific context, while Buttons 1 and 2 have been less reliable or tested less in this configuration, making 3 the most profitable known choice.",57,B,A,C,D
0,LLM_Gemini_3_Flash,18,1,-1,-1,0,B,0,exploit,0,"Button 0 has consistently delivered high rewards (77-84) across various contexts, especially when Mercury is 1, regardless of Krypton or Nobelium values. Given the current context (Mercury 1, Krypton -1, Nobelium -1), it remains the strongest candidate based on historical performance.",53,B,A,C,D
0,LLM_Gemini_3_Flash,19,-1,1,1,2,C,1,exploit,0,"Button 2 has consistently provided high rewards (70, 85, 77) when the context is Mercury -1, Krypton 1, Nobelium 1, outperforming button 0 which yielded only 51 in the same context.",75,B,A,C,D
0,LLM_Gemini_3_Flash,20,1,-1,1,3,D,0,exploit,0,"In the current context (Mercury: 1, Krypton: -1, Nobelium: 1), Button 3 has consistently yielded higher rewards (ranging between 47 and 57) compared to Button 0, which showed poor performance (18-23) under this exact context in previous trials.",47,B,A,C,D
0,LLM_Gemini_3_Flash,21,1,-1,1,3,D,0,exploit,0,"Based on the trial history, button 3 has consistently provided significantly higher rewards (47-57) than button 0 (which gave 18-23) when the context is Mercury=1, Krypton=-1, Nobelium=1. Button 3 appears to be the optimal choice for this specific context.",59,B,A,C,D
0,LLM_Gemini_3_Flash,22,1,-1,-1,0,B,0,exploit,0,"Button 0 has consistently yielded high rewards (ranging from 53 to 84) when Mercury is 1, regardless of the other signals, particularly when Krypton is 1 or when the overall context aligns with its performance. Given the current context (Mercury: 1, Krypton: -1, Nobelium: -1), Button 0 is the most reliable choice based on historical performance in similar contexts where Mercury is 1.",42,B,A,C,D
0,LLM_Gemini_3_Flash,23,1,-1,1,3,D,0,exploit,0,"Based on the trial history, button 3 has consistently provided significantly higher rewards (averaging ~51) compared to button 0 when the context is Mercury: 1, Krypton: -1, Nobelium: 1. Button 0 performed poorly in this specific context in previous trials (18, 23). Therefore, I will exploit the pattern identified for button 3.",60,B,A,C,D
0,LLM_Gemini_3_Flash,24,-1,-1,1,2,C,1,exploit,0,"Button 2 has consistently yielded high rewards (70, 85, 77, 75) when Nobelium is 1, regardless of the other signals. Given the current context of Nobelium = 1, Button 2 is the highest expected value choice.",88,B,A,C,D
0,LLM_Gemini_3_Flash,25,1,-1,-1,0,B,0,exploit,0,"Button 0 shows high consistency when Mercury is 1 and Krypton is 1, and it seems to maintain a solid baseline reward in other conditions, particularly when Nobelium is -1 (as seen in trials 5, 7, 8, 16, and 18). Given the current context (1, -1, -1), Button 0 is the most reliable choice based on the observed data.",57,B,A,C,D
0,LLM_Gemini_3_Flash,26,-1,1,-1,0,B,1,exploit,0,"Button 0 has consistently delivered high rewards (77-84 range) when Mercury is 1 or when Krypton is 1. Given the current context (Mercury: -1, Krypton: 1, Nobelium: -1), history shows Button 0 yielded 84 and 79 in identical or similar conditions, making it the most reliable choice for exploitation.",77,B,A,C,D
0,LLM_Gemini_3_Flash,27,1,-1,1,3,D,0,exploit,0,"Based on the trial history, button 3 has shown a consistently high performance in contexts where Mercury=1, Krypton=-1, and Nobelium=1, yielding rewards in the 47-60 range, which is superior to the performance of other buttons under these specific conditions.",41,B,A,C,D
0,LLM_Gemini_3_Flash,28,-1,1,-1,0,B,1,exploit,0,"Button 0 has consistently delivered high rewards in the current context (Mercury: -1, Krypton: 1, Nobelium: -1), with previous rewards of 84, 79, and 77. Given this historical performance, it remains the most reliable choice for this specific context.",87,B,A,C,D
0,LLM_Gemini_3_Flash,29,-1,1,1,2,C,1,exploit,0,"Button 2 has consistently yielded high rewards (70, 85, 77, 75, 88) when Nobelium is 1, specifically in contexts where Mercury is -1. Given the current context (Mercury: -1, Krypton: 1, Nobelium: 1), Button 2 is the most reliable choice based on historical performance.",78,B,A,C,D
0,LLM_Gemini_3_Flash,30,-1,1,-1,0,B,1,exploit,0,"Button 0 has consistently delivered high rewards (77-87) in the current context (Mercury: -1, Krypton: 1, Nobelium: -1), confirming it as the optimal choice for this specific signal configuration.",81,B,A,C,D
0,LLM_Gemini_3_Flash,31,1,1,-1,0,B,1,exploit,0,"Button 0 has consistently delivered high rewards when Mercury is 1 and Krypton is 1, regardless of the Nobelium signal. Since the current context (Mercury: 1, Krypton: 1, Nobelium: -1) matches this established pattern, exploiting button 0 is the optimal strategy.",81,B,A,C,D
0,LLM_Gemini_3_Flash,32,-1,1,-1,0,B,1,exploit,0,"In the current context (Mercury: -1, Krypton: 1, Nobelium: -1), button 0 has consistently yielded high rewards (84, 79, 77, 87, 81) across various trials. It is clearly the optimal choice for this specific signal configuration.",79,B,A,C,D
0,LLM_Gemini_3_Flash,33,1,-1,1,3,D,0,exploit,0,"Based on historical data, button 3 has consistently provided rewards in the 40-60 range whenever Mercury=1, Krypton=-1, and Nobelium=1. Button 0 has shown high volatility and occasionally very low rewards (e.g., 18 or 23) in this specific context configuration. Given the accumulated evidence, button 3 is the most reliable choice for this context.",52,B,A,C,D
0,LLM_Gemini_3_Flash,34,-1,1,-1,0,B,1,exploit,0,"Button 0 has consistently delivered high rewards when Mercury is -1 and Krypton is 1, regardless of the Nobelium signal. Given the current context (Mercury: -1, Krypton: 1, Nobelium: -1), choosing button 0 is the optimal exploitation strategy based on historical performance.",80,B,A,C,D
0,LLM_Gemini_3_Flash,35,-1,-1,1,2,C,1,exploit,0,"Based on historical data, button 2 consistently yields high rewards (70-88 range) when Nobelium is 1, regardless of the other signals. Since the current context has Nobelium = 1, button 2 is the most reliable choice for maximizing profit.",77,B,A,C,D
0,LLM_Gemini_3_Flash,36,-1,-1,1,2,C,1,exploit,0,"Based on historical data, button 2 consistently performs well when Nobelium is 1, specifically yielding high rewards (70, 85, 77, 75, 88, 78, 77) under various Mercury and Krypton settings. In the current context (Mercury: -1, Krypton: -1, Nobelium: 1), button 2 is the most reliable high-reward choice.",80,B,A,C,D
0,LLM_Gemini_3_Flash,37,-1,1,-1,0,B,1,exploit,0,"Based on historical data, button 0 consistently provides high rewards (77-87) in the current context (Mercury: -1, Krypton: 1, Nobelium: -1). It appears to have a strong positive correlation with this specific context configuration, making it the optimal choice for exploitation.",81,B,A,C,D
0,LLM_Gemini_3_Flash,38,1,-1,-1,0,B,0,exploit,0,"Button 0 has consistently demonstrated high performance (rewards in the 77-87 range) in contexts where Mercury is 1 and Krypton is 1, as well as when Mercury is -1 and Krypton is 1. Given the current context (Mercury 1, Krypton -1, Nobelium -1), Button 0 has shown moderate to high performance previously, and it remains the most reliable option based on historical performance patterns.",45,B,A,C,D
0,LLM_Gemini_3_Flash,39,1,-1,-1,0,B,0,exploit,0,"Button 0 has consistently demonstrated high rewards (75-87) in the current context (Mercury: 1, Krypton: -1, Nobelium: -1), especially when compared to Button 3 in previous trials with similar signals. Given the pattern observed, Button 0 appears to be the most reliable option for this context.",42,B,A,C,D
0,LLM_Gemini_3_Flash,40,1,1,-1,0,B,1,exploit,0,"Button 0 has consistently delivered high rewards (77-87) in contexts where Mercury=1 and Nobelium=-1. In the current context (Mercury: 1, Krypton: 1, Nobelium: -1), Button 0 is the most reliable option based on historical performance.",81,B,A,C,D
0,LLM_Gemini_3_Flash,41,-1,-1,1,2,C,1,exploit,0,"Based on the history, button 2 consistently yields high rewards (70-88) when Nobelium is 1, regardless of the other signals. Since the current context is (Mercury: -1, Krypton: -1, Nobelium: 1), button 2 is the optimal choice for this specific configuration.",92,B,A,C,D
0,LLM_Gemini_3_Flash,42,-1,1,1,2,C,1,exploit,0,"Button 2 consistently yields high rewards (70-92) when Nobelium is 1, regardless of Mercury or Krypton values, outperforming Button 0 in the current context (Mercury: -1, Krypton: 1, Nobelium: 1).",82,B,A,C,D
0,LLM_Gemini_3_Flash,43,1,-1,1,3,D,0,exploit,0,"Based on historical data, button 3 has shown consistent performance in this specific context (Mercury: 1, Krypton: -1, Nobelium: 1). Button 0 has historically performed very poorly when Mercury is 1 and Krypton is -1. While button 2 is strong in other contexts, the historical data suggests button 3 is the optimal choice for this specific signal configuration.",52,B,A,C,D
0,LLM_Gemini_3_Flash,44,1,1,-1,0,B,1,exploit,0,"Button 0 has consistently delivered high rewards (77-87) in the current context where Mercury is 1 and Krypton is 1, regardless of the Nobelium value. Historical data from trials 5, 7, 8, 31, and 40 strongly support Button 0 as the optimal choice under these conditions.",80,B,A,C,D
0,LLM_Gemini_3_Flash,45,1,-1,1,3,D,0,exploit,0,"Based on historical data for the context (Mercury: 1, Krypton: -1, Nobelium: 1), Button 3 consistently yields higher rewards (averaging ~50-60) compared to Button 0 (which has shown low performance in this specific context, ~18-23). Button 2 appears to perform well when Mercury is -1, and Button 0 performs very well when Krypton is 1 or Nobelium is -1, but Button 3 remains the most reliable performer in this specific context.",50,B,A,C,D
0,LLM_Gemini_3_Flash,46,-1,-1,1,2,C,1,exploit,0,"Based on the history, button 2 consistently yields high rewards (70-92) when Nobelium is 1, regardless of the Mercury and Krypton signals. In the current context (Mercury -1, Krypton -1, Nobelium 1), button 2 has performed exceptionally well (averaging ~84), making it the optimal exploit choice.",77,B,A,C,D
0,LLM_Gemini_3_Flash,47,1,-1,-1,0,B,0,exploit,0,"Button 0 has consistently delivered high rewards (77-87) in contexts where Mercury=1 or when Krypton=1, regardless of other signals, making it the most reliable choice for the current context (Mercury: 1, Krypton: -1, Nobelium: -1) compared to the observed performance of button 3 in similar situations.",48,B,A,C,D
0,LLM_Gemini_3_Flash,48,-1,-1,1,2,C,1,exploit,0,"Button 2 consistently yields high rewards (70-92) when Nobelium is 1, regardless of Mercury or Krypton values, outperforming Button 0 in this specific context.",76,B,A,C,D
0,LLM_Gemini_3_Flash,49,-1,-1,1,2,C,1,exploit,0,"Based on the historical data, button 2 consistently yields high rewards (70-92) when Nobelium is 1, regardless of the other signals. Since the current context has Nobelium = 1, button 2 is the clear optimal choice for exploitation.",75,B,A,C,D
0,LLM_Gemini_3_Flash,50,1,1,-1,0,B,1,exploit,0,"Based on historical data, button 0 consistently provides high rewards (around 80) when Mercury=1 and Krypton=1, regardless of Nobelium. The current context matches this condition perfectly.",74,B,A,C,D
1,LLM_Gemini_3_Flash,1,-1,1,-1,0,A,0,explore,1,"Since the history is empty, I need to begin exploring the available arms to gather data on the reward functions associated with the Mercury, Krypton, and Nobelium signals.",27,A,D,C,B
1,LLM_Gemini_3_Flash,2,-1,-1,1,1,D,0,explore,1,"I have only tested button 0 once in a different context. To deduce the reward functions, I need to sample other buttons (starting with button 1) under the current context (Mercury: -1, Krypton: -1, Nobelium: 1) to build a baseline comparison.",46,A,D,C,B
1,LLM_Gemini_3_Flash,3,1,-1,-1,2,C,0,explore,1,"I have very limited data points (only trials 1 and 2). I have tested buttons 0 and 1, but have no information on buttons 2 or 3. I need to explore these options to understand their reward potential under the current context before committing to an exploitation strategy.",17,A,D,C,B
1,LLM_Gemini_3_Flash,4,-1,1,1,1,D,0,explore,1,"In trial 2, button 1 yielded a high reward of 46 when Krypton was -1 and Nobelium was 1. Since the current context has Krypton 1 and Nobelium 1, exploring button 1 is a priority to see if it responds positively to the combination of Krypton and Nobelium.",43,A,D,C,B
1,LLM_Gemini_3_Flash,5,1,-1,-1,1,D,0,explore,1,"Button 1 has shown strong performance (46 and 43) across different contexts. In the current context (Mercury:1, Krypton:-1, Nobelium:-1), button 1 has not yet been tested, making it a high-value candidate for exploration to determine if it maintains its high performance across all contexts.",41,A,D,C,B
1,LLM_Gemini_3_Flash,6,-1,1,1,1,D,0,exploit,0,"Button 1 has consistently yielded higher rewards across different contexts (46, 43, 41) compared to buttons 0 and 2. Given that it performed well in the current context (-1, 1, 1) in trial 4, it remains the optimal choice for exploitation.",37,A,D,C,B
1,LLM_Gemini_3_Flash,7,-1,1,1,1,D,0,exploit,0,"Button 1 has consistently yielded the highest rewards (46, 43, 37, 41) across various contexts, indicating it is likely the most profitable arm. Given the current context matches a scenario where I previously received a strong reward (43) from button 1, I will continue to exploit it.",46,A,D,C,B
1,LLM_Gemini_3_Flash,8,1,-1,-1,1,D,0,exploit,0,"Button 1 has consistently yielded high rewards across various contexts (46, 43, 41, 37, 46) compared to the single attempt on button 2 which yielded only 17. Given the context (1, -1, -1), button 1 remains the most reliable high-payoff option based on the observed data.",59,A,D,C,B
1,LLM_Gemini_3_Flash,9,1,-1,1,1,D,0,exploit,0,"Button 1 has consistently yielded high rewards (ranging from 37 to 59) across varied contexts, significantly outperforming other buttons when tested in trials 2, 4, 5, 6, 7, and 8. Given the strong historical performance, it is the most reliable choice for the current context.",58,A,D,C,B
1,LLM_Gemini_3_Flash,10,-1,-1,1,1,D,0,exploit,0,"Button 1 has consistently yielded high rewards (46, 43, 37, 46, 59, 58) across various contexts, suggesting it is a high-reward button that is less sensitive to the specific context signals compared to others.",50,A,D,C,B
1,LLM_Gemini_3_Flash,11,1,-1,1,1,D,0,exploit,0,"Button 1 has consistently yielded high rewards (40-60 range) across various context combinations, suggesting it is a high-performing or perhaps constant-high reward arm. Given the current signals, sticking with the historically best performing button is the most reliable strategy for maximizing profit.",52,A,D,C,B
1,LLM_Gemini_3_Flash,12,1,-1,-1,1,D,0,exploit,0,"Button 1 has consistently yielded high rewards (ranging from 37 to 59) across all observed contexts, making it the most robust performer. Given that it maintains high performance in the current Mercury=1, Krypton=-1, Nobelium=-1 context, I will continue to exploit it.",52,A,D,C,B
1,LLM_Gemini_3_Flash,13,-1,1,-1,1,D,0,exploit,0,"Button 1 has consistently yielded high rewards across various context combinations in the trial history, suggesting it may have a high constant base reward or a favorable response to these specific features. Given its strong performance, exploiting button 1 is the most rational choice to maximize profit.",57,A,D,C,B
1,LLM_Gemini_3_Flash,14,1,-1,1,1,D,0,exploit,0,"Button 1 has consistently yielded high rewards ranging from 37 to 59 regardless of the context variations, making it the most reliable choice. Given the current context (1, -1, 1), Button 1 has already demonstrated performance in the 50-60 range in similar scenarios, suggesting it remains the optimal choice.",52,A,D,C,B
1,LLM_Gemini_3_Flash,15,1,-1,1,1,D,0,exploit,0,"Button 1 has consistently yielded high rewards across almost all contexts experienced so far, consistently outperforming other options in the history. Given the current context (1, -1, 1), Button 1 remains the most reliable high-value choice.",51,A,D,C,B
1,LLM_Gemini_3_Flash,16,1,-1,-1,1,D,0,exploit,0,"Button 1 has consistently yielded high rewards (consistently above 40) across various contexts in the history, significantly outperforming the few observations of button 0 and 2. Given the high performance in the current Mercury: 1, Krypton: -1, Nobelium: -1 configuration in previous trials (e.g., trials 5, 8, and 12), it is the most reliable choice.",48,A,D,C,B
1,LLM_Gemini_3_Flash,17,1,-1,-1,1,D,0,exploit,0,"Button 1 has consistently yielded high rewards across almost every context encountered, suggesting it is a high-performing or perhaps even constant-reward arm. Given the consistent performance regardless of Mercury, Krypton, or Nobelium variations, exploiting button 1 is the most rational strategy to maximize total profit.",42,A,D,C,B
1,LLM_Gemini_3_Flash,18,1,1,-1,1,D,0,exploit,0,"Button 1 has consistently yielded high rewards across almost all contexts tested so far, significantly outperforming other buttons when they were sampled. Given the consistency of its performance, I am confident in exploiting it while the context signals shift.",46,A,D,C,B
1,LLM_Gemini_3_Flash,19,-1,1,-1,1,D,0,exploit,0,"Button 1 has consistently yielded high rewards (average around 45-50) regardless of the specific context signals, while Button 0 produced a much lower reward (27) in a similar context in trial 1. Given its proven performance, I will continue to exploit button 1.",50,A,D,C,B
1,LLM_Gemini_3_Flash,20,1,-1,-1,1,D,0,exploit,0,"Button 1 has consistently yielded high rewards across various context combinations throughout the game, demonstrating it is the most reliable source of profit regardless of the specific signal configuration.",48,A,D,C,B
1,LLM_Gemini_3_Flash,21,-1,1,1,1,D,0,exploit,0,"Button 1 has been consistently yielding high rewards (ranging from 37 to 59) across all observed contexts in the previous 20 trials. Given that it has demonstrated stability and performance superiority over limited sampling of other buttons, I will continue to exploit button 1.",48,A,D,C,B
1,LLM_Gemini_3_Flash,22,1,-1,-1,1,D,0,exploit,0,"Button 1 has consistently yielded high rewards (averaging close to 50) across almost all tested contexts throughout the trials, proving itself to be a superior and stable option compared to Button 0 and Button 2, which yielded significantly lower returns.",50,A,D,C,B
1,LLM_Gemini_3_Flash,23,-1,1,1,1,D,0,exploit,0,"Button 1 has consistently yielded strong rewards across various contexts throughout the history, with average performance significantly higher than the limited samples of other buttons. Given the context (Mercury: -1, Krypton: 1, Nobelium: 1), Button 1 has provided reliable payoffs in similar conditions (trials 4, 6, 7, 21), making it the most statistically sound choice to exploit.",57,A,D,C,B
1,LLM_Gemini_3_Flash,24,-1,1,1,1,D,0,exploit,0,"Button 1 has consistently yielded high rewards (consistently in the 40s and 50s) across various context combinations throughout the game. Since the historical data shows it dominates the other buttons and has performed well in the current context (Mercury: -1, Krypton: 1, Nobelium: 1) in previous trials (trials 4, 6, 7, 21, 23), exploiting Button 1 is the most reliable strategy for maximizing profit.",53,A,D,C,B
1,LLM_Gemini_3_Flash,25,1,-1,-1,1,D,0,exploit,0,"Button 1 has consistently yielded high rewards across almost all contexts tested so far, significantly outperforming button 2 in the few trials it was tested. Given the strong performance history, it remains the optimal choice for exploitation.",56,A,D,C,B
1,LLM_Gemini_3_Flash,26,1,1,-1,1,D,0,exploit,0,"Button 1 has consistently delivered high rewards across almost all contexts experienced so far, consistently outperforming other options in the data set. Given the high empirical mean, exploiting it is the most reliable strategy.",57,A,D,C,B
1,LLM_Gemini_3_Flash,27,1,1,-1,1,D,0,exploit,0,"Button 1 has consistently yielded high rewards (typically 40-60) across a wide variety of contexts throughout the history. Given the stability and high average return compared to the limited exploration of other buttons early on, I will continue to exploit button 1.",50,A,D,C,B
1,LLM_Gemini_3_Flash,28,-1,1,1,1,D,0,exploit,0,"Button 1 has consistently yielded high rewards across almost all contexts explored so far, making it the most reliable choice given the data. I will continue to exploit this button as it appears to provide the highest consistent return.",58,A,D,C,B
1,LLM_Gemini_3_Flash,29,-1,1,1,1,D,0,exploit,0,"Button 1 has consistently yielded high rewards across various context combinations throughout the game, demonstrating it is a reliable, high-performing option. Given the history of frequent high returns, I will continue to exploit this choice for the current context.",48,A,D,C,B
1,LLM_Gemini_3_Flash,30,1,-1,1,1,D,0,exploit,0,"Button 1 has consistently yielded high rewards across almost all contexts experienced in the trial history, consistently outperforming the initial limited samples from other buttons. Given that I have strong empirical evidence for its reliability, I will continue to exploit this choice.",55,A,D,C,B
1,LLM_Gemini_3_Flash,31,1,-1,1,1,D,0,exploit,0,"Button 1 has been consistently yielding high rewards (average around 50) throughout the history across various contexts. Given its strong performance, I will continue to exploit it.",55,A,D,C,B
1,LLM_Gemini_3_Flash,32,-1,1,-1,1,D,0,exploit,0,"Button 1 has been consistently yielding high rewards across all observed contexts, averaging significantly better than the initial trials with other buttons. Given the high performance and consistency in the history, exploiting button 1 remains the optimal strategy.",45,A,D,C,B
1,LLM_Gemini_3_Flash,33,-1,1,-1,1,D,0,exploit,0,"Button 1 has consistently yielded reliable, high rewards across almost all contexts in the history provided, appearing to be a high-baseline performer regardless of the specific signal variations. Given the history of stable returns from button 1, it remains the optimal choice for exploitation.",47,A,D,C,B
1,LLM_Gemini_3_Flash,34,-1,-1,1,1,D,0,exploit,0,"Button 1 has been consistently yielding high rewards across diverse contexts throughout the trial history, consistently outperforming initial tests on other buttons. Given the history of stable, high returns, it is the most reliable choice.",51,A,D,C,B
1,LLM_Gemini_3_Flash,35,-1,1,1,1,D,0,exploit,0,"Button 1 has consistently yielded strong, stable rewards across a wide variety of contexts in the historical data, making it the most reliable choice despite the lack of significant testing on other buttons.",43,A,D,C,B
1,LLM_Gemini_3_Flash,36,1,-1,1,1,D,0,exploit,0,"Button 1 has been consistently yielding high rewards (average ~50) across all variations of context signals observed in the history. Given the consistent performance of button 1 compared to the limited exploration of other buttons in the early trials, it remains the most reliable choice for maximizing expected payoff.",50,A,D,C,B
1,LLM_Gemini_3_Flash,37,-1,-1,1,1,D,0,exploit,0,"Button 1 has consistently yielded reliable rewards across a wide variety of contexts in the historical data, making it the most statistically sound choice given the established performance compared to other options.",47,A,D,C,B
1,LLM_Gemini_3_Flash,38,1,1,-1,1,D,0,exploit,0,"Button 1 has consistently yielded high rewards (averaging around 50) across a wide range of contexts throughout the trials, making it the most reliable choice. Given the strong evidence accumulated for Button 1, I am exploiting this information.",49,A,D,C,B
1,LLM_Gemini_3_Flash,39,1,-1,-1,1,D,0,exploit,0,"Button 1 has been consistently yielding high rewards (averaging around 50) across all variations of context signals in the previous 38 trials. Given the lack of evidence that other buttons perform better, I will continue to exploit button 1 to maximize total profit.",45,A,D,C,B
1,LLM_Gemini_3_Flash,40,1,1,-1,1,D,0,exploit,0,"Button 1 has consistently yielded reliable rewards throughout the history, regardless of the fluctuating signals. Given the high performance and the strong historical evidence, exploiting button 1 is the most rational choice to maximize profit.",51,A,D,C,B
1,LLM_Gemini_3_Flash,41,1,-1,1,1,D,0,exploit,0,"Button 1 has been consistently yielding high rewards (typically between 40-60) across a wide variety of context combinations throughout the game. Given that it has performed reliably, I will continue to exploit it.",52,A,D,C,B
1,LLM_Gemini_3_Flash,42,1,-1,-1,1,D,0,exploit,0,"Button 1 has consistently yielded high rewards across almost all contexts in the history, significantly outperforming other buttons tested early in the trial sequence. Given the history of stable and high performance for Button 1, it is the most reliable choice.",57,A,D,C,B
1,LLM_Gemini_3_Flash,43,-1,-1,1,1,D,0,exploit,0,"Button 1 has been consistently chosen throughout the majority of the trials and has provided reliable, high rewards across various context combinations. Given the strong historical performance, it remains the most likely candidate for maximizing profit.",54,A,D,C,B
1,LLM_Gemini_3_Flash,44,1,1,-1,1,D,0,exploit,0,"Button 1 has consistently yielded rewards in the 40-60 range across all contexts throughout the 43 trials, demonstrating stability and high expected value. Given the historical dominance of Button 1 and the lack of strong evidence for the superiority of other buttons, I will continue to exploit this reliable option.",48,A,D,C,B
1,LLM_Gemini_3_Flash,45,1,1,-1,1,D,0,exploit,0,"Button 1 has consistently yielded high rewards (typically between 40-60) regardless of the specific context signals, while other buttons tested in the early trials yielded significantly lower rewards. Given the high performance observed in nearly all contexts, I am continuing to exploit button 1.",46,A,D,C,B
1,LLM_Gemini_3_Flash,46,-1,1,1,1,D,0,exploit,0,"Button 1 has consistently yielded reliable rewards (mostly in the 40-60 range) across various context combinations throughout the game. Given the history of 45 trials, I have strong evidence that Button 1 is the most stable and highest-performing option available, justifying an exploit strategy.",49,A,D,C,B
1,LLM_Gemini_3_Flash,47,-1,1,-1,1,D,0,exploit,0,"Button 1 has consistently yielded strong rewards across all observed contexts throughout the 46 trials. Given the stability and high average return of Button 1 relative to limited data on others, it remains the optimal choice for the current context.",56,A,D,C,B
1,LLM_Gemini_3_Flash,48,-1,-1,1,1,D,0,exploit,0,"Button 1 has been consistently yielding high rewards (typically between 40-60) across a wide variety of context combinations throughout the game. Given that it has shown stability and strong performance across all trials, I will continue to exploit it as the primary high-performing arm.",49,A,D,C,B
1,LLM_Gemini_3_Flash,49,1,-1,1,1,D,0,exploit,0,"Button 1 has consistently yielded high rewards (typically between 40-60) across a wide variety of context combinations throughout the game, suggesting it is a high-reward arm. Given that almost all historical trials have been assigned to Button 1 with positive results, I will continue to exploit this high-performing option.",50,A,D,C,B
1,LLM_Gemini_3_Flash,50,-1,-1,1,1,D,0,exploit,0,"Button 1 has been consistently yielding high rewards across almost all observed context combinations throughout the game. Given the history, it remains the most reliable option for maximizing the total profit.",52,A,D,C,B
2,LLM_Gemini_3_Flash,1,-1,1,1,0,D,0,explore,1,"Since no history is available, I need to begin collecting data by sampling the arms to observe reward outcomes under the current context of Mercury -1, Krypton 1, and Nobelium 1.",46,D,C,B,A
2,LLM_Gemini_3_Flash,2,1,-1,-1,1,C,0,explore,1,"I have only tested button 0 once in a different context. To deduce the reward functions, I need to sample other buttons. Button 1 is the next logical choice to gather information about its performance under the current context (Mercury: 1, Krypton: -1, Nobelium: -1).",28,D,C,B,A
2,LLM_Gemini_3_Flash,3,1,-1,1,2,B,0,explore,1,"I have limited data points and have only tested buttons 0 and 1. To identify the optimal reward function, I need to test buttons 2 and 3 under the current context conditions to establish a baseline for their performance.",20,D,C,B,A
2,LLM_Gemini_3_Flash,4,-1,1,1,0,D,0,exploit,0,"Button 0 yielded 46 in the same context (-1, 1, 1) in trial 1, which is significantly higher than the outcomes for other buttons in their respective contexts. Given this, I am exploiting the high-reward observation for this specific context.",47,D,C,B,A
2,LLM_Gemini_3_Flash,5,1,-1,1,3,A,1,explore,1,"Button 0 shows high, stable rewards when Mercury is -1 and Krypton is 1. Button 2 returned a low reward of 20 for the current context (1, -1, 1). Button 1 returned 28 for (1, -1, -1). Since button 3 has not been tested yet, it is necessary to explore it to see if it outperforms the known low rewards for the current context.",81,D,C,B,A
2,LLM_Gemini_3_Flash,6,1,-1,-1,3,A,1,exploit,0,"Button 3 showed a high reward of 81 in trial 5 when Mercury=1, Krypton=-1, Nobelium=1. Although the current context has Nobelium=-1, Button 1 yielded a relatively lower reward of 28 under the exact same conditions (Mercury=1, Krypton=-1, Nobelium=-1) in trial 2. Given the high performance of button 3 in similar conditions, it remains the strongest candidate to exploit.",78,D,C,B,A
2,LLM_Gemini_3_Flash,7,1,-1,-1,3,A,1,exploit,0,"Button 3 has shown a consistently high reward (78-81) in the current context (Mercury: 1, Krypton: -1) compared to button 1 (reward 28) in the same context, suggesting it is the optimal choice.",75,D,C,B,A
2,LLM_Gemini_3_Flash,8,-1,1,1,0,D,0,exploit,0,"Button 0 has consistently yielded rewards around 46-47 in the current context (Mercury: -1, Krypton: 1, Nobelium: 1). Button 3 has shown high performance in different contexts (Mercury: 1, Krypton: -1), so I will stick with the button that is confirmed to be high-performing for this specific context.",43,D,C,B,A
2,LLM_Gemini_3_Flash,9,1,-1,-1,3,A,1,exploit,0,"Button 3 has consistently provided high rewards in trials 5, 6, and 7 when the Mercury signal is 1 and the Krypton signal is -1, regardless of the Nobelium signal. The reward values (75-81) are significantly higher than the outcomes for other buttons in similar contexts.",76,D,C,B,A
2,LLM_Gemini_3_Flash,10,1,-1,1,3,A,1,exploit,0,"Button 3 has consistently provided high rewards (75-81) across different contexts involving Mercury=1 and Krypton=-1, significantly outperforming the other buttons in similar conditions. Given the current context (Mercury: 1, Krypton: -1, Nobelium: 1), Button 3 remains the highest expected value choice based on historical performance.",78,D,C,B,A
2,LLM_Gemini_3_Flash,11,-1,-1,1,3,A,0,exploit,0,"Button 3 has consistently yielded high rewards (75-81) across different contexts involving Mercury=1 and Krypton=-1, regardless of the Nobelium signal. Given its clear performance advantage over Button 0 and the limited data for Buttons 1 and 2, choosing Button 3 is the most reliable strategy to maximize profit.",51,D,C,B,A
2,LLM_Gemini_3_Flash,12,1,-1,-1,3,A,1,exploit,0,"Button 3 has consistently yielded high rewards (75-81) across different contexts, significantly outperforming buttons 0, 1, and 2 in the current context configuration where Mercury=1 and Krypton=-1.",85,D,C,B,A
2,LLM_Gemini_3_Flash,13,1,-1,1,3,A,1,exploit,0,"Button 3 has consistently provided significantly higher rewards (75-85 range) compared to other buttons, regardless of variations in the signals, making it the most reliable choice for the current context (Mercury: 1, Krypton: -1, Nobelium: 1).",86,D,C,B,A
2,LLM_Gemini_3_Flash,14,1,-1,1,3,A,1,exploit,0,"Button 3 has consistently provided significantly higher rewards (75-86) across various contexts, including the current context (Mercury 1, Krypton -1, Nobelium 1) where it has yielded 81 and 86 in previous trials.",75,D,C,B,A
2,LLM_Gemini_3_Flash,15,1,1,-1,3,A,0,exploit,0,"Button 3 has consistently provided high rewards across various contexts, significantly outperforming buttons 0, 1, and 2 in the historical data, making it the highest expected value choice.",47,D,C,B,A
2,LLM_Gemini_3_Flash,16,-1,1,-1,3,A,0,exploit,0,"Button 3 has consistently yielded the highest rewards across various contexts in the history, significantly outperforming other buttons. Even in contexts where the signals differ, button 3 demonstrates high average performance, making it the most reliable choice for exploitation.",20,D,C,B,A
2,LLM_Gemini_3_Flash,17,-1,1,1,0,D,0,exploit,0,"Button 0 has consistently yielded rewards in the 43-47 range specifically when the context is Mercury -1, Krypton 1, Nobelium 1, which matches the current context. Button 3, while generally high-reward, shows significantly lower performance (20-51 range) when Mercury is -1, suggesting its reward function is negatively impacted by the current Mercury signal.",49,D,C,B,A
2,LLM_Gemini_3_Flash,18,-1,1,1,0,D,0,exploit,0,"Button 0 has consistently yielded rewards in the 43-49 range in the current context (Mercury: -1, Krypton: 1, Nobelium: 1), whereas other buttons like 3 have shown lower performance or high variance under these conditions. I am exploiting the consistent performance of Button 0 in this specific context.",48,D,C,B,A
2,LLM_Gemini_3_Flash,19,-1,-1,1,3,A,0,exploit,0,"Button 3 has consistently provided high rewards across most contexts throughout the history, significantly outperforming buttons 0, 1, and 2 in the observed trials. Despite some variance, it remains the most reliable option for high returns.",48,D,C,B,A
2,LLM_Gemini_3_Flash,20,1,-1,-1,3,A,1,exploit,0,"Button 3 has consistently provided the highest average rewards across multiple contexts, especially when Mercury is 1, regardless of the other signals. Given the current context (Mercury: 1, Krypton: -1, Nobelium: -1), historical data indicates Button 3 is the most reliable high-reward choice.",74,D,C,B,A
2,LLM_Gemini_3_Flash,21,-1,1,-1,3,A,0,exploit,0,"Button 3 has consistently provided high rewards across most contexts throughout the history. Given the current signals, I am choosing it based on its demonstrated performance in similar settings.",20,D,C,B,A
2,LLM_Gemini_3_Flash,22,1,-1,1,3,A,1,exploit,0,"Button 3 has consistently provided significantly higher rewards than other buttons across various contexts, particularly when Mercury is 1 and Krypton is -1, regardless of the Nobelium state.",87,D,C,B,A
2,LLM_Gemini_3_Flash,23,1,-1,-1,3,A,1,exploit,0,"Button 3 has consistently provided high rewards (74-87) in the current context (Mercury: 1, Krypton: -1) regardless of the Nobelium signal value. Given the strong evidence, exploiting button 3 is the optimal choice.",84,D,C,B,A
2,LLM_Gemini_3_Flash,24,1,-1,1,3,A,1,exploit,0,"Button 3 has consistently provided the highest rewards across various contexts, particularly when Mercury is 1 and Krypton is -1, regardless of the Nobelium signal. Given the current context (Mercury 1, Krypton -1, Nobelium 1), Button 3 remains the clear choice.",86,D,C,B,A
2,LLM_Gemini_3_Flash,25,-1,1,1,0,D,0,exploit,0,"In the current context (Mercury: -1, Krypton: 1, Nobelium: 1), historical data strongly indicates that Button 0 consistently yields rewards in the mid-40s, while Button 3's performance drops significantly (around 20) when Mercury is -1 and Krypton is 1, as seen in trials 16 and 21. Therefore, exploiting Button 0 is the optimal strategy.",50,D,C,B,A
2,LLM_Gemini_3_Flash,26,1,1,-1,3,A,0,exploit,0,"Button 3 has consistently provided high rewards when Mercury is 1, regardless of the other signals, and shows higher performance overall compared to Button 0, which seems specialized for when Mercury is -1 and Krypton is 1.",54,D,C,B,A
2,LLM_Gemini_3_Flash,27,1,-1,-1,3,A,1,exploit,0,"Button 3 has consistently yielded the highest rewards (70s and 80s) when Mercury is 1 and Krypton is -1, regardless of the Nobelium value. Given the current context matches this profile, exploiting Button 3 is the most profitable strategy.",85,D,C,B,A
2,LLM_Gemini_3_Flash,28,-1,1,1,0,D,0,exploit,0,"Based on the historical data, button 0 consistently yields rewards around 45-50 when the context is Mercury=-1, Krypton=1, Nobelium=1. Other buttons (like 3) have shown significantly lower rewards in this specific context.",46,D,C,B,A
2,LLM_Gemini_3_Flash,29,-1,1,1,0,D,0,exploit,0,"Based on the history, button 0 consistently provides rewards around 45-50 when the context is Mercury -1, Krypton 1, Nobelium 1. While button 3 has high potential in other contexts, it yields significantly lower rewards (around 20) under these specific context conditions. Therefore, I am exploiting the knowledge that button 0 is the optimal choice for the current signal configuration.",44,D,C,B,A
2,LLM_Gemini_3_Flash,30,-1,1,1,0,D,0,exploit,0,"Based on historical data, button 0 consistently provides stable rewards (around 45-50) when Mercury is -1, Krypton is 1, and Nobelium is 1. Button 3's performance fluctuates significantly in this context, having yielded very low values like 20 previously, whereas button 0 is reliably optimal for this specific context.",54,D,C,B,A
2,LLM_Gemini_3_Flash,31,-1,1,-1,3,A,0,exploit,0,"Historically, button 3 has shown high rewards (70-80+) when Mercury is 1, regardless of Krypton or Nobelium. Even though the current context has Mercury at -1, button 0 has consistently performed around 45-50 in this specific context (Mercury -1, Krypton 1, Nobelium 1). However, the history shows that button 3's performance drops significantly when Mercury is -1. I am choosing button 0 this time as the data indicates it is the superior choice for the specific current context of Mercury -1, Krypton 1, Nobelium -1.",8,D,C,B,A
2,LLM_Gemini_3_Flash,32,1,1,-1,3,A,0,exploit,0,"Historically, button 3 has shown high performance across most contexts, especially when Mercury is 1 and Krypton is -1. Although trial 15 and 26 showed lower rewards when Mercury and Krypton were both 1, button 3 remains the most promising option for this context.",42,D,C,B,A
2,LLM_Gemini_3_Flash,33,1,1,-1,3,A,0,exploit,0,"Button 3 has shown consistent high performance in the context of Mercury=1 and Krypton=-1, even when Nobelium varies. Although this context is Mercury=1 and Krypton=1, Button 3 has been tested in similar high-mercury contexts and is generally the most robust performer identified so far compared to Buttons 0, 1, or 2.",51,D,C,B,A
2,LLM_Gemini_3_Flash,34,1,-1,-1,3,A,1,exploit,0,"Button 3 has consistently yielded high rewards (70-85 range) when Mercury is 1 and Krypton is -1, regardless of Nobelium. In this context (Mercury=1, Krypton=-1, Nobelium=-1), button 3 is clearly the highest-performing option based on the history.",76,D,C,B,A
2,LLM_Gemini_3_Flash,35,-1,-1,1,3,A,0,exploit,0,"Button 3 has consistently shown high rewards when Krypton is -1, regardless of other signals. In the current context (Mercury: -1, Krypton: -1, Nobelium: 1), Button 3 has performed well in similar configurations (Trial 11 and 19), making it the optimal choice for exploitation.",48,D,C,B,A
2,LLM_Gemini_3_Flash,36,1,1,-1,3,A,0,exploit,0,"Button 3 has shown consistent high performance when Mercury is 1 and Krypton is -1, regardless of Nobelium. Although its performance drops when Mercury is -1, it remains the most reliable performer in this context (Mercury=1, Krypton=1, Nobelium=-1) compared to the alternatives based on historical data.",53,D,C,B,A
2,LLM_Gemini_3_Flash,37,1,1,-1,3,A,0,exploit,0,"Button 3 has consistently shown high rewards when Mercury is 1 and Krypton is -1, regardless of Nobelium. Although Button 3's reward drops when Mercury is 1 and Krypton is 1 (current context), it remains the most reliable option based on historical performance relative to other buttons.",54,D,C,B,A
2,LLM_Gemini_3_Flash,38,-1,1,1,0,D,0,exploit,0,"Based on the historical data, button 0 consistently provides a reliable reward (around 45-50) when Mercury is -1, Krypton is 1, and Nobelium is 1, while button 3 has shown significant volatility or lower performance in this specific context.",47,D,C,B,A
2,LLM_Gemini_3_Flash,39,1,1,-1,3,A,0,exploit,0,"Button 3 shows a strong positive correlation with Mercury=1 and Krypton=-1, yielding high rewards. Although the current context (Mercury=1, Krypton=1, Nobelium=-1) yields lower rewards for Button 3 (around 50) than the optimal context, it still significantly outperforms the historical averages of Buttons 0, 1, and 2 in similar conditions, confirming Button 3 as the reliable choice for exploitation.",58,D,C,B,A
2,LLM_Gemini_3_Flash,40,-1,-1,1,3,A,0,exploit,0,"Based on historical data, button 0 is consistently optimal when Mercury is -1, Krypton is 1, and Nobelium is 1. However, the current context is Mercury -1, Krypton -1, Nobelium 1. In trial 11, 19, and 35, when the context was Mercury -1, Krypton -1, Nobelium 1, choosing button 3 yielded decent rewards (51, 48, 48), suggesting button 3 remains the best choice for this specific signal combination.",65,D,C,B,A
2,LLM_Gemini_3_Flash,41,-1,-1,1,3,A,0,exploit,0,"Based on historical data, Button 3 has demonstrated consistently higher rewards than Button 0 in various contexts, particularly when the Krypton signal is -1. Although Button 0 performs well when Mercury is -1 and Krypton is 1, Button 3 has shown high payoff potential and is the most reliable choice given the current context.",57,D,C,B,A
2,LLM_Gemini_3_Flash,42,-1,1,-1,3,A,0,exploit,0,"Based on the observed history, Button 3 has high volatility but performs extremely well when Mercury is 1, regardless of Nobelium or Krypton. When Mercury is -1, Button 3 is unreliable (low reward), and Button 0 has shown consistent moderate performance (around 45-50) when Mercury is -1 and Krypton is 1. Given the current context (Mercury: -1, Krypton: 1, Nobelium: -1), Button 0 has historically yielded consistent rewards. However, Button 3 has also been tested under diverse conditions. Given the previous success of Button 0 specifically for the condition Mercury=-1, Krypton=1, I will choose 0.",14,D,C,B,A
2,LLM_Gemini_3_Flash,43,-1,-1,1,3,A,0,exploit,0,"Based on historical data, button 3 provides the highest yields when Mercury is 1, regardless of other signals, and remains competitive or superior in most other states compared to the alternatives tested. Given the current context of Mercury -1, Krypton -1, Nobelium 1, button 3 has previously shown consistent returns, whereas button 0 is highly specific to Mercury -1/Krypton 1/Nobelium 1.",47,D,C,B,A
2,LLM_Gemini_3_Flash,44,-1,1,-1,3,A,0,exploit,0,"Button 3 shows high sensitivity and performance when Mercury is 1 and Krypton is -1, which are the dominant drivers for its high rewards. Given the current context (Mercury: -1, Krypton: 1, Nobelium: -1), Button 3 has performed poorly (low reward), but Button 0 has historically performed reliably in (Mercury: -1, Krypton: 1, Nobelium: 1). I am exploiting Button 3 as it remains the most robust performer under varied high-reward conditions while minimizing the risks of low-yield alternatives.",10,D,C,B,A
2,LLM_Gemini_3_Flash,45,1,-1,1,3,A,1,exploit,0,"Button 3 consistently yields high rewards when Mercury is 1 and Krypton is -1, regardless of Nobelium. In this context (Mercury=1, Krypton=-1, Nobelium=1), button 3 has historically outperformed all other options with high reliability.",86,D,C,B,A
2,LLM_Gemini_3_Flash,46,-1,-1,1,3,A,0,exploit,0,"Button 3 shows strong performance when Mercury or Nobelium are favorable, and it has consistently yielded high returns across various contexts compared to button 0, which only performs moderately well in specific situations (Mercury:-1, Krypton:1, Nobelium:1). Given the current context (Mercury:-1, Krypton:-1, Nobelium:1), button 3 has historically provided reasonable returns in similar scenarios.",54,D,C,B,A
2,LLM_Gemini_3_Flash,47,-1,1,1,0,D,0,exploit,0,"Based on the observed history for the current context (Mercury: -1, Krypton: 1, Nobelium: 1), Button 0 consistently yields rewards in the 40s (mean ~47), whereas Button 3 performs poorly in this specific context (e.g., trials 16, 21, 31, 42, 44 show low rewards when Krypton is 1 and Nobelium is either -1 or 1 depending on the Mercury state). Button 0 is the optimal choice for this specific signal configuration.",46,D,C,B,A
2,LLM_Gemini_3_Flash,48,1,-1,-1,3,A,1,exploit,0,"Based on historical data, button 3 consistently yields high rewards (75-87) when Mercury is 1 and Krypton is -1, regardless of the Nobelium signal. Given the current context (Mercury: 1, Krypton: -1, Nobelium: -1), button 3 is the highest expected reward arm.",77,D,C,B,A
2,LLM_Gemini_3_Flash,49,-1,1,1,0,D,0,exploit,0,"Based on the history, button 0 consistently provides a stable reward (range 43-54) when the context is Mercury: -1, Krypton: 1, Nobelium: 1. Button 3's performance fluctuates wildly depending on the other signals, and button 0 has proven to be the most reliable option for this specific context configuration.",50,D,C,B,A
2,LLM_Gemini_3_Flash,50,-1,1,1,0,D,0,exploit,0,"Based on the observed history, Button 0 consistently yields a stable reward around 47-50 when Mercury is -1, Krypton is 1, and Nobelium is 1. Button 3 has shown high variance and performs poorly in this specific context (Mercury: -1, Krypton: 1, Nobelium: 1). Therefore, I am exploiting Button 0 as the optimal choice for this context.",52,D,C,B,A
3,LLM_Gemini_3_Flash,1,-1,1,-1,0,B,1,explore,1,"This is the first trial of the game. I have no prior history or information about the reward functions of the buttons. I will begin by exploring button 0 to establish a baseline for the reward in the current context (Mercury: -1, Krypton: 1, Nobelium: -1).",83,B,C,D,A
3,LLM_Gemini_3_Flash,2,-1,1,1,1,C,1,explore,1,"I have only tested button 0 once. With a new context (-1, 1, 1), I need to test a different button to establish a baseline for comparison against the previously observed reward and start mapping the reward functions.",77,B,C,D,A
3,LLM_Gemini_3_Flash,3,-1,1,-1,0,B,1,exploit,0,"Button 0 yielded a high reward of 83 in the same context (Mercury: -1, Krypton: 1, Nobelium: -1) during trial 1. Given the limited data, exploiting the highest observed performer for this specific context is the current optimal strategy.",83,B,C,D,A
3,LLM_Gemini_3_Flash,4,-1,1,1,1,C,1,exploit,0,"Button 1 yielded a reward of 77 in trial 2 under the current context of Mercury=-1, Krypton=1, Nobelium=1. Given the limited history and the observed reward being relatively stable, exploiting button 1 is the most logical choice at this stage.",80,B,C,D,A
3,LLM_Gemini_3_Flash,5,1,-1,-1,2,D,0,explore,1,"Button 0 and 1 have been tested, but Button 2 and 3 remain unknown. Exploring Button 2 now helps to determine if it outperforms the known rewards of Button 0 and 1 under the current signal configuration.",46,B,C,D,A
3,LLM_Gemini_3_Flash,6,1,-1,1,3,A,1,explore,1,"Button 0 and 1 have been tested with varying success, and button 2 showed a low yield. Button 3 has not been tested yet in any context, making it a high-priority target for information gathering to establish a baseline for its performance.",90,B,C,D,A
3,LLM_Gemini_3_Flash,7,-1,-1,1,0,B,0,explore,1,"Button 0 has consistently yielded 83 in past contexts where Mercury=-1 and Krypton=1, regardless of Nobelium. With the current context Mercury=-1 and Krypton=-1, I am exploring Button 0 to see if its baseline reward remains stable or shifts without the Krypton signal.",11,B,C,D,A
3,LLM_Gemini_3_Flash,8,-1,1,-1,0,B,1,exploit,0,"Button 0 has consistently yielded a high reward of 83 in the context of Mercury=-1, Krypton=1, Nobelium=-1 based on trials 1 and 3. I am exploiting this known strong relationship.",81,B,C,D,A
3,LLM_Gemini_3_Flash,9,-1,1,1,1,C,1,exploit,0,"Button 1 has consistently yielded rewards around 77-80 in the current context (Mercury: -1, Krypton: 1, Nobelium: 1). Button 0 is strong when Krypton is 1 but Nobelium is -1, and other buttons have performed worse in previous tests.",80,B,C,D,A
3,LLM_Gemini_3_Flash,10,1,1,-1,0,B,1,exploit,0,"Button 0 shows high consistent performance (81-83) when Krypton is 1, regardless of the Mercury or Nobelium values. Given the current context has Krypton as 1, Button 0 is the most likely to provide a high reward based on the observed patterns.",89,B,C,D,A
3,LLM_Gemini_3_Flash,11,-1,1,-1,0,B,1,exploit,0,"Button 0 has consistently yielded a high reward (around 81-83) when the context is Mercury -1, Krypton 1, and Nobelium -1, based on trials 1, 3, and 8. It appears to be the optimal choice for this specific context.",79,B,C,D,A
3,LLM_Gemini_3_Flash,12,-1,1,-1,0,B,1,exploit,0,"Button 0 has consistently delivered high rewards (average ~81) in the current context (Mercury: -1, Krypton: 1, Nobelium: -1) across multiple trials (1, 3, 8, 11). Given the historical performance, it is the most reliable choice for this specific context.",90,B,C,D,A
3,LLM_Gemini_3_Flash,13,-1,1,-1,0,B,1,exploit,0,"Button 0 has consistently yielded high rewards (average ~83) when Mercury is -1 and Krypton is 1, regardless of the state of Nobelium. Given this pattern is observed in trials 1, 3, 8, 11, and 12, I am confident in exploiting this button for the current context.",84,B,C,D,A
3,LLM_Gemini_3_Flash,14,-1,-1,1,3,A,0,explore,1,"Button 0 shows high rewards when Krypton is 1. Button 1 is also correlated with Krypton. Button 3 gave a reward of 90 in trial 6 when Mercury=1, Krypton=-1, and Nobelium=1. Since the current context is Mercury=-1, Krypton=-1, Nobelium=1, I am exploring Button 3 to see if it performs better than the previously tested Button 0 which yielded a very low reward (11) in a similar context in trial 7.",39,B,C,D,A
3,LLM_Gemini_3_Flash,15,1,-1,1,3,A,1,exploit,0,"In trial 6, with Mercury=1, Krypton=-1, Nobelium=1, button 3 returned 90. Given the current context matches this exact signal profile, button 3 is the most promising candidate for high reward, as button 0 seems tied to Krypton=1 and button 1 to Krypton=1/Nobelium=1.",81,B,C,D,A
3,LLM_Gemini_3_Flash,16,1,1,-1,0,B,1,exploit,0,"Button 0 has demonstrated consistently high rewards (80+) across trials when Krypton is 1, regardless of Mercury or Nobelium values. Given the current context has Krypton=1, Button 0 is the strongest candidate for maximizing reward.",87,B,C,D,A
3,LLM_Gemini_3_Flash,17,1,1,-1,0,B,1,exploit,0,"Button 0 has consistently delivered high rewards when Krypton is 1, regardless of the Mercury or Nobelium signal values, as seen in trials 1, 3, 8, 10, 11, 12, 13, and 16. Given the current context of Mercury: 1, Krypton: 1, Nobelium: -1, Button 0 is the most reliable high-reward choice.",85,B,C,D,A
3,LLM_Gemini_3_Flash,18,1,-1,-1,3,A,1,explore,1,"Button 0 is strong when Krypton is 1, but we have limited data on Button 3 when Mercury is 1, Krypton is -1, and Nobelium is -1. Previous trials showed Button 3 performs well when Mercury 1 and Krypton -1. I will explore Button 3 to see if it outperforms other options in this specific context.",89,B,C,D,A
3,LLM_Gemini_3_Flash,19,1,-1,1,3,A,1,exploit,0,"Trial 6 and 15 show that Button 3 yields high rewards when Mercury is 1, Krypton is -1, and Nobelium is 1. Since the current context matches this (1, -1, 1), Button 3 is the highest expected value choice.",81,B,C,D,A
3,LLM_Gemini_3_Flash,20,1,-1,1,3,A,1,exploit,0,"In trial 6, 15, 18, and 19, button 3 performed consistently well (81-90) when Mercury=1, Krypton=-1, regardless of Nobelium. Given the current context (Mercury=1, Krypton=-1, Nobelium=1) matches these conditions, button 3 is the highest expected reward.",82,B,C,D,A
3,LLM_Gemini_3_Flash,21,1,-1,-1,3,A,1,exploit,0,"Based on the trial history, button 3 has shown consistent high performance when Mercury is 1 and Krypton is -1, regardless of Nobelium. In trial 18, it yielded 89, and in trials 6, 15, 19, and 20 it consistently yielded high rewards (81-90) under the current Mercury 1, Krypton -1 context. Button 0 is strong when Krypton is 1, but under the current context, button 3 is the most reliable high-reward choice.",80,B,C,D,A
3,LLM_Gemini_3_Flash,22,-1,1,-1,0,B,1,exploit,0,"Based on the trial history, button 0 has consistently delivered high rewards (averaging around 83-84) when the context is Mercury: -1, Krypton: 1, Nobelium: -1, consistently outperforming other alternatives in this specific context.",82,B,C,D,A
3,LLM_Gemini_3_Flash,23,-1,1,1,1,C,1,exploit,0,"Based on the trial history, button 1 has shown consistent, relatively high rewards (~78-80) in contexts where Krypton is 1 and Nobelium is 1, regardless of Mercury. Other buttons have shown significantly lower or inconsistent performance in these specific conditions.",76,B,C,D,A
3,LLM_Gemini_3_Flash,24,-1,-1,1,2,D,0,explore,1,"Button 0 is strong when Krypton is 1. Button 1 is also good when Krypton is 1. Button 3 has performed well when Mercury is 1, but its performance with Nobelium 1 and Mercury -1 is unknown or poor. Button 2 has not been tested enough to determine its response to the current context (-1, -1, 1), so exploring it now provides useful information.",44,B,C,D,A
3,LLM_Gemini_3_Flash,25,1,1,-1,0,B,1,exploit,0,"Based on historical data, button 0 has consistently delivered high rewards (80+) when the Mercury and Krypton context signals are 1 and -1 respectively, or when Krypton is 1. Given the current context (Mercury: 1, Krypton: 1, Nobelium: -1), button 0 is strongly predicted to be the optimal choice.",74,B,C,D,A
3,LLM_Gemini_3_Flash,26,-1,1,1,1,C,1,exploit,0,"Based on historical data, Button 1 has consistently performed well (mean reward around 78) when Krypton is 1 and Nobelium is 1. Button 0 performs better when Krypton is 1 and Nobelium is -1, while Button 3 is strong when Mercury is 1. Given the current context (Mercury: -1, Krypton: 1, Nobelium: 1), Button 1 is the most reliable option.",77,B,C,D,A
3,LLM_Gemini_3_Flash,27,1,-1,1,3,A,1,exploit,0,"Button 3 has consistently performed well when Mercury is 1, regardless of Krypton's state. In trial 6, 15, 18, 19, 20, and 21, it yielded high rewards (80-90) under these conditions. Given the current context (Mercury: 1, Krypton: -1, Nobelium: 1), Button 3 remains the highest expected reward choice.",78,B,C,D,A
3,LLM_Gemini_3_Flash,28,1,-1,-1,3,A,1,exploit,0,"Based on the history, button 3 has consistently provided high rewards (around 80-90) when Mercury is 1 and Krypton is -1, regardless of Nobelium. In this trial, the context is Mercury=1, Krypton=-1, Nobelium=-1, which fits the pattern where button 3 performs optimally.",88,B,C,D,A
3,LLM_Gemini_3_Flash,29,-1,-1,1,2,D,0,explore,1,"Button 0, 1, and 3 have established patterns based on Krypton and Mercury, but Button 2 remains largely unexplored with low reward data. Given the current context (-1, -1, 1), I need to test if Button 2 performs better than the previously tried Button 0 and 3 in this specific condition.",44,B,C,D,A
3,LLM_Gemini_3_Flash,30,-1,1,-1,0,B,1,exploit,0,"Button 0 has consistently yielded high rewards (typically 79-90) in trials where Mercury is -1 and Krypton is 1, regardless of the Nobelium signal. Given the current context matches this pattern, exploiting button 0 is the optimal strategy.",95,B,C,D,A
3,LLM_Gemini_3_Flash,31,1,-1,-1,3,A,1,exploit,0,"Based on historical data, button 3 has consistently provided high rewards (approx 80-90) when Mercury is 1 and Krypton is -1, regardless of the Nobelium signal. Since the current context has Mercury=1 and Krypton=-1, button 3 is the highest expected value choice.",79,B,C,D,A
3,LLM_Gemini_3_Flash,32,1,1,-1,0,B,1,exploit,0,"Based on historical data, button 0 has consistently performed well when Krypton is 1, regardless of the Mercury signal. In the current context (Mercury: 1, Krypton: 1, Nobelium: -1), button 0 has demonstrated high expected rewards in similar past trials.",75,B,C,D,A
3,LLM_Gemini_3_Flash,33,1,-1,1,3,A,1,exploit,0,"Button 3 consistently yields high rewards (78-90) when Mercury is 1 and Krypton is -1, regardless of the Nobelium signal. The current context (Mercury 1, Krypton -1, Nobelium 1) matches the historical conditions under which button 3 has performed strongly.",75,B,C,D,A
3,LLM_Gemini_3_Flash,34,1,-1,-1,3,A,1,exploit,0,"Button 3 has consistently provided high rewards (around 80-90) whenever the context includes Mercury=1 and Krypton=-1, regardless of the Nobelium signal. Given the current context is Mercury=1, Krypton=-1, Nobelium=-1, Button 3 is the most reliable choice based on historical performance.",73,B,C,D,A
3,LLM_Gemini_3_Flash,35,-1,-1,1,2,D,0,explore,1,"Button 0, 1, and 3 have established patterns based on Krypton and Mercury, but Button 2 remains poorly understood. In the context of (-1, -1, 1), Button 0 and 3 have performed poorly (rewards of 11 and 39-44 respectively), and Button 2 has shown mediocre results. Since the current context (-1, -1, 1) is where Button 2 has been tested before but with uncertainty, further exploration is necessary to determine if it is the optimal choice for this specific signal combination.",48,B,C,D,A
3,LLM_Gemini_3_Flash,36,-1,-1,1,2,D,0,explore,1,"Button 0, 1, and 3 have established reward patterns, but Button 2 remains largely under-tested with poor results observed so far (mean reward ~46). Given that Button 2 might have a high reward in specific contexts not yet fully explored (or might be a low-reward trap), testing it under current conditions (Mercury:-1, Krypton:-1, Nobelium:1) helps verify its performance compared to the other options.",50,B,C,D,A
3,LLM_Gemini_3_Flash,37,1,-1,1,3,A,1,exploit,0,"Based on the history, button 3 has consistently performed well when Mercury is 1 and Krypton is -1, regardless of the Nobelium signal. Given the current context (Mercury: 1, Krypton: -1, Nobelium: 1), button 3 is the most reliable choice.",84,B,C,D,A
3,LLM_Gemini_3_Flash,38,-1,1,-1,0,B,1,exploit,0,"Based on the history, button 0 has consistently provided high rewards (avg 80+) when the context includes Krypton=1 and Nobelium=-1, regardless of the Mercury signal. Since the current context matches this condition, exploiting button 0 is the optimal strategy.",76,B,C,D,A
3,LLM_Gemini_3_Flash,39,-1,1,1,1,C,1,exploit,0,"Based on historical data where Mercury=-1, Krypton=1, Nobelium=1, button 1 consistently yields rewards around 76-80, which is the highest performance for this specific context configuration.",92,B,C,D,A
3,LLM_Gemini_3_Flash,40,-1,-1,1,2,D,0,explore,1,"Button 0, 1, and 3 have established patterns. Button 2 has been tested sparingly (trials 5, 24, 29, 35, 36) in specific contexts (Mercury: 1/Krypton: -1 and Mercury: -1/Krypton: -1/Nobelium: 1). Given that Button 0 and 1 perform poorly when Krypton is -1 and Nobelium is 1, and Button 3's performance varies, I need to further investigate if Button 2 can yield higher rewards in the current context (-1, -1, 1).",54,B,C,D,A
3,LLM_Gemini_3_Flash,41,-1,1,1,1,C,1,exploit,0,"Based on historical data, button 1 consistently yields rewards in the high 70s to low 90s when Mercury is -1 and Krypton is 1, regardless of Nobelium. Given the current context (Mercury: -1, Krypton: 1, Nobelium: 1), button 1 is the most reliable high-performing choice.",70,B,C,D,A
3,LLM_Gemini_3_Flash,42,-1,1,-1,0,B,1,exploit,0,"Based on the history, button 0 consistently provides high rewards (typically 75-95) when the context is Mercury -1, Krypton 1, and Nobelium -1. Given that this pattern matches the current context, choosing button 0 is the optimal exploitation strategy.",74,B,C,D,A
3,LLM_Gemini_3_Flash,43,1,1,-1,0,B,1,exploit,0,"Based on historical data, button 0 has consistently delivered high rewards when Mercury is 1 and Krypton is 1, regardless of Nobelium. Given the current context (Mercury: 1, Krypton: 1, Nobelium: -1), button 0 is the most reliable choice for maximizing the expected reward.",81,B,C,D,A
3,LLM_Gemini_3_Flash,44,1,-1,-1,3,A,1,exploit,0,"Based on the observed history, Button 3 consistently provides high rewards (around 73-89) when Mercury is 1 and Krypton is -1. Since the current context matches this condition, I am exploiting this learned pattern.",79,B,C,D,A
3,LLM_Gemini_3_Flash,45,1,-1,1,3,A,1,exploit,0,"Based on historical performance, button 3 has consistently yielded high rewards (averaging around 80+) when Mercury is 1 and Krypton is -1, regardless of the Nobelium signal. With the current context of (Mercury: 1, Krypton: -1, Nobelium: 1), button 3 is the most reliable high-payoff option.",84,B,C,D,A
3,LLM_Gemini_3_Flash,46,-1,1,1,1,C,1,exploit,0,"Based on the history, button 1 consistently yields rewards in the range of 70-92 when Mercury=-1, Krypton=1, and Nobelium=1. Button 0 appears to prefer Mercury=1 or Nobelium=-1, and button 3 performs well when Mercury=1 and Krypton=-1. Given the current context (Mercury=-1, Krypton=1, Nobelium=1), button 1 is the most reliable choice.",75,B,C,D,A
3,LLM_Gemini_3_Flash,47,1,-1,1,3,A,1,exploit,0,"Based on historical data, button 3 has consistently provided high rewards when Mercury is 1 and Krypton is -1, regardless of the Nobelium signal value. Since the current context features Mercury=1 and Krypton=-1, button 3 is the highest-performing option for this state.",82,B,C,D,A
3,LLM_Gemini_3_Flash,48,1,-1,1,3,A,1,exploit,0,"Button 3 has consistently yielded high rewards (typically 75-90) when Mercury is 1 and Krypton is -1, regardless of the Nobelium signal. Given the current context (Mercury: 1, Krypton: -1, Nobelium: 1), Button 3 is the most reliable high-performing choice based on historical performance.",70,B,C,D,A
3,LLM_Gemini_3_Flash,49,1,1,-1,0,B,1,exploit,0,"The current context is Mercury=1, Krypton=1, Nobelium=-1. Historical data shows Button 0 consistently provides high rewards (averaging ~83) when Mercury=1 and Krypton=1, regardless of Nobelium being -1. Other options perform poorly or are inconsistent in this specific context.",77,B,C,D,A
3,LLM_Gemini_3_Flash,50,-1,1,-1,0,B,1,exploit,0,"Based on the observed history, Button 0 consistently provides high rewards (74-95) when Mercury is -1 and Krypton is 1, regardless of the Nobelium state. Since the current context is Mercury: -1, Krypton: 1, Nobelium: -1, Button 0 is the highest expected reward choice.",74,B,C,D,A
4,LLM_Gemini_3_Flash,1,-1,1,1,0,C,1,explore,1,"This is the first trial, so there is no previous history to inform the reward functions. I am choosing arm 0 to begin gathering data on how the signals affect the rewards.",82,C,A,D,B
4,LLM_Gemini_3_Flash,2,1,1,-1,1,A,0,explore,1,"Since I only have one data point from trial 1 (Button 0 gave 82), I have zero information about buttons 1, 2, and 3. To maximize long-term reward, I must systematically test the other buttons under the current context (Mercury: 1, Krypton: 1, Nobelium: -1) to identify which provides the highest yield.",42,C,A,D,B
4,LLM_Gemini_3_Flash,3,-1,-1,1,2,D,0,explore,1,"I have very limited data points (only two trials). Button 0 showed a high reward (82) in a context with positive Krypton and Nobelium, while Button 1 showed a moderate reward (42). I need to test unexplored buttons 2 and 3 to determine their reward patterns under the current context (-1, -1, 1) to identify the highest performing arm.",49,C,A,D,B
4,LLM_Gemini_3_Flash,4,-1,-1,1,3,B,0,explore,1,"I have explored buttons 0, 1, and 2. Button 2 yielded 49 in this specific context (-1, -1, 1). Button 3 remains untested, and I need to explore its reward potential in the current context to compare it against the baseline established by the other buttons.",25,C,A,D,B
4,LLM_Gemini_3_Flash,5,1,-1,1,0,C,0,explore,1,"Button 0 yielded 82 in trial 1 when Mercury was -1 and Nobelium was 1. Since I have not tested Button 0 under the current context (Mercury 1, Krypton -1, Nobelium 1), I will explore it to see if it remains high-performing.",54,C,A,D,B
4,LLM_Gemini_3_Flash,6,-1,-1,1,2,D,0,exploit,0,"In trial 3, button 2 yielded a reward of 49 under the same context signals (Mercury: -1, Krypton: -1, Nobelium: 1) as the current trial, while button 3 only yielded 25. Given the limited data, button 2 appears to have the highest expected payoff for this specific signal configuration.",49,C,A,D,B
4,LLM_Gemini_3_Flash,7,-1,1,-1,0,C,0,explore,1,"Button 0 has shown potential with a high reward of 82 when Krypton and Nobelium were both active. Given the current context (Mercury: -1, Krypton: 1, Nobelium: -1), testing Button 0 again is necessary to understand if its high reward is dependent on Krypton alone or requires the combination of signals, as the history is still limited.",52,C,A,D,B
4,LLM_Gemini_3_Flash,8,1,1,-1,0,C,0,explore,1,"Button 0 has provided relatively high returns (82 and 52) across different context vectors. Given that I have only tested button 1 once in this specific context (Mercury 1, Krypton 1, Nobelium -1) with a reward of 42, I need to continue testing button 0 to see if it outperforms button 1 under these specific conditions to refine my estimate of the expected reward.",23,C,A,D,B
4,LLM_Gemini_3_Flash,9,-1,1,1,0,C,1,exploit,0,"Button 0 yielded 82 in the exact same context (Mercury: -1, Krypton: 1, Nobelium: 1) during trial 1. Other buttons haven't demonstrated higher reliability in similar contexts.",78,C,A,D,B
4,LLM_Gemini_3_Flash,10,1,1,-1,2,D,0,explore,1,"Button 0 has been tested multiple times with mixed results and seems sensitive to signals. Button 1 yielded 42 in this exact context previously, but data is sparse. Button 2 has shown consistent returns in other contexts, and I need more data on its performance in this specific signal configuration (1, 1, -1) to refine my model.",56,C,A,D,B
4,LLM_Gemini_3_Flash,11,1,1,-1,2,D,0,exploit,0,"In trial 10, button 2 yielded a reward of 56 with the same context (Mercury: 1, Krypton: 1, Nobelium: -1), which outperformed button 1 (42) and button 0 (23) in similar contexts. Given this, button 2 is currently the most promising option for the current context.",56,C,A,D,B
4,LLM_Gemini_3_Flash,12,1,-1,1,2,D,0,exploit,0,"Button 2 has consistently provided reliable rewards around 49-56 across different contexts. In the current context (Mercury:1, Krypton:-1, Nobelium:1), button 0 showed lower performance (54) compared to button 2's previous steady performance in other settings. Given button 2's stability, it is the safest bet for high expected reward.",47,C,A,D,B
4,LLM_Gemini_3_Flash,13,1,-1,-1,2,D,0,exploit,0,"Button 2 has consistently provided high rewards across different contexts, specifically demonstrating resilience in the current signal configuration (Mercury 1, Krypton -1, Nobelium -1). It appears to have a stable or high-performing reward function compared to Button 0 and 3 which showed inconsistency in prior trials.",49,C,A,D,B
4,LLM_Gemini_3_Flash,14,1,1,-1,2,D,0,exploit,0,"In trials 10, 11, 12, and 13, button 2 has consistently provided the highest relative returns compared to other observed buttons. Specifically, given the current context (Mercury: 1, Krypton: 1, Nobelium: -1), button 2 yielded a reward of 56 in trials 10 and 11, which significantly outperformed button 1 (42) and button 0 (23) under identical or similar contexts. I am exploiting button 2 based on its demonstrated performance stability.",48,C,A,D,B
4,LLM_Gemini_3_Flash,15,-1,-1,1,2,D,0,exploit,0,"Button 2 has consistently provided reliable rewards near 49-56 across various contexts, and in the current context (-1, -1, 1), it yielded 49 in trials 3 and 6, outperforming button 3's yield of 25 in the same context.",52,C,A,D,B
4,LLM_Gemini_3_Flash,16,-1,-1,1,2,D,0,exploit,0,"Button 2 has consistently provided the highest and most stable rewards for the current context (Mercury: -1, Krypton: -1, Nobelium: 1) across multiple trials (trials 3, 6, 15), consistently yielding around 50 points, which is superior to the performance of other buttons observed in similar conditions.",51,C,A,D,B
4,LLM_Gemini_3_Flash,17,-1,1,-1,2,D,0,exploit,0,"Button 2 has consistently provided reliable rewards across various contexts, whereas button 0 and 1 have shown high volatility or lower average performance. Based on historical trials, button 2 appears to have the most stable and highest expected return for the current conditions.",49,C,A,D,B
4,LLM_Gemini_3_Flash,18,-1,-1,1,2,D,0,exploit,0,"Button 2 has consistently provided reliable rewards (average ~50) across various contexts in the history, including the current context (Mercury: -1, Krypton: -1, Nobelium: 1). While Button 0 showed higher potential in some specific contexts, it has been more volatile. Given the consistency of Button 2, it is the safest choice for maximizing expected return.",52,C,A,D,B
4,LLM_Gemini_3_Flash,19,-1,1,1,0,C,1,exploit,0,"Button 0 has demonstrated a significantly higher reward (averaging ~80) in the context where Mercury is -1, Krypton is 1, and Nobelium is 1, based on trials 1 and 9. Other buttons like 2 show consistent but lower rewards (around 50) regardless of the context, making Button 0 the clear choice for this specific configuration.",80,C,A,D,B
4,LLM_Gemini_3_Flash,20,1,1,-1,2,D,0,exploit,0,"Button 2 has consistently provided stable rewards across various contexts (averaging around 50) and has outperformed button 0 in the current context (Mercury: 1, Krypton: 1, Nobelium: -1) in previous trials (10, 11, 14), while button 0 showed lower performance in that specific context (trials 8 and 2).",54,C,A,D,B
4,LLM_Gemini_3_Flash,21,-1,-1,1,2,D,0,exploit,0,"Button 2 has consistently provided stable rewards (around 47-56) across all tested contexts, appearing to act as a baseline or high-confidence option. Button 0 shows high variance dependent on signals (e.g., 78-82 vs 23-54), and button 2 currently appears to be the safest and most reliable choice for the current signal combination (-1, -1, 1).",53,C,A,D,B
4,LLM_Gemini_3_Flash,22,1,1,-1,2,D,0,exploit,0,"In the current context (Mercury: 1, Krypton: 1, Nobelium: -1), button 2 has consistently provided the highest average reward (around 48-56) compared to button 0, which dropped to 23 under these specific conditions.",46,C,A,D,B
4,LLM_Gemini_3_Flash,23,1,-1,-1,2,D,0,exploit,0,"Button 2 has consistently provided reliable, stable rewards (around 50) across various contexts. While Button 0 shows potential for higher variance, Button 2 is the most stable performer, and given the current context (Mercury: 1, Krypton: -1, Nobelium: -1), I will stick with the most reliable option identified in the history.",39,C,A,D,B
4,LLM_Gemini_3_Flash,24,1,-1,-1,2,D,0,exploit,0,"Button 2 has consistently provided a stable reward in the range of 40-56 across various contexts, making it the most reliable choice given the current context of (1, -1, -1). Other buttons have shown higher variance or lower average returns.",55,C,A,D,B
4,LLM_Gemini_3_Flash,25,-1,1,-1,2,D,0,exploit,0,"Button 2 has consistently provided stable, moderate returns (around 45-56) across all signal combinations encountered so far, making it the most reliable choice compared to Button 0, which shows high volatility based on the Nobelium signal.",49,C,A,D,B
4,LLM_Gemini_3_Flash,26,1,-1,1,0,C,0,exploit,0,"Button 0 has demonstrated very high rewards when Mercury and Nobelium are both 1 (trials 1, 9, 19). Given that the current context is Mercury=1, Nobelium=1, and Krypton=-1, Button 0 is expected to yield higher returns than the relatively consistent but lower-performing Button 2.",41,C,A,D,B
4,LLM_Gemini_3_Flash,27,-1,-1,1,2,D,0,exploit,0,"Button 2 has consistently provided stable rewards (average around 50) regardless of the context fluctuations, whereas other buttons like 0 show high variance dependent on specific signal combinations. Given the current context, button 2 is the reliable choice for steady returns.",53,C,A,D,B
4,LLM_Gemini_3_Flash,28,1,-1,-1,2,D,0,exploit,0,"Button 2 has consistently provided stable rewards (around 50) across various contexts in the history. Given the current signals, button 2 remains the most reliable option compared to other buttons that have shown higher variance or lower performance.",55,C,A,D,B
4,LLM_Gemini_3_Flash,29,1,-1,-1,2,D,0,exploit,0,"Button 2 has consistently provided a stable reward in the range of 45-56 across various contexts, making it the most reliable choice given the current context (1, -1, -1) where other options have shown higher variance or lower average performance.",38,C,A,D,B
4,LLM_Gemini_3_Flash,30,-1,1,1,0,C,1,exploit,0,"Button 0 has consistently delivered the highest rewards (approx. 80) when Mercury is -1, Krypton is 1, and Nobelium is 1. Since this exact context is present, choosing button 0 is the most likely to maximize the reward.",82,C,A,D,B
4,LLM_Gemini_3_Flash,31,1,-1,-1,2,D,0,exploit,0,"Button 2 has shown a very consistent performance (averaging around 50) regardless of the context signals, making it the most reliable choice. While Button 0 performs very well when Mercury is -1 and Krypton is 1, it performs poorly under the current context (Mercury: 1, Krypton: -1, Nobelium: -1). Given Button 2's historical stability, it is the safest bet for maximizing the long-run payoff.",50,C,A,D,B
4,LLM_Gemini_3_Flash,32,-1,1,-1,2,D,0,exploit,0,"Button 2 has consistently provided stable rewards across almost all contexts, acting as a reliable baseline with an average around 50. Button 0 shows high variance, performing very well when Nobelium is 1, but poorly otherwise. Since the current context (Mercury: -1, Krypton: 1, Nobelium: -1) corresponds to a scenario where Button 0 has previously performed weakly compared to its potential, I will exploit the stability of Button 2.",47,C,A,D,B
4,LLM_Gemini_3_Flash,33,-1,1,-1,2,D,0,exploit,0,"Button 2 has shown a very consistent reward baseline (around 50) regardless of the context, while button 0 shows high variability and is clearly context-dependent, performing best when Mercury is -1 and Nobelium is 1. Given the current context (Mercury: -1, Krypton: 1, Nobelium: -1), button 0 has not proven superior, and button 2 remains the most reliable performer in varied contexts.",43,C,A,D,B
4,LLM_Gemini_3_Flash,34,1,-1,1,2,D,0,exploit,0,"Button 2 has consistently provided a stable, moderate reward across various contexts. While Button 0 has shown high rewards in specific contexts (like Mercury -1, Krypton 1, Nobelium 1), Button 2 is the most reliable performer across the observed signal variations. Given the current context (Mercury 1, Krypton -1, Nobelium 1), and Button 2's historical consistency, I am exploiting this option.",44,C,A,D,B
4,LLM_Gemini_3_Flash,35,1,-1,-1,2,D,0,exploit,0,"Button 2 has consistently provided stable rewards across almost all contexts tested so far, making it the most reliable choice. While Button 0 performs extremely well when (Mercury, Krypton, Nobelium) is (-1, 1, 1), it performs significantly worse in other contexts. Given the current context (1, -1, -1), Button 2 has historically maintained a consistent average performance, whereas other options carry too much uncertainty.",51,C,A,D,B
4,LLM_Gemini_3_Flash,36,-1,-1,1,2,D,0,exploit,0,"Button 2 has consistently provided a stable reward around 45-55 across various contexts, whereas Button 0 appears highly context-dependent, yielding high rewards only when Krypton and Nobelium are both 1. Given the current context (Mercury: -1, Krypton: -1, Nobelium: 1), Button 2 is the most reliable option based on historical performance.",52,C,A,D,B
4,LLM_Gemini_3_Flash,37,-1,1,1,0,C,1,exploit,0,"Button 0 has consistently demonstrated high returns when Mercury is -1, Krypton is 1, and Nobelium is 1, with rewards of 82, 78, 80, and 82. In contrast, other buttons show consistently lower average rewards (around 50). Based on the current context, Button 0 is the clear choice for maximizing profit.",77,C,A,D,B
4,LLM_Gemini_3_Flash,38,1,1,-1,2,D,0,exploit,0,"Based on the history, button 2 consistently provides a stable reward (average around 50) regardless of the signals, acting like a baseline 'safe' option. Button 0 shows high variability, performing excellently when Mercury=-1 and Nobelium=1, but poorly in the current context (Mercury=1, Nobelium=-1). Since button 2 has demonstrated reliable performance across many varied contexts, I will exploit it here.",42,C,A,D,B
4,LLM_Gemini_3_Flash,39,-1,1,-1,2,D,0,exploit,0,"Button 2 has consistently provided a stable reward around 50 across various contexts. Button 0 is highly effective only when Nobelium is 1, but under the current context (Mercury -1, Krypton 1, Nobelium -1), Button 2 has historically outperformed Button 0, which only yielded ~50 in similar conditions.",52,C,A,D,B
4,LLM_Gemini_3_Flash,40,-1,1,1,0,C,1,exploit,0,"Historical data shows button 0 consistently provides high rewards (77-82) specifically when the current context signals (Mercury: -1, Krypton: 1, Nobelium: 1) are present, making it the optimal choice for exploitation in this scenario.",84,C,A,D,B
4,LLM_Gemini_3_Flash,41,1,-1,1,2,D,0,exploit,0,"Button 0 has demonstrated very high rewards when Mercury=-1 and Nobelium=1, but in the current context where Mercury=1 and Nobelium=1, button 2 has consistently provided steady moderate returns. I will continue to exploit button 2 as the most reliable option under these specific context parameters.",51,C,A,D,B
4,LLM_Gemini_3_Flash,42,-1,1,1,0,C,1,exploit,0,"Button 0 has consistently demonstrated high returns when Mercury is -1, Krypton is 1, and Nobelium is 1, with rewards averaging around 80. Given the current context matches this high-performance scenario, exploiting Button 0 is the optimal strategy.",81,C,A,D,B
4,LLM_Gemini_3_Flash,43,-1,1,1,0,C,1,exploit,0,"Button 0 has consistently delivered high rewards (around 80) when Mercury is -1, Krypton is 1, and Nobelium is 1. Button 2 consistently yields around 50 regardless of the context. Given the current context matches the high-reward scenario for Button 0, exploiting is the optimal strategy.",81,C,A,D,B
4,LLM_Gemini_3_Flash,44,-1,-1,1,2,D,0,exploit,0,"Based on historical data, button 0 is highly performant specifically when Mercury is -1 and Krypton is 1, regardless of Nobelium. In the current context (Mercury: -1, Krypton: -1, Nobelium: 1), button 0 does not show that specific configuration. Button 2 has consistently provided stable rewards (around 50) across various contexts, and given the current context does not match the optimal conditions for button 0, button 2 is the most reliable choice.",46,C,A,D,B
4,LLM_Gemini_3_Flash,45,1,-1,1,2,D,0,exploit,0,"Button 0 has a very high payoff specifically when Mercury is -1 and Krypton is 1, but its performance is weak in other contexts. Since the current context is Mercury: 1, Krypton: -1, Nobelium: 1, Button 0 is unlikely to perform well. Button 2 has demonstrated consistently stable and moderate rewards across almost all contexts, making it the safest and most reliable choice for this specific configuration.",48,C,A,D,B
4,LLM_Gemini_3_Flash,46,1,1,-1,2,D,0,exploit,0,"Based on the history, button 2 appears to have a stable, moderate base reward across almost all contexts, acting as a reliable fallback. Button 0 performs exceptionally well when Mercury is -1 and Nobelium is 1, but it performs poorly in the current context (Mercury: 1, Krypton: 1, Nobelium: -1). Given the consistency of button 2, it is the most reliable choice for this specific context.",44,C,A,D,B
4,LLM_Gemini_3_Flash,47,1,-1,1,2,D,0,exploit,0,"Based on historical data, button 0 consistently yields high rewards when Mercury is -1 and Nobelium is 1. However, in the current context where Mercury is 1, Krypton is -1, and Nobelium is 1, button 0 has shown lower performance compared to button 2. Given the consistency of button 2 across various contexts in this game, it remains the most reliable choice for this specific configuration.",52,C,A,D,B
4,LLM_Gemini_3_Flash,48,1,-1,-1,2,D,0,exploit,0,"Button 0 shows high rewards only when Mercury is -1 and Krypton/Nobelium are 1. In the current context (Mercury: 1, Krypton: -1, Nobelium: -1), Button 0 has historically performed poorly. Button 2 has demonstrated consistent moderate rewards across various contexts, making it the most reliable choice given the data.",40,C,A,D,B
4,LLM_Gemini_3_Flash,49,-1,1,-1,2,D,0,exploit,0,"Button 0 has a very high payoff when Nobelium is 1 (average > 80), but performs poorly when Nobelium is -1 (often < 50). Since the current context has Nobelium = -1, Button 0 is unlikely to be the optimal choice. Button 2 has consistently provided a stable moderate reward (approx 45-55) regardless of the context, making it the safer, high-confidence choice for this specific context.",62,C,A,D,B
4,LLM_Gemini_3_Flash,50,-1,1,-1,2,D,0,exploit,0,"Button 0 has shown high rewards specifically when Nobelium is 1 and Mercury is -1, but Button 2 has been consistently reliable across most other configurations with a steady average return. Given the current context (Mercury: -1, Krypton: 1, Nobelium: -1), Button 0's performance drops, making Button 2 the safer, higher-expected-value choice.",45,C,A,D,B
5,LLM_Gemini_3_Flash,1,1,1,-1,0,B,1,explore,1,"This is the first trial with no previous data. I need to begin testing the buttons to establish a baseline for reward signals associated with Mercury, Krypton, and Nobelium.",90,B,D,A,C
5,LLM_Gemini_3_Flash,2,1,-1,1,1,D,0,explore,1,"I have only tested button 0 once. To identify the optimal strategy, I need to sample other buttons to gather comparative data on how they react to the context signals (Mercury: 1, Krypton: -1, Nobelium: 1).",51,B,D,A,C
5,LLM_Gemini_3_Flash,3,1,-1,-1,2,A,1,explore,1,"Button 0 has provided a high reward (90) when Mercury and Krypton were both 1. I need to explore Button 2 to gather data points for the current context (Mercury: 1, Krypton: -1, Nobelium: -1) to differentiate its performance from buttons 1 and 3, which have limited or no history.",78,B,D,A,C
5,LLM_Gemini_3_Flash,4,-1,-1,1,3,C,1,explore,1,"I have explored buttons 0, 1, and 2 in previous trials but have no data on button 3. Given the current context (-1, -1, 1), testing button 3 is necessary to determine if it provides a higher baseline or conditional reward compared to the others.",77,B,D,A,C
5,LLM_Gemini_3_Flash,5,-1,-1,1,3,C,1,exploit,0,"In trial 4, with the same context signals (Mercury -1, Krypton -1, Nobelium 1), button 3 yielded a high reward of 77. Given the limited data, exploiting this high-performing arm in the current context is the most logical step to maximize profit.",78,B,D,A,C
5,LLM_Gemini_3_Flash,6,-1,1,1,0,B,0,explore,1,"I have limited data on buttons 0, 1, and 2 under varying conditions. While button 3 performed well, button 0 had a very high reward (90) in its only trial. I am choosing button 0 to explore its potential, as my current knowledge is insufficient to confirm it is the optimal arm.",40,B,D,A,C
5,LLM_Gemini_3_Flash,7,-1,1,-1,2,A,0,explore,1,"Button 0 has shown variable performance (90 vs 40) under different Krypton states, and Button 3 is consistent when signals are (-1,-1,1). Button 2 has only been tested once (78). Given the current context (-1, 1, -1), I am exploring Button 2 to gather more information on its performance in this specific signal configuration.",22,B,D,A,C
5,LLM_Gemini_3_Flash,8,1,-1,-1,2,A,1,exploit,0,"In trial 3, with the same context (Mercury: 1, Krypton: -1, Nobelium: -1), button 2 yielded a reward of 78, which is the highest recorded reward for this specific context configuration, suggesting it is currently the most profitable choice.",81,B,D,A,C
5,LLM_Gemini_3_Flash,9,1,1,-1,0,B,1,exploit,0,"Button 0 yielded a high reward of 90 in the exact same context (Mercury: 1, Krypton: 1, Nobelium: -1) during trial 1. Given the high performance observed under these specific conditions, I am choosing to exploit this arm.",79,B,D,A,C
5,LLM_Gemini_3_Flash,10,1,-1,-1,2,A,1,exploit,0,"Button 2 has performed consistently well (78 and 81) in the specific context where Mercury=1, Krypton=-1, and Nobelium=-1. Given the current context matches these signals, I am exploiting this established pattern.",84,B,D,A,C
5,LLM_Gemini_3_Flash,11,-1,-1,1,3,C,1,exploit,0,"Button 3 has consistently provided high rewards (77 and 78) in the current context (Mercury: -1, Krypton: -1, Nobelium: 1). Previous trials confirm that Button 3 is the top performer under these specific signal conditions.",80,B,D,A,C
5,LLM_Gemini_3_Flash,12,-1,1,-1,2,A,0,exploit,0,"Button 2 has consistently provided high rewards (78, 81, 84) when the context aligns with our current state, despite the low reward (22) observed once when Krypton was 1 and Nobelium was -1. Given the current signals (M:-1, K:1, N:-1), and the performance of other buttons (0 yielding 40 in similar conditions, 1 and 3 having unknown efficiency here), Button 2 remains the most reliable performer based on historical data patterns.",21,B,D,A,C
5,LLM_Gemini_3_Flash,13,1,1,-1,0,B,1,exploit,0,"In Trial 1 and Trial 9, when the context was Mercury: 1, Krypton: 1, Nobelium: -1, Button 0 yielded high rewards (90 and 79). No other button has shown consistent performance in this specific context configuration, making Button 0 the most reliable choice for this state.",85,B,D,A,C
5,LLM_Gemini_3_Flash,14,-1,1,-1,1,D,0,explore,1,"Button 0 and 2 have been tested significantly in similar contexts and show inconsistent or low rewards. Button 3 consistently yields high rewards when Nobelium is 1, but its performance in the current context (Mercury -1, Krypton 1, Nobelium -1) is unknown. Button 1 is the least explored option, and since other buttons aren't performing strongly in this specific context, exploring button 1 is the optimal strategy to gather information.",58,B,D,A,C
5,LLM_Gemini_3_Flash,15,-1,1,1,3,C,1,exploit,0,"Button 3 has consistently provided high rewards (77, 78, 80) when the Mercury signal is -1, regardless of the other signals. Given the current context (Mercury: -1, Krypton: 1, Nobelium: 1), Button 3 remains the most reliable performer compared to the low rewards seen with other buttons in similar negative Mercury conditions.",81,B,D,A,C
5,LLM_Gemini_3_Flash,16,-1,1,1,3,C,1,exploit,0,"Button 3 has shown consistent high performance (81) when Nobelium is 1, regardless of the other signals, and specifically performed well in the current context (Mercury: -1, Krypton: 1, Nobelium: 1) in trial 15.",90,B,D,A,C
5,LLM_Gemini_3_Flash,17,1,-1,-1,2,A,1,exploit,0,"Button 2 has consistently provided high rewards (78, 81, 84) when the context is Mercury=1, Krypton=-1, Nobelium=-1. Given this specific context has appeared before and resulted in high performance for button 2, exploitation is the optimal strategy.",79,B,D,A,C
5,LLM_Gemini_3_Flash,18,1,-1,-1,2,A,1,exploit,0,"In trials 3, 8, 10, and 17, the context (Mercury: 1, Krypton: -1, Nobelium: -1) consistently resulted in high rewards (78, 81, 84, 79) when choosing button 2, indicating it is the optimal arm for this specific context.",90,B,D,A,C
5,LLM_Gemini_3_Flash,19,-1,1,1,3,C,1,exploit,0,"Based on the trial history, button 3 has consistently provided high rewards (81 and 90) when the context includes Mercury: -1, Krypton: 1, and Nobelium: 1, while other buttons like 0 and 2 have performed poorly under these specific signal conditions.",75,B,D,A,C
5,LLM_Gemini_3_Flash,20,1,1,-1,0,B,1,exploit,0,"Button 0 has consistently yielded high rewards (79, 85, 90) when Mercury=1, Krypton=1, and Nobelium=-1. Based on the previous trials, this context consistently triggers a high payoff for Button 0.",81,B,D,A,C
5,LLM_Gemini_3_Flash,21,1,-1,-1,2,A,1,exploit,0,"In the current context (Mercury: 1, Krypton: -1, Nobelium: -1), button 2 has consistently provided high rewards (78, 81, 84, 79, 90) across previous occurrences of the same context. This makes it the most reliable choice for maximizing profit.",76,B,D,A,C
5,LLM_Gemini_3_Flash,22,-1,-1,1,3,C,1,exploit,0,"In the current context (Mercury -1, Krypton -1, Nobelium 1), Button 3 has consistently yielded high rewards (77, 78, 80) in past trials with the same configuration. It is the most reliable option under these conditions.",72,B,D,A,C
5,LLM_Gemini_3_Flash,23,-1,-1,1,3,C,1,exploit,0,"In the current context (Mercury: -1, Krypton: -1, Nobelium: 1), button 3 has consistently yielded high rewards (77, 78, 80, 72) in previous trials with the same context. Based on this history, button 3 is the most reliable choice for this specific configuration.",77,B,D,A,C
5,LLM_Gemini_3_Flash,24,-1,-1,1,3,C,1,exploit,0,"Button 3 has consistently yielded high rewards (ranging from 72 to 90) when the context matches Mercury:-1 and Nobelium:1, which is the current context. Other buttons have shown poor or inconsistent performance in this configuration.",82,B,D,A,C
5,LLM_Gemini_3_Flash,25,-1,1,1,3,C,1,exploit,0,"Button 3 has consistently yielded high rewards (72-90) whenever Nobelium is 1, regardless of the other signals. Since the current context has Nobelium = 1, Button 3 remains the optimal choice based on observed performance.",81,B,D,A,C
5,LLM_Gemini_3_Flash,26,-1,1,1,3,C,1,exploit,0,"Based on historical performance, button 3 consistently yields high rewards (70s-90s) when Mercury is -1 and Nobelium is 1, regardless of Krypton's state. In the current context (Mercury: -1, Krypton: 1, Nobelium: 1), button 3 is the highest-performing option identified for these conditions.",67,B,D,A,C
5,LLM_Gemini_3_Flash,27,1,-1,1,1,D,0,explore,1,"I have identified strong patterns for Button 0 (Mercury=1, Krypton=1), Button 2 (Mercury=1, Krypton=-1, Nobelium=-1), and Button 3 (Nobelium=1). Button 1 has been under-sampled, particularly in this context (Mercury=1, Krypton=-1, Nobelium=1). Given that Button 2 performed well with Krypton=-1 but Nobelium=-1, it is worth testing if Button 1 is the optimal choice for the current context where Nobelium is 1 instead.",49,B,D,A,C
5,LLM_Gemini_3_Flash,28,1,1,-1,0,B,1,exploit,0,"Based on historical data, button 0 consistently provides high rewards (around 80+) when Mercury=1, Krypton=1, and Nobelium=-1. Since this current context matches those signals exactly, choosing button 0 is the optimal strategy to exploit the observed pattern.",88,B,D,A,C
5,LLM_Gemini_3_Flash,29,1,-1,-1,2,A,1,exploit,0,"Based on the history, button 2 consistently yields high rewards (78, 81, 84, 79, 90, 76) when the context is (Mercury: 1, Krypton: -1, Nobelium: -1). This configuration perfectly matches the current context, making it the highest expected value choice.",85,B,D,A,C
5,LLM_Gemini_3_Flash,30,1,-1,-1,2,A,1,exploit,0,"The current context (Mercury: 1, Krypton: -1, Nobelium: -1) has been tested multiple times (trials 3, 8, 10, 17, 18, 21, 29). Button 2 consistently provides high rewards (78, 81, 84, 79, 90, 76, 85) under this specific configuration, making it the most reliable choice.",87,B,D,A,C
5,LLM_Gemini_3_Flash,31,-1,-1,1,3,C,1,exploit,0,"Based on historical data, button 3 consistently yields high rewards (averaging 77-82) when the context is Mercury: -1, Krypton: -1, Nobelium: 1. Other buttons like 0 and 2 show lower performance or poor fit in this specific context.",71,B,D,A,C
5,LLM_Gemini_3_Flash,32,-1,-1,1,3,C,1,exploit,0,"The current context (Mercury: -1, Krypton: -1, Nobelium: 1) has consistently yielded high rewards (71-82) for button 3 in trials 4, 5, 11, 22, 23, 24, and 31. It is clearly the optimal choice for this specific context.",74,B,D,A,C
5,LLM_Gemini_3_Flash,33,1,-1,1,1,D,0,explore,1,"Button 0 performs well when Mercury=1 and Krypton=1. Button 2 performs well when Mercury=1 and Krypton=-1. Button 3 performs well when Nobelium=1. The current context (M=1, K=-1, N=1) has not been heavily tested for Button 1 or Button 3. Since Button 2 is strong in M=1, K=-1 scenarios but the current Nobelium signal is 1 (which might favor Button 3), I will explore Button 1 to see if it acts as a competitor for this specific state.",51,B,D,A,C
5,LLM_Gemini_3_Flash,34,1,-1,-1,2,A,1,exploit,0,"Based on the history, button 2 consistently yields high rewards (76-90 range) when Mercury is 1, Krypton is -1, and Nobelium is -1. This matches the current context, making it the highest expected payoff choice.",77,B,D,A,C
5,LLM_Gemini_3_Flash,35,1,1,-1,0,B,1,exploit,0,"Based on the history, button 0 consistently provides high rewards (around 80-90) when the Mercury signal is 1 and the Krypton signal is 1, regardless of the Nobelium signal. The current context matches this condition perfectly.",92,B,D,A,C
5,LLM_Gemini_3_Flash,36,1,1,-1,0,B,1,exploit,0,"Based on historical data, button 0 consistently provides high rewards (79-92) when Mercury is 1, Krypton is 1, and Nobelium is -1. This context matches the current trial, making button 0 the clear choice for exploitation.",82,B,D,A,C
5,LLM_Gemini_3_Flash,37,-1,1,-1,1,D,0,explore,1,"With the current context (Mercury: -1, Krypton: 1, Nobelium: -1), button 0 has performed poorly (40) while button 2 performed poorly (21-22). Button 1 returned 58 in this context during trial 14. Button 3's performance is unknown for this specific context. Since button 1 has shown potential but is still uncertain compared to the established performers in other contexts, exploring button 1 is a reasonable step to optimize the strategy.",55,B,D,A,C
5,LLM_Gemini_3_Flash,38,1,-1,-1,2,A,1,exploit,0,"Based on the historical data, button 2 consistently provides high rewards (76-90 range) when the context is Mercury: 1, Krypton: -1, Nobelium: -1. I have high confidence in this choice for the current context.",80,B,D,A,C
5,LLM_Gemini_3_Flash,39,-1,1,-1,1,D,0,explore,1,"Button 0 performs well when Mercury=1/Krypton=1, Button 2 performs well when Mercury=1/Krypton=-1, and Button 3 performs well when Krypton=-1/Nobelium=1 or Mercury=-1/Krypton=1/Nobelium=1. The current context (Mercury=-1, Krypton=1, Nobelium=-1) is not optimal for buttons 0, 2, or 3 based on history. Button 1 is the least explored button for this specific context, so I am choosing it to gather more data on its performance in these conditions.",53,B,D,A,C
5,LLM_Gemini_3_Flash,40,-1,-1,1,3,C,1,exploit,0,"Based on historical data, button 3 has consistently performed well (averaging over 75) when the Nobelium signal is 1, regardless of the other signals. Given the current context where Nobelium is 1, choosing button 3 is the most rational decision to maximize expected reward.",80,B,D,A,C
5,LLM_Gemini_3_Flash,41,-1,1,-1,1,D,0,explore,1,"Based on the history, button 2 is strong when Mercury=1/Krypton=-1/Nobelium=-1, button 3 is strong when Krypton=-1/Nobelium=1 or Mercury=-1/Krypton=1/Nobelium=1, and button 0 is strong when Mercury=1/Krypton=1/Nobelium=-1. In the current context (Mercury=-1, Krypton=1, Nobelium=-1), button 2 has historically yielded low rewards (21, 22). Button 1 has shown moderate performance (53-58) in this specific configuration. I will explore button 1 to see if it remains the most stable option for this context.",58,B,D,A,C
5,LLM_Gemini_3_Flash,42,1,1,-1,0,B,1,exploit,0,"Based on the historical data, button 0 consistently yields high rewards (averaging around 85) when Mercury=1, Krypton=1, and Nobelium=-1. This context matches the current trial perfectly, making button 0 the clear choice for exploitation.",75,B,D,A,C
5,LLM_Gemini_3_Flash,43,1,-1,-1,2,A,1,exploit,0,"Based on historical data, button 2 consistently yields high rewards (averaging around 80) when the context is Mercury: 1, Krypton: -1, and Nobelium: -1. This combination matches the current context.",77,B,D,A,C
5,LLM_Gemini_3_Flash,44,-1,1,1,3,C,1,exploit,0,"The context (-1, 1, 1) has been consistently associated with Button 3 throughout the history (Trials 15, 16, 19, 25, 26). Other buttons demonstrate much lower or less consistent performance in this context, confirming Button 3 is the high-reward choice for this configuration.",83,B,D,A,C
5,LLM_Gemini_3_Flash,45,1,-1,-1,2,A,1,exploit,0,"The current context is Mercury: 1, Krypton: -1, Nobelium: -1. Historical data clearly shows that button 2 consistently yields high rewards (typically 76-90) under this specific context configuration, making it the optimal choice for exploitation.",81,B,D,A,C
5,LLM_Gemini_3_Flash,46,-1,1,-1,1,D,0,exploit,0,"Based on historical data, button 0 performs best when Mercury is 1 and Krypton is 1. Button 2 performs best when Mercury is 1 and Krypton is -1. Button 3 performs best when Nobelium is 1. In the current context (Mercury: -1, Krypton: 1, Nobelium: -1), button 1 has been the most consistent performer among the options for this specific configuration.",45,B,D,A,C
5,LLM_Gemini_3_Flash,47,-1,1,-1,1,D,0,exploit,0,"Based on the observed history, Button 1 is the primary option when Mercury is -1 and Krypton is 1, regardless of Nobelium. Button 0 performs best when Mercury is 1 and Krypton is 1, Button 2 performs best when Mercury is 1 and Krypton is -1, and Button 3 performs best when Krypton is -1 and Nobelium is 1. Given the current context (Mercury: -1, Krypton: 1, Nobelium: -1), Button 1 is the most consistent performer among the options tested for this state.",49,B,D,A,C
5,LLM_Gemini_3_Flash,48,-1,-1,1,3,C,1,exploit,0,"Button 3 has consistently provided high rewards when Mercury is -1 and Nobelium is 1, regardless of the Krypton signal. Given the current context (-1, -1, 1), Button 3 is the most reliable choice based on historical performance.",81,B,D,A,C
5,LLM_Gemini_3_Flash,49,1,-1,1,1,D,0,explore,1,"The current context (Mercury: 1, Krypton: -1, Nobelium: 1) has been poorly sampled for buttons other than button 1. History shows Button 1 yields moderate rewards (~50) in this context, but Button 2 and 3 are highly sensitive to other variables, and Button 0 is strong only when Krypton is 1. Since Button 1 is the least explored for this specific configuration, further exploration is necessary to determine if its potential is higher than previously observed.",54,B,D,A,C
5,LLM_Gemini_3_Flash,50,-1,1,-1,1,D,0,exploit,0,"Based on the history, button 1 appears to be the most reliable option when Mercury is -1 and Krypton is 1, as observed in trials 14, 37, 39, 41, 46, and 47. While button 2 is strong when Krypton is -1 and button 0 is strong when Mercury/Krypton are both 1, button 1 is the consistent choice for this specific context.",46,B,D,A,C
6,LLM_Gemini_3_Flash,1,-1,1,-1,0,A,0,explore,1,"Since the history is empty, I need to begin collecting data to map the reward functions for the different buttons under the current context of Mercury -1, Krypton 1, Nobelium -1.",15,A,B,D,C
6,LLM_Gemini_3_Flash,2,-1,-1,1,1,B,0,explore,1,"I have only explored button 0 once. With limited information, I need to test other buttons to establish a baseline for their performance relative to the current context signals.",17,A,B,D,C
6,LLM_Gemini_3_Flash,3,1,-1,-1,2,D,0,explore,1,"I have limited data from previous trials and need to test button 2 to begin establishing its response to the Mercury=1, Krypton=-1, Nobelium=-1 context signals, as buttons 0 and 1 have already been sampled.",44,A,B,D,C
6,LLM_Gemini_3_Flash,4,-1,1,-1,0,A,0,exploit,0,"In trial 1, the same context (Mercury: -1, Krypton: 1, Nobelium: -1) was observed and resulted in a reward of 15. Given the limited data and the fact that button 0 has already shown a positive return under these exact conditions, exploiting this choice while the evidence for other buttons in this context remains zero is the rational strategy.",14,A,B,D,C
6,LLM_Gemini_3_Flash,5,-1,1,-1,3,C,0,explore,1,"Button 0 has provided low rewards (14-15) in the current context (Mercury: -1, Krypton: 1, Nobelium: -1). Buttons 1 and 2 have been tested in different contexts, but Button 3 remains entirely unexplored, necessitating an exploration to determine if it offers a higher reward potential.",49,A,B,D,C
6,LLM_Gemini_3_Flash,6,-1,1,1,3,C,1,exploit,0,"Button 3 yielded 49 in a similar context (Krypton=1). With Mercury=-1, Krypton=1, and Nobelium=1, Button 3 remains the most promising candidate based on the previous high-reward trial.",83,A,B,D,C
6,LLM_Gemini_3_Flash,7,1,-1,-1,2,D,0,exploit,0,"In trial 3, with the context Mercury=1, Krypton=-1, Nobelium=-1, I chose button 2 and received a high reward of 44. Since the current context matches this exact state, I am choosing to exploit this known high-performing button.",56,A,B,D,C
6,LLM_Gemini_3_Flash,8,-1,1,-1,3,C,0,exploit,0,"Button 3 yielded 49 in the current context (trial 5) and 83 in a similar high-Krypton, high-Nobelium context (trial 6). Given button 3 significantly outperformed button 0 (which yielded only 14-15 in the same context), it is currently the most promising option for this specific context.",43,A,B,D,C
6,LLM_Gemini_3_Flash,9,-1,1,1,3,C,1,exploit,0,"Button 3 has consistently yielded high rewards (83 in the same context previously) when Krypton and Nobelium are 1. Given the current context matches this, exploiting button 3 is the most profitable strategy.",76,A,B,D,C
6,LLM_Gemini_3_Flash,10,-1,-1,1,1,B,0,explore,1,"Button 3 has shown strong performance with high rewards, especially when Nobelium is 1 (Trial 6, 9), but the context now is Mercury -1, Krypton -1, Nobelium 1. In Trial 2, with this same context, button 1 yielded 17. I need to continue evaluating button 1 against the performance of button 3 to determine if button 1 has a hidden dependency on these specific signals or if it is consistently inferior.",17,A,B,D,C
6,LLM_Gemini_3_Flash,11,1,1,-1,3,C,0,exploit,0,"Button 3 has consistently provided the highest observed rewards (43-83) across multiple contexts, particularly when signals are active, suggesting it has the strongest reward potential. Given the context (Mercury=1, Krypton=1, Nobelium=-1), I am exploiting this observation.",22,A,B,D,C
6,LLM_Gemini_3_Flash,12,1,-1,1,2,D,0,exploit,0,"Button 3 shows strong performance when Mercury is -1 and Nobelium is 1, but its performance drops significantly when Mercury is 1 (as seen in trial 11). Button 2 has demonstrated high rewards (44 and 56) consistently when Mercury is 1 and Nobelium is -1. Since the current context (Mercury: 1, Krypton: -1, Nobelium: 1) has Nobelium as 1 instead of -1, I am exploiting button 2 as it is the most reliable high-performer when Mercury is 1.",52,A,B,D,C
6,LLM_Gemini_3_Flash,13,-1,-1,1,2,D,0,exploit,0,"Button 2 consistently provides high rewards (44, 56, 52) when Mercury is 1 or when the context suggests a favorable alignment, and it is the most reliable performer compared to others in this context setup based on the history.",48,A,B,D,C
6,LLM_Gemini_3_Flash,14,-1,-1,1,2,D,0,exploit,0,"Button 2 has consistently provided high rewards (44, 56, 52, 48) in various contexts. In the previous trial (Trial 13) with context Mercury -1, Krypton -1, Nobelium 1, Button 2 yielded a reward of 48, which significantly outperformed Button 1 (reward 17) in the same context. Given the current context is identical to Trial 13, I am exploiting the knowledge that Button 2 is the most profitable choice for this specific signal combination.",46,A,B,D,C
6,LLM_Gemini_3_Flash,15,1,1,-1,2,D,0,exploit,0,"Button 2 has consistently provided high rewards (44, 56, 52, 48, 46) across various contexts where Krypton is -1. While button 3 has high rewards when Krypton is 1, the current context (Krypton=1) has seen varying results for button 3 (22 vs 43+). Since button 2 shows robust high performance in non-Krypton-1 scenarios, I will exploit button 2 to maintain steady returns while continuing to monitor if button 3 is truly superior under these specific conditions.",52,A,B,D,C
6,LLM_Gemini_3_Flash,16,1,1,-1,2,D,0,exploit,0,"Button 2 has consistently provided the highest average reward across various contexts, including those similar to the current one. Despite some variability, it remains the most reliable performer in my observations compared to the other buttons.",58,A,B,D,C
6,LLM_Gemini_3_Flash,17,-1,-1,1,2,D,0,exploit,0,"Button 2 has consistently provided high rewards in previous trials, specifically ranging between 44 and 58 regardless of the context. Given the current signals, Button 2 remains the most reliable performer compared to the lower yields observed from Buttons 0 and 1, and the context-dependent volatility of Button 3.",59,A,B,D,C
6,LLM_Gemini_3_Flash,18,-1,-1,1,2,D,0,exploit,0,"Button 2 has consistently provided the highest rewards (ranging from 44 to 59) across various context combinations, especially when compared to Button 1, which consistently yielded low rewards (around 17) in the current context (-1, -1, 1). Button 3 shows high variability and seems context-dependent, but Button 2 remains the most reliable performer in this context.",59,A,B,D,C
6,LLM_Gemini_3_Flash,19,1,-1,1,2,D,0,exploit,0,"Button 2 has consistently provided high rewards across various contexts, especially when Nobelium is 1. In the current context (Mercury: 1, Krypton: -1, Nobelium: 1), Button 2's performance remains the most reliable based on previous trials 12, 13, 14, 17, and 18.",50,A,B,D,C
6,LLM_Gemini_3_Flash,20,-1,1,-1,3,C,0,exploit,0,"Button 3 has demonstrated high performance in the current context (Mercury: -1, Krypton: 1, Nobelium: -1), yielding rewards as high as 49. While button 2 is strong overall, button 3 appears specifically optimized for the Krypton=1 condition.",51,A,B,D,C
6,LLM_Gemini_3_Flash,21,1,-1,1,2,D,0,exploit,0,"Button 2 has consistently provided high rewards (44-59) across various contexts, including current Mercury: 1, Krypton: -1, Nobelium: 1, where it has performed well previously. Other buttons have significantly lower or less consistent performance in comparison.",42,A,B,D,C
6,LLM_Gemini_3_Flash,22,-1,-1,1,2,D,0,exploit,0,"Button 2 has consistently provided high rewards (40-60 range) across various contexts, especially when Nobelium is high or Mercury is positive. In the current context (Mercury: -1, Krypton: -1, Nobelium: 1), Button 2 has shown strong performance in trials 13, 14, 17, and 18. I am confident in exploiting this button for the current state.",52,A,B,D,C
6,LLM_Gemini_3_Flash,23,-1,1,1,3,C,1,exploit,0,"Button 3 has shown consistently high rewards when Krypton is 1 and Nobelium is 1, with payoffs of 83 and 76 in similar contexts, which significantly outperforms the observed performance of other buttons in this context.",86,A,B,D,C
6,LLM_Gemini_3_Flash,24,1,-1,1,2,D,0,exploit,0,"Button 2 consistently yields high rewards (40-60 range) across various contexts, especially when Nobelium is 1. Given the current context (Mercury: 1, Krypton: -1, Nobelium: 1), Button 2 is the most reliable choice based on historical performance in similar scenarios.",53,A,B,D,C
6,LLM_Gemini_3_Flash,25,1,1,-1,2,D,0,exploit,0,"Button 2 has consistently provided high rewards (42-59) across various context combinations, whereas Button 3 shows high variance depending on Nobelium and Button 0/1 have yielded consistently low rewards. In the current context (1, 1, -1), Button 2 has previously returned strong rewards of 52 and 58.",45,A,B,D,C
6,LLM_Gemini_3_Flash,26,1,-1,1,2,D,0,exploit,0,"Based on historical data, button 2 consistently provides high rewards (averaging around 50+) across various contexts, especially when Nobelium is 1. Since the current context has Nobelium as 1, button 2 remains the strongest candidate for maximizing profit.",54,A,B,D,C
6,LLM_Gemini_3_Flash,27,1,-1,1,2,D,0,exploit,0,"Button 2 has consistently provided high rewards across various contexts involving different configurations of Mercury, Krypton, and Nobelium, especially when Nobelium is 1. In the current context (Mercury: 1, Krypton: -1, Nobelium: 1), Button 2 has shown strong performance in similar historical trials.",48,A,B,D,C
6,LLM_Gemini_3_Flash,28,-1,1,1,3,C,1,exploit,0,"Button 3 has consistently yielded high rewards (76, 83, 86) when Mercury is -1, Krypton is 1, and Nobelium is 1. Given this context matches the current situation, Button 3 is the highest expected value choice.",73,A,B,D,C
6,LLM_Gemini_3_Flash,29,1,1,-1,2,D,0,exploit,0,"Button 2 has consistently provided high rewards in previous trials, particularly when context signals fluctuate. Although Button 3 performs exceptionally well when Krypton and Nobelium are both 1, in the current context (Mercury: 1, Krypton: 1, Nobelium: -1), Button 2 has demonstrated stronger and more reliable performance compared to Button 3, which dropped significantly in trial 11 under similar conditions.",53,A,B,D,C
6,LLM_Gemini_3_Flash,30,1,1,-1,2,D,0,exploit,0,"Button 2 consistently provides high rewards (mid-40s to high-50s) across varying contexts. While Button 3 performs exceptionally when Nobelium is 1, it appears weak when Nobelium is -1 (as seen in trial 11), making Button 2 the more reliable choice for the current context (Mercury: 1, Krypton: 1, Nobelium: -1).",49,A,B,D,C
6,LLM_Gemini_3_Flash,31,-1,1,-1,3,C,0,exploit,0,"Based on the history, button 3 has shown consistently high rewards when Krypton is 1, regardless of the other signals, achieving values between 43 and 86. Button 2 consistently provides high rewards (mid-40s to high 50s) when Krypton is -1. Since Krypton is 1 in the current context, button 3 is the most logical choice for maximizing expected return.",48,A,B,D,C
6,LLM_Gemini_3_Flash,32,1,-1,-1,2,D,0,exploit,0,"Button 2 has consistently provided high rewards (mid-40s to high-50s) across various contexts, specifically when Nobelium or Mercury are active, making it the most reliable choice given the data history. In the current context (Mercury: 1, Krypton: -1, Nobelium: -1), button 2 has previously yielded good returns.",55,A,B,D,C
6,LLM_Gemini_3_Flash,33,-1,-1,1,2,D,0,exploit,0,"Based on the historical data, button 2 consistently provides high rewards (around 45-60) regardless of the context, while button 3 performs exceptionally well only when Krypton and Nobelium are both 1, but poorly otherwise. Since the current context is Mercury: -1, Krypton: -1, Nobelium: 1, button 2 remains the most reliable high-reward choice.",43,A,B,D,C
6,LLM_Gemini_3_Flash,34,1,-1,-1,2,D,0,exploit,0,"Button 2 has consistently provided high rewards (typically 40-60) across a variety of contexts, making it the most reliable performer. Although Button 3 performs exceptionally well when Krypton and Nobelium are both 1, it has shown weaker performance in the current context where Krypton and Nobelium are both -1. Given the current context (1, -1, -1), Button 2 is the empirically superior choice based on historical data.",53,A,B,D,C
6,LLM_Gemini_3_Flash,35,1,-1,-1,2,D,0,exploit,0,"Based on the history, button 2 consistently yields high rewards (typically 45-59) across various context combinations, particularly in the current context (Mercury: 1, Krypton: -1, Nobelium: -1), where it has yielded rewards around 44-56 in previous trials (3, 7, 32, 34). It is the most reliable high-performer compared to button 3, which is highly context-dependent, and buttons 0 and 1, which have shown lower returns.",52,A,B,D,C
6,LLM_Gemini_3_Flash,36,-1,-1,1,2,D,0,exploit,0,"Based on the extensive history, button 2 has consistently provided solid rewards (averaging around 50) regardless of the context, while button 3 performs exceptionally well only when both Krypton and Nobelium are 1. Given the current context (Mercury -1, Krypton -1, Nobelium 1), button 2 is the most reliable choice.",44,A,B,D,C
6,LLM_Gemini_3_Flash,37,-1,1,1,3,C,1,exploit,0,"Button 3 has consistently shown very high rewards (73, 76, 83, 86) when Mercury is -1, Krypton is 1, and Nobelium is 1. Given the current context matches this, exploiting Button 3 is the most profitable strategy.",72,A,B,D,C
6,LLM_Gemini_3_Flash,38,1,1,-1,2,D,0,exploit,0,"Button 2 has consistently provided high rewards (40-60 range) across various context combinations, whereas Button 3 is highly dependent on Nobelium being 1. Given the current context (Mercury: 1, Krypton: 1, Nobelium: -1), Button 2 has shown strong performance in similar scenarios (e.g., trials 15, 16, 25, 29, 30), making it the most reliable choice.",47,A,B,D,C
6,LLM_Gemini_3_Flash,39,-1,-1,1,2,D,0,exploit,0,"Based on the historical data, Button 2 has consistently provided reliable rewards (typically 40-60) regardless of the context fluctuations, whereas Button 3 is highly dependent on a specific context (Nobelium=1, Krypton=1) to yield high rewards. Since the current context (Mercury=-1, Krypton=-1, Nobelium=1) does not satisfy the high-reward conditions for Button 3, Button 2 remains the safest and most consistent choice.",37,A,B,D,C
6,LLM_Gemini_3_Flash,40,1,1,-1,2,D,0,exploit,0,"Based on historical data, button 2 has consistently provided moderate to high rewards (ranging from 37 to 59) across various context combinations, making it a reliable performer. While button 3 excels when Krypton and Nobelium are both 1, it has shown weaker performance (around 22) when the context is Mercury: 1, Krypton: 1, Nobelium: -1. Given the current context (Mercury: 1, Krypton: 1, Nobelium: -1), button 2 is the statistically safer choice based on its observed performance in similar scenarios.",42,A,B,D,C
6,LLM_Gemini_3_Flash,41,1,-1,1,2,D,0,exploit,0,"Based on the extensive history, button 2 has consistently provided reliable mid-to-high rewards across various context combinations, whereas button 3 is highly sensitive and generally only excels when Krypton is 1. Given the current context (Mercury: 1, Krypton: -1, Nobelium: 1), button 2 is the most robust choice.",48,A,B,D,C
6,LLM_Gemini_3_Flash,42,-1,1,1,3,C,1,exploit,0,"Based on historical data, button 3 has consistently delivered high rewards (reaching up to 86) when Mercury is -1 and Krypton is 1, regardless of Nobelium's state. In the current context (Mercury: -1, Krypton: 1, Nobelium: 1), button 3 is the historically dominant choice.",74,A,B,D,C
6,LLM_Gemini_3_Flash,43,1,-1,1,2,D,0,exploit,0,"Based on the history, button 2 has consistently provided reliable mid-to-high range rewards (averaging around 50) across various contexts where Krypton is -1. While button 3 shows high variance and peaks when both Krypton and Nobelium are 1, button 2 appears to be the most stable performer under the current context of Mercury: 1, Krypton: -1, Nobelium: 1.",44,A,B,D,C
6,LLM_Gemini_3_Flash,44,-1,1,-1,3,C,0,exploit,0,"In the current context (Mercury: -1, Krypton: 1, Nobelium: -1), button 3 has consistently provided significantly higher rewards (averaging around 45-50) compared to button 0, which only yielded ~14-15. Button 2's performance is context-dependent but appears lower for this specific configuration.",48,A,B,D,C
6,LLM_Gemini_3_Flash,45,-1,1,1,3,C,1,exploit,0,"Based on the history, button 3 has consistently yielded very high rewards (70-80+) when both Krypton and Nobelium are 1, regardless of the Mercury signal. Given the current context (Mercury: -1, Krypton: 1, Nobelium: 1), button 3 is the clear choice for maximizing returns.",77,A,B,D,C
6,LLM_Gemini_3_Flash,46,-1,1,1,3,C,1,exploit,0,"The historical data clearly demonstrates that button 3 yields very high rewards (typically 70-85) when Mercury is -1 and Krypton is 1, regardless of Nobelium. Given the current context (Mercury: -1, Krypton: 1, Nobelium: 1), button 3 is the highest-performing option.",80,A,B,D,C
6,LLM_Gemini_3_Flash,47,1,-1,-1,2,D,0,exploit,0,"Based on historical data, button 2 has consistently provided reliable mid-range rewards (approx 40-55) regardless of the specific signal configuration, whereas button 3 is highly dependent on both Krypton and Nobelium being active to provide high rewards. Given the current context (Mercury: 1, Krypton: -1, Nobelium: -1), button 2 is statistically the most reliable choice.",47,A,B,D,C
6,LLM_Gemini_3_Flash,48,-1,1,1,3,C,1,exploit,0,"Based on the historical data, button 3 yields significantly higher rewards (70-80+) specifically when Mercury is -1, Krypton is 1, and Nobelium is 1. Since the current context matches these conditions, I am choosing button 3 to exploit this high-reward pattern.",80,A,B,D,C
6,LLM_Gemini_3_Flash,49,1,1,-1,2,D,0,exploit,0,"Based on historical data, button 2 consistently provides stable rewards in the 40-60 range regardless of signals, whereas button 3 is highly sensitive to the Krypton/Nobelium combination. Given the current context (Mercury: 1, Krypton: 1, Nobelium: -1), button 2 is a reliable choice for this specific configuration based on consistent performance in trials like 15, 16, 25, 29, 30, 38, and 40.",50,A,B,D,C
6,LLM_Gemini_3_Flash,50,-1,-1,1,2,D,0,exploit,0,"Based on historical data, button 2 consistently provides moderate to high rewards (40-60) across various contexts, whereas button 3 is highly conditional, yielding high rewards (70-80+) only when Krypton is 1. Since the current context has Krypton as -1, button 2 remains the most reliable performer.",42,A,B,D,C
7,LLM_Gemini_3_Flash,1,-1,-1,1,0,A,0,explore,1,"Since there is no prior history, all buttons are equally likely to be optimal. I am selecting button 0 to start gathering data on the relationship between the current context (Mercury: -1, Krypton: -1, Nobelium: 1) and the rewards.",48,A,B,D,C
7,LLM_Gemini_3_Flash,2,1,-1,-1,1,B,0,explore,1,"Only one trial has been completed (Button 0). I need to explore the other buttons (1, 2, and 3) to gather data on their reward functions given the current context (1, -1, -1) to effectively build a predictive model.",44,A,B,D,C
7,LLM_Gemini_3_Flash,3,-1,-1,1,0,A,0,exploit,0,"Button 0 yielded a high reward of 48 in the same context (Mercury: -1, Krypton: -1, Nobelium: 1) in trial 1, making it the most promising candidate for the current state.",39,A,B,D,C
7,LLM_Gemini_3_Flash,4,1,-1,-1,1,B,0,exploit,0,"In trial 2, the current context (Mercury: 1, Krypton: -1, Nobelium: -1) yielded a reward of 44 when button 1 was chosen. Since this is the only data point for this specific context configuration, I am exploiting this observation to maximize expected reward while continuing to track performance.",55,A,B,D,C
7,LLM_Gemini_3_Flash,5,1,-1,-1,1,B,0,exploit,0,"Button 1 has shown a strong performance in the current context (Mercury: 1, Krypton: -1, Nobelium: -1) with rewards of 44 and 55. Given the limited data, this button appears to be the most reliable performer for this specific signal state.",48,A,B,D,C
7,LLM_Gemini_3_Flash,6,-1,-1,1,0,A,0,exploit,0,"Button 0 has shown consistent performance in the current context (Mercury: -1, Krypton: -1, Nobelium: 1) across trials 1 and 3, yielding an average of 43.5. Given that button 1 is clearly linked to a different context (Mercury: 1, Krypton: -1, Nobelium: -1), I will exploit button 0.",52,A,B,D,C
7,LLM_Gemini_3_Flash,7,-1,-1,1,0,A,0,exploit,0,"Button 0 has consistently yielded rewards in the range of 39-52 when the context is Mercury=-1, Krypton=-1, Nobelium=1. Based on the previous trials, it appears to be the most reliable option for this specific context.",48,A,B,D,C
7,LLM_Gemini_3_Flash,8,-1,1,-1,2,D,0,explore,1,"Button 0 shows consistent performance when Mercury and Krypton are -1 and Nobelium is 1. Button 1 shows good performance when Mercury is 1 and others are -1. I have no information on buttons 2 and 3 yet, so I am choosing button 2 to explore its potential, as it may offer higher rewards under the current context of Mercury -1, Krypton 1, Nobelium -1.",49,A,B,D,C
7,LLM_Gemini_3_Flash,9,1,-1,1,1,B,0,exploit,0,"Button 1 has consistently yielded rewards in the 44-55 range when Mercury is 1 and Krypton is -1. Given the current context (Mercury: 1, Krypton: -1, Nobelium: 1), Button 1 appears to be the most reliable option compared to Button 0 (tested under different conditions) or other unexplored buttons.",22,A,B,D,C
7,LLM_Gemini_3_Flash,10,-1,1,-1,2,D,0,exploit,0,"Button 2 showed a strong reward of 49 in the current context (Mercury: -1, Krypton: 1, Nobelium: -1) during trial 8. Button 0 is linked to Nobelium: 1 and Button 1 is linked to Mercury: 1; therefore, Button 2 is the most promising choice for the current signal configuration.",54,A,B,D,C
7,LLM_Gemini_3_Flash,11,1,1,-1,3,C,0,explore,1,"Button 0 performs well when Nobelium is 1 (M=-1, K=-1). Button 1 performs well when Mercury is 1 and Nobelium is -1 (K=-1). Button 2 performs well when Krypton is 1 (M=-1, N=-1). For the current context (M=1, K=1, N=-1), button 3 is the only one I haven't tested, so I am exploring it to gather data on its performance in this specific signal configuration.",29,A,B,D,C
7,LLM_Gemini_3_Flash,12,1,1,-1,3,C,0,explore,1,"Button 3 was tested in the current context previously and yielded a low reward of 29. Given that Button 0 performs well when Nobelium is 1 and Button 1 seems sensitive to the combination of Mercury and Krypton/Nobelium, I am exploring Button 3 again to determine if its lower reward was an outlier or if it underperforms in this specific context configuration.",20,A,B,D,C
7,LLM_Gemini_3_Flash,13,1,-1,1,0,A,1,explore,1,"Button 0 has shown consistent performance in previous trials where Nobelium was 1 (average around 45-50). Given the current context (Mercury:1, Krypton:-1, Nobelium:1), button 1 performed poorly (22) under these conditions in trial 9, making button 0 the most reliable candidate while I continue to explore button options under varying contexts.",71,A,B,D,C
7,LLM_Gemini_3_Flash,14,-1,1,-1,2,D,0,exploit,0,"Based on the history, button 2 has performed consistently well (rewards of 49 and 54) in the context where Mercury is -1, Krypton is 1, and Nobelium is -1. This context matches the current one perfectly, so I am exploiting this known strong relationship.",52,A,B,D,C
7,LLM_Gemini_3_Flash,15,-1,1,-1,2,D,0,exploit,0,"Button 2 has consistently provided high rewards (49, 54, 52) when the context is Mercury -1, Krypton 1, Nobelium -1. Given this specific context matches the previous successful trials for button 2, I am exploiting this established pattern.",48,A,B,D,C
7,LLM_Gemini_3_Flash,16,-1,-1,1,0,A,0,exploit,0,"Button 0 has consistently yielded rewards in the 39-52 range under the current context (Mercury -1, Krypton -1, Nobelium 1). While trial 13 showed that button 0 performs even better with Mercury 1 and Nobelium 1, in the current context, it remains the most reliable performer compared to the limited data on other buttons for this specific configuration.",53,A,B,D,C
7,LLM_Gemini_3_Flash,17,-1,1,-1,2,D,0,exploit,0,"Button 2 has consistently provided rewards in the range of 48-54 in previous trials where the context included Krypton=1 and Nobelium=-1. Given that the current context matches this pattern (Mercury=-1, Krypton=1, Nobelium=-1), exploiting button 2 is the most rational choice based on the observed data.",52,A,B,D,C
7,LLM_Gemini_3_Flash,18,-1,-1,1,0,A,0,exploit,0,"Button 0 has consistently yielded rewards in the 40-50 range when the context is Mercury: -1, Krypton: -1, Nobelium: 1. Based on historical data, this button performs well under these specific conditions.",55,A,B,D,C
7,LLM_Gemini_3_Flash,19,-1,1,-1,2,D,0,exploit,0,"Button 2 has consistently yielded rewards in the range of 48-54 whenever the context is Mercury: -1, Krypton: 1, Nobelium: -1, making it the most reliable choice for this specific context.",54,A,B,D,C
7,LLM_Gemini_3_Flash,20,1,-1,-1,1,B,0,exploit,0,"Button 1 has consistently yielded high rewards (44, 55, 48) under the specific context of Mercury=1, Krypton=-1, Nobelium=-1. In contrast, Button 0 and 2 are associated with different contexts, and Button 3 has performed poorly. I am exploiting the established pattern for the current context.",57,A,B,D,C
7,LLM_Gemini_3_Flash,21,-1,1,-1,2,D,0,exploit,0,"Button 2 has consistently yielded high rewards (48-54) whenever the context is (Mercury=-1, Krypton=1, Nobelium=-1). Since this current context matches that pattern, exploiting button 2 is the optimal strategy.",48,A,B,D,C
7,LLM_Gemini_3_Flash,22,-1,1,-1,2,D,0,exploit,0,"Button 2 has consistently yielded high rewards (48-54) whenever Krypton is 1, regardless of other signals. The current context matches this condition perfectly.",53,A,B,D,C
7,LLM_Gemini_3_Flash,23,-1,1,1,0,A,0,explore,1,"Button 0 has shown consistent performance when Nobelium is 1 (trials 1, 3, 6, 7, 16, 18). Given the current context (Mercury: -1, Krypton: 1, Nobelium: 1), I am exploring button 0 again because my previous high-reward trials for Button 2 were specifically associated with Nobelium being -1. Testing 0 under these conditions will help clarify if its reward depends primarily on Nobelium.",22,A,B,D,C
7,LLM_Gemini_3_Flash,24,1,-1,-1,1,B,0,exploit,0,"Based on historical trials 2, 4, 5, and 20, button 1 consistently yields high rewards (44, 55, 48, 57) when Mercury is 1, Krypton is -1, and Nobelium is -1, making it the most optimal choice for the current context.",47,A,B,D,C
7,LLM_Gemini_3_Flash,25,1,1,-1,0,A,0,explore,1,"Button 0 has consistently shown strong performance when Nobelium is 1, but its performance with other contexts remains less clear. Button 2 is stable when Krypton is 1, but this context (Mercury=1, Krypton=1, Nobelium=-1) is poorly explored. I am choosing 0 to test if it yields a high return in this specific context compared to my previous experience with button 3 in similar conditions.",49,A,B,D,C
7,LLM_Gemini_3_Flash,26,1,-1,-1,1,B,0,exploit,0,"The current context (Mercury 1, Krypton -1, Nobelium -1) matches trials 2, 4, 5, 20, and 24, where button 1 consistently provided high rewards ranging from 44 to 57. This makes button 1 the clear optimal choice for this specific context.",51,A,B,D,C
7,LLM_Gemini_3_Flash,27,1,-1,-1,1,B,0,exploit,0,"Based on the history, button 1 consistently yields high rewards (averaging around 50) when Mercury=1, Krypton=-1, and Nobelium=-1, outperforming other options in this specific context.",40,A,B,D,C
7,LLM_Gemini_3_Flash,28,-1,1,-1,2,D,0,exploit,0,"Button 2 has consistently yielded high rewards (ranging from 48 to 54) whenever the context matches the current one (Mercury: -1, Krypton: 1, Nobelium: -1). Given this strong historical performance in the same context, choosing button 2 represents the optimal exploit strategy.",36,A,B,D,C
7,LLM_Gemini_3_Flash,29,1,-1,1,0,A,1,exploit,0,"Button 0 has shown high performance (71) when the context is (Mercury: 1, Krypton: -1, Nobelium: 1). Previous trials indicate that Button 0 performs best when Nobelium is 1 and Krypton is -1, regardless of Mercury, making it the statistically sound choice for this specific context.",81,A,B,D,C
7,LLM_Gemini_3_Flash,30,-1,1,-1,2,D,0,exploit,0,"Based on historical data, button 2 has consistently provided high rewards when Mercury is -1 and Krypton is 1. The average reward for button 2 under these conditions is consistently in the 48-54 range, making it the most reliable choice for this specific context.",50,A,B,D,C
7,LLM_Gemini_3_Flash,31,1,-1,-1,1,B,0,exploit,0,"The current context (Mercury: 1, Krypton: -1, Nobelium: -1) has historically shown strong performance for button 1, with rewards ranging from 40 to 57. Based on the pattern of exploration so far, button 1 consistently outperforms the others in this specific configuration.",47,A,B,D,C
7,LLM_Gemini_3_Flash,32,-1,1,-1,2,D,0,exploit,0,"Based on the history, button 2 consistently yields high rewards (around 50) when the context is Mercury=-1, Krypton=1, and Nobelium=-1. As this current context matches that pattern, exploiting button 2 is the optimal choice.",50,A,B,D,C
7,LLM_Gemini_3_Flash,33,1,-1,1,0,A,1,exploit,0,"Based on the trial history, Button 0 has demonstrated very high rewards when the context is Mercury=1, Krypton=-1, Nobelium=1 (Trial 13 received 71, Trial 29 received 81). Given that the current context matches this exact state, Button 0 is the optimal choice to exploit for the highest expected payoff.",73,A,B,D,C
7,LLM_Gemini_3_Flash,34,-1,1,-1,2,D,0,exploit,0,"Based on the history, button 2 consistently performs well in the context where Krypton is 1 and Mercury/Nobelium are -1 (trials 8, 10, 14, 15, 17, 19, 21, 22, 30, 32). In this specific context (Mercury -1, Krypton 1, Nobelium -1), button 2 is clearly the optimal choice.",47,A,B,D,C
7,LLM_Gemini_3_Flash,35,1,-1,-1,1,B,0,exploit,0,"Button 1 has consistently yielded rewards in the range of 40-57 when the context is (Mercury: 1, Krypton: -1, Nobelium: -1). Given the historical performance in this specific context, Button 1 is the most reliable choice.",50,A,B,D,C
7,LLM_Gemini_3_Flash,36,1,-1,-1,1,B,0,exploit,0,"Based on the historical data, Button 1 consistently provides strong returns when the context is Mercury: 1, Krypton: -1, Nobelium: -1. Specifically, in trials 2, 4, 5, 20, 24, 26, 27, 31, and 35, Button 1 yielded an average reward of approximately 49, which is the most reliable observed performance for this specific context.",52,A,B,D,C
7,LLM_Gemini_3_Flash,37,-1,1,-1,2,D,0,exploit,0,"The current context is Mercury: -1, Krypton: 1, Nobelium: -1. Looking at the history, button 2 consistently yields rewards in the 48-54 range whenever this specific context occurs (trials 8, 10, 14, 15, 17, 19, 21, 22, 30, 32, 34). This makes it the most reliable and high-performing choice for this specific input.",50,A,B,D,C
7,LLM_Gemini_3_Flash,38,-1,-1,1,0,A,0,exploit,0,"Based on historical data, button 0 shows a high average performance when Mercury is -1 and Nobelium is 1 (average ~50). Previous trials with this specific context (M:-1, K:-1, N:1) have consistently yielded favorable rewards, making button 0 the most reliable choice.",59,A,B,D,C
7,LLM_Gemini_3_Flash,39,-1,1,1,3,C,1,explore,1,"Button 0, 1, and 2 have been well-tested across various contexts. Button 3 has only been tested in context (1, 1, -1) with low rewards. Given the current context (-1, 1, 1) is relatively unexplored for all buttons except a poor result on button 0, exploring button 3 helps clarify if it has a better response to these signals than the known buttons.",80,A,B,D,C
7,LLM_Gemini_3_Flash,40,-1,-1,1,0,A,0,exploit,0,"Based on historical data, button 0 consistently provides high rewards (often 48-59) when Mercury is -1 and Nobelium is 1. While context variations exist, this button has proven the most reliable for this specific context.",52,A,B,D,C
7,LLM_Gemini_3_Flash,41,1,-1,-1,1,B,0,exploit,0,"Based on the historical data, Button 1 consistently provides a high reward (around 45-55) when the context is Mercury: 1, Krypton: -1, Nobelium: -1. I have tested this specific context with Button 1 multiple times (trials 2, 4, 5, 20, 24, 26, 27, 31, 35, 36) and it consistently yields strong results, making it the optimal choice for this context.",56,A,B,D,C
7,LLM_Gemini_3_Flash,42,-1,-1,1,0,A,0,exploit,0,"Based on the history, button 0 consistently provides high rewards when Mercury=-1, Krypton=-1, and Nobelium=1 (averaging around 50). This aligns with the current context, making button 0 the most reliable choice for this specific set of signals.",55,A,B,D,C
7,LLM_Gemini_3_Flash,43,1,1,-1,0,A,0,exploit,0,"Based on the data, button 0 has shown high performance when Mercury is 1 and Nobelium is 1 (trials 13, 29, 33). Button 0 also performs reliably when Mercury is -1 and Nobelium is 1. Given the current context (Mercury: 1, Krypton: 1, Nobelium: -1), button 0 has previously yielded 49 in similar conditions (trial 25), while buttons 1, 2, and 3 have performed significantly worse or inconsistently in this context.",47,A,B,D,C
7,LLM_Gemini_3_Flash,44,1,1,-1,0,A,0,exploit,0,"In the current context (Mercury: 1, Krypton: 1, Nobelium: -1), button 0 has previously yielded a solid reward (49 in trial 25). Given that Button 3 performed poorly in similar contexts (trials 11 and 12), and Button 1 and 2 are historically associated with different context combinations, Button 0 currently appears to be the most reliable choice for this specific signal profile.",44,A,B,D,C
7,LLM_Gemini_3_Flash,45,-1,1,1,3,C,1,explore,1,"Trial 39 showed a high reward of 80 on button 3 when the context was (Mercury: -1, Krypton: 1, Nobelium: 1). Given that the current context matches these signals exactly (Mercury: -1, Krypton: 1, Nobelium: 1), choosing button 3 is a high-value exploitation move based on the previous observation.",84,A,B,D,C
7,LLM_Gemini_3_Flash,46,1,-1,1,0,A,1,exploit,0,"Based on historical data, button 0 consistently provides high rewards (71, 81, 73) when Mercury is 1 and Nobelium is 1, even when Krypton is -1. This context matches the current state perfectly.",82,A,B,D,C
7,LLM_Gemini_3_Flash,47,1,-1,-1,1,B,0,exploit,0,"Based on historical data, button 1 consistently yields high rewards (around 50) when the Mercury signal is 1 and Krypton is -1. The current context (Mercury: 1, Krypton: -1, Nobelium: -1) matches this specific high-performance condition for button 1.",49,A,B,D,C
7,LLM_Gemini_3_Flash,48,1,-1,-1,1,B,0,exploit,0,"Based on the history, button 1 consistently yields rewards in the 40-57 range when Mercury=1, Krypton=-1, and Nobelium=-1. Previous trials (2, 4, 5, 20, 24, 26, 27, 31, 35, 36, 41, 47) demonstrate that button 1 is the most reliable choice for this specific context.",47,A,B,D,C
7,LLM_Gemini_3_Flash,49,-1,1,1,3,C,1,exploit,0,"Based on the history, button 3 has shown high performance (80, 84) when the context is (Mercury=-1, Krypton=1, Nobelium=1). Since the current context (Mercury=-1, Krypton=1, Nobelium=1) matches this specific high-reward scenario, I will choose button 3 to exploit this pattern.",79,A,B,D,C
7,LLM_Gemini_3_Flash,50,1,1,-1,0,A,0,exploit,0,"Based on historical data, button 0 consistently provides high rewards (around 70-80) when Mercury=1 and Nobelium=1. While the current context is Mercury=1, Krypton=1, and Nobelium=-1, button 0 has shown moderate to stable performance in this general range. Button 3 seems optimized for Mercury=-1, Krypton=1, Nobelium=1, and button 1 is strong for Mercury=1, Krypton=-1, Nobelium=-1. Given the context, button 0 remains the most reliable option.",48,A,B,D,C
8,LLM_Gemini_3_Flash,1,1,1,-1,0,B,1,explore,1,"This is the first trial, so there is no historical data to exploit. I am choosing button 0 to begin gathering information on how the rewards are distributed across the arms given the current context.",71,B,D,A,C
8,LLM_Gemini_3_Flash,2,1,-1,-1,1,D,0,explore,1,"Only one trial has been completed, providing insufficient data to model the reward functions. I am choosing button 1 to begin gathering data on other buttons to compare against the initial result from button 0.",51,B,D,A,C
8,LLM_Gemini_3_Flash,3,1,1,-1,0,B,1,exploit,0,"Button 0 yielded a high reward of 71 in the previous instance of this exact context (1, 1, -1), making it the strongest candidate for exploitation while continuing to observe its performance.",83,B,D,A,C
8,LLM_Gemini_3_Flash,4,-1,1,-1,0,B,1,explore,1,"Button 0 has returned the highest rewards (71, 83) in trials where Mercury and Krypton were both 1. Given the new context (Mercury -1, Krypton 1, Nobelium -1), I need to see if Button 0 maintains its high performance under these conditions or if other buttons perform better.",83,B,D,A,C
8,LLM_Gemini_3_Flash,5,1,-1,1,0,B,0,exploit,0,"Button 0 has consistently delivered higher rewards (71, 83, 83) across various contexts compared to the limited data on button 1 (51). Given the current context matches prior favorable conditions for button 0, I will continue to exploit it.",19,B,D,A,C
8,LLM_Gemini_3_Flash,6,-1,1,1,0,B,0,explore,1,"Button 0 has shown high rewards in previous trials when Krypton is 1, regardless of Mercury. I will choose button 0 to further validate this signal dependency while continuing to gather data.",50,B,D,A,C
8,LLM_Gemini_3_Flash,7,1,1,-1,0,B,1,exploit,0,"Button 0 has consistently yielded high rewards (71, 83, 83) when Mercury is 1 and Krypton is 1, regardless of Nobelium's state. Compared to the lower reward of 51 for Button 1 in a different context, Button 0 appears to be the most reliable performer in this context.",84,B,D,A,C
8,LLM_Gemini_3_Flash,8,-1,1,1,1,D,0,explore,1,"Button 0 has been tested frequently but shows inconsistent results across different contexts, suggesting it may not be the optimal choice. Button 1 has only been tested once with low returns in a different context. I will explore Button 1 to gather data in the current context (Mercury:-1, Krypton:1, Nobelium:1) to better evaluate its potential compared to Button 0.",49,B,D,A,C
8,LLM_Gemini_3_Flash,9,1,-1,1,1,D,0,explore,1,"Button 0 shows low rewards when Nobelium is 1 (trial 5). Button 1 has limited data points but performed decently in other contexts. Since I need to understand the reward functions for buttons 2 and 3 and further test button 1 under the current signal configuration (M=1, K=-1, N=1), I am selecting button 1.",42,B,D,A,C
8,LLM_Gemini_3_Flash,10,-1,1,-1,0,B,1,exploit,0,"Button 0 has demonstrated consistently high performance when Krypton is 1, regardless of Mercury or Nobelium values. Given the current context (Mercury: -1, Krypton: 1, Nobelium: -1), Button 0 remains the most promising choice based on historical rewards.",74,B,D,A,C
8,LLM_Gemini_3_Flash,11,1,-1,1,2,A,1,explore,1,"Button 0 shows high variability (19 to 84) and poor performance when Mercury and Nobelium are both 1. Button 1 has been tested with moderate results (42-51). Button 2 has not been tested yet, and given the current context (Mercury: 1, Krypton: -1, Nobelium: 1), it is necessary to explore its potential to identify if it yields higher returns than the established options.",78,B,D,A,C
8,LLM_Gemini_3_Flash,12,1,-1,1,2,A,1,exploit,0,"Button 0 shows negative correlation with Nobelium (low rewards when Nobelium=1). Button 1 has provided middling rewards. Button 2 yielded a high reward of 78 in trial 11 with the current context (Mercury:1, Krypton:-1, Nobelium:1), suggesting it is the optimal choice for this specific signal configuration.",83,B,D,A,C
8,LLM_Gemini_3_Flash,13,1,-1,-1,2,A,1,exploit,0,"Button 2 has shown strong performance (78, 83) when Mercury is 1, Krypton is -1, and Nobelium is 1. Although the current context has Nobelium as -1 instead of 1, Button 0 has shown inconsistent performance across varying contexts, and Button 2 remains a strong candidate for potential high yield compared to the lower observed rewards from Button 1.",80,B,D,A,C
8,LLM_Gemini_3_Flash,14,-1,1,-1,0,B,1,exploit,0,"Button 0 has consistently yielded high rewards (71, 83, 83, 84, 74) when Krypton is 1, regardless of the Mercury or Nobelium signal states, making it the highest performer in the current context where Krypton is 1.",78,B,D,A,C
8,LLM_Gemini_3_Flash,15,-1,1,1,0,B,0,exploit,0,"Based on historical trials, Button 0 consistently provides high rewards (71-84) across various contexts, specifically when Krypton is 1, regardless of the Mercury or Nobelium states. Button 2 performs well when Krypton is -1, but Button 0 appears more robust for the current configuration where Krypton is 1.",48,B,D,A,C
8,LLM_Gemini_3_Flash,16,-1,1,-1,0,B,1,exploit,0,"In trials 4, 10, and 14, button 0 performed consistently well (83, 74, 78) when Mercury was -1 and Krypton was 1, regardless of the Nobelium signal. It currently appears to be the most reliable option for this context.",85,B,D,A,C
8,LLM_Gemini_3_Flash,17,-1,-1,1,2,A,0,exploit,0,"Button 2 has consistently provided high rewards (78, 83, 80) in recent trials when context involved Mercury=1, and appears to be the most promising option compared to Button 0, which performs worse when Nobelium=1. Given the context (Mercury=-1, Krypton=-1, Nobelium=1), I am selecting Button 2 to capitalize on its high performance trend.",54,B,D,A,C
8,LLM_Gemini_3_Flash,18,1,1,-1,0,B,1,exploit,0,"Button 0 has consistently delivered high rewards (71-85 range) when Mercury is 1 and Krypton is 1, regardless of Nobelium. Given the context (1, 1, -1), exploiting button 0 is the highest expected value action based on the history.",71,B,D,A,C
8,LLM_Gemini_3_Flash,19,-1,1,1,0,B,0,exploit,0,"Button 0 has consistently shown strong performance when Krypton is 1, specifically yielding high rewards (71-85) regardless of Mercury or Nobelium values in various trials (1, 3, 4, 7, 10, 14, 16). Given the current context (Mercury: -1, Krypton: 1, Nobelium: 1), Button 0 is the most reliable choice.",49,B,D,A,C
8,LLM_Gemini_3_Flash,20,-1,1,-1,0,B,1,exploit,0,"Based on the trial history, button 0 has consistently delivered high rewards (74, 78, 85) in contexts where Mercury is -1 and Krypton is 1, regardless of the Nobelium value. Given the current context (Mercury: -1, Krypton: 1, Nobelium: -1), button 0 is the most reliable choice for maximizing expected return.",75,B,D,A,C
8,LLM_Gemini_3_Flash,21,-1,-1,1,2,A,0,exploit,0,"Button 0 performs well when Nobelium is -1, but poorly when Nobelium is 1. Button 2 showed strong results (78, 83, 54) in contexts where Nobelium is 1 (trials 11, 12, 17), even when Mercury and Krypton vary. Given the current context has Nobelium at 1, Button 2 is the most promising choice.",55,B,D,A,C
8,LLM_Gemini_3_Flash,22,-1,1,1,0,B,0,exploit,0,"Button 0 has consistently yielded high rewards (ranging 71-85) when Mercury is -1 and Krypton is 1, regardless of Nobelium. In this trial, the context is Mercury -1 and Krypton 1, so Button 0 is the most likely to maximize the reward.",51,B,D,A,C
8,LLM_Gemini_3_Flash,23,-1,1,-1,0,B,1,exploit,0,"Based on historical data for the context (Mercury: -1, Krypton: 1, Nobelium: -1), button 0 consistently provides high rewards (74, 78, 85, 75). Button 0 is the clear performer under this specific signal configuration.",82,B,D,A,C
8,LLM_Gemini_3_Flash,24,-1,1,1,0,B,0,exploit,0,"Button 0 has consistently yielded high rewards (70-85 range) when Nobelium is -1, regardless of the other signals. Since the current context has Nobelium = 1, I observe that Button 0 yields significantly lower rewards (around 50) when Nobelium is 1. Button 2 has shown higher potential in other contexts, but given the current signals, Button 0 remains the most reliable performer in my history for high-yield scenarios, and I will continue to track its performance against this specific context.",57,B,D,A,C
8,LLM_Gemini_3_Flash,25,-1,-1,1,2,A,0,exploit,0,"Button 0 shows high performance when Nobelium is -1, but drops significantly when Nobelium is 1. Button 2 has demonstrated consistent performance (rewarding around 55-83) when Nobelium is 1, which aligns with the current context (Nobelium 1, Mercury -1, Krypton -1).",47,B,D,A,C
8,LLM_Gemini_3_Flash,26,-1,1,1,0,B,0,exploit,0,"Button 0 has consistently demonstrated high returns when Nobelium is -1, regardless of Mercury. In the current context (Mercury: -1, Krypton: 1, Nobelium: 1), Button 0 has previously returned around 50, whereas Button 2 and 1 have shown mixed results. I am exploiting the best-known option for this configuration.",47,B,D,A,C
8,LLM_Gemini_3_Flash,27,-1,1,-1,0,B,1,exploit,0,"Button 0 has consistently delivered high rewards (74, 78, 85, 75, 82) when Krypton is 1 and Nobelium is -1, regardless of the Mercury signal. This context matches the current state perfectly.",88,B,D,A,C
8,LLM_Gemini_3_Flash,28,-1,1,1,0,B,0,exploit,0,"Button 0 has consistently demonstrated high returns when Nobelium is -1 (trials 1, 3, 4, 7, 10, 14, 16, 18, 20, 23, 27). Given the current context has Nobelium at 1 and Krypton at 1, historical data suggests Button 0 is sensitive to Nobelium and returns lower values when it is 1, but still remains a known baseline. Since Button 2 has shown higher performance in specific contexts (like M=1, K=-1, N=1), but the current context is (M=-1, K=1, N=1), Button 0 remains the most reliable performer in this state despite the specific reward dip.",51,B,D,A,C
8,LLM_Gemini_3_Flash,29,1,1,-1,0,B,1,exploit,0,"Button 0 has consistently delivered high rewards (70-88) in contexts where Krypton is 1 and Nobelium is -1, regardless of the Mercury signal. Given the current context (Mercury: 1, Krypton: 1, Nobelium: -1), choosing button 0 is the highest expected value action based on historical performance.",77,B,D,A,C
8,LLM_Gemini_3_Flash,30,1,-1,-1,2,A,1,exploit,0,"Button 2 has consistently provided high rewards (78, 83, 80) in contexts where Mercury is 1 and Krypton is -1, regardless of Nobelium. Given the current context (Mercury: 1, Krypton: -1, Nobelium: -1), Button 2 is the most reliable choice based on historical performance.",87,B,D,A,C
8,LLM_Gemini_3_Flash,31,1,-1,1,2,A,1,exploit,0,"Button 2 consistently yields high rewards (78, 83, 80, 54, 55, 47, 87) in contexts where Mercury is 1 and Krypton is -1, regardless of the Nobelium value. Given the current context (Mercury: 1, Krypton: -1, Nobelium: 1), Button 2 is the statistically superior choice based on historical performance.",72,B,D,A,C
8,LLM_Gemini_3_Flash,32,1,1,-1,0,B,1,exploit,0,"Based on historical data, button 0 consistently provides high rewards (70-85 range) when Nobelium is -1, regardless of the Mercury/Krypton state. Button 2 performs well when Nobelium is 1, but for the current context (Mercury: 1, Krypton: 1, Nobelium: -1), button 0 has been the most reliable choice.",88,B,D,A,C
8,LLM_Gemini_3_Flash,33,1,-1,1,2,A,1,exploit,0,"Based on historical data, button 2 consistently yields high rewards (around 70-87) when the Mercury signal is 1 and the Krypton signal is -1. Button 0 appears to have a strong preference for when Krypton is 1 but underperforms significantly when Krypton is -1. Given the current context (Mercury 1, Krypton -1, Nobelium 1), button 2 is the clear choice for maximizing returns.",72,B,D,A,C
8,LLM_Gemini_3_Flash,34,1,1,-1,0,B,1,exploit,0,"Based on the history, button 0 consistently provides high rewards (70-88 range) when Mercury is 1 and Nobelium is -1, regardless of Krypton's state. Button 2 performs well when Nobelium is 1, but for the current context (Mercury: 1, Krypton: 1, Nobelium: -1), button 0 has been the most reliable and highest-performing option.",85,B,D,A,C
8,LLM_Gemini_3_Flash,35,-1,-1,1,2,A,0,exploit,0,"Button 0 shows high rewards when Krypton is 1 and Nobelium is -1, but lower rewards when Nobelium is 1. Button 2 consistently provides high rewards (72-87) regardless of the signals, especially outperforming Button 0 when Nobelium is 1 (where Button 0 drops to ~50). Given the current context (Mercury: -1, Krypton: -1, Nobelium: 1), Button 2 is the empirically superior choice.",56,B,D,A,C
8,LLM_Gemini_3_Flash,36,1,-1,-1,2,A,1,exploit,0,"In the current context (Mercury: 1, Krypton: -1, Nobelium: -1), historical data indicates Button 2 consistently provides high rewards (80 and 87) compared to other options. Previous experience shows Button 2 performs strongly when Mercury is 1 and Krypton is -1.",80,B,D,A,C
8,LLM_Gemini_3_Flash,37,1,-1,-1,2,A,1,exploit,0,"Button 2 has consistently yielded high rewards (80, 87, 80) when Krypton is -1, regardless of the Mercury or Nobelium signal values, whereas Button 0 appears to perform worse when Krypton is -1. Given the current context (Mercury: 1, Krypton: -1, Nobelium: -1), Button 2 is the optimal choice based on historical performance.",82,B,D,A,C
8,LLM_Gemini_3_Flash,38,1,1,-1,0,B,1,exploit,0,"Based on historical data for the context (Mercury: 1, Krypton: 1, Nobelium: -1), button 0 consistently provides high rewards (averaging around 80). Button 2 is optimal for contexts involving Krypton: -1, but button 0 is the clear choice for this specific context.",85,B,D,A,C
8,LLM_Gemini_3_Flash,39,1,-1,-1,2,A,1,exploit,0,"Based on the history, button 2 consistently yields high rewards (around 80-87) when the context is (Mercury: 1, Krypton: -1, Nobelium: -1 or 1). Given the current context (Mercury: 1, Krypton: -1, Nobelium: -1), button 2 is the clear high-performing choice.",71,B,D,A,C
8,LLM_Gemini_3_Flash,40,1,-1,1,2,A,1,exploit,0,"Button 2 has consistently provided high rewards when Krypton is -1, regardless of the other signals. Given the current context (Mercury: 1, Krypton: -1, Nobelium: 1), Button 2 is the optimal choice based on its performance in trials 11, 12, 31, and 33.",80,B,D,A,C
8,LLM_Gemini_3_Flash,41,-1,-1,1,2,A,0,exploit,0,"Based on the history, button 2 consistently yields high rewards (70s-80s) when Mercury=1 and Nobelium=1, regardless of Krypton. Button 0 performs poorly when Nobelium=1 (rewards ~50), so button 2 is the clear optimal choice for the current context.",51,B,D,A,C
8,LLM_Gemini_3_Flash,42,1,1,-1,0,B,1,exploit,0,"Based on the history, button 0 consistently provides high rewards (70-85 range) when Nobelium is -1, regardless of the Mercury/Krypton state. Button 2 performs well when Mercury is 1 and Nobelium is 1, but for the current state (Mercury: 1, Krypton: 1, Nobelium: -1), button 0 has a clear history of yielding superior rewards.",80,B,D,A,C
8,LLM_Gemini_3_Flash,43,-1,-1,1,2,A,0,exploit,0,"Button 2 has consistently provided high rewards when Mercury is 1, regardless of Krypton, and performs reasonably well even when Mercury is -1 and Nobelium is 1. Given the current context (Mercury: -1, Krypton: -1, Nobelium: 1), Button 2 remains the most reliable option based on historical performance in similar conditions.",44,B,D,A,C
8,LLM_Gemini_3_Flash,44,1,-1,-1,2,A,1,exploit,0,"Based on historical data, button 2 consistently yields high rewards (70s-80s) when Krypton is -1, especially in the context of Mercury 1 and Nobelium -1, outperforming button 0 which is highly dependent on Nobelium being -1 and Krypton being 1.",84,B,D,A,C
8,LLM_Gemini_3_Flash,45,-1,1,-1,0,B,1,exploit,0,"Based on the history, button 0 consistently yields high rewards (around 80+) when Krypton is 1 and Nobelium is -1, regardless of the Mercury signal. In the current context (Mercury: -1, Krypton: 1, Nobelium: -1), button 0 is the strongest performer.",85,B,D,A,C
8,LLM_Gemini_3_Flash,46,-1,1,1,0,B,0,exploit,0,"Button 0 shows high, consistent performance when Krypton is 1, regardless of Mercury. Given the current context (Mercury: -1, Krypton: 1, Nobelium: 1), Button 0 has historically performed well in these states, whereas Button 2 is more effective when Krypton is -1. Therefore, exploiting Button 0 is the logical choice.",50,B,D,A,C
8,LLM_Gemini_3_Flash,47,-1,1,-1,0,B,1,exploit,0,"Based on the history, button 0 consistently provides high rewards (75-88) when Nobelium is -1, regardless of Mercury's state. Since the current context has Nobelium = -1, button 0 is the optimal choice to exploit.",89,B,D,A,C
8,LLM_Gemini_3_Flash,48,-1,-1,1,2,A,0,exploit,0,"Button 2 consistently yields high rewards (40-80s) when Mercury and Nobelium signals are active, and specifically outperforms Button 0 in current and similar contexts where Krypton is low. Given the context (Mercury: -1, Krypton: -1, Nobelium: 1), Button 2 is the most reliable high-performing choice based on historical data.",52,B,D,A,C
8,LLM_Gemini_3_Flash,49,-1,1,-1,0,B,1,exploit,0,"Based on historical data, button 0 consistently provides high rewards (around 80+) when Krypton is 1 and Nobelium is -1, regardless of the Mercury signal. Given the current context (Mercury: -1, Krypton: 1, Nobelium: -1), button 0 is the optimal choice.",85,B,D,A,C
8,LLM_Gemini_3_Flash,50,-1,-1,1,2,A,0,exploit,0,"Based on historical data, button 2 consistently performs better than button 0 when Nobelium is 1, regardless of the other signals. Button 0 performs well when Nobelium is -1 (often yielding >80), but its reward drops significantly to ~50 when Nobelium is 1. Since the current context has Nobelium=1, button 2 is the empirically superior choice.",55,B,D,A,C
9,LLM_Gemini_3_Flash,1,-1,1,1,0,D,0,explore,1,"Since this is the first trial, there is no historical data to rely on. I am choosing button 0 to start collecting data on the reward functions for the current context.",51,D,C,A,B
9,LLM_Gemini_3_Flash,2,-1,-1,1,1,C,1,explore,1,"Since only one trial has been performed (choosing button 0) and the context is different from the previous trial, I need to explore other buttons to gather data on their reward functions given the new context of Mercury -1, Krypton -1, Nobelium 1.",87,D,C,A,B
9,LLM_Gemini_3_Flash,3,1,-1,-1,2,A,1,explore,1,"I have limited data points and have only tested buttons 0 and 1. I need to explore buttons 2 and 3 to understand their reward functions under the current context of Mercury: 1, Krypton: -1, Nobelium: -1 to identify which button offers the highest potential yield.",78,D,C,A,B
9,LLM_Gemini_3_Flash,4,1,1,-1,3,B,1,explore,1,"I have explored buttons 0, 1, and 2 in previous trials with varied results. Since button 3 has not been tested, I need to gather data on its performance under the current context of (1, 1, -1) to refine my model of the reward landscape.",96,D,C,A,B
9,LLM_Gemini_3_Flash,5,-1,1,1,1,C,1,explore,1,"I am exploring button 1 because it provided a high reward of 87 in a different context. I need to test if it yields high rewards in the current context (-1, 1, 1) compared to button 0 which performed poorly (51) under these exact conditions.",82,D,C,A,B
9,LLM_Gemini_3_Flash,6,1,-1,1,2,A,1,explore,1,"Trial 3 showed button 2 yielding a high reward (78) under the context (1, -1, -1). Given the current context is (1, -1, 1), testing button 2 again provides valuable information on the sensitivity of this button to the Nobelium signal compared to the previous trial.",79,D,C,A,B
9,LLM_Gemini_3_Flash,7,1,1,-1,3,B,1,exploit,0,"In trial 4, with the current context (Mercury: 1, Krypton: 1, Nobelium: -1), button 3 yielded a high reward of 96. Given that this exact context has returned to us, I am choosing to exploit this known high-performing button.",86,D,C,A,B
9,LLM_Gemini_3_Flash,8,-1,1,1,1,C,1,exploit,0,"In trial 5, I chose button 1 under the current context (Mercury -1, Krypton 1, Nobelium 1) and received a high reward of 82. Comparing this to trial 1 where button 0 yielded 51 in the same context, button 1 appears superior. I am exploiting this observation.",82,D,C,A,B
9,LLM_Gemini_3_Flash,9,-1,1,1,1,C,1,exploit,0,"Button 1 has consistently yielded high rewards (82, 87, 82) in contexts involving positive Krypton/Nobelium signals. Given the current context matches these signals, exploiting button 1 is the most reliable strategy.",80,D,C,A,B
9,LLM_Gemini_3_Flash,10,1,1,-1,3,B,1,exploit,0,"Trial 4 and 7 indicate that button 3 yields high rewards (96 and 86) under the current context of Mercury: 1, Krypton: 1, Nobelium: -1. Given these successes, button 3 is the most promising candidate.",78,D,C,A,B
9,LLM_Gemini_3_Flash,11,-1,-1,1,1,C,1,exploit,0,"In trial 2, the context (Mercury: -1, Krypton: -1, Nobelium: 1) yielded a high reward of 87 for button 1. Since the current context matches this exactly, I am exploiting button 1.",74,D,C,A,B
9,LLM_Gemini_3_Flash,12,-1,1,1,1,C,1,exploit,0,"Button 1 has consistently yielded high rewards (80-87) in previous trials where the context included Mercury: -1 and Krypton: 1 (Nobelium 1), which matches the current context. Other buttons have shown lower performance or inconsistent results under similar conditions.",81,D,C,A,B
9,LLM_Gemini_3_Flash,13,1,1,-1,3,B,1,exploit,0,"Button 3 has been tested multiple times in the context (Mercury: 1, Krypton: 1, Nobelium: -1) and consistently yielded high rewards (96, 86, 78). This suggests it is the optimal choice for this specific signal configuration.",88,D,C,A,B
9,LLM_Gemini_3_Flash,14,-1,1,1,1,C,1,exploit,0,"Button 1 has consistently yielded rewards around 80-87 in trials 2, 5, 8, 9, 11, and 12 when the context includes various signals, including the current context (Mercury: -1, Krypton: 1, Nobelium: 1). It is the most reliable performer identified so far for this specific state.",75,D,C,A,B
9,LLM_Gemini_3_Flash,15,1,-1,-1,2,A,1,exploit,0,"In trial 3, the context (1, -1, -1) yielded a reward of 78 for button 2, which is significantly better than other observed results under different contexts for that button. Button 3 consistently performs well under (1, 1, -1), while button 1 is a stable performer for (-1, 1, 1). Given the current context (1, -1, -1) matches the trial 3 scenario perfectly, I am exploiting button 2.",77,D,C,A,B
9,LLM_Gemini_3_Flash,16,-1,1,-1,1,C,0,exploit,0,"Button 1 has consistently performed well when Krypton is 1, regardless of Mercury or Nobelium values. Given the current context (Mercury: -1, Krypton: 1, Nobelium: -1), Button 1 is the most reliable option based on historical performance.",41,D,C,A,B
9,LLM_Gemini_3_Flash,17,1,-1,1,2,A,1,exploit,0,"Button 2 consistently yielded rewards in the 77-79 range when Mercury is 1 and Nobelium is 1, regardless of Krypton's state. Button 1 is highly dependent on Krypton being 1, and Button 3 is dependent on Mercury 1 and Krypton 1. Given the current context (1, -1, 1), Button 2 remains the most reliable performer.",85,D,C,A,B
9,LLM_Gemini_3_Flash,18,-1,1,-1,1,C,0,explore,1,"Button 1 consistently provided high rewards (74-87) in previous contexts, but dropped significantly to 41 when Krypton was 1 and Nobelium was -1 in trial 16. I am re-testing it in the current context (Mercury -1, Krypton 1, Nobelium -1) to confirm if this was an outlier or if Button 1's performance is strictly Nobelium-dependent.",51,D,C,A,B
9,LLM_Gemini_3_Flash,19,1,-1,1,2,A,1,exploit,0,"Based on the observed history, Button 2 has consistently provided high rewards (77, 78, 79, 85) when Mercury=1 and Nobelium=1 or Krypton=-1. In the current context (Mercury=1, Krypton=-1, Nobelium=1), Button 2 is the strongest performer identified.",81,D,C,A,B
9,LLM_Gemini_3_Flash,20,-1,-1,1,1,C,1,exploit,0,"Based on historical data, button 1 has shown a strong and consistent performance when the Nobelium signal is 1, yielding rewards in the 74-87 range for the current context (Mercury: -1, Krypton: -1, Nobelium: 1).",82,D,C,A,B
9,LLM_Gemini_3_Flash,21,-1,1,-1,0,D,0,explore,1,"Button 1 yields consistently lower rewards when Nobelium is -1 (around 40-50), and buttons 2 and 3 have been mapped to other contexts. I have very little data on button 0, so choosing it now to explore its behavior in the current context (Mercury: -1, Krypton: 1, Nobelium: -1) is the most logical step to improve future performance.",53,D,C,A,B
9,LLM_Gemini_3_Flash,22,1,1,-1,3,B,1,exploit,0,"Button 3 has consistently provided high rewards (ranging from 78 to 96) in trials where Mercury is 1, Krypton is 1, and Nobelium is -1. This matches the current context, making it the highest-performing option identified for these specific signals.",73,D,C,A,B
9,LLM_Gemini_3_Flash,23,1,-1,-1,2,A,1,exploit,0,"Button 2 has consistently provided high rewards (77-85) when Mercury is 1 and Krypton is -1, regardless of the Nobelium signal. The current context matches this condition perfectly (Mercury: 1, Krypton: -1, Nobelium: -1), making Button 2 the most reliable choice based on the observed data.",88,D,C,A,B
9,LLM_Gemini_3_Flash,24,1,-1,1,2,A,1,exploit,0,"In the current context (Mercury: 1, Krypton: -1, Nobelium: 1), Button 2 has consistently yielded high rewards ranging from 78 to 85. Historical data strongly indicates that Button 2 performs optimally when Nobelium is 1 and Krypton is -1, regardless of the Mercury state.",81,D,C,A,B
9,LLM_Gemini_3_Flash,25,-1,1,-1,0,D,0,explore,1,"I am testing Button 0 again. History shows that for the current context (M: -1, K: 1, N: -1), Button 1 has yielded relatively low rewards (around 41-51) compared to its performance when Nobelium is 1. Since Button 3 is strong when Mercury and Krypton are 1 (which is not the case here), and Button 2 seems tied to Mercury/Krypton dynamics, I am gathering more data on Button 0 to determine if it performs better under this specific configuration.",52,D,C,A,B
9,LLM_Gemini_3_Flash,26,-1,1,1,1,C,1,exploit,0,"Based on the history, button 1 consistently performs well (averaging around 80) when Mercury is -1 and Krypton is 1, regardless of Nobelium (as seen in trials 5, 8, 9, 12, 14), providing a reliable expected reward.",78,D,C,A,B
9,LLM_Gemini_3_Flash,27,-1,1,-1,1,C,0,exploit,0,"Button 1 has consistently shown high rewards when Krypton is 1, even if Nobelium varies. Although recent trials with Nobelium -1 resulted in lower rewards, Button 1 remains the most reliable option compared to the other buttons for this context based on the observed data.",49,D,C,A,B
9,LLM_Gemini_3_Flash,28,1,1,-1,3,B,1,exploit,0,"Button 3 has consistently yielded high rewards (96, 86, 78, 88, 73) when the context is Mercury: 1, Krypton: 1, and Nobelium: -1. Given the pattern of past observations for this specific context, Button 3 is the highest-performing option.",68,D,C,A,B
9,LLM_Gemini_3_Flash,29,1,-1,-1,2,A,1,exploit,0,"Button 2 has consistently provided high rewards (77-88) in contexts where Mercury is 1 and Krypton is -1, regardless of the Nobelium value. Given the current context (Mercury: 1, Krypton: -1, Nobelium: -1), choosing button 2 is the best exploitation strategy.",80,D,C,A,B
9,LLM_Gemini_3_Flash,30,1,-1,-1,2,A,1,exploit,0,"Based on the historical data, button 2 consistently yields high rewards (77-88) in contexts where Mercury is 1 and Krypton is -1, regardless of Nobelium. The current context (Mercury: 1, Krypton: -1, Nobelium: -1) perfectly aligns with this optimal performance range for button 2.",79,D,C,A,B
9,LLM_Gemini_3_Flash,31,-1,1,-1,0,D,0,explore,1,"Button 1 has shown very low rewards (41, 51, 49) when Nobelium is -1, and Button 0 has had limited testing in this specific context (-1, 1, -1). Given the current context matches that configuration, I am choosing Button 0 to explore its potential performance relative to Button 1's poor performance in this state.",49,D,C,A,B
9,LLM_Gemini_3_Flash,32,1,-1,1,2,A,1,exploit,0,"Based on historical data, Button 2 consistently provides high rewards (around 80) when Mercury is 1 and Krypton is -1. Even with Nobelium changing, this button appears to be the most stable and high-performing choice for this specific context configuration.",77,D,C,A,B
9,LLM_Gemini_3_Flash,33,-1,1,1,1,C,1,exploit,0,"Based on historical data, Button 1 consistently provides high rewards (around 80) when Nobelium and Krypton are both 1, regardless of Mercury. In the current context (Mercury: -1, Krypton: 1, Nobelium: 1), Button 1 has shown reliable performance.",80,D,C,A,B
9,LLM_Gemini_3_Flash,34,-1,-1,1,1,C,1,exploit,0,"Button 1 consistently performs well (averaging around 80) when Nobelium is 1, as evidenced by trials 2, 5, 8, 9, 11, 12, 14, 20, 26, and 33. The current context matches this condition (Mercury: -1, Krypton: -1, Nobelium: 1).",76,D,C,A,B
9,LLM_Gemini_3_Flash,35,1,1,-1,3,B,1,exploit,0,"Based on the history, button 3 has consistently provided high rewards (avg ~84) specifically when the context is Mercury=1, Krypton=1, Nobelium=-1. This context matches the current one perfectly, making it the highest expected reward choice.",77,D,C,A,B
9,LLM_Gemini_3_Flash,36,-1,1,1,1,C,1,exploit,0,"Button 1 has consistently yielded high rewards (typically 75-87) when the context includes Krypton: 1 and Nobelium: 1, regardless of the Mercury signal. Given the current context (Mercury: -1, Krypton: 1, Nobelium: 1), Button 1 remains the most reliable option based on historical performance.",83,D,C,A,B
9,LLM_Gemini_3_Flash,37,1,-1,-1,2,A,1,exploit,0,"Based on historical data, button 2 consistently yields high rewards (averaging around 80) when the Mercury signal is 1 and the Nobelium signal is -1 (as seen in trials 3, 15, 23, 29, 30), regardless of the Krypton signal. Given the current context (Mercury: 1, Krypton: -1, Nobelium: -1), button 2 is the most reliable high-performing option.",74,D,C,A,B
9,LLM_Gemini_3_Flash,38,-1,1,1,1,C,1,exploit,0,"Based on the history, Button 1 consistently yields high rewards (typically 75-83) when Mercury is -1 and Krypton is 1, regardless of Nobelium. In the current context (Mercury: -1, Krypton: 1, Nobelium: 1), Button 1 is the statistically proven choice for maximizing reward.",76,D,C,A,B
9,LLM_Gemini_3_Flash,39,1,1,-1,3,B,1,exploit,0,"Button 3 has consistently provided high rewards (ranging from 68 to 96) in contexts where Mercury and Krypton are 1 and Nobelium is -1. This specific context (1, 1, -1) strongly points towards button 3 as the optimal choice.",72,D,C,A,B
9,LLM_Gemini_3_Flash,40,1,-1,-1,2,A,1,exploit,0,"Based on the history, button 2 consistently yields high rewards (74-88 range) whenever Mercury is 1 and Krypton is -1, regardless of Nobelium. The current context (Mercury: 1, Krypton: -1, Nobelium: -1) perfectly matches the condition where button 2 has performed reliably.",85,D,C,A,B
9,LLM_Gemini_3_Flash,41,1,-1,-1,2,A,1,exploit,0,"Based on historical data, button 2 consistently yields high rewards (averaging around 80) when Mercury is 1 and Krypton is -1, regardless of the Nobelium signal. The current context matches this configuration (Mercury: 1, Krypton: -1, Nobelium: -1), making button 2 the optimal exploit choice.",76,D,C,A,B
9,LLM_Gemini_3_Flash,42,1,1,-1,3,B,1,exploit,0,"Button 3 has consistently provided high rewards (typically 70s-90s) when Mercury=1 and Krypton=1, regardless of Nobelium. In this context (Mercury=1, Krypton=1, Nobelium=-1), Button 3 remains the optimal choice based on established performance.",81,D,C,A,B
9,LLM_Gemini_3_Flash,43,1,-1,1,2,A,1,exploit,0,"Based on the history, button 2 is strongly associated with high rewards (typically 74-88) when Krypton is -1. Button 3 performs well when Krypton is 1 and Nobelium is -1. Button 1 performs well when Krypton is 1 and Nobelium is 1. Given the current context (Mercury: 1, Krypton: -1, Nobelium: 1), button 2 is the most promising candidate based on past performance for Krypton -1.",84,D,C,A,B
9,LLM_Gemini_3_Flash,44,1,-1,1,2,A,1,exploit,0,"The context (Mercury: 1, Krypton: -1, Nobelium: 1) matches a pattern where Button 2 has consistently provided high rewards (typically 77-85 range) throughout the history, whereas Button 3 is tied to Krypton: 1 and Button 1 is tied to Mercury: -1.",79,D,C,A,B
9,LLM_Gemini_3_Flash,45,1,-1,1,2,A,1,exploit,0,"Button 2 consistently provides high rewards (77-88) in contexts where Mercury=1 and Krypton=-1, regardless of the Nobelium signal. Given the current context (Mercury=1, Krypton=-1, Nobelium=1), exploiting button 2 is the most reliable strategy.",84,D,C,A,B
9,LLM_Gemini_3_Flash,46,1,-1,-1,2,A,1,exploit,0,"The current context is Mercury: 1, Krypton: -1, Nobelium: -1. Historical data shows that Button 2 consistently provides high rewards (averaging ~80) under these exact signal conditions. Other buttons have not performed as reliably in this specific configuration.",76,D,C,A,B
9,LLM_Gemini_3_Flash,47,1,-1,1,2,A,1,exploit,0,"Button 2 has consistently provided high rewards (ranging from 74 to 88) when Mercury is 1 and Krypton is -1, regardless of the Nobelium signal. Given the current context (Mercury: 1, Krypton: -1, Nobelium: 1), Button 2 is the most reliable high-reward choice.",78,D,C,A,B
9,LLM_Gemini_3_Flash,48,-1,1,-1,1,C,0,exploit,0,"Based on historical data, button 1 shows high average rewards when Krypton is 1, regardless of Mercury. Although the reward for button 1 in the specific context (Mercury:-1, Krypton:1, Nobelium:-1) was lower in earlier trials (41, 51), it is consistently higher than buttons 0, 2, and 3 in similar high-Krypton contexts when Nobelium is 1, and it remains the primary performer for this specific configuration.",52,D,C,A,B
9,LLM_Gemini_3_Flash,49,-1,1,-1,1,C,0,exploit,0,"Based on historical data, Button 1 shows high rewards when Krypton is 1. Although the current context (Mercury: -1, Krypton: 1, Nobelium: -1) has been inconsistent for Button 1, it remains the most reliable option compared to the others under this specific configuration, despite recent volatility.",46,D,C,A,B
9,LLM_Gemini_3_Flash,50,1,-1,1,2,A,1,exploit,0,"Based on the history, button 2 consistently yields high rewards (77-88 range) when Mercury is 1 and Krypton is -1, regardless of the Nobelium signal. The current context (Mercury 1, Krypton -1, Nobelium 1) matches this established pattern, making button 2 the optimal choice.",72,D,C,A,B
10,LLM_Gemini_3_Flash,1,1,1,-1,0,D,0,explore,1,"This is the first trial with no history. I am selecting button 0 to establish a baseline reward value for the current context (Mercury: 1, Krypton: 1, Nobelium: -1) to begin mapping the reward functions of the available arms.",52,D,A,C,B
10,LLM_Gemini_3_Flash,2,1,-1,-1,1,A,1,explore,1,"Since only button 0 has been tested once, I need to explore the other buttons (1, 2, and 3) to establish a baseline for their reward functions under the current context conditions to better maximize long-term profit.",78,D,A,C,B
10,LLM_Gemini_3_Flash,3,1,-1,-1,1,A,1,exploit,0,"In the previous trial (Trial 2), button 1 yielded a high reward of 78 under the identical context (1, -1, -1). Given this success, exploiting button 1 is the most rational choice to maximize profit.",85,D,A,C,B
10,LLM_Gemini_3_Flash,4,1,-1,-1,1,A,1,exploit,0,"Button 1 has yielded strong rewards (78, 85) in the current context (Mercury: 1, Krypton: -1, Nobelium: -1). Given the consistency, it is the optimal choice for exploitation.",81,D,A,C,B
10,LLM_Gemini_3_Flash,5,1,-1,1,1,A,1,exploit,0,"Button 1 has consistently yielded high rewards (78, 85, 81) in contexts involving Mercury=1 and Krypton=-1. Given the current context (Mercury=1, Krypton=-1, Nobelium=1), button 1 remains the strongest candidate based on historical performance.",84,D,A,C,B
10,LLM_Gemini_3_Flash,6,-1,1,-1,1,A,0,exploit,0,"Button 1 has consistently yielded high rewards (avg ~82) across various contexts, whereas button 0 performed poorly in trial 1. Given the limited data, button 1 appears to be the most reliable performer, so I will continue exploiting it.",6,D,A,C,B
10,LLM_Gemini_3_Flash,7,-1,1,-1,0,D,0,explore,1,"Button 1 showed a strong reward of ~81 when Krypton was -1, but yielded a very low reward of 6 when Krypton was 1. My current context has Krypton at 1, so Button 1 is likely suboptimal. Button 0 yielded 52 when Mercury was 1, Krypton 1, and Nobelium -1. Since Button 1 is poor under this context, I will test Button 0 to see if it performs better than the failed Button 1, effectively exploring the space under the current conditions.",48,D,A,C,B
10,LLM_Gemini_3_Flash,8,1,-1,-1,1,A,1,exploit,0,"Button 1 has consistently shown high rewards (78, 85, 81, 84) when the Mercury signal is 1 and the Krypton signal is -1. The current context matches this pattern, so I am exploiting the learned high-reward behavior for button 1.",77,D,A,C,B
10,LLM_Gemini_3_Flash,9,1,1,-1,1,A,0,explore,1,"Button 1 has shown very high rewards when Mercury is 1, but dropped significantly when Mercury was -1. Button 0 has been mediocre. Since the context (1, 1, -1) has not been tested with Button 1 recently and the previous trial for this specific context on Button 0 yielded 52, I want to re-evaluate Button 1 in this current context to see if it outperforms Button 0 under these specific signal conditions.",47,D,A,C,B
10,LLM_Gemini_3_Flash,10,-1,1,-1,0,D,0,exploit,0,"In trials 6 and 7, with the same context (Mercury: -1, Krypton: 1, Nobelium: -1), button 0 returned 48 while button 1 returned only 6. Based on this direct comparison, button 0 is the significantly better choice for this specific context.",52,D,A,C,B
10,LLM_Gemini_3_Flash,11,-1,1,-1,0,D,0,exploit,0,"In trials 6, 7, and 10, when the context had Mercury: -1, Krypton: 1, Nobelium: -1, button 1 yielded a very low reward (6) compared to button 0, which consistently yielded higher rewards (48 and 52) under the same context. Based on this observation, button 0 is the superior choice for this specific context.",51,D,A,C,B
10,LLM_Gemini_3_Flash,12,1,1,-1,0,D,0,exploit,0,"Button 1 yields high rewards when Krypton is -1, but very low rewards (around 6) when Krypton is 1. Since Krypton is 1 in the current context, Button 1 is risky. Button 0 has consistently yielded rewards in the 48-52 range across various contexts, making it the most reliable choice given the current signal configuration.",53,D,A,C,B
10,LLM_Gemini_3_Flash,13,-1,1,1,0,D,0,exploit,0,"Button 0 has demonstrated consistent performance (rewards around 48-53) across multiple contexts, particularly when Mercury is -1 and Nobelium is -1. While button 1 had high rewards when Mercury was 1 and Krypton was -1, it performed poorly when Krypton was 1. Given the current context of Mercury -1, Krypton 1, Nobelium 1, button 0 remains the most reliable performer based on historical data.",53,D,A,C,B
10,LLM_Gemini_3_Flash,14,1,-1,1,1,A,1,exploit,0,"Button 1 has consistently shown high returns (averaging ~80) when Mercury is 1 and Krypton is -1. Despite the variation in Nobelium, it has outperformed Button 0 in similar contexts (e.g., trial 5). Given the current context (Mercury: 1, Krypton: -1, Nobelium: 1), Button 1 is expected to be the most rewarding.",78,D,A,C,B
10,LLM_Gemini_3_Flash,15,1,1,-1,0,D,0,exploit,0,"In the current context (Mercury: 1, Krypton: 1, Nobelium: -1), button 0 has consistently yielded rewards around 52-53, while button 1 showed a significantly lower reward of 47 in the same context, indicating that button 0 is the superior choice for this specific configuration.",59,D,A,C,B
10,LLM_Gemini_3_Flash,16,-1,1,1,0,D,0,exploit,0,"Button 1 has shown extreme sensitivity to Krypton, yielding very low rewards when Krypton is 1. Button 0 has consistently provided a stable reward of approximately 50-55 across various contexts, making it the safest and most reliable choice when the high-yield conditions for Button 1 are not met.",51,D,A,C,B
10,LLM_Gemini_3_Flash,17,1,-1,1,1,A,1,exploit,0,"Button 1 has consistently shown high returns (78, 85, 81, 84, 77, 78) when Mercury is 1 and Krypton is -1. This combination matches the current context, and historical data suggests this button is superior to button 0 under these conditions.",83,D,A,C,B
10,LLM_Gemini_3_Flash,18,1,1,-1,0,D,0,exploit,0,"Based on historical data for this context (Mercury=1, Krypton=1, Nobelium=-1), button 0 has consistently yielded rewards around 52-59, whereas button 1 performed poorly (47) in this specific context compared to its high performance when Krypton is -1.",49,D,A,C,B
10,LLM_Gemini_3_Flash,19,1,-1,-1,1,A,1,exploit,0,"Button 1 has consistently yielded high rewards (averaging around 80) when Mercury is 1 and Krypton is -1, regardless of Nobelium. Given the current context (Mercury: 1, Krypton: -1, Nobelium: -1), choosing button 1 is the most reliable strategy based on historical performance.",86,D,A,C,B
10,LLM_Gemini_3_Flash,20,-1,1,-1,0,D,0,exploit,0,"Based on historical data, button 0 consistently provides a steady reward (avg ~52) in the current context (Mercury: -1, Krypton: 1, Nobelium: -1), whereas button 1 performs very poorly when Krypton is 1 (as seen in trial 6, reward 6). Button 0 is the safest and most reliable choice for this specific context.",44,D,A,C,B
10,LLM_Gemini_3_Flash,21,1,-1,1,1,A,1,exploit,0,"Based on the historical data, button 1 consistently yields high rewards (around 80+) when Mercury is 1 and Krypton is -1, regardless of the Nobelium signal. The current context matches this high-performing pattern.",80,D,A,C,B
10,LLM_Gemini_3_Flash,22,-1,-1,1,1,A,0,exploit,0,"Button 1 has consistently yielded high rewards (avg ~80) when Krypton is -1, regardless of Mercury or Nobelium, whereas Button 0 has consistently hovered around 50. Given the current context of Mercury -1, Krypton -1, Nobelium 1, Button 1 is the most reliable choice.",49,D,A,C,B
10,LLM_Gemini_3_Flash,23,1,1,-1,0,D,0,exploit,0,"Button 0 has consistently yielded rewards in the 44-59 range in various contexts, including the current one (Mercury=1, Krypton=1, Nobelium=-1). Button 1, while high-reward when Krypton=-1, performed poorly (47) in the current context previously. Therefore, Button 0 is the safest and likely optimal choice for the current context.",47,D,A,C,B
10,LLM_Gemini_3_Flash,24,-1,1,1,2,C,1,explore,1,"Button 1 performs well when Krypton is -1, but poorly when it is 1. Button 0 has provided consistent moderate rewards across various contexts. Since both button 2 and button 3 remain largely untested, exploring button 2 in this context (Mercury -1, Krypton 1, Nobelium 1) is necessary to determine if it offers a better payoff than the established baseline of button 0.",81,D,A,C,B
10,LLM_Gemini_3_Flash,25,-1,1,1,2,C,1,explore,1,"Button 0 has shown consistent but moderate rewards (~50), and Button 1 is highly dependent on Krypton=-1 (yielding ~80 when Krypton is -1 but very low when Krypton=1). With the current context of Mercury=-1, Krypton=1, and Nobelium=1, Button 2 previously yielded 81 in a similar context (Trial 24). I am choosing Button 2 to explore if this high reward is consistently associated with this context.",80,D,A,C,B
10,LLM_Gemini_3_Flash,26,1,-1,1,1,A,1,exploit,0,"Button 1 has consistently shown high rewards (77-86) when Mercury is 1 and Krypton is -1, regardless of the Nobelium signal. Given the current context (Mercury: 1, Krypton: -1, Nobelium: 1), Button 1 is the highest-performing option based on the historical data.",79,D,A,C,B
10,LLM_Gemini_3_Flash,27,1,1,-1,0,D,0,exploit,0,"Button 0 has consistently yielded rewards around 50 when Mercury is 1 and Krypton is 1, regardless of Nobelium. Button 1 performs poorly (low reward) under this context (trial 9). Since I have observed this pattern multiple times, I am exploiting the consistent performance of Button 0 in this specific context.",46,D,A,C,B
10,LLM_Gemini_3_Flash,28,1,1,-1,0,D,0,exploit,0,"Based on the history, button 0 has consistently yielded rewards in the 45-60 range regardless of the signals, which makes it a safe baseline. Button 1 performs very well when Krypton is -1, but poorly when Krypton is 1. Since the current context has Krypton=1, button 1 is likely to have a lower yield. I will continue to exploit the stable performance of button 0.",46,D,A,C,B
10,LLM_Gemini_3_Flash,29,-1,-1,1,3,B,0,explore,1,"Button 1 is highly dependent on Krypton, performing well when Krypton is -1. Button 2 performs well when Mercury is -1 and Krypton/Nobelium are 1. Button 0 seems to be a consistent baseline around 50. I have not adequately tested Button 3 in various contexts yet, so I am choosing it to gather more data for its reward function.",28,D,A,C,B
10,LLM_Gemini_3_Flash,30,-1,1,-1,2,C,0,explore,1,"Button 0 has a consistent moderate reward of around 50 regardless of context. Button 1 performs very well when Mercury is 1, but poorly when Mercury is -1 and Krypton is 1. Since the current context is Mercury: -1, Krypton: 1, Nobelium: -1, I need to test if Button 2 performs well in this context, as it showed promise (80+) in similar contexts earlier.",48,D,A,C,B
10,LLM_Gemini_3_Flash,31,1,-1,-1,1,A,1,exploit,0,"Button 1 has consistently yielded high rewards (77-86) when Mercury is 1 and Krypton is -1, regardless of the Nobelium value. Given the current context (Mercury: 1, Krypton: -1, Nobelium: -1), Button 1 is the most reliable choice for maximizing profit.",75,D,A,C,B
10,LLM_Gemini_3_Flash,32,1,1,-1,0,D,0,exploit,0,"Based on historical data for the context (Mercury: 1, Krypton: 1, Nobelium: -1), button 0 has consistently yielded moderate rewards (average ~50), while button 1 performs poorly in this specific context (e.g., trial 9 yielded only 47). Button 0 remains the most reliable option for this context configuration.",48,D,A,C,B
10,LLM_Gemini_3_Flash,33,-1,1,-1,2,C,0,explore,1,"Button 0 has a consistent low-to-mid yield (approx 50). Button 1 performs well when Krypton is -1 but very poorly when Krypton is 1. Button 2 showed a high reward (approx 80) in previous trials where Krypton was 1, although the specific context of Nobelium and Mercury varies. Given the current context (Mercury: -1, Krypton: 1, Nobelium: -1), I am exploring button 2 to see if its high performance holds when Nobelium is -1, as it is a more promising candidate than button 0 or button 1 under these conditions.",51,D,A,C,B
10,LLM_Gemini_3_Flash,34,1,-1,-1,1,A,1,exploit,0,"Button 1 has shown a strong, consistent positive reward (around 75-85) when Mercury is 1 and Krypton is -1, regardless of the Nobelium signal. The current context matches these conditions, so exploiting Button 1 is the optimal choice.",77,D,A,C,B
10,LLM_Gemini_3_Flash,35,-1,1,-1,2,C,0,exploit,0,"Based on the observed history, Button 2 has shown strong performance when Krypton is 1. In Trial 24 and 25, when Mercury was -1 and Krypton was 1, it yielded around 80. Since the current context is Mercury: -1, Krypton: 1, and Nobelium: -1, Button 2 is the most promising candidate to exploit given the success observed with the Krypton 1 condition.",54,D,A,C,B
10,LLM_Gemini_3_Flash,36,-1,-1,1,1,A,0,exploit,0,"Button 1 has consistently shown high rewards (75-86) when Mercury is 1, regardless of the other signals. While the current context has Mercury = -1, previous performance for button 1 in contexts where Mercury is -1 has been mixed, but since I have established button 0 and 2 are suboptimal in most conditions and 3 remains untested, I will continue to track button 1 to see if the reward patterns hold.",53,D,A,C,B
10,LLM_Gemini_3_Flash,37,-1,1,1,2,C,1,exploit,0,"Button 2 showed strong potential with a reward of ~80 in previous trials where Mercury was -1 and Nobelium was 1. Since the current context (Mercury: -1, Krypton: 1, Nobelium: 1) matches a high-reward scenario for Button 2, I am exploiting this identified relationship.",78,D,A,C,B
10,LLM_Gemini_3_Flash,38,-1,-1,1,1,A,0,exploit,0,"Button 1 has consistently shown high rewards (75-86) when Mercury is 1, regardless of Krypton or Nobelium. Although the current context has Mercury -1, Button 1 has yielded moderate rewards (49-53) in similar contexts previously. Given that Buttons 0 and 2 have been inconsistent or underperforming in this specific configuration, Button 1 remains the most reliable performer.",50,D,A,C,B
10,LLM_Gemini_3_Flash,39,-1,1,-1,2,C,0,exploit,0,"Button 2 has consistently yielded higher rewards in trials where Krypton is 1, particularly when Mercury is -1. Previous trials show button 1 performs poorly when Krypton is 1, and button 0 consistently provides lower rewards in the 40-55 range. Given the current context (Mercury: -1, Krypton: 1, Nobelium: -1), button 2 is the most promising candidate based on past performance.",52,D,A,C,B
10,LLM_Gemini_3_Flash,40,1,-1,1,1,A,1,exploit,0,"Button 1 has consistently yielded high rewards (75-86) when Mercury is 1 and Krypton is -1. Since the current context matches this condition, I am exploiting this learned pattern.",70,D,A,C,B
10,LLM_Gemini_3_Flash,41,-1,1,-1,2,C,0,exploit,0,"Button 2 has shown strong performance when Krypton is 1, regardless of Mercury or Nobelium signals (trials 24, 25, 30, 33, 35, 37, 39). Given the current context (Mercury -1, Krypton 1, Nobelium -1), Button 2 is the most reliable choice for high rewards compared to Button 0 or 1 under these specific conditions.",45,D,A,C,B
10,LLM_Gemini_3_Flash,42,1,1,-1,0,D,0,explore,1,"In the current context (Mercury: 1, Krypton: 1, Nobelium: -1), button 0 has historically yielded moderate rewards (around 50). While button 1 performs significantly better when Krypton is -1, it has shown lower performance when Krypton is 1. Since button 0 is a consistent performer in this specific context and I have not fully explored buttons 2 and 3 under these conditions, I am choosing 0 to stabilize, but further exploration may be needed for other buttons.",54,D,A,C,B
10,LLM_Gemini_3_Flash,43,-1,1,1,2,C,1,exploit,0,"Button 2 has consistently yielded high rewards (approx 78-81) when the Nobelium signal is 1 and Mercury is -1, as observed in trials 24, 25, and 37. Given the current context (Mercury: -1, Krypton: 1, Nobelium: 1), Button 2 is the most promising candidate.",78,D,A,C,B
10,LLM_Gemini_3_Flash,44,-1,-1,1,1,A,0,exploit,0,"Based on the history, button 1 consistently yields high rewards when Mercury is 1 (averaging 75-85). While the current context is Mercury: -1, Krypton: -1, Nobelium: 1, button 1 has shown moderate performance in this specific state, and other buttons (like button 2) are highly specialized for Krypton: 1. I am choosing button 1 again as it has demonstrated the most robust performance overall and to further confirm its behavior in this specific state compared to the alternatives.",50,D,A,C,B
10,LLM_Gemini_3_Flash,45,-1,1,-1,2,C,0,exploit,0,"Based on the observed history, Button 2 consistently provides high rewards (around 50-54) when Mercury is -1 and Krypton is 1, regardless of Nobelium being -1 (trials 30, 33, 35, 39, 41). Given the current context of Mercury: -1, Krypton: 1, Nobelium: -1, Button 2 is the most reliable choice.",49,D,A,C,B
10,LLM_Gemini_3_Flash,46,1,-1,1,1,A,1,exploit,0,"Button 1 has consistently yielded high rewards (70-86) when Mercury is 1, regardless of the Krypton or Nobelium values. Given the current context (Mercury: 1, Krypton: -1, Nobelium: 1), Button 1 is the most reliable choice based on historical performance.",88,D,A,C,B
10,LLM_Gemini_3_Flash,47,-1,1,1,2,C,1,exploit,0,"Based on historical data, Button 2 consistently provides high rewards (around 80) when Nobelium is 1 and Mercury is -1, regardless of Krypton's state. Since the current context is Mercury: -1, Krypton: 1, Nobelium: 1, Button 2 is the clear choice for exploitation.",79,D,A,C,B
10,LLM_Gemini_3_Flash,48,-1,1,1,2,C,1,exploit,0,"Based on historical data, button 2 consistently provides high rewards (around 80) when Nobelium is 1, regardless of Mercury. Given the current context (Mercury: -1, Krypton: 1, Nobelium: 1), button 2 is the optimal choice.",81,D,A,C,B
10,LLM_Gemini_3_Flash,49,1,-1,-1,1,A,1,exploit,0,"Based on the history, button 1 consistently yields high rewards (75-88) when Mercury is 1 and Krypton is -1, regardless of the Nobelium signal. The current context (Mercury: 1, Krypton: -1, Nobelium: -1) perfectly matches the condition where button 1 is the high-performing arm.",80,D,A,C,B
10,LLM_Gemini_3_Flash,50,-1,1,1,2,C,1,exploit,0,"The current context (Mercury: -1, Krypton: 1, Nobelium: 1) matches the conditions where button 2 has consistently provided high rewards in previous trials (e.g., 78, 81, 79, 81), outperforming other options in this specific state.",74,D,A,C,B
11,LLM_Gemini_3_Flash,1,1,-1,-1,0,A,1,explore,1,"This is the first trial with no previous history. I am selecting button 0 to establish a baseline reward and begin mapping the reward functions relative to the current context signals (1, -1, -1).",80,A,B,C,D
11,LLM_Gemini_3_Flash,2,1,-1,-1,1,B,0,explore,1,"Button 0 yielded a high reward of 80 in the current context, but since this is only the second trial, I need to test other buttons (1, 2, or 3) to determine their potential rewards in this context to avoid local optima.",48,A,B,C,D
11,LLM_Gemini_3_Flash,3,1,1,-1,2,C,0,explore,1,"Button 0 performed well (80) under Mercury=1, Krypton=-1, Nobelium=-1. I have not yet tested buttons 2 or 3. I am exploring button 2 to determine if its payoff is higher than button 0 in the current context where Mercury=1 and Krypton=1.",22,A,B,C,D
11,LLM_Gemini_3_Flash,4,-1,1,-1,3,D,0,explore,1,"Button 0 showed a high reward (80) under Mercury=1, Krypton=-1, Nobelium=-1. Button 2 performed poorly under the Krypton=1 condition. Since I have no data on Button 3 and limited data overall, exploring Button 3 helps narrow down the reward functions for the remaining arms.",51,A,B,C,D
11,LLM_Gemini_3_Flash,5,-1,-1,1,0,A,0,explore,1,"Button 0 showed a high reward of 80 when Mercury was 1 and other signals were -1. Given the current context of Mercury -1, Krypton -1, Nobelium 1, I need to explore Button 0 again to see if it maintains high performance when the signals differ, or if the reward is specific to Mercury presence.",54,A,B,C,D
11,LLM_Gemini_3_Flash,6,1,-1,-1,0,A,1,exploit,0,"In trial 1, button 0 returned a reward of 80 under the same current context (Mercury: 1, Krypton: -1, Nobelium: -1), which is the highest reward observed thus far across all trials. Therefore, I am choosing button 0 to exploit this high-reward finding.",77,A,B,C,D
11,LLM_Gemini_3_Flash,7,-1,1,-1,3,D,0,exploit,0,"In trial 4, with the same context signals (Mercury: -1, Krypton: 1, Nobelium: -1), button 3 yielded a reward of 51. Since buttons 0 and 1 showed lower performance in other contexts or inconsistent results, and button 3 has performed well in the current context, it is the most logical choice to exploit.",42,A,B,C,D
11,LLM_Gemini_3_Flash,8,1,-1,1,0,A,1,exploit,0,"Button 0 has consistently delivered the highest rewards (80, 77) when Mercury is 1 and Krypton is -1, even with variations in Nobelium. Given the current context (Mercury: 1, Krypton: -1, Nobelium: 1), Button 0 remains the most promising candidate based on past performance.",81,A,B,C,D
11,LLM_Gemini_3_Flash,9,1,-1,-1,0,A,1,exploit,0,"Button 0 has consistently delivered the highest rewards (80, 77, 81) under the current context of Mercury: 1, Krypton: -1, Nobelium: -1. Other options have shown significantly lower performance in similar conditions.",82,A,B,C,D
11,LLM_Gemini_3_Flash,10,1,1,-1,0,A,0,exploit,0,"Button 0 has consistently delivered high rewards across various contexts, regardless of signal changes (rewards 80, 54, 77, 81, 82). It appears to be the most reliable option for high yield compared to the lower rewards seen on buttons 1, 2, and 3.",46,A,B,C,D
11,LLM_Gemini_3_Flash,11,-1,1,1,0,A,0,exploit,0,"Button 0 has consistently provided high rewards across various contexts, suggesting it may have a strong baseline return or a positive response to Mercury. While I have not seen this specific context (M:-1, K:1, N:1) for Button 0 yet, its performance in other Mercury-negative scenarios makes it the most reliable choice to exploit.",24,A,B,C,D
11,LLM_Gemini_3_Flash,12,1,-1,1,0,A,1,exploit,0,"Button 0 has consistently yielded the highest rewards across multiple contexts in the history, specifically showing strong performance when Mercury is 1, regardless of the other signals. Given the current context (Mercury: 1, Krypton: -1, Nobelium: 1), Button 0 remains the most reliable high-reward choice.",78,A,B,C,D
11,LLM_Gemini_3_Flash,13,1,-1,1,0,A,1,exploit,0,"Button 0 has consistently delivered the highest rewards across multiple contexts, particularly when Mercury is 1, often yielding rewards in the 77-82 range. Given the current context (Mercury: 1, Krypton: -1, Nobelium: 1), which aligns with previous successful trials, choosing Button 0 is the optimal exploitation strategy.",86,A,B,C,D
11,LLM_Gemini_3_Flash,14,-1,-1,1,0,A,0,exploit,0,"Button 0 has consistently demonstrated high rewards across various contexts, particularly when Mercury is 1, but it also returned 54 in trial 5 when Mercury was -1, Krypton was -1, and Nobelium was 1. Given the current context (Mercury -1, Krypton -1, Nobelium 1), Button 0 remains the strongest candidate based on historical performance.",41,A,B,C,D
11,LLM_Gemini_3_Flash,15,1,1,-1,0,A,0,exploit,0,"Button 0 has demonstrated consistently higher rewards across various contexts compared to other buttons, especially when Mercury is 1. Despite a lower yield in trial 10 with the current context (Mercury: 1, Krypton: 1, Nobelium: -1), its overall performance remains the strongest indicator for high profit.",46,A,B,C,D
11,LLM_Gemini_3_Flash,16,-1,1,1,3,D,0,explore,1,"Button 0 has been tested extensively and appears to perform best when Mercury is 1. In the current context (Mercury: -1, Krypton: 1, Nobelium: 1), Button 0 has shown lower yields (24 in trial 11). Button 3 showed decent potential earlier (51 in trial 4), so I am testing it again under these specific conditions to see if it outperforms the now-underperforming Button 0.",46,A,B,C,D
11,LLM_Gemini_3_Flash,17,-1,-1,1,3,D,0,explore,1,"Button 0 has been heavily tested but yields lower rewards when Mercury is -1 and Nobelium is 1 (Trials 5 and 14). Button 3 has shown decent performance in other configurations where Mercury is -1 (Trials 4, 7, 16), so exploring it in the current context (Mercury: -1, Krypton: -1, Nobelium: 1) is necessary to determine if it outperforms the underperforming Button 0.",62,A,B,C,D
11,LLM_Gemini_3_Flash,18,-1,-1,1,3,D,0,exploit,0,"Button 0 shows high sensitivity to Mercury=1. With Mercury=-1, Krypton=-1, Nobelium=1, Button 3 has outperformed Button 0 in the recent trial (trial 17) under the same context (62 vs 41). I will continue to exploit Button 3 in this context.",44,A,B,C,D
11,LLM_Gemini_3_Flash,19,-1,1,1,3,D,0,exploit,0,"Button 0 shows high sensitivity to Mercury=1. With Mercury=-1, Button 3 has consistently yielded better results in this context (e.g., trials 16, 17, 18), whereas Button 0 performed poorly in trial 11 under similar conditions.",38,A,B,C,D
11,LLM_Gemini_3_Flash,20,1,-1,1,0,A,1,exploit,0,"Button 0 has consistently demonstrated the highest rewards when Mercury is 1, regardless of Nobelium, with rewards consistently in the 75-86 range. Given the current context (Mercury: 1, Krypton: -1, Nobelium: 1), Button 0 is the strongest performer.",81,A,B,C,D
11,LLM_Gemini_3_Flash,21,1,-1,1,0,A,1,exploit,0,"Button 0 has consistently demonstrated high returns (77-86) when Mercury is 1 and Krypton is -1, regardless of the Nobelium value. Given the current context (Mercury: 1, Krypton: -1), choosing button 0 is the most reliable strategy.",80,A,B,C,D
11,LLM_Gemini_3_Flash,22,-1,1,1,3,D,0,exploit,0,"Button 0 shows high performance when Mercury is 1, but its performance drops significantly (e.g., trial 11: reward 24) when Mercury is -1. In the current context (Mercury: -1, Krypton: 1, Nobelium: 1), Button 3 has shown better relative performance compared to Button 0, which struggles with negative Mercury signals.",53,A,B,C,D
11,LLM_Gemini_3_Flash,23,-1,1,-1,3,D,0,exploit,0,"Button 0 shows high, consistent performance when Mercury is 1, but its performance drops significantly when Mercury is -1. In the current context (Mercury: -1, Krypton: 1, Nobelium: -1), Button 3 has consistently outperformed Button 0 in previous trials where Mercury was -1.",47,A,B,C,D
11,LLM_Gemini_3_Flash,24,-1,1,-1,3,D,0,exploit,0,"Button 3 has consistently outperformed Button 0 in the context Mercury: -1, Krypton: 1, Nobelium: -1 (Trials 4, 7, and 23). Button 0 shows lower rewards when Mercury is -1 and Krypton is 1, making Button 3 the superior choice for this specific context.",52,A,B,C,D
11,LLM_Gemini_3_Flash,25,-1,1,1,3,D,0,exploit,0,"Button 0 shows high rewards when Mercury is 1, but consistently drops when Mercury is -1 (e.g., trial 11: 24 reward). Button 3 has shown better performance when Mercury is -1, especially in the current context where Nobelium is also 1.",46,A,B,C,D
11,LLM_Gemini_3_Flash,26,1,-1,1,0,A,1,exploit,0,"Button 0 has consistently delivered high rewards (77-86) when Mercury is 1 and Krypton is -1, regardless of Nobelium. Since the current context matches this condition perfectly, I am confident in exploiting Button 0.",78,A,B,C,D
11,LLM_Gemini_3_Flash,27,1,-1,-1,0,A,1,exploit,0,"Button 0 consistently yields high rewards (77-86) when Mercury is 1, regardless of other signals. The current context has Mercury at 1, making Button 0 the clear optimal choice based on historical performance.",81,A,B,C,D
11,LLM_Gemini_3_Flash,28,-1,1,-1,3,D,0,exploit,0,"Based on the history, button 0 yields high rewards primarily when Mercury is 1. In the current context where Mercury is -1 and Krypton is 1, button 0 has performed poorly. Button 3 has been consistently reliable when Mercury is -1, showing stable returns in these conditions, making it the superior choice for the current state.",52,A,B,C,D
11,LLM_Gemini_3_Flash,29,1,-1,1,0,A,1,exploit,0,"Button 0 has consistently delivered very high rewards (typically 75-85) whenever Mercury is 1 and Krypton is -1, regardless of the Nobelium signal. The current context (Mercury: 1, Krypton: -1, Nobelium: 1) perfectly matches these optimal conditions, making Button 0 the clear choice for maximization.",73,A,B,C,D
11,LLM_Gemini_3_Flash,30,-1,1,-1,3,D,0,exploit,0,"Button 3 has consistently provided stable rewards (around 45-55) in the current Mercury (-1) / Krypton (1) context. Button 0 performs poorly when Mercury is -1, making Button 3 the superior choice based on historical performance in this specific context.",50,A,B,C,D
11,LLM_Gemini_3_Flash,31,-1,-1,1,3,D,0,exploit,0,"Based on historical data (e.g., trials 17, 18, 22), Button 3 consistently outperforms Button 0 when Mercury is -1 and Krypton is 1, even if Nobelium is 1. Since the current context has Mercury -1, Krypton -1, and Nobelium 1, and Button 3 yielded 62 in a similar scenario in trial 17 compared to Button 0's low performance in trial 14 (41) and trial 5 (54), Button 3 appears to be the superior choice for these specific signals.",55,A,B,C,D
11,LLM_Gemini_3_Flash,32,1,1,-1,0,A,0,exploit,0,"Button 0 consistently yields high rewards (70-80+) when Mercury is 1, even if the other signals vary. In the current context (Mercury: 1, Krypton: 1, Nobelium: -1), despite trial 10 and 15 showing lower results of 46, it remains the most reliable performer compared to buttons 1, 2, and 3 based on the historical data.",48,A,B,C,D
11,LLM_Gemini_3_Flash,33,1,1,-1,0,A,0,exploit,0,"Based on the history, button 0 consistently provides high rewards (approx. 80) when Mercury is 1 and Krypton is -1, regardless of Nobelium. When Krypton is 1, button 0's reward drops to around 46, and button 3 has historically performed better in those states (especially when Mercury is -1). Given the current context (Mercury: 1, Krypton: 1, Nobelium: -1), button 0 has yielded 46 and 48 previously, while no other button has shown significantly higher expected value in this specific configuration.",53,A,B,C,D
11,LLM_Gemini_3_Flash,34,-1,1,-1,3,D,0,exploit,0,"Based on the historical data, Button 3 consistently outperforms other buttons when Mercury is -1 and Krypton is 1, regardless of Nobelium. Given the current context (Mercury: -1, Krypton: 1, Nobelium: -1), Button 3 is the highest expected value choice.",42,A,B,C,D
11,LLM_Gemini_3_Flash,35,1,-1,1,0,A,1,exploit,0,"Based on historical data, button 0 consistently yields high rewards (73-86) when Mercury is 1, regardless of the other signals. Since the current context has Mercury = 1, button 0 is the optimal choice for maximizing the expected reward.",81,A,B,C,D
11,LLM_Gemini_3_Flash,36,-1,1,-1,3,D,0,exploit,0,"Button 0 has a high reward when Mercury is 1, but consistently performs poorly (around 24-54) when Mercury is -1. Button 3 has consistently provided better rewards when Mercury is -1, especially in the current context (Mercury -1, Krypton 1, Nobelium -1), where it has returned between 42 and 52.",48,A,B,C,D
11,LLM_Gemini_3_Flash,37,-1,1,1,3,D,0,exploit,0,"Based on historical data, button 0 yields high rewards primarily when Mercury is 1. Button 3 has consistently outperformed other buttons when Mercury is -1, regardless of the other signals, showing a reliable expected reward compared to the current low performance of button 0 in this context.",37,A,B,C,D
11,LLM_Gemini_3_Flash,38,-1,1,-1,3,D,0,exploit,0,"Based on the history, button 3 has consistently performed best when Mercury is -1 and Krypton is 1, yielding rewards in the 40-50 range, which is higher than the expected rewards for other buttons under these specific context conditions.",44,A,B,C,D
11,LLM_Gemini_3_Flash,39,1,-1,1,0,A,1,exploit,0,"Based on the extensive history, button 0 consistently yields high rewards (70-80+) when Mercury is 1 and Krypton is -1, regardless of the Nobelium signal. Given the current context matches this high-performing pattern, exploiting button 0 is the optimal strategy.",79,A,B,C,D
11,LLM_Gemini_3_Flash,40,-1,-1,1,3,D,0,exploit,0,"Based on historical data, button 0 excels when Mercury is 1, but consistently performs poorly (around 24-54) when Mercury is -1. Button 3 has been the preferred choice when Mercury is -1, yielding consistent results. Given the current context (Mercury: -1, Krypton: -1, Nobelium: 1), button 3 has historically outperformed others in this configuration.",49,A,B,C,D
11,LLM_Gemini_3_Flash,41,-1,1,-1,3,D,0,exploit,0,"Based on historical data, button 0 performs best when Mercury is 1 (averaging ~80), but performs poorly when Mercury is -1. With Mercury at -1 and Krypton at 1, button 3 has consistently provided stable rewards in the 40-50 range, whereas button 0 performs significantly worse under these conditions.",60,A,B,C,D
11,LLM_Gemini_3_Flash,42,1,-1,-1,0,A,1,exploit,0,"Based on the history, button 0 consistently yields high rewards (around 80) when Mercury is 1 and Krypton is -1, regardless of the Nobelium signal. Since the current context is Mercury: 1, Krypton: -1, and Nobelium: -1, button 0 is the clearly optimal choice.",88,A,B,C,D
11,LLM_Gemini_3_Flash,43,-1,1,1,3,D,0,exploit,0,"Based on historical data, button 0 yields high rewards when Mercury is 1 (especially when Krypton is -1), but performs poorly (around 24-46) when Mercury is -1. Button 3 has been consistently tested when Mercury is -1 and yields reliable mid-range rewards (40-60). Given the current context (Mercury: -1, Krypton: 1, Nobelium: 1), button 3 is the most historically stable performer.",45,A,B,C,D
11,LLM_Gemini_3_Flash,44,-1,1,-1,3,D,0,exploit,0,"Based on the history, button 0 consistently provides high rewards (approx 80) when Mercury is 1 and Krypton is -1. When Mercury is -1 and Krypton is 1, button 3 has proven to be the most reliable performer, consistently yielding rewards in the 40-60 range. Given the current context (Mercury: -1, Krypton: 1, Nobelium: -1), button 3 is the optimal choice based on observed data.",49,A,B,C,D
11,LLM_Gemini_3_Flash,45,-1,1,-1,3,D,0,exploit,0,"Based on historical data, button 0 yields high rewards when Mercury is 1, but poor rewards when Mercury is -1. Button 3 has consistently been the most reliable choice when Mercury is -1, regardless of the Krypton or Nobelium values. Since the current context has Mercury = -1, button 3 is the optimal choice.",44,A,B,C,D
11,LLM_Gemini_3_Flash,46,1,-1,1,0,A,1,exploit,0,"Button 0 has consistently demonstrated high rewards whenever Mercury is 1, regardless of Krypton or Nobelium values. Since the current context has Mercury = 1, Button 0 is the optimal choice for exploitation.",78,A,B,C,D
11,LLM_Gemini_3_Flash,47,-1,1,1,3,D,0,exploit,0,"Based on the extensive history, Button 0 performs extremely well when Mercury is 1 (average ~80), but performs poorly (average ~35-40) when Mercury is -1. Button 3 has consistently provided moderate, stable rewards when Mercury is -1. Since the current context has Mercury at -1, Button 3 is the historically superior choice compared to the other options.",47,A,B,C,D
11,LLM_Gemini_3_Flash,48,-1,-1,1,3,D,0,exploit,0,"Based on historical data, button 3 has consistently provided moderate to stable rewards in contexts where Mercury is -1 and Krypton is 1. Since the current context (Mercury: -1, Krypton: -1, Nobelium: 1) has shown variable performance for button 0 (which performed poorly in similar contexts like trials 5, 14, and 31), button 3 remains a more reliable choice given its performance profile in non-optimal conditions.",54,A,B,C,D
11,LLM_Gemini_3_Flash,49,-1,1,-1,3,D,0,exploit,0,"Based on the history, button 0 consistently yields high rewards (75-88) when Mercury is 1 and Krypton is -1. However, when Mercury is -1 and Krypton is 1, button 3 has been the primary choice with consistent rewards around 45-60. Given the current context (Mercury: -1, Krypton: 1, Nobelium: -1), button 3 is the historically optimal choice for this specific configuration.",49,A,B,C,D
11,LLM_Gemini_3_Flash,50,-1,1,-1,3,D,0,exploit,0,"Based on historical data, button 0 excels when Mercury is 1, while button 3 is the most reliable option when Mercury is -1. Since the current context has Mercury = -1 and Krypton = 1, button 3 is the optimal choice.",47,A,B,C,D
12,LLM_Gemini_3_Flash,1,1,-1,-1,0,A,1,explore,1,"Since there is no previous history, I need to begin the process of learning the reward functions for each arm. I will start by testing arm 0 to establish a baseline in this context.",80,A,B,C,D
12,LLM_Gemini_3_Flash,2,-1,-1,1,1,B,0,explore,1,"Since only button 0 has been tested once, I need to explore the other options (1, 2, and 3) to map their reward functions against the current signal set {Mercury: -1, Krypton: -1, Nobelium: 1} to identify the optimal choice.",20,A,B,C,D
12,LLM_Gemini_3_Flash,3,1,-1,1,2,C,0,explore,1,"Button 0 yielded a high reward in a context similar to the current one (only Nobelium differs), and buttons 1, 2, and 3 remain largely unexplored. Given the limited history, I am choosing button 2 to gather more data on its potential reward profile.",56,A,B,C,D
12,LLM_Gemini_3_Flash,4,1,-1,-1,0,A,1,exploit,0,"Button 0 yielded a high reward of 80 in trial 1 under the exact same context (Mercury: 1, Krypton: -1, Nobelium: -1). Given this positive historical performance for the current conditions, I am choosing to exploit this button.",78,A,B,C,D
12,LLM_Gemini_3_Flash,5,1,-1,1,2,C,0,exploit,0,"Button 2 yielded a strong reward of 56 in trial 3 under the exact current context (Mercury: 1, Krypton: -1, Nobelium: 1). Given that Button 0 shows high potential but consistently lower results than Button 2 under this specific configuration, I am exploiting the known high-performing arm.",54,A,B,C,D
12,LLM_Gemini_3_Flash,6,1,1,-1,0,A,0,exploit,0,"Button 0 has consistently delivered high rewards (80 and 78) when Mercury is 1 and Krypton is -1, regardless of Nobelium's state. Given the current context of Mercury=1 and Krypton=1, I will test Button 0 to see if the performance persists or if I need to adjust my model.",53,A,B,C,D
12,LLM_Gemini_3_Flash,7,1,-1,1,2,C,0,exploit,0,"In trials 3 and 5, button 2 yielded consistent rewards (56 and 54) under the current context (Mercury: 1, Krypton: -1, Nobelium: 1). Compared to button 0, which showed variability and lower performance under similar high-mercury conditions, button 2 appears to be the optimal choice for this specific signal configuration.",49,A,B,C,D
12,LLM_Gemini_3_Flash,8,1,-1,1,2,C,0,exploit,0,"Button 2 has consistently provided solid rewards (56, 54, 49) under the current context of Mercury=1, Krypton=-1, Nobelium=1. Given these successes, it currently represents the highest expected value compared to the limited data on other buttons.",52,A,B,C,D
12,LLM_Gemini_3_Flash,9,-1,1,1,0,A,0,exploit,0,"Button 0 has consistently provided high rewards (avg ~70) across various contexts, significantly outperforming Button 2. Button 1 resulted in a low reward in a single trial. Button 3 remains unexplored, but Button 0 shows a strong, reliable baseline performance.",16,A,B,C,D
12,LLM_Gemini_3_Flash,10,1,-1,-1,0,A,1,exploit,0,"Based on the trial history, button 0 has consistently provided the highest reward (80 and 78) when the context is Mercury: 1, Krypton: -1, Nobelium: -1, whereas other buttons have performed significantly worse in similar or different contexts. Given the current context matches the observed high-reward trials for button 0, exploiting this button is the optimal strategy.",82,A,B,C,D
12,LLM_Gemini_3_Flash,11,1,-1,-1,0,A,1,exploit,0,"Button 0 has consistently yielded high rewards (80, 78, 82) when the context is Mercury=1, Krypton=-1, Nobelium=-1. Given this strong pattern, I am confident that Button 0 is optimal for the current context.",84,A,B,C,D
12,LLM_Gemini_3_Flash,12,1,1,-1,0,A,0,exploit,0,"Button 0 shows consistently high rewards when Mercury is 1 and Krypton is -1, regardless of Nobelium. In the current context (Mercury: 1, Krypton: 1), Button 0 returned a reward of 53 in trial 6. Comparing this to other buttons, Button 0 remains the most reliable performer in this context.",49,A,B,C,D
12,LLM_Gemini_3_Flash,13,-1,1,1,3,D,0,explore,1,"Button 0 has demonstrated inconsistent performance relative to the context, and Button 1 and 2 have low baseline rewards. I am choosing Button 3 to explore its reward function in this context as the other options are underperforming or unreliable.",39,A,B,C,D
12,LLM_Gemini_3_Flash,14,1,-1,-1,0,A,1,exploit,0,"Button 0 has consistently delivered high rewards (around 80) when Mercury is 1, Krypton is -1, and Nobelium is -1, based on trials 1, 4, 10, and 11. Given the current context matches this configuration perfectly, choosing button 0 is the optimal strategy to exploit the observed pattern.",80,A,B,C,D
12,LLM_Gemini_3_Flash,15,-1,1,1,3,D,0,explore,1,"Button 0 shows high rewards when Mercury=1 and Krypton=-1, but performed poorly (16) when Mercury=-1, Krypton=1, Nobelium=1. Button 2 performs moderately (50s) when Mercury=1, Krypton=-1, Nobelium=1. Trial 13 tested Button 3 in the current context (Mercury=-1, Krypton=1, Nobelium=1) and yielded 39, which is higher than Button 0's yield of 16 in the same context. I am exploring Button 3 to see if it consistently outperforms Button 0 under these specific signal conditions.",58,A,B,C,D
12,LLM_Gemini_3_Flash,16,1,-1,1,2,C,0,exploit,0,"In trials where the context was Mercury: 1, Krypton: -1, Nobelium: 1 (Trials 3, 5, 7, 8), Button 2 consistently yielded rewards in the 49-56 range. Given the current context matches this, Button 2 remains the most reliable performer for this specific signal set.",60,A,B,C,D
12,LLM_Gemini_3_Flash,17,-1,-1,1,2,C,1,exploit,0,"Button 2 has consistently provided decent rewards in contexts where Nobelium is 1, specifically when Mercury is 1, while Button 0 performs significantly worse in contexts involving Nobelium. Given the current context (-1, -1, 1), Button 2 is the most promising candidate based on the observed history.",79,A,B,C,D
12,LLM_Gemini_3_Flash,18,1,-1,-1,0,A,1,exploit,0,"Button 0 has consistently delivered very high rewards (approximately 80-84) when Mercury is 1, Krypton is -1, and Nobelium is -1. This matches the current context perfectly, making it the highest expected payoff choice.",77,A,B,C,D
12,LLM_Gemini_3_Flash,19,-1,1,1,3,D,0,exploit,0,"In trials 13 and 15, button 3 was tested with the current context (Mercury: -1, Krypton: 1, Nobelium: 1) and yielded higher rewards (39, 58) than the other options observed for this specific context, such as button 0 which yielded 16 in trial 9.",40,A,B,C,D
12,LLM_Gemini_3_Flash,20,1,-1,-1,0,A,1,exploit,0,"Button 0 has consistently delivered high rewards (77-84) in the current context where Mercury=1, Krypton=-1, and Nobelium=-1. Given the repeated success in this state, it is the optimal choice to maximize profit.",79,A,B,C,D
12,LLM_Gemini_3_Flash,21,-1,1,1,3,D,0,exploit,0,"In the current context (Mercury: -1, Krypton: 1, Nobelium: 1), button 3 has shown the highest average performance based on trials 13, 15, and 19. Button 0 performed poorly in this context (trial 9), and button 2 is better suited for contexts where Nobelium is 1 and Mercury/Krypton are different.",53,A,B,C,D
12,LLM_Gemini_3_Flash,22,1,-1,1,2,C,0,exploit,0,"Button 2 has consistently provided returns in the range of 49-60 when Mercury=1, Krypton=-1, and Nobelium=1. Button 0 performs best when Nobelium=-1, and Button 3 appears suited for contexts where Mercury=-1 and Krypton=1. Given the context (1, -1, 1), button 2 remains the most reliable option based on historical performance.",46,A,B,C,D
12,LLM_Gemini_3_Flash,23,-1,-1,1,2,C,1,exploit,0,"In trial 17, with context (Mercury: -1, Krypton: -1, Nobelium: 1), button 2 yielded a high reward of 79. Given the current context (Mercury: -1, Krypton: -1, Nobelium: 1), button 2 is the most promising candidate based on historical performance.",80,A,B,C,D
12,LLM_Gemini_3_Flash,24,-1,-1,1,2,C,1,exploit,0,"Button 2 has consistently yielded high rewards (79 and 80) when the context is Mercury: -1, Krypton: -1, Nobelium: 1. Given the current context matches these parameters, exploiting Button 2 is the optimal strategy.",75,A,B,C,D
12,LLM_Gemini_3_Flash,25,-1,1,-1,3,D,0,explore,1,"Button 0 shows high rewards when Mercury is 1 and Krypton is -1. Button 2 performs well when Nobelium is 1 (regardless of Mercury). Button 3 has shown promising potential when Mercury is -1 and Krypton is 1. Since I have not tested Button 3 in the specific context where Krypton is 1 but Mercury is -1 and Nobelium is -1, I will explore it to refine its reward profile compared to the others.",55,A,B,C,D
12,LLM_Gemini_3_Flash,26,-1,-1,1,2,C,1,exploit,0,"In the current context (Mercury: -1, Krypton: -1, Nobelium: 1), button 2 has consistently provided high rewards (79, 80, 75) in similar contexts, making it the most reliable choice.",60,A,B,C,D
12,LLM_Gemini_3_Flash,27,-1,-1,1,2,C,1,exploit,0,"In the current context (Mercury: -1, Krypton: -1, Nobelium: 1), button 2 has consistently yielded high rewards, specifically 79, 80, 75, and 60, making it the highest performing option for this configuration.",81,A,B,C,D
12,LLM_Gemini_3_Flash,28,1,-1,-1,0,A,1,exploit,0,"Based on the history, button 0 consistently provides high rewards (77-84) when the context is Mercury=1, Krypton=-1, Nobelium=-1. This pattern is very strong across multiple trials.",72,A,B,C,D
12,LLM_Gemini_3_Flash,29,1,-1,-1,0,A,1,exploit,0,"Button 0 has consistently delivered high rewards (72-84) when the context is Mercury=1, Krypton=-1, and Nobelium=-1. Given the repeated success in this specific configuration, I am confident in exploiting this button for the current context.",81,A,B,C,D
12,LLM_Gemini_3_Flash,30,1,-1,1,2,C,0,exploit,0,"Based on the historical data, button 2 consistently performs well when Mercury=1 and Nobelium=1 (average rewards between 46 and 60), while button 0 dominates when Krypton=-1 and Nobelium=-1. In the current context (Mercury=1, Krypton=-1, Nobelium=1), button 2 has shown to be the most reliable option compared to other available buttons.",58,A,B,C,D
12,LLM_Gemini_3_Flash,31,1,1,-1,0,A,0,exploit,0,"Button 0 shows high, consistent performance when Mercury=1, Krypton=-1, and Nobelium=-1 (averaging ~80). Even when Krypton is 1, button 0 has performed, but the current context aligns with its strongest historical performance profile.",47,A,B,C,D
12,LLM_Gemini_3_Flash,32,1,-1,1,2,C,0,exploit,0,"Based on the history, button 2 consistently yields higher rewards (around 50-60) when Mercury=1, Krypton=-1, and Nobelium=1, compared to other buttons in similar contexts. While button 0 is highly effective when Mercury=1 and Krypton=-1 (but Nobelium=-1), the context currently matches the conditions where button 2 has demonstrated stronger performance.",50,A,B,C,D
12,LLM_Gemini_3_Flash,33,-1,1,1,3,D,0,exploit,0,"In trials 9, 13, 15, 19, 21, and 25, when the context involves Krypton=1 and Nobelium=1, button 3 has yielded consistently higher rewards compared to the low performance of button 0 in the same context. Based on the pattern identified, button 3 is the most effective choice for the current context (Mercury: -1, Krypton: 1, Nobelium: 1).",47,A,B,C,D
12,LLM_Gemini_3_Flash,34,1,-1,-1,0,A,1,exploit,0,"Based on the historical data, button 0 consistently yields high rewards (around 80) when Mercury=1, Krypton=-1, and Nobelium=-1. This context matches the current trial perfectly, making button 0 the clear choice for exploitation.",82,A,B,C,D
12,LLM_Gemini_3_Flash,35,-1,1,-1,3,D,0,exploit,0,"Based on historical data, button 3 has performed well when Mercury is -1 and Krypton is 1, yielding rewards around 40-55. Given the current context (Mercury: -1, Krypton: 1, Nobelium: -1), button 3 remains the strongest candidate as button 0 and 2 have consistently lower performance in these conditions compared to when Mercury is 1.",49,A,B,C,D
12,LLM_Gemini_3_Flash,36,1,1,-1,0,A,0,exploit,0,"Button 0 consistently yields high rewards (70-84) when Mercury is 1 and Krypton is -1, regardless of Nobelium. In this trial, the context is Mercury=1, Krypton=1, Nobelium=-1. Historically, when Mercury=1 and Krypton=1 (Trials 6, 12, 31), Button 0 yielded around 47-53. While Button 0 performs best under Krypton=-1, it remains the most reliable performer based on the provided data compared to the other options.",51,A,B,C,D
12,LLM_Gemini_3_Flash,37,-1,1,1,3,D,0,exploit,0,"In the current context (Mercury: -1, Krypton: 1, Nobelium: 1), Button 3 has consistently yielded better rewards (ranging from 39 to 58) compared to Button 0 (16). Button 2 is strongly associated with Nobelium: 1 when Mercury is -1, but Button 3 appears to be the high-performer for this specific combination of signals.",55,A,B,C,D
12,LLM_Gemini_3_Flash,38,-1,1,1,3,D,0,exploit,0,"Based on the history, button 3 has consistently provided the highest observed rewards when Mercury is -1 and Krypton is 1, regardless of Nobelium. In the current context (Mercury: -1, Krypton: 1, Nobelium: 1), button 3 is the historically strongest performer.",49,A,B,C,D
12,LLM_Gemini_3_Flash,39,-1,1,-1,3,D,0,exploit,0,"Based on historical data, button 3 has shown consistent moderate to high performance (around 45-55) when Mercury is -1 and Krypton is 1, regardless of the Nobelium signal. Button 0 performs best when Mercury is 1 and Krypton is -1, and button 2 performs best when Nobelium is 1. Given the current context (M=-1, K=1, N=-1), button 3 is the most reliable choice derived from previous trials with similar conditions.",38,A,B,C,D
12,LLM_Gemini_3_Flash,40,-1,1,-1,3,D,0,exploit,0,"Based on historical data, button 3 has shown consistent, favorable performance in the current context (Mercury -1, Krypton 1, Nobelium -1). Previous trials with these specific signals consistently rewarded button 3 (e.g., trial 25, 35, 39).",43,A,B,C,D
12,LLM_Gemini_3_Flash,41,1,1,-1,0,A,0,exploit,0,"Based on the observed history, Button 0 consistently provides high rewards (77-84) when the context is Mercury: 1 and Krypton: -1, regardless of Nobelium. In the current trial, the context is Mercury: 1, Krypton: 1, Nobelium: -1. While Button 0 performs lower when Krypton is 1, it remains the most reliable option compared to the performance of buttons 1, 2, and 3 under the current conditions.",53,A,B,C,D
12,LLM_Gemini_3_Flash,42,-1,1,-1,3,D,0,exploit,0,"Based on historical data, button 3 shows consistent rewards when Mercury is -1 and Krypton is 1. Since the current context (Mercury: -1, Krypton: 1, Nobelium: -1) matches these conditions, I am choosing button 3 to exploit this pattern.",56,A,B,C,D
12,LLM_Gemini_3_Flash,43,1,-1,-1,0,A,1,exploit,0,"Based on the historical data, button 0 consistently yields high rewards (typically 75-85) when Mercury is 1 and Krypton and Nobelium are -1. Given the current context matches this specific signal configuration exactly, choosing button 0 is the optimal exploitation strategy.",79,A,B,C,D
12,LLM_Gemini_3_Flash,44,1,-1,-1,0,A,1,exploit,0,"Button 0 has consistently yielded high rewards (avg ~80) in the context Mercury=1, Krypton=-1, Nobelium=-1. Given the extensive history for this specific context, I am confident it is the optimal choice.",85,A,B,C,D
12,LLM_Gemini_3_Flash,45,-1,1,-1,3,D,0,exploit,0,"Based on the history, button 3 shows strong performance when Krypton is 1, regardless of the Mercury or Nobelium states. Given the current context (Mercury: -1, Krypton: 1, Nobelium: -1), button 3 is the most consistent and highest-rewarding choice compared to the alternatives.",50,A,B,C,D
12,LLM_Gemini_3_Flash,46,-1,-1,1,2,C,1,exploit,0,"Based on historical data, button 2 consistently yields high rewards (averaging around 60-80) when Mercury is -1 and Nobelium is 1, regardless of the Krypton signal. Given the current context (Mercury: -1, Krypton: -1, Nobelium: 1), button 2 is the most reliable high-reward choice.",78,A,B,C,D
12,LLM_Gemini_3_Flash,47,1,-1,-1,0,A,1,exploit,0,"Based on the history, button 0 consistently provides high rewards (approx 80) when Mercury=1, Krypton=-1, and Nobelium=-1, while performing poorly in other contexts. Given the current context matches this, exploiting button 0 is the optimal strategy.",70,A,B,C,D
12,LLM_Gemini_3_Flash,48,1,-1,-1,0,A,1,exploit,0,"Based on the extensive history, button 0 consistently yields high rewards (70-85) when Mercury is 1, Krypton is -1, and Nobelium is -1. This context matches the current trial perfectly, making button 0 the clear choice for exploitation.",85,A,B,C,D
12,LLM_Gemini_3_Flash,49,1,1,-1,0,A,0,exploit,0,"Based on the history, button 0 consistently provides high rewards (approx 75-85) when Mercury is 1 and Krypton is -1, regardless of Nobelium. The current context matches this condition, making button 0 the clear choice for exploitation.",46,A,B,C,D
12,LLM_Gemini_3_Flash,50,-1,1,-1,3,D,0,exploit,0,"Based on the history, button 3 is the most effective choice when the context includes Krypton=1 and Nobelium=-1. Previous trials (25, 35, 39, 40, 42, 45) confirm this button consistently yields moderate-to-high rewards under these conditions, whereas buttons 0 and 2 perform poorly when Krypton is active.",55,A,B,C,D
13,LLM_Gemini_3_Flash,1,1,1,-1,0,A,0,explore,1,"This is the first trial, so there is no historical data. I am selecting button 0 to establish a baseline reward and begin mapping the relationship between the context signals (Mercury: 1, Krypton: 1, Nobelium: -1) and the button rewards.",49,A,B,C,D
13,LLM_Gemini_3_Flash,2,-1,1,1,1,B,0,explore,1,"Since only button 0 has been tested once, I need to explore the other buttons (1, 2, and 3) to establish a baseline reward and understand their sensitivity to the current context (Mercury: -1, Krypton: 1, Nobelium: 1) before I can reliably exploit any specific option.",51,A,B,C,D
13,LLM_Gemini_3_Flash,3,1,-1,1,2,C,0,explore,1,"I have limited data on button 2 and 3. Given the signals Mercury=1, Krypton=-1, Nobelium=1, I am exploring button 2 to differentiate its performance from the buttons tested in previous trials.",47,A,B,C,D
13,LLM_Gemini_3_Flash,4,1,-1,-1,3,D,0,explore,1,"I have limited data for buttons 0, 1, and 2, and no data for button 3. Exploring button 3 in the current context (1, -1, -1) will help establish a baseline for its performance and improve my reward model across all available options.",52,A,B,C,D
13,LLM_Gemini_3_Flash,5,1,-1,1,2,C,0,exploit,0,"In trial 3, with the context (1, -1, 1), button 2 provided a reward of 47. While this is not the highest historical reward, the current context exactly matches that of trial 3. I will re-test button 2 to solidify the data point for this specific context, as the current history suggests button 2's performance in this state needs further verification before deciding if exploration of other buttons is necessary.",58,A,B,C,D
13,LLM_Gemini_3_Flash,6,-1,1,-1,1,B,1,explore,1,"Button 1 performed well in trial 2 with Krypton 1 and Nobelium 1. Given the current context of Krypton 1, testing button 1 again allows me to gather more data on its sensitivity to the signals while acknowledging that my current reward function mapping is still developing.",76,A,B,C,D
13,LLM_Gemini_3_Flash,7,1,-1,1,2,C,0,exploit,0,"In trial 5, the current context (1, -1, 1) was tested on button 2, resulting in a high reward of 58. Since this exact context (Mercury: 1, Krypton: -1, Nobelium: 1) has recurred, I am choosing button 2 again to exploit the positive signal observed.",51,A,B,C,D
13,LLM_Gemini_3_Flash,8,1,-1,-1,3,D,0,exploit,0,"In trial 4, with the same context (1, -1, -1), button 3 yielded a reward of 52. Given the available data, this is the most reliable observed performance for this specific context, while other buttons have shown mixed or lower results.",53,A,B,C,D
13,LLM_Gemini_3_Flash,9,1,-1,-1,3,D,0,exploit,0,"In trials 4 and 8, choosing button 3 with the same context (Mercury: 1, Krypton: -1, Nobelium: -1) yielded consistently high rewards (52 and 53). Given the performance relative to other buttons, I am exploiting this observation.",49,A,B,C,D
13,LLM_Gemini_3_Flash,10,1,1,-1,0,A,0,explore,1,"Trial 1 showed that Button 0 yielded a reward of 49 under the same context (Mercury 1, Krypton 1, Nobelium -1). Since I have very limited data for Button 0 compared to Buttons 2 and 3, I am choosing to explore it again to refine my understanding of its reward potential under these conditions.",48,A,B,C,D
13,LLM_Gemini_3_Flash,11,1,-1,-1,3,D,0,exploit,0,"In trials 4, 8, and 9, button 3 was chosen under the same context (Mercury: 1, Krypton: -1, Nobelium: -1), consistently yielding decent rewards. Compared to other buttons in this context, button 3 appears to be the most reliable performer.",48,A,B,C,D
13,LLM_Gemini_3_Flash,12,1,1,-1,0,A,0,exploit,0,"In the current context (Mercury: 1, Krypton: 1, Nobelium: -1), I have previously chosen button 0 twice with stable rewards of 49 and 48. Given the lack of strong performance from other buttons in similar contexts and the consistency observed so far for button 0 under these conditions, I am choosing to exploit this known payoff.",43,A,B,C,D
13,LLM_Gemini_3_Flash,13,1,-1,-1,3,D,0,exploit,0,"In trials 4, 8, 9, and 11, button 3 was chosen under the same context (Mercury 1, Krypton -1, Nobelium -1). It has consistently provided a stable reward around 50-53, which is relatively high compared to the performance of other buttons observed in different contexts.",50,A,B,C,D
13,LLM_Gemini_3_Flash,14,-1,1,1,1,B,0,exploit,0,"In trial 2, the context (-1, 1, 1) resulted in a reward of 51 for button 1, while trial 6 showed button 1 yielded 76 for context (-1, 1, -1). Given the current context is (-1, 1, 1), button 1 is the most promising candidate identified so far for this specific configuration.",53,A,B,C,D
13,LLM_Gemini_3_Flash,15,-1,1,1,1,B,0,exploit,0,"In trial 2 and 14, button 1 yielded rewards of 51 and 53 under the same context (Mercury: -1, Krypton: 1, Nobelium: 1). Given that these are the only observed outcomes for this context and button combination, and button 1 has shown strong performance elsewhere, exploiting it is the logical choice.",61,A,B,C,D
13,LLM_Gemini_3_Flash,16,1,-1,1,2,C,0,exploit,0,"Based on historical data for the context (Mercury: 1, Krypton: -1, Nobelium: 1), Button 2 has consistently provided the highest observed rewards (58 and 51), significantly outperforming other buttons in this specific context.",52,A,B,C,D
13,LLM_Gemini_3_Flash,17,1,1,-1,0,A,0,exploit,0,"In context (1, 1, -1), button 0 has consistently yielded moderate rewards (43-49). Since button 3 (context 1, -1, -1) and button 1/2 have shown better performance in other specific contexts, but button 0 is the primary observed choice for this specific context (1, 1, -1) in the history, I will stick with it to exploit the known baseline.",51,A,B,C,D
13,LLM_Gemini_3_Flash,18,-1,-1,1,1,B,0,exploit,0,"Button 1 has shown strong performance when Krypton is 1, yielding high rewards (51, 76, 53, 61). In the current context, Krypton is -1, which suggests Button 1 might be suboptimal, but Button 2 has historically performed inconsistently. Given the history of Button 1's performance, it is the most reliable button observed under positive Krypton conditions, but I will exploit it to continue gathering data on how it behaves when the context signals change.",21,A,B,C,D
13,LLM_Gemini_3_Flash,19,1,-1,-1,3,D,0,exploit,0,"Button 3 has consistently provided stable rewards (ranging 48-53) in this specific context (Mercury: 1, Krypton: -1, Nobelium: -1) compared to other buttons, making it the most reliable choice for this configuration.",51,A,B,C,D
13,LLM_Gemini_3_Flash,20,-1,1,-1,1,B,1,exploit,0,"Trial 6 showed that button 1 yielded a high reward (76) when Krypton was 1 and Mercury/Nobelium were -1 (or potentially when Krypton is 1, regardless of other signals). The current context (Mercury: -1, Krypton: 1, Nobelium: -1) matches the conditions where button 1 has previously performed well.",75,A,B,C,D
13,LLM_Gemini_3_Flash,21,-1,-1,1,1,B,0,exploit,0,"Button 1 has shown strong performance when Krypton is 1. Although the context here is Mercury -1, Krypton -1, Nobelium 1, my data shows Button 1 is the most consistent high-performer compared to others, and I will test its response in this specific configuration again.",27,A,B,C,D
13,LLM_Gemini_3_Flash,22,-1,-1,1,2,C,1,explore,1,"Button 1 performs well when Krypton is 1, but poorly when Krypton is -1. Button 3 consistently yields around 50 when Mercury is 1 and Krypton is -1. Button 2 has shown variable performance when Mercury is 1, but I need to better understand its behavior when Mercury is -1 and Nobelium is 1, as the history for this combination is limited and non-definitive.",84,A,B,C,D
13,LLM_Gemini_3_Flash,23,1,-1,-1,3,D,0,exploit,0,"Based on the trial history, button 3 has consistently provided stable rewards (around 50) when the context is Mercury: 1, Krypton: -1, Nobelium: -1. Given that this specific context configuration matches previous trials where button 3 was successful, exploiting this known high-performing button for the current state is the optimal strategy.",46,A,B,C,D
13,LLM_Gemini_3_Flash,24,-1,1,1,1,B,0,exploit,0,"In trials 2, 14, 15, and 20, button 1 has shown strong performance when Krypton is 1, even when Mercury or Nobelium vary. Given the current context (Mercury: -1, Krypton: 1, Nobelium: 1), button 1 is the most consistent performer among the options tested for this state.",46,A,B,C,D
13,LLM_Gemini_3_Flash,25,-1,1,1,1,B,0,exploit,0,"Button 1 has shown strong performance when Krypton is 1, regardless of the other signals (e.g., trials 2, 6, 14, 15, 20). Given the current context has Krypton as 1, button 1 is the most promising candidate for high reward.",55,A,B,C,D
13,LLM_Gemini_3_Flash,26,-1,-1,1,2,C,1,exploit,0,"In trial 22, when the context was Mercury -1, Krypton -1, Nobelium 1, button 2 yielded a high reward of 84. Given the current context matches these parameters, button 2 is the best candidate for exploitation.",82,A,B,C,D
13,LLM_Gemini_3_Flash,27,-1,1,1,1,B,0,exploit,0,"Button 1 has shown a strong preference for the Krypton=1 signal, consistently yielding higher rewards (51, 76, 53, 61, 75, 46, 55) in contexts where Krypton is on, compared to its poor performance when Krypton is off. Given the current context (Mercury: -1, Krypton: 1, Nobelium: 1), button 1 is the most reliable choice.",57,A,B,C,D
13,LLM_Gemini_3_Flash,28,1,-1,-1,3,D,0,exploit,0,"In the current context (Mercury: 1, Krypton: -1, Nobelium: -1), button 3 has consistently provided rewards in the 46-53 range across multiple trials. Previous trials (4, 8, 9, 11, 13, 19, 23) confirm this button is stable and reliable for this specific signal combination.",48,A,B,C,D
13,LLM_Gemini_3_Flash,29,-1,1,-1,1,B,1,exploit,0,"In the current context (Mercury: -1, Krypton: 1, Nobelium: -1), button 1 has shown a strong performance in trials 6 and 20 (rewards of 76 and 75 respectively). Previous data confirms that button 1 yields high returns when Krypton is 1 and Mercury is -1, making it the clear choice to exploit.",86,A,B,C,D
13,LLM_Gemini_3_Flash,30,-1,1,1,1,B,0,exploit,0,"Button 1 has consistently shown strong performance when Krypton is 1, regardless of the Nobelium state, especially compared to the average performance of other buttons. With the current context (Mercury: -1, Krypton: 1, Nobelium: 1), button 1 is the most reliable choice based on prior trials where it yielded rewards between 46 and 61 under these conditions.",58,A,B,C,D
13,LLM_Gemini_3_Flash,31,-1,1,-1,1,B,1,exploit,0,"Button 1 has consistently shown strong performance when Krypton is 1, regardless of the Nobelium value (rewarding 76, 75, and 86 in trials with Krypton: 1, Nobelium: -1). Given the current context (Mercury: -1, Krypton: 1, Nobelium: -1), Button 1 is the most reliable choice.",86,A,B,C,D
13,LLM_Gemini_3_Flash,32,-1,1,-1,1,B,1,exploit,0,"Based on the history, button 1 consistently yields high rewards when Krypton is 1, specifically reaching values in the 75-86 range when Krypton is 1 and Mercury is -1, regardless of the Nobelium signal. The current context matches this condition perfectly.",82,A,B,C,D
13,LLM_Gemini_3_Flash,33,1,-1,1,2,C,0,exploit,0,"Based on historical data, button 2 performs exceptionally well when Nobelium is 1, specifically yielding rewards around 80+ when Krypton is -1. Button 1 performs best when Krypton is 1, and Button 3 is consistent when Mercury is 1 and Krypton is -1 but with lower yields. Given the current context (Mercury: 1, Krypton: -1, Nobelium: 1), button 2 is the most promising choice.",43,A,B,C,D
13,LLM_Gemini_3_Flash,34,-1,-1,1,2,C,1,exploit,0,"Based on the history, button 2 has shown a very high reward (over 80) specifically when Mercury is -1 and Nobelium is 1 (Trials 22, 26). Since the current context has these exact parameters (Mercury: -1, Nobelium: 1), button 2 is the most promising choice.",88,A,B,C,D
13,LLM_Gemini_3_Flash,35,1,-1,-1,3,D,0,exploit,0,"Button 3 has been consistent in this context (Mercury 1, Krypton -1, Nobelium -1), typically yielding rewards around 48-53. While Button 2 and Button 1 yield higher rewards in other contexts, they do not appear optimized for the current context.",47,A,B,C,D
13,LLM_Gemini_3_Flash,36,1,1,-1,0,A,0,exploit,0,"Based on historical data, button 0 consistently provides moderate rewards (43-51) in the current context (Mercury: 1, Krypton: 1, Nobelium: -1). While button 1 and 2 perform exceptionally well in different contexts, they do not appear to perform well under these specific conditions, and button 0 is the most reliable choice observed for this context configuration.",47,A,B,C,D
13,LLM_Gemini_3_Flash,37,-1,-1,1,2,C,1,exploit,0,"Based on the history, button 2 performs exceptionally well when Mercury is -1 and Nobelium is 1 (rewards of 84, 82, 88). In the current context (Mercury: -1, Krypton: -1, Nobelium: 1), button 2 is the most likely to yield the highest reward compared to the others.",77,A,B,C,D
13,LLM_Gemini_3_Flash,38,-1,1,1,1,B,0,exploit,0,"Button 1 has consistently shown high rewards when Krypton is 1, regardless of Mercury or Nobelium states. Given the current context (Mercury: -1, Krypton: 1, Nobelium: 1), Button 1 is the most reliable high-performing choice based on historical data for those specific signals.",52,A,B,C,D
13,LLM_Gemini_3_Flash,39,1,-1,1,2,C,0,exploit,0,"Button 2 has consistently yielded high rewards (avg ~50-80) when Nobelium is 1, particularly when Krypton is -1. Given the current context (Mercury: 1, Krypton: -1, Nobelium: 1), Button 2 is the most promising candidate compared to Button 0, 1, or 3 based on established performance.",55,A,B,C,D
13,LLM_Gemini_3_Flash,40,1,-1,-1,3,D,0,exploit,0,"Based on the history, button 3 has consistently yielded rewards in the 46-53 range when Mercury is 1, Krypton is -1, and Nobelium is -1, making it the most stable and reliable choice for this specific context.",52,A,B,C,D
13,LLM_Gemini_3_Flash,41,-1,1,1,1,B,0,exploit,0,"Button 1 has consistently shown high rewards when Krypton is 1, regardless of the Mercury and Nobelium signals (consistently 50-80+ range). Given the current context (Mercury: -1, Krypton: 1, Nobelium: 1), Button 1 is the most reliable performer based on history.",59,A,B,C,D
13,LLM_Gemini_3_Flash,42,-1,1,1,1,B,0,exploit,0,"Button 1 has consistently shown high rewards when Krypton is 1, regardless of Mercury or Nobelium values. Despite the current context having Mercury at -1, Krypton at 1, and Nobelium at 1, Button 1 remains the strongest performer in this state, often yielding rewards in the 50-60 range.",54,A,B,C,D
13,LLM_Gemini_3_Flash,43,-1,-1,1,2,C,1,exploit,0,"The context is Mercury=-1, Krypton=-1, Nobelium=1. Looking at historical data, button 2 consistently yields high rewards (80+) in this exact configuration (e.g., trials 22, 26, 34, 37). Other options are significantly lower in this specific state.",72,A,B,C,D
13,LLM_Gemini_3_Flash,44,1,1,-1,0,A,0,exploit,0,"Based on historical data, button 0 has consistently provided rewards around 43-51 when Mercury=1, Krypton=1, Nobelium=-1. Button 3 consistently yields around 48-52 in Mercury=1, Krypton=-1, Nobelium=-1 contexts. Button 1 performs best when Krypton=1 and Nobelium=1 or -1 (mercury -1), and button 2 performs best when Mercury=-1 and Nobelium=1 (krypton -1). In the current context (1, 1, -1), button 0 is the most appropriate exploitation choice.",51,A,B,C,D
13,LLM_Gemini_3_Flash,45,1,-1,-1,3,D,0,exploit,0,"Based on historical data, button 3 consistently yields rewards around 50 when Mercury=1, Krypton=-1, and Nobelium=-1. Since I have observed this pattern multiple times, I am confident in exploiting this button for the current context.",55,A,B,C,D
13,LLM_Gemini_3_Flash,46,-1,-1,1,2,C,1,exploit,0,"Button 2 consistently demonstrates high performance (70s-80s) when Mercury is -1 and Nobelium is 1, regardless of the Krypton signal. Given the current context (Mercury: -1, Krypton: -1, Nobelium: 1), Button 2 is the most reliable choice for maximizing rewards.",77,A,B,C,D
13,LLM_Gemini_3_Flash,47,1,1,-1,0,A,0,exploit,0,"Based on the history, button 0 consistently yields rewards in the range of 43-51 when Mercury is 1, Krypton is 1, and Nobelium is -1. While other buttons have higher peak rewards in different contexts (like button 1 and 2), button 0 appears to be the most reliable option for this specific context.",59,A,B,C,D
13,LLM_Gemini_3_Flash,48,-1,1,1,1,B,0,exploit,0,"Based on historical data, Button 1 shows high rewards (75-86) when Mercury is -1 and Krypton is 1, regardless of Nobelium. In this context (Mercury=-1, Krypton=1, Nobelium=1), Button 1 has consistently yielded competitive rewards, making it the highest expected value choice.",44,A,B,C,D
13,LLM_Gemini_3_Flash,49,-1,1,-1,1,B,1,exploit,0,"Based on historical data, button 1 consistently yields high rewards when Krypton is 1, regardless of Mercury. In the current context (Mercury: -1, Krypton: 1, Nobelium: -1), button 1 has demonstrated strong performance, with rewards typically ranging from 75 to 86 in similar configurations.",86,A,B,C,D
13,LLM_Gemini_3_Flash,50,1,-1,1,2,C,0,exploit,0,"Based on historical data, button 2 consistently performs well (ranging 43-88, typically higher) when Nobelium is 1, regardless of the other signals. Since the current context has Nobelium as 1, button 2 is the most likely to yield the highest reward compared to the other buttons.",55,A,B,C,D
14,LLM_Gemini_3_Flash,1,1,1,-1,0,B,1,explore,1,This is the first trial of the game. I have no prior information regarding the reward functions of the buttons. I will begin by selecting button 0 to establish a baseline reward and begin the process of gathering data on the relationship between the signals and the button payouts.,82,B,D,A,C
14,LLM_Gemini_3_Flash,2,1,-1,-1,1,D,0,explore,1,"Since I only have one data point from trial 1 (Button 0 gave 82 when signals were 1, 1, -1), I have insufficient information about the reward functions of the other buttons. I am choosing Button 1 to begin exploring its performance under the new context (1, -1, -1) to start building a map of the rewards.",44,B,D,A,C
14,LLM_Gemini_3_Flash,3,-1,-1,1,2,A,0,explore,1,"I have only tested button 0 and 1 so far, with very limited context variety. I am choosing button 2 to begin gathering data on its reward distribution to establish a baseline for comparison against the other buttons.",47,B,D,A,C
14,LLM_Gemini_3_Flash,4,1,-1,-1,0,B,0,explore,1,"I have limited data. Trial 1 showed button 0 gave a high reward of 82 under Mercury=1, Krypton=1, Nobelium=-1. In the current trial, Mercury=1, Krypton=-1, Nobelium=-1. I need to test button 0 again under these specific conditions to see if it remains high-performing compared to the 44 I received from button 1 in a similar context.",46,B,D,A,C
14,LLM_Gemini_3_Flash,5,-1,1,-1,3,C,0,explore,1,"Button 0 shows high variability (46-82), while Button 1 and 2 have low observed rewards. Given the current context (Mercury -1, Krypton 1, Nobelium -1), Button 3 remains untested and represents the best opportunity to gather data to map the reward functions effectively.",51,B,D,A,C
14,LLM_Gemini_3_Flash,6,-1,-1,1,2,A,0,exploit,0,"In trial 3, with the context signals (-1, -1, 1), button 2 yielded a reward of 47. Given the limited data, this is currently the only successful observation for this specific context, making it the most reliable choice to maximize returns.",44,B,D,A,C
14,LLM_Gemini_3_Flash,7,-1,1,1,0,B,0,explore,1,"With limited data, button 0 has shown potential for high rewards (trial 1). I need to gather more data for the current context (-1, 1, 1) to determine if button 0 remains performant compared to button 3 or others in this specific configuration.",53,B,D,A,C
14,LLM_Gemini_3_Flash,8,1,-1,1,3,C,0,explore,1,"Button 0 has shown variable performance and Button 2 has been tested twice with moderate results. Button 3 has only been tested once in a different context (Mercury -1, Krypton 1, Nobelium -1). Exploring Button 3 in the current context (Mercury 1, Krypton -1, Nobelium 1) helps gather more data on its potential performance.",47,B,D,A,C
14,LLM_Gemini_3_Flash,9,-1,1,1,0,B,0,exploit,0,"Button 0 was chosen in trial 7 with the same context (-1, 1, 1) and yielded a reward of 53, which is relatively strong compared to other observed outcomes. Given the available history, it appears to be the most promising option for this specific context.",50,B,D,A,C
14,LLM_Gemini_3_Flash,10,1,-1,-1,1,D,0,explore,1,"Button 1 has only been tried once in this specific context (trial 2), yielding 44. Given the limited data and the need to compare it against Button 0, which has shown varied performance (46 and 82), further exploration of Button 1 is necessary to clarify its reward profile under these conditions.",44,B,D,A,C
14,LLM_Gemini_3_Flash,11,-1,-1,1,2,A,0,exploit,0,"Button 2 was tested twice under the same context (Mercury: -1, Krypton: -1, Nobelium: 1) and yielded consistent results (47 and 44). WhileButton 0 has shown high rewards elsewhere, it seems to fluctuate. I am exploiting the evidence that button 2 performs reasonably well in this specific context.",38,B,D,A,C
14,LLM_Gemini_3_Flash,12,-1,1,1,0,B,0,exploit,0,"Button 0 has shown consistent performance in the current context (Mercury: -1, Krypton: 1, Nobelium: 1) in previous trials (7 and 9), providing higher average rewards compared to other tested buttons.",49,B,D,A,C
14,LLM_Gemini_3_Flash,13,1,1,-1,0,B,1,exploit,0,"Button 0 yielded the highest reward (82) in the same context (Mercury: 1, Krypton: 1, Nobelium: -1) in trial 1. Given that I have already established strong evidence for this specific context-reward mapping, I am choosing to exploit this known high-performing arm.",81,B,D,A,C
14,LLM_Gemini_3_Flash,14,1,-1,-1,0,B,0,exploit,0,"In the current context (Mercury: 1, Krypton: -1, Nobelium: -1), I previously chose button 0 (Trial 4) and received 46, and button 1 (Trials 2 and 10) yielding 44. While 46 is not as high as 82 (Trial 1), the context in Trial 1 was (1, 1, -1), suggesting button 0 has high sensitivity to Mercury and Krypton. Given button 1's consistency at 44, I will choose 0 again to see if it performs better or explore the context space further.",56,B,D,A,C
14,LLM_Gemini_3_Flash,15,1,-1,1,0,B,0,exploit,0,"Button 0 has consistently provided high rewards (avg ~60-80) compared to buttons 1, 2, and 3, especially when Mercury is 1, even if the Nobelium signal varies. Button 0 appears to have a strong positive baseline or sensitivity to Mercury.",16,B,D,A,C
14,LLM_Gemini_3_Flash,16,-1,-1,1,3,C,1,explore,1,"Button 0 shows high rewards when Mercury is 1 and Krypton is 1, but poor rewards when Nobelium is 1. Button 2 has yielded low-to-moderate results (38-47) in the current context (-1, -1, 1). Button 3 has not been tested in this specific context yet, so exploring it is necessary to identify if it performs better than button 2 here.",84,B,D,A,C
14,LLM_Gemini_3_Flash,17,1,1,-1,0,B,1,exploit,0,"Button 0 has consistently delivered very high rewards (82 and 81) when the context is Mercury: 1, Krypton: 1, Nobelium: -1. Given the strong performance in this specific context in previous trials, I am exploiting this observation to maximize profit.",76,B,D,A,C
14,LLM_Gemini_3_Flash,18,1,-1,-1,0,B,0,exploit,0,"In context (1, -1, -1), Button 0 has shown consistent performance (46 and 56) compared to Button 1 (44). Button 0 appears to be the most reliable option under these conditions.",48,B,D,A,C
14,LLM_Gemini_3_Flash,19,1,1,-1,0,B,1,exploit,0,"Button 0 has consistently delivered very high rewards (82, 81, 76) when Mercury=1 and Krypton=1, which matches the current context. Given this strong correlation, exploiting button 0 is the optimal strategy.",81,B,D,A,C
14,LLM_Gemini_3_Flash,20,1,-1,1,3,C,0,explore,1,"Button 0 has been highly variable and performed poorly (16) in the current context (Mercury:1, Krypton:-1, Nobelium:1) in trial 15. Button 3 yielded a high reward (84) in a similar context (Nobelium: 1). I am choosing button 3 to explore its potential performance in this context since button 0's results are inconsistent.",50,B,D,A,C
14,LLM_Gemini_3_Flash,21,1,1,-1,0,B,1,exploit,0,"In trials 1, 13, 17, and 19, with the context Mercury=1, Krypton=1, Nobelium=-1, button 0 consistently yielded high rewards (82, 81, 76, 81). This pattern strongly suggests button 0 is the optimal choice under this specific context.",71,B,D,A,C
14,LLM_Gemini_3_Flash,22,-1,1,-1,3,C,0,explore,1,"Button 0 clearly performs well when Mercury=1 and Krypton=1. However, with current context Mercury=-1 and Krypton=1, button 0's performance is lower (around 50). Button 3 showed a very strong reward (84) in a previous trial with different context but remains a strong candidate to investigate under these specific conditions to see if it outperforms button 0.",49,B,D,A,C
14,LLM_Gemini_3_Flash,23,1,1,-1,0,B,1,exploit,0,"Button 0 has consistently delivered high rewards (82, 81, 81, 76, 71) when the context is (Mercury: 1, Krypton: 1, Nobelium: -1). Given the current context matches this configuration perfectly, choosing button 0 is the most likely to maximize profit.",79,B,D,A,C
14,LLM_Gemini_3_Flash,24,1,-1,1,3,C,0,exploit,0,"Button 3 has shown strong performance (84 in trial 16) when the context matches Mercury=-1, Krypton=-1, Nobelium=1. Given the current context (Mercury=1, Krypton=-1, Nobelium=1), the performance of Button 0 has been highly variable and significantly lower in this specific configuration (trial 15), suggesting Button 3 is a better candidate for this specific context set.",46,B,D,A,C
14,LLM_Gemini_3_Flash,25,1,-1,1,3,C,0,exploit,0,"Button 0 shows very high rewards when Mercury is 1 and Krypton is 1, but poor results when Mercury is 1 and Krypton is -1. Button 3 has consistently provided moderate to strong results (46-84) in various contexts, particularly when the current signal (M:1, K:-1, N:1) has appeared previously (trials 8, 20, 24). Given Button 0's poor performance in this specific context (trial 15), Button 3 remains the most reliable performer.",51,B,D,A,C
14,LLM_Gemini_3_Flash,26,-1,-1,1,3,C,1,exploit,0,"Button 3 has shown strong results (84, 50, 46, 51) in contexts where Mercury is 1, and also performed well (51, 49) when Mercury is -1. Given the context (Mercury: -1, Krypton: -1, Nobelium: 1), Button 3 remains a top candidate based on its performance in trial 16, while Button 2's performance (38-47) is consistently lower in this context.",74,B,D,A,C
14,LLM_Gemini_3_Flash,27,1,1,-1,0,B,1,exploit,0,"Button 0 has consistently delivered high rewards (71-82) in contexts where Mercury=1 and Krypton=1, regardless of the Nobelium value. Given the current context matches this high-performing pattern, exploiting Button 0 is the most likely strategy to maximize rewards.",77,B,D,A,C
14,LLM_Gemini_3_Flash,28,-1,1,1,3,C,1,exploit,0,"In the current context (Mercury: -1, Krypton: 1, Nobelium: 1), button 3 has shown strong performance in similar scenarios (e.g., trial 16 and trial 26 show high rewards for button 3 when Nobelium is 1 and Mercury/Krypton signals vary). Button 0 is consistently high when Mercury=1 and Krypton=1, but performed worse when Mercury=-1 (trial 7, 9, 12). Given button 3's performance in high Nobelium contexts, I am exploiting button 3.",81,B,D,A,C
14,LLM_Gemini_3_Flash,29,1,-1,1,3,C,0,exploit,0,"Button 0 shows high, consistent performance when Mercury=1 and Krypton=1. Button 3 consistently outperforms Button 0 and others when the context involves Nobelium=1 with Mercury=1 or -1 (Trials 8, 16, 20, 24, 25, 26, 28). Given the current context (Mercury: 1, Krypton: -1, Nobelium: 1), Button 3 is the most reliable option based on historical performance.",51,B,D,A,C
14,LLM_Gemini_3_Flash,30,1,-1,-1,0,B,0,exploit,0,"Button 0 shows high, consistent performance when Mercury is 1 and Krypton is 1, regardless of Nobelium. In trials where Mercury is 1 and Krypton is -1, Button 0 has historically yielded results (46, 56) that are competitive with other buttons, and given the lack of better options for this specific context, I will exploit Button 0.",61,B,D,A,C
14,LLM_Gemini_3_Flash,31,1,-1,1,3,C,0,exploit,0,"In the current context (Mercury: 1, Krypton: -1, Nobelium: 1), Button 3 has consistently yielded moderate rewards (46-51) compared to Button 0, which dropped to 16 in this same context in trial 15. Although Button 3's performance here is lower than its performance in other contexts, it is the most stable and reliable option for this specific set of signals based on historical data.",39,B,D,A,C
14,LLM_Gemini_3_Flash,32,-1,-1,1,3,C,1,exploit,0,"Button 3 has consistently performed well, particularly when Nobelium is 1, yielding high rewards (up to 84). Given the current context (Mercury: -1, Krypton: -1, Nobelium: 1), Button 3 aligns with the identified pattern of high performance under these specific signals.",69,B,D,A,C
14,LLM_Gemini_3_Flash,33,-1,-1,1,3,C,1,exploit,0,"Button 3 has shown consistent high performance (rewards of 84, 74, 81, 69) when Nobelium is 1, particularly when Mercury is -1. Given the current context (Mercury: -1, Krypton: -1, Nobelium: 1), Button 3 remains the highest-performing candidate.",78,B,D,A,C
14,LLM_Gemini_3_Flash,34,1,-1,-1,0,B,0,exploit,0,"Button 0 has shown high rewards (averaging 50-60 in this context) whenever Mercury is 1 and Krypton is -1. While Button 3 performs well in other contexts, Button 0 is the most consistent performer for the current signal profile (1, -1, -1).",51,B,D,A,C
14,LLM_Gemini_3_Flash,35,-1,1,-1,3,C,0,exploit,0,"Button 3 has consistently yielded higher rewards in contexts where Nobelium is 1 (Trials 16, 26, 32, 33) or when Mercury is -1 and Krypton is 1 (Trial 28). Given the current context (Mercury: -1, Krypton: 1, Nobelium: -1), button 3 has shown stability and moderate-to-high returns in similar mixed configurations compared to button 0 which is highly sensitive to Mercury and Krypton.",51,B,D,A,C
14,LLM_Gemini_3_Flash,36,1,1,-1,0,B,1,exploit,0,"Button 0 has consistently provided high rewards (70-80+) when Mercury is 1 and Krypton is 1, regardless of Nobelium being -1. Given the current context matches this high-reward state, exploiting button 0 is the optimal strategy.",77,B,D,A,C
14,LLM_Gemini_3_Flash,37,1,1,-1,0,B,1,exploit,0,"Based on historical data, button 0 consistently yields high rewards (averaging ~75-80) when the Mercury signal is 1 and the Krypton signal is 1, regardless of the Nobelium signal. Since the current context matches this condition, I am exploiting this learned pattern.",75,B,D,A,C
14,LLM_Gemini_3_Flash,38,1,1,-1,0,B,1,exploit,0,"The current context (Mercury=1, Krypton=1, Nobelium=-1) consistently yields high rewards (typically 70-80+) when choosing button 0, as evidenced by multiple trials (1, 13, 17, 19, 21, 23, 27, 36, 37). This pattern is highly reliable.",81,B,D,A,C
14,LLM_Gemini_3_Flash,39,-1,1,-1,3,C,0,exploit,0,"Button 0 shows high rewards when Mercury is 1 and Krypton is 1, regardless of Nobelium. Button 3 has shown strong, consistent performance in contexts where Mercury is -1 and Krypton is 1. Given the current context (Mercury: -1, Krypton: 1, Nobelium: -1), Button 3 is the most reliable choice based on prior trials (Trial 5, 22, 35).",46,B,D,A,C
14,LLM_Gemini_3_Flash,40,-1,1,-1,3,C,0,exploit,0,"Button 3 has shown consistent moderate to high performance across various contexts, particularly when Mercury is -1 and Nobelium is either -1 or 1, making it a reliable choice for the current context (Mercury: -1, Krypton: 1, Nobelium: -1) based on past performance.",50,B,D,A,C
14,LLM_Gemini_3_Flash,41,-1,-1,1,3,C,1,exploit,0,"Button 3 has consistently shown strong performance when the Nobelium signal is 1, particularly when combined with negative Mercury or Krypton signals. Given the current context (Mercury: -1, Krypton: -1, Nobelium: 1), Button 3 is the most likely candidate for a high reward.",76,B,D,A,C
14,LLM_Gemini_3_Flash,42,-1,1,-1,3,C,0,exploit,0,"In the current context (Mercury: -1, Krypton: 1, Nobelium: -1), button 3 has shown consistent performance as a viable option. While button 0 is excellent for (Mercury: 1, Krypton: 1, Nobelium: -1), it performed poorly when tested in other contexts. Button 3 has consistently yielded around 50 points in this context, and since there is no strong evidence that buttons 1 or 2 outperform it under these specific conditions, I will exploit button 3.",58,B,D,A,C
14,LLM_Gemini_3_Flash,43,1,-1,-1,0,B,0,exploit,0,"Button 0 has consistently demonstrated high returns when Mercury is 1 and Krypton is 1, as well as decent returns when Krypton and Nobelium are both -1. Given the current context (Mercury: 1, Krypton: -1, Nobelium: -1), button 0 is statistically the most reliable choice based on prior trials 14, 18, 30, and 34.",39,B,D,A,C
14,LLM_Gemini_3_Flash,44,1,-1,1,3,C,0,exploit,0,"Button 3 has shown consistent strong performance (ranging 46-84) when Nobelium is 1, regardless of the Mercury or Krypton state, making it the most reliable choice under the current context of Mercury: 1, Krypton: -1, Nobelium: 1.",48,B,D,A,C
14,LLM_Gemini_3_Flash,45,-1,1,-1,3,C,0,exploit,0,"Button 3 has consistently provided moderate to high rewards (46-81) across various contexts, especially when Nobelium is high or Krypton is high. Given the current context (M: -1, K: 1, N: -1), Button 3 has performed reliably in trials 5, 22, 35, 39, 40, and 42 compared to Button 0, which performs best when Mercury is 1 and Krypton is 1.",48,B,D,A,C
14,LLM_Gemini_3_Flash,46,1,-1,1,3,C,0,exploit,0,"Based on historical data, button 0 excels when Mercury=1 and Krypton=1. Button 3 consistently provides better returns than other options when Krypton=-1, regardless of the Mercury or Nobelium state, making it the highest expected reward choice in the current context.",52,B,D,A,C
14,LLM_Gemini_3_Flash,47,1,-1,-1,0,B,0,exploit,0,"In the current context (Mercury: 1, Krypton: -1, Nobelium: -1), button 0 has consistently demonstrated stronger performance compared to button 1, which was tested early on and showed lower results. Button 3 performs best in other contexts (e.g., when Nobelium is 1), but based on historical data for this specific configuration, button 0 remains the most reliable option.",38,B,D,A,C
14,LLM_Gemini_3_Flash,48,-1,1,1,3,C,1,exploit,0,"Button 3 has demonstrated high returns when Nobelium is 1, regardless of the other signals. Given the current context (Mercury=-1, Krypton=1, Nobelium=1), button 3 is the most reliable choice based on prior performance in similar high-Nobelium scenarios.",83,B,D,A,C
14,LLM_Gemini_3_Flash,49,-1,1,1,3,C,1,exploit,0,"Based on historical data, button 3 shows strong performance when Nobelium is 1 (e.g., trials 16, 26, 28, 32, 33, 41, 48), yielding high rewards regardless of other signals. With the current context (Mercury: -1, Krypton: 1, Nobelium: 1), button 3 is the most consistent performer.",79,B,D,A,C
14,LLM_Gemini_3_Flash,50,1,-1,1,3,C,0,exploit,0,"Based on the observed history, Button 0 performs best when Mercury is 1 and Krypton is 1, while Button 3 shows consistently higher average returns in other contexts, particularly when Nobelium or Krypton/Mercury variations occur. Given the current context (Mercury: 1, Krypton: -1, Nobelium: 1), Button 3 has been the preferred and more consistent performer.",53,B,D,A,C
15,LLM_Gemini_3_Flash,1,-1,-1,1,0,A,0,explore,1,"Since there is no history available, I have no information about the reward functions of the buttons. I am choosing button 0 to establish a baseline for the current context (Mercury: -1, Krypton: -1, Nobelium: 1) and will rotate through other options in subsequent trials to map the reward structure.",35,A,B,D,C
15,LLM_Gemini_3_Flash,2,1,-1,1,1,B,0,explore,1,"Only button 0 has been tested once. I need to sample other buttons (1, 2, 3) across various contexts to establish a baseline for their reward functions before committing to an exploitation strategy.",23,A,B,D,C
15,LLM_Gemini_3_Flash,3,1,1,-1,2,D,0,explore,1,"I have very limited data points (only trials 1 and 2). Button 0 and Button 1 have been tested once, but Button 2 and 3 remain completely unexplored. I am choosing Button 2 to gather data on its reward function given the current context (Mercury:1, Krypton:1, Nobelium:-1) to reduce uncertainty.",48,A,B,D,C
15,LLM_Gemini_3_Flash,4,-1,1,-1,3,C,0,explore,1,"I have explored buttons 0, 1, and 2 in previous trials but have no data on button 3. Given the limited history, it is important to test button 3 to gather baseline information and assess its performance in the current context where Krypton is active.",58,A,B,D,C
15,LLM_Gemini_3_Flash,5,1,1,-1,2,D,0,exploit,0,"In trial 3, button 2 yielded a reward of 48 under the same context (Mercury: 1, Krypton: 1, Nobelium: -1). Given this is the highest known payoff for the current context, I will exploit this option.",46,A,B,D,C
15,LLM_Gemini_3_Flash,6,-1,1,1,0,A,0,explore,1,"I have not yet tested button 0 in a context where Krypton is 1, so I am choosing it to gather more data on its potential performance under these specific conditions, as my previous trials only show one interaction with it in a different context.",19,A,B,D,C
15,LLM_Gemini_3_Flash,7,-1,-1,1,0,A,0,exploit,0,"In trial 1, the same context (Mercury: -1, Krypton: -1, Nobelium: 1) yielded a reward of 35 for button 0. Given that this is the highest known reward for this specific context, I will exploit button 0 to maximize profit.",55,A,B,D,C
15,LLM_Gemini_3_Flash,8,-1,1,-1,3,C,0,exploit,0,"In trial 4, with the same context (Mercury: -1, Krypton: 1, Nobelium: -1), button 3 yielded a high reward of 58. Since this is the only trial where I encountered this specific context with button 3, and it outperformed other options in similar configurations, exploiting it is the logical choice to maximize reward.",51,A,B,D,C
15,LLM_Gemini_3_Flash,9,1,-1,-1,0,A,1,explore,1,"Button 0 has shown high variance in past results depending on signals. Specifically, trial 7 showed a very high reward (55) for button 0 when Mercury=-1, Krypton=-1, and Nobelium=1. Since the current context (Mercury=1, Krypton=-1, Nobelium=-1) is different, I need to explore button 0 to understand its response to Mercury and Nobelium signals.",76,A,B,D,C
15,LLM_Gemini_3_Flash,10,-1,1,1,0,A,0,exploit,0,"Button 0 shows high potential (76 reward in trial 9), whereas other buttons have performed lower or inconsistently. In the current context (-1, 1, 1), I am selecting button 0 to capitalize on the observed high rewards associated with it in past trials.",22,A,B,D,C
15,LLM_Gemini_3_Flash,11,-1,1,1,1,B,0,explore,1,"Button 0 has shown high variance and low reward in the current context (-1, 1, 1). Buttons 2 and 3 have not been sufficiently tested in this specific context, and button 1 remains largely unexplored across the board. I am choosing button 1 to gather data on its reward potential under these conditions.",53,A,B,D,C
15,LLM_Gemini_3_Flash,12,-1,1,-1,3,C,0,exploit,0,"In trials 4 and 8, button 3 performed very strongly (58 and 51) under the same context signals (Mercury: -1, Krypton: 1, Nobelium: -1). Given the high payoff in this specific configuration, button 3 is the most reliable choice for this context.",49,A,B,D,C
15,LLM_Gemini_3_Flash,13,1,1,-1,2,D,0,exploit,0,"In trials 3 and 5, when Mercury=1, Krypton=1, and Nobelium=-1, choosing button 2 yielded high rewards (48 and 46). Given that the current context matches these conditions, I am exploiting this established pattern.",42,A,B,D,C
15,LLM_Gemini_3_Flash,14,-1,-1,1,0,A,0,exploit,0,"In Trial 1 and 7 with this same context (M:-1, K:-1, N:1), Button 0 yielded 35 and 55. Given the relatively high average performance of Button 0 in this specific context compared to the limited data on other buttons for these signal inputs, exploiting it is the logical choice to maximize expected reward.",50,A,B,D,C
15,LLM_Gemini_3_Flash,15,-1,1,-1,3,C,0,exploit,0,"Button 3 has consistently performed well when Krypton is 1 and Mercury is -1, yielding rewards of 58, 51, and 49 in similar contexts. Given the current signals (Mercury: -1, Krypton: 1, Nobelium: -1), it remains the most reliable high-reward option based on historical performance.",58,A,B,D,C
15,LLM_Gemini_3_Flash,16,-1,1,-1,3,C,0,exploit,0,"Button 3 has consistently provided high rewards (58, 51, 49, 58) in the current context (Mercury: -1, Krypton: 1, Nobelium: -1). Based on the history, this button is the optimal choice for this specific signal combination.",47,A,B,D,C
15,LLM_Gemini_3_Flash,17,-1,-1,1,0,A,0,exploit,0,"In the current context (-1, -1, 1), Button 0 has consistently yielded good rewards (35, 55, 50) compared to other options. It seems to respond positively to this specific signal configuration, so I am choosing to exploit this reliable performer.",55,A,B,D,C
15,LLM_Gemini_3_Flash,18,1,-1,1,1,B,0,explore,1,"Button 1 has had limited testing in the current context (Mercury=1, Krypton=-1, Nobelium=1). Trial 2 resulted in a low reward of 23, but testing it again is necessary to verify its performance compared to the more frequently used Button 0, which has yielded mixed results across different conditions.",19,A,B,D,C
15,LLM_Gemini_3_Flash,19,1,-1,1,0,A,1,exploit,0,"Button 0 has shown high rewards (35, 55, 76, 50, 55) in contexts where Mercury is -1 and Nobelium is 1, or when Mercury is 1 and Krypton is -1. Although the current context (Mercury: 1, Krypton: -1, Nobelium: 1) is similar to past trials where button 0 performed well (e.g., trial 9 with Mercury: 1, Krypton: -1, Nobelium: -1), I am betting on its consistent potential versus the poor performance of other buttons in this context.",80,A,B,D,C
15,LLM_Gemini_3_Flash,20,1,-1,1,0,A,1,exploit,0,"Button 0 has shown a very strong positive correlation with Mercury being 1, especially when contrasted with the performance of other buttons under the same conditions (Trial 19 yielded a reward of 80 with Mercury=1, Krypton=-1, Nobelium=1). Given the current context matches that favorable configuration, exploiting Button 0 is the highest expected value action.",82,A,B,D,C
15,LLM_Gemini_3_Flash,21,-1,1,1,1,B,0,explore,1,"Button 0 yields high rewards when Mercury is high and Krypton is low, but low rewards when Mercury is low and Krypton/Nobelium are high. Button 3 consistently yields high rewards when Mercury is low and Krypton is high, regardless of Nobelium. In the current context (Mercury: -1, Krypton: 1, Nobelium: 1), button 0 is performing poorly. Button 3 is a strong candidate, but I have seen Button 1 perform well (53) in this exact context previously (Trial 11), so I am choosing Button 1 to further validate its performance compared to Button 3.",45,A,B,D,C
15,LLM_Gemini_3_Flash,22,-1,1,1,1,B,0,exploit,0,"In the current context (Mercury: -1, Krypton: 1, Nobelium: 1), button 1 has demonstrated significantly higher performance (average around 49) compared to buttons 0, 2, and 3, which struggle or show lower rewards in this specific configuration.",56,A,B,D,C
15,LLM_Gemini_3_Flash,23,-1,1,1,1,B,0,exploit,0,"Button 1 has consistently shown strong performance when the context is Mercury: -1, Krypton: 1, Nobelium: 1, as evidenced by rewards of 53, 45, and 56 in this specific context configuration, outperforming other buttons.",49,A,B,D,C
15,LLM_Gemini_3_Flash,24,-1,-1,1,0,A,0,exploit,0,"Button 0 has demonstrated consistently high rewards (up to 82) in contexts involving Mercury=-1, Krypton=-1, Nobelium=1, based on trials 1, 7, 14, and 17. It appears to be the optimal choice for this specific context.",41,A,B,D,C
15,LLM_Gemini_3_Flash,25,1,-1,-1,0,A,1,exploit,0,"Button 0 has shown high rewards in the current context (Mercury: 1, Krypton: -1, Nobelium: -1), yielding 76 in trial 9. While the context for 0 fluctuates, it remains the strongest performer for Mercury=1, Krypton=-1.",87,A,B,D,C
15,LLM_Gemini_3_Flash,26,-1,-1,1,0,A,0,exploit,0,"Button 0 has consistently yielded high rewards (avg ~50+) in the current context (Mercury: -1, Krypton: -1, Nobelium: 1), particularly when comparing its performance to other arms in this specific context configuration.",56,A,B,D,C
15,LLM_Gemini_3_Flash,27,-1,1,1,1,B,0,exploit,0,"Based on the historical data for the context (Mercury: -1, Krypton: 1, Nobelium: 1), button 1 has consistently yielded higher rewards (averaging around 50) compared to button 0, which has performed poorly (low 20s) under these specific signal conditions.",49,A,B,D,C
15,LLM_Gemini_3_Flash,28,-1,-1,1,0,A,0,exploit,0,"Button 0 has consistently delivered high rewards in the current context (Mercury: -1, Krypton: -1, Nobelium: 1), with recent returns of 41, 55, and 56. Given the accumulated history, it remains the most reliable performer for this configuration.",50,A,B,D,C
15,LLM_Gemini_3_Flash,29,-1,-1,1,0,A,0,exploit,0,"Button 0 has consistently delivered strong rewards (often 40-55) when Mercury is -1, Krypton is -1, and Nobelium is 1, and it also shows high performance in other contexts like Mercury 1, Krypton -1. Given the high empirical success in this specific context configuration, choosing 0 is the optimal exploitation strategy.",51,A,B,D,C
15,LLM_Gemini_3_Flash,30,1,-1,1,0,A,1,exploit,0,"Button 0 has consistently performed very well when Mercury is 1, regardless of the other signals (e.g., trials 9, 19, 20, 25). Since Mercury is 1 in the current context, choosing button 0 is expected to yield the highest reward based on the observed data.",75,A,B,D,C
15,LLM_Gemini_3_Flash,31,1,1,-1,2,D,0,exploit,0,"Based on historical data, button 2 has consistently provided moderate to high rewards (42-48) specifically in the context of Mercury=1, Krypton=1, Nobelium=-1. Button 0 fluctuates heavily based on other variables, and button 3 is better for Nobelium=1 or Mercury=-1 scenarios. Therefore, I am exploiting button 2 for the current context.",53,A,B,D,C
15,LLM_Gemini_3_Flash,32,-1,1,1,1,B,0,exploit,0,"Based on the history, button 1 consistently yields rewards in the 45-56 range when the context is Mercury=-1, Krypton=1, Nobelium=1. Comparing this against buttons 0, 2, and 3, which show either lower or inconsistent performance in this specific context, button 1 appears to be the optimal choice.",48,A,B,D,C
15,LLM_Gemini_3_Flash,33,1,-1,-1,0,A,1,exploit,0,"Based on historical data, Button 0 consistently provides high rewards (76 and 87) when the Mercury signal is 1 and the Krypton signal is -1, regardless of the Nobelium signal. The current context (Mercury: 1, Krypton: -1, Nobelium: -1) matches this highly profitable pattern observed in trial 9 and 25.",82,A,B,D,C
15,LLM_Gemini_3_Flash,34,1,1,-1,2,D,0,exploit,0,"Button 2 has consistently performed well in the current context (Mercury: 1, Krypton: 1, Nobelium: -1), yielding rewards of 48, 46, 42, and 53. Other buttons show lower consistency or performance in this specific signal configuration.",44,A,B,D,C
15,LLM_Gemini_3_Flash,35,1,-1,1,0,A,1,exploit,0,"Based on the history, button 0 consistently provides high rewards (75-87) when Mercury is 1, regardless of other signals. In the current context (Mercury: 1, Krypton: -1, Nobelium: 1), button 0 has a very strong track record compared to the alternatives.",80,A,B,D,C
15,LLM_Gemini_3_Flash,36,-1,1,1,1,B,0,exploit,0,"Based on historical data, button 1 consistently performs well when the context is Mercury -1 and Krypton 1. My past rewards for button 1 in this context were 53, 45, 56, 49, 49, and 48, which are significantly higher than the yields I've seen from button 0 in the same conditions.",52,A,B,D,C
15,LLM_Gemini_3_Flash,37,-1,-1,1,0,A,0,exploit,0,"Button 0 has consistently demonstrated the highest average rewards when the context includes Mercury: 1 or when the combination is Mercury: -1, Krypton: -1, Nobelium: 1. Given the current context is Mercury: -1, Krypton: -1, Nobelium: 1, Button 0 is historically the strongest performer.",53,A,B,D,C
15,LLM_Gemini_3_Flash,38,-1,1,1,1,B,0,exploit,0,"Based on the observed history, Button 1 consistently yields higher rewards (45-56) when Mercury is -1 and Krypton is 1, compared to Button 0 which has been performing poorly (19-22) under these specific context signals.",51,A,B,D,C
15,LLM_Gemini_3_Flash,39,1,-1,1,0,A,1,exploit,0,"Based on historical data, button 0 has consistently provided high rewards when the Mercury signal is 1, regardless of the other signals. In the current context (Mercury: 1, Krypton: -1, Nobelium: 1), button 0 is the strongest performer.",86,A,B,D,C
15,LLM_Gemini_3_Flash,40,-1,1,1,1,B,0,exploit,0,"Based on the history, button 1 consistently performs well when the context is (Mercury: -1, Krypton: 1, Nobelium: 1), yielding rewards in the 45-56 range, which is higher than the performance of buttons 0, 2, or 3 under these specific conditions.",50,A,B,D,C
15,LLM_Gemini_3_Flash,41,1,1,-1,2,D,0,exploit,0,"Based on historical data, when Mercury=1, Krypton=1, and Nobelium=-1, Button 2 consistently provides a high reward (e.g., trials 3, 5, 13, 31, 34), whereas other buttons demonstrate either lower performance or are optimized for different context configurations.",55,A,B,D,C
15,LLM_Gemini_3_Flash,42,1,-1,1,0,A,1,exploit,0,"Based on the observed history, Button 0 consistently provides high rewards (75-87 range) when Mercury is 1, regardless of the other signals. Since the current context has Mercury set to 1, I am confident in selecting Button 0 to maximize the expected reward.",76,A,B,D,C
15,LLM_Gemini_3_Flash,43,-1,-1,1,0,A,0,exploit,0,"Button 0 consistently yields high rewards (typically 40-55) in the current context (Mercury: -1, Krypton: -1, Nobelium: 1). Historical data supports this as the optimal choice for this specific signal configuration.",40,A,B,D,C
15,LLM_Gemini_3_Flash,44,-1,1,-1,3,C,0,exploit,0,"Based on historical trials (trials 4, 8, 12, 15, 16), button 3 consistently yields high rewards (~50-58) when Mercury=-1 and Krypton=1, which matches the current context. Other buttons have lower or less consistent performance in this specific context.",49,A,B,D,C
15,LLM_Gemini_3_Flash,45,-1,-1,1,0,A,0,exploit,0,"Based on the historical data, button 0 has consistently demonstrated the highest average rewards when Mercury is -1 and Nobelium is 1, despite some variance. It remains the most reliable performer in this specific context.",49,A,B,D,C
15,LLM_Gemini_3_Flash,46,-1,1,-1,3,C,0,exploit,0,"Based on the history, button 3 consistently yields high rewards (around 50-60) when Mercury is -1 and Krypton is 1, regardless of Nobelium. Since the current context is Mercury: -1, Krypton: 1, Nobelium: -1, button 3 is the historically optimal choice for this specific condition.",57,A,B,D,C
15,LLM_Gemini_3_Flash,47,1,-1,-1,0,A,1,exploit,0,"Button 0 has consistently demonstrated high returns when Mercury is 1, regardless of other factors, reaching values up to 87. Given the current context (Mercury: 1, Krypton: -1, Nobelium: -1), choosing Button 0 is the highest expected value action based on historical data.",71,A,B,D,C
15,LLM_Gemini_3_Flash,48,-1,-1,1,0,A,0,exploit,0,"In the current context (Mercury: -1, Krypton: -1, Nobelium: 1), Button 0 has consistently demonstrated the highest average return compared to other buttons across numerous trials with the same context settings. Therefore, I am choosing to exploit this known high-performing arm.",51,A,B,D,C
15,LLM_Gemini_3_Flash,49,-1,1,1,1,B,0,exploit,0,"Based on the history, button 1 consistently yields rewards in the 45-56 range when Mercury=-1, Krypton=1, and Nobelium=1. Other buttons are less consistent or have shown lower performance in this specific context configuration.",58,A,B,D,C
15,LLM_Gemini_3_Flash,50,-1,1,1,1,B,0,exploit,0,"Based on historical data, button 1 consistently yields high rewards (averaging around 50-55) when the context is Mercury: -1, Krypton: 1, and Nobelium: 1. As I have frequently tested this configuration and it provides stable performance compared to other options in this specific state, I am choosing to exploit this pattern.",52,A,B,D,C
16,LLM_Gemini_3_Flash,1,1,-1,1,0,B,0,explore,1,"This is the first trial, so there is no historical data. I am selecting button 0 to begin gathering data on reward distributions across different contexts.",25,B,D,A,C
16,LLM_Gemini_3_Flash,2,1,-1,-1,1,D,0,explore,1,"Since I have only tested button 0 once, I have insufficient data to determine the optimal arm. I will explore button 1 to gather information on its reward function under the current context of Mercury=1, Krypton=-1, Nobelium=-1.",59,B,D,A,C
16,LLM_Gemini_3_Flash,3,-1,1,-1,2,A,0,explore,1,"I have very limited data, with only two trials completed. Button 0 and 1 have been sampled once each, but Button 2 and 3 remain untested. I need to explore Button 2 to establish a baseline for the current context (Mercury: -1, Krypton: 1, Nobelium: -1).",9,B,D,A,C
16,LLM_Gemini_3_Flash,4,1,-1,-1,1,D,0,exploit,0,"In trial 2, the context (Mercury: 1, Krypton: -1, Nobelium: -1) yielded a reward of 59 for button 1, which is the highest reward observed so far for this specific configuration. Given that the current context matches that of trial 2 exactly, exploiting button 1 is the most rational choice to maximize profit.",46,B,D,A,C
16,LLM_Gemini_3_Flash,5,-1,1,1,3,C,1,explore,1,"I have explored buttons 0, 1, and 2. Button 1 showed moderate performance, while 0 and 2 were lower. I need to test button 3 to determine its reward potential and fill the gap in my knowledge for this context.",79,B,D,A,C
16,LLM_Gemini_3_Flash,6,1,-1,-1,1,D,0,exploit,0,"Button 1 has yielded strong rewards (59 and 46) under the current context (Mercury: 1, Krypton: -1, Nobelium: -1). Given this is the highest observed return for this specific context, I am choosing to exploit it.",43,B,D,A,C
16,LLM_Gemini_3_Flash,7,1,-1,-1,1,D,0,exploit,0,"In trials 2, 4, and 6, button 1 yielded high rewards (59, 46, 43) under the current context (Mercury: 1, Krypton: -1, Nobelium: -1). Given this consistent performance compared to other buttons tested in similar contexts, I will continue to exploit button 1.",43,B,D,A,C
16,LLM_Gemini_3_Flash,8,-1,1,1,3,C,1,exploit,0,"In trial 5, button 3 provided a high reward of 79 under the current context (Mercury: -1, Krypton: 1, Nobelium: 1). Since this is the highest reward observed in the history and matches the current context, I am choosing it to exploit this finding.",81,B,D,A,C
16,LLM_Gemini_3_Flash,9,-1,1,1,3,C,1,exploit,0,"In trials 5 and 8, button 3 was chosen under the current context (Mercury: -1, Krypton: 1, Nobelium: 1), yielding high rewards of 79 and 81. This suggests button 3 is the optimal choice for this specific context.",77,B,D,A,C
16,LLM_Gemini_3_Flash,10,-1,-1,1,3,C,1,exploit,0,"Button 3 has shown consistent high performance (avg ~79) when Nobelium is 1. With current context (Mercury: -1, Krypton: -1, Nobelium: 1), Button 3 remains the highest expected value based on past high-reward performance in similar conditions.",93,B,D,A,C
16,LLM_Gemini_3_Flash,11,-1,1,-1,1,D,0,exploit,0,"Button 1 has consistently shown high reward values (around 43-59) across trials where Krypton is -1. Button 3 performs well when Nobelium is 1, but for the current context (Mercury: -1, Krypton: 1, Nobelium: -1), Button 1 is the most historically stable performer among available options.",47,B,D,A,C
16,LLM_Gemini_3_Flash,12,1,-1,-1,1,D,0,exploit,0,"Based on the history for context (1, -1, -1), button 1 has consistently yielded high rewards (59, 46, 43, 43), making it the optimal choice for this specific context.",56,B,D,A,C
16,LLM_Gemini_3_Flash,13,-1,-1,1,3,C,1,exploit,0,"Button 3 has shown consistently high performance when Nobelium is 1, regardless of Mercury or Krypton states. Specifically, in trial 10, with the exact same context (Mercury -1, Krypton -1, Nobelium 1), Button 3 yielded the highest reward (93).",79,B,D,A,C
16,LLM_Gemini_3_Flash,14,1,-1,-1,1,D,0,exploit,0,"Button 1 has consistently yielded rewards in the 40-60 range under the current context (Mercury: 1, Krypton: -1, Nobelium: -1), which is significantly higher than the outcomes observed for other buttons in this context. I will continue to exploit this choice.",53,B,D,A,C
16,LLM_Gemini_3_Flash,15,-1,1,-1,1,D,0,exploit,0,"Button 1 has shown consistent, reliable returns across various contexts (especially when Mercury is 1 and Krypton is -1). While Button 3 performs well when Nobelium is 1, its performance in the current context (-1, 1, -1) has been lower than Button 1, so I am choosing the more consistent performer.",50,B,D,A,C
16,LLM_Gemini_3_Flash,16,1,-1,-1,1,D,0,exploit,0,"Button 1 has consistently yielded higher rewards in the context (Mercury: 1, Krypton: -1, Nobelium: -1) compared to other trials. Previous data points for this specific context show rewards of 59, 46, 43, 43, and 56, making it the most reliable choice under these conditions.",43,B,D,A,C
16,LLM_Gemini_3_Flash,17,1,-1,1,1,D,0,exploit,0,"Button 1 has consistently yielded the highest rewards when Mercury is 1 and Krypton is -1, regardless of the Nobelium signal. Button 0 performed poorly in this same context in Trial 1, and Button 3's high performance appears tied to contexts where Mercury is -1.",52,B,D,A,C
16,LLM_Gemini_3_Flash,18,1,-1,-1,1,D,0,exploit,0,"Button 1 has consistently performed well when Mercury is 1 and Krypton is -1, yielding rewards in the 43-59 range under these conditions. Given the current context (Mercury: 1, Krypton: -1, Nobelium: -1), it remains the most reliable option based on the historical data.",41,B,D,A,C
16,LLM_Gemini_3_Flash,19,1,-1,-1,1,D,0,exploit,0,"In the current context (Mercury: 1, Krypton: -1, Nobelium: -1), Button 1 has consistently yielded the highest rewards compared to the limited data on other buttons in this configuration. Based on trials 2, 4, 6, 7, 12, 14, 16, and 18, Button 1 provides a reliable performance for this specific signal combination.",51,B,D,A,C
16,LLM_Gemini_3_Flash,20,-1,-1,1,3,C,1,exploit,0,"Button 3 has consistently yielded very high rewards (77-93) when Nobelium is 1, regardless of the other signals. Since the current context has Nobelium = 1, Button 3 remains the optimal choice for exploitation.",83,B,D,A,C
16,LLM_Gemini_3_Flash,21,-1,1,1,3,C,1,exploit,0,"In trials 5, 8, 9, 10, 13, and 20, button 3 has consistently yielded high rewards, especially when Nobelium is 1. Given the current context where Nobelium is 1, button 3 is statistically the most reliable choice for high rewards.",83,B,D,A,C
16,LLM_Gemini_3_Flash,22,1,1,-1,1,D,0,exploit,0,"Button 1 has consistently yielded rewards in the 40s and 50s when Mercury=1 and Krypton=-1, regardless of the Nobelium value. Button 3 consistently outperforms when Mercury=-1, and Button 2 yielded poor results, leaving Button 1 as the highest expected value for the current context (Mercury=1, Krypton=1, Nobelium=-1).",40,B,D,A,C
16,LLM_Gemini_3_Flash,23,-1,1,1,3,C,1,exploit,0,"Button 3 has consistently yielded high rewards (consistently in the 77-93 range) whenever it was selected, particularly in contexts where Nobelium is 1. Given the current context (Mercury: -1, Krypton: 1, Nobelium: 1), Button 3 remains the highest-performing option based on previous trials (5, 8, 9, 21).",71,B,D,A,C
16,LLM_Gemini_3_Flash,24,-1,1,1,3,C,1,exploit,0,"Based on the history, button 3 has consistently provided the highest rewards (ranging from 71 to 93) when Mercury is -1 and Nobelium is 1, regardless of Krypton's state. Since the current context has Mercury at -1 and Nobelium at 1, button 3 remains the optimal choice for exploitation.",79,B,D,A,C
16,LLM_Gemini_3_Flash,25,-1,1,-1,1,D,0,exploit,0,"Based on historical data, Button 1 shows consistent performance in contexts where Mercury is 1, and also performs decently when Mercury is -1. Button 3 consistently yields high rewards when Nobelium is 1, but its performance in the current context (Mercury: -1, Krypton: 1, Nobelium: -1) has been lower compared to Button 1's performance in similar mixed contexts. I will exploit the knowledge that Button 1 is the most reliable performer for this specific signal configuration.",55,B,D,A,C
16,LLM_Gemini_3_Flash,26,-1,-1,1,3,C,1,exploit,0,"Button 3 has consistently yielded high rewards (71-93 range) whenever tested, significantly outperforming Button 1's average. Given that Button 3 has been successful in multiple contexts including the current (Mercury -1, Krypton -1, Nobelium 1), exploiting this known high-performer is the optimal strategy.",82,B,D,A,C
16,LLM_Gemini_3_Flash,27,-1,1,-1,1,D,0,exploit,0,"Button 3 shows consistent high rewards when Nobelium is 1, but its performance drops when Nobelium is -1. Button 1 has been a consistently stable performer when Mercury=1 or Krypton=1 and Nobelium=-1, yielding 40-60 range. Since the current context has Nobelium=-1, Button 1 is the most reliable choice based on the observed history for this specific context configuration.",51,B,D,A,C
16,LLM_Gemini_3_Flash,28,-1,-1,1,3,C,1,exploit,0,"Historical data consistently shows button 3 performs exceptionally well, especially when Nobelium is 1. With current context Mercury -1, Krypton -1, Nobelium 1, button 3 is the highest expected value based on trials 10, 13, 20, and 26.",76,B,D,A,C
16,LLM_Gemini_3_Flash,29,1,-1,-1,1,D,0,exploit,0,"Based on the history, button 1 consistently yields rewards in the range of 40-60 when Mercury is 1 and Krypton/Nobelium are -1. Given the current context matches this, button 1 is the most reliable option based on the observed data.",56,B,D,A,C
16,LLM_Gemini_3_Flash,30,1,-1,1,1,D,0,exploit,0,"Button 3 has been consistent with high rewards when Mercury or Krypton are -1, but in the current context where Mercury=1, Krypton=-1, Nobelium=1, button 3 has not been tested. Button 1 has shown reliable moderate-to-high rewards (average ~50) when Mercury=1 and Krypton=-1. I will exploit button 1 as it is the most reliable performer in this specific context.",43,B,D,A,C
16,LLM_Gemini_3_Flash,31,1,-1,1,1,D,0,exploit,0,"Based on historical performance, button 3 consistently yields high rewards when Nobelium is 1, but its performance when Mercury is 1 and Nobelium is 1 needs refinement. Button 1 has been a consistent performer across various contexts, and since the current context (Mercury: 1, Krypton: -1, Nobelium: 1) has been previously associated with button 1 yielding moderate to high rewards, I will continue exploiting button 1.",54,B,D,A,C
16,LLM_Gemini_3_Flash,32,-1,1,-1,1,D,0,exploit,0,"Based on historical data for the current context (Mercury: -1, Krypton: 1, Nobelium: -1), button 1 has consistently yielded rewards in the 47-55 range, which is higher than the minimal reward observed previously for button 2 in this context (trial 3). Button 3 generally performs best when Nobelium is 1, but its performance drops significantly when Nobelium is -1, making button 1 the most reliable choice in this specific scenario.",44,B,D,A,C
16,LLM_Gemini_3_Flash,33,-1,1,1,3,C,1,exploit,0,"Based on the history, button 3 has consistently yielded high rewards (70-93) whenever the context includes Mercury: -1. In contrast, button 1 fluctuates between 40-59. Given the current context (Mercury: -1, Krypton: 1, Nobelium: 1), button 3 is the historically superior choice.",76,B,D,A,C
16,LLM_Gemini_3_Flash,34,-1,1,1,3,C,1,exploit,0,"The historical data clearly demonstrates that button 3 consistently yields high rewards (typically 70-90) whenever Mercury is -1, regardless of the other signals. Since the current context has Mercury at -1, choosing button 3 is the most reliable strategy for maximizing profit.",82,B,D,A,C
16,LLM_Gemini_3_Flash,35,-1,1,1,3,C,1,exploit,0,"Based on the extensive history, button 3 consistently yields high rewards (mostly in the 70-90 range) when Nobelium or Mercury is -1 and combined with other signals, particularly outperforming button 1. Since the current context (Mercury: -1, Krypton: 1, Nobelium: 1) has been historically associated with button 3 producing high returns, I will continue to exploit this button.",77,B,D,A,C
16,LLM_Gemini_3_Flash,36,-1,1,1,3,C,1,exploit,0,"Based on the extensive history, button 3 consistently yields high rewards (typically 70-90+) whenever Nobelium is 1, regardless of the other signals. Since the current context has Nobelium at 1, button 3 is the clear optimal choice.",81,B,D,A,C
16,LLM_Gemini_3_Flash,37,-1,1,1,3,C,1,exploit,0,"Button 3 has consistently provided high rewards (typically 70-90+) when Nobelium is 1, regardless of the Mercury or Krypton values, whereas button 1 consistently yields lower rewards (40-60). Given the current context (Mercury: -1, Krypton: 1, Nobelium: 1), button 3 is the highest expected value choice.",86,B,D,A,C
16,LLM_Gemini_3_Flash,38,-1,1,-1,1,D,0,exploit,0,"Based on the history, button 3 consistently yields high rewards (~80) when Krypton or Nobelium are favorable, while button 1 yields moderate rewards (~50) regardless of the signals. In the current context (Mercury: -1, Krypton: 1, Nobelium: -1), button 3's performance has been inconsistent or unexplored compared to its performance with Nobelium: 1. Button 1 has shown reliable performance in various contexts, so I am choosing it to exploit its steady return.",51,B,D,A,C
16,LLM_Gemini_3_Flash,39,1,1,-1,1,D,0,exploit,0,"Based on the observed history, Button 3 provides high rewards when Nobelium is 1, regardless of Mercury or Krypton. Button 1 has been used extensively when the current context (Mercury: 1, Krypton: 1, Nobelium: -1) appears, and while it doesn't yield as much as Button 3, it is the most consistent option in this specific configuration.",51,B,D,A,C
16,LLM_Gemini_3_Flash,40,-1,1,1,3,C,1,exploit,0,"Button 3 has consistently provided significantly higher rewards (70s-90s) than Button 1 (40s-50s) in almost every context where it was tested. Given that Button 3 consistently outperforms the others regardless of the specific signal configuration, exploiting Button 3 is the optimal strategy.",78,B,D,A,C
16,LLM_Gemini_3_Flash,41,1,1,-1,1,D,0,exploit,0,"Based on historical data, button 3 provides high rewards when Nobelium is 1, but its performance drops or is undefined when Nobelium is -1. Button 1 has been tested extensively when Nobelium is -1 (often with Mercury 1 or Krypton 1) and provides consistent mid-range rewards. Given the current context (Mercury: 1, Krypton: 1, Nobelium: -1), button 1 is the most reliable choice.",56,B,D,A,C
16,LLM_Gemini_3_Flash,42,1,-1,-1,1,D,0,exploit,0,"Based on the observed history, Button 3 consistently yields high rewards when Nobelium is 1. Button 1 has been the reliable performer when Mercury is 1 or when the current context (Mercury: 1, Krypton: -1, Nobelium: -1) occurs, as it consistently provides rewards in the 40-60 range. Since Button 3 is clearly suboptimal in this context, exploiting the known performance of Button 1 is the best strategy.",59,B,D,A,C
16,LLM_Gemini_3_Flash,43,1,-1,1,3,C,0,exploit,0,"Based on the extensive history, button 3 consistently yields high rewards (70s-90s) whenever it is selected, regardless of variations in the context, clearly outperforming buttons 1 and 2 which typically yield rewards in the 40s-50s.",43,B,D,A,C
16,LLM_Gemini_3_Flash,44,-1,1,1,3,C,1,exploit,0,"Based on the history, button 3 consistently yields high rewards (typically 70-90+) when the Nobelium context is 1, regardless of the Mercury or Krypton signals. In the current context (Mercury: -1, Krypton: 1, Nobelium: 1), button 3 is the statistically dominant choice.",82,B,D,A,C
16,LLM_Gemini_3_Flash,45,-1,1,1,3,C,1,exploit,0,"History shows button 3 consistently yields high rewards (typically 70-90 range) whenever Nobelium is 1, regardless of the other signals. Given the current context where Nobelium is 1, button 3 is the statistically optimal choice for exploitation.",89,B,D,A,C
16,LLM_Gemini_3_Flash,46,1,-1,-1,1,D,0,exploit,0,"Based on the history, button 1 consistently yields rewards in the 40-60 range when the context involves Mercury=1 and Krypton=-1, regardless of Nobelium. Button 3 performs significantly worse in this specific context (as seen in trial 43 where it yielded 43, compared to button 1's performance). Given the current context (1, -1, -1), button 1 is the optimal choice.",46,B,D,A,C
16,LLM_Gemini_3_Flash,47,1,-1,1,1,D,0,exploit,0,"Based on the history, button 3 provides high rewards when Mercury is -1 and Nobelium is 1, but its performance drops significantly when Mercury is 1 (e.g., trial 43). Given the current context (Mercury: 1, Krypton: -1, Nobelium: 1), button 1 has historically been the more stable choice when Mercury is 1, whereas button 3 is optimized for Mercury -1. I am choosing button 1 to maximize expected return under these specific conditions.",52,B,D,A,C
16,LLM_Gemini_3_Flash,48,-1,-1,1,3,C,1,exploit,0,"Based on historical data, button 3 consistently yields high rewards (typically 75-95) when Mercury is -1 and Nobelium is 1, regardless of Krypton's state. Button 1 is the primary alternative but consistently returns lower rewards in this context. Choosing button 3 to exploit the high expected payout.",91,B,D,A,C
16,LLM_Gemini_3_Flash,49,-1,1,1,3,C,1,exploit,0,"Based on the historical data, button 3 consistently yields high rewards (typically 70-90 range) when Mercury is -1 and Nobelium is 1, regardless of the Krypton signal. Given the current context of Mercury -1 and Nobelium 1, button 3 remains the optimal choice for exploitation.",82,B,D,A,C
16,LLM_Gemini_3_Flash,50,1,1,-1,1,D,0,exploit,0,"Based on the history, button 3 consistently yields high rewards when Nobelium is 1 (regardless of Mercury/Krypton). Conversely, when Nobelium is -1, button 1 is the most consistently performing option, as button 3 has shown lower performance in similar contexts in previous trials.",47,B,D,A,C
17,LLM_Gemini_3_Flash,1,-1,-1,1,0,D,0,explore,1,"This is the first trial with no history. Since there is no information about the reward functions, I must start by exploring the arms to establish a baseline for the reward functions associated with the current context (-1, -1, 1).",53,D,A,B,C
17,LLM_Gemini_3_Flash,2,1,1,-1,1,A,0,explore,1,"Since only one trial has been performed (button 0 at context -1, -1, 1), there is insufficient data to determine the reward functions for any buttons. I am choosing button 1 to begin gathering information on how it responds to the current context (1, 1, -1).",50,D,A,B,C
17,LLM_Gemini_3_Flash,3,-1,1,1,2,B,0,explore,1,"With only two data points covering limited context combinations and no information on buttons 2 or 3, I am choosing button 2 to gather baseline performance data across different signals.",58,D,A,B,C
17,LLM_Gemini_3_Flash,4,-1,1,1,2,B,0,exploit,0,"In trial 3, the exact same context (Mercury: -1, Krypton: 1, Nobelium: 1) yielded a high reward of 58 on button 2. Given the current identical context, exploiting this high-performing button is the most rational strategy to maximize profit.",48,D,A,B,C
17,LLM_Gemini_3_Flash,5,1,-1,-1,3,C,0,explore,1,"I have limited data on button 3. Buttons 0, 1, and 2 have been tested under various conditions, but button 3 remains untested. I will choose button 3 to gather information about its reward function in the current context (Mercury: 1, Krypton: -1, Nobelium: -1) to improve future decision-making.",19,D,A,B,C
17,LLM_Gemini_3_Flash,6,-1,1,-1,2,B,1,exploit,0,"Button 2 has shown higher performance in contexts where Krypton is 1, yielding rewards of 58 and 48, which are promising compared to the other options tested under different conditions. Given the current context (Mercury: -1, Krypton: 1, Nobelium: -1), I am leaning into the button that previously performed well with a similar Krypton signal.",70,D,A,B,C
17,LLM_Gemini_3_Flash,7,-1,-1,1,0,D,0,exploit,0,"In Trial 1, the same context (Mercury -1, Krypton -1, Nobelium 1) resulted in a reward of 53 for button 0. Given the previous outcomes, button 0 appears to perform well in this specific context compared to the limited data on others.",42,D,A,B,C
17,LLM_Gemini_3_Flash,8,-1,1,-1,2,B,1,exploit,0,"Button 2 has shown strong performance in trials 3, 4, and 6, particularly when Krypton is 1. Given the current context has Krypton at 1, Button 2 is the most promising candidate based on the observed data.",89,D,A,B,C
17,LLM_Gemini_3_Flash,9,-1,-1,1,0,D,0,exploit,0,"Button 0 has provided a baseline reward in the current context (Mercury=-1, Krypton=-1, Nobelium=1) with scores of 53 and 42. Since other buttons like 2 have shown high volatility and 3 has performed poorly, I will exploit button 0 to stabilize returns while acknowledging the limited data.",51,D,A,B,C
17,LLM_Gemini_3_Flash,10,-1,1,1,2,B,0,exploit,0,"Button 2 has consistently provided the highest observed rewards in the current context (Krypton=1, Nobelium=1, Mercury=-1) based on trials 3 and 4, and it also performs very well when Krypton is 1 even if Nobelium is -1 (trials 6 and 8). Given the observed performance, it appears to be the most rewarding option under the current conditions.",43,D,A,B,C
17,LLM_Gemini_3_Flash,11,1,1,-1,1,A,0,explore,1,"In trial 2, the current context (Mercury:1, Krypton:1, Nobelium:-1) resulted in a reward of 50 for button 1. Button 2 has been consistently explored but shows high variance when Nobelium is 1. Since button 1 has not been tested enough under this specific context and button 0 and 3 have performed poorly in similar or testing environments, exploring button 1 again to verify its performance in this specific context is the optimal strategy.",52,D,A,B,C
17,LLM_Gemini_3_Flash,12,1,-1,-1,0,D,0,explore,1,"Button 0 has shown relatively stable performance in trials 1, 7, and 9. While button 2 has high volatility (from 43 to 89), button 3 has shown poor performance in trial 5. I am choosing button 0 to further test its response in the current context (Mercury:1, Krypton:-1, Nobelium:-1) where I have limited data.",54,D,A,B,C
17,LLM_Gemini_3_Flash,13,1,-1,-1,0,D,0,exploit,0,"In trial 12, button 0 yielded a reward of 54 under the current context (Mercury: 1, Krypton: -1, Nobelium: -1), which is higher than the reward of 19 observed for button 3 in the same context in trial 5. Given the context recurrence, button 0 appears to be the most reliable performer.",47,D,A,B,C
17,LLM_Gemini_3_Flash,14,-1,1,1,2,B,0,exploit,0,"Button 2 has consistently provided the highest observed rewards in trials where Krypton is 1, specifically in contexts similar to the current one (Krypton=1, Nobelium=1). Despite some variance, it remains the most promising option for the current configuration.",51,D,A,B,C
17,LLM_Gemini_3_Flash,15,1,-1,-1,0,D,0,exploit,0,"In trials 12 and 13, button 0 performed well in the context (Mercury=1, Krypton=-1, Nobelium=-1). Since the current context matches this, and button 3 showed poor performance in this specific context in trial 5, button 0 is the most reliable choice based on the observed data.",44,D,A,B,C
17,LLM_Gemini_3_Flash,16,-1,1,1,2,B,0,exploit,0,"Button 2 has been consistently tested in contexts involving Krypton=1. Despite some variance, it appears to be a strong candidate in contexts where Krypton is active, as seen in trials 3, 4, 6, 8, 10, and 14.",49,D,A,B,C
17,LLM_Gemini_3_Flash,17,-1,1,-1,2,B,1,exploit,0,"Button 2 has consistently provided high rewards (70, 89) when Krypton is 1 and Nobelium is -1. Given the current context matches this specific signal set, Button 2 is the clear choice for exploitation.",83,D,A,B,C
17,LLM_Gemini_3_Flash,18,-1,1,1,2,B,0,exploit,0,"Button 2 has consistently provided the highest average rewards in the current context (Krypton: 1, Nobelium: 1), despite some noise. Given it is the most frequent choice in this context and continues to perform reasonably well compared to other buttons, I will continue to exploit it.",54,D,A,B,C
17,LLM_Gemini_3_Flash,19,1,-1,1,0,D,0,exploit,0,"Button 2 performs well when Krypton is 1 but has yielded inconsistent results when Nobelium is also 1. Button 0 has shown more consistent, moderate returns (averaging around 48-50) regardless of the Mercury status. Since the current context (Mercury: 1, Krypton: -1, Nobelium: 1) is one where Button 0 has demonstrated reliability in past trials (12, 13, 15), I will exploit Button 0.",61,D,A,B,C
17,LLM_Gemini_3_Flash,20,-1,1,1,2,B,0,exploit,0,"Button 2 has been consistently tested in contexts where Krypton is 1, yielding high rewards (58, 48, 70, 89, 43, 51, 49, 54). Given the current context (Mercury: -1, Krypton: 1, Nobelium: 1), Button 2 remains the strongest candidate based on historical performance.",52,D,A,B,C
17,LLM_Gemini_3_Flash,21,1,1,-1,1,A,0,exploit,0,"In the current context (Mercury: 1, Krypton: 1, Nobelium: -1), button 1 has consistently yielded around 50-52 points based on previous trials (2 and 11). Button 0 has shown variability depending on other signals, and button 2 performs best when Krypton is 1 but Nobelium is -1 is not its primary condition, yet button 1 remains the most stable choice for this specific context.",49,D,A,B,C
17,LLM_Gemini_3_Flash,22,-1,1,1,2,B,0,exploit,0,"Button 2 has been consistently tested in contexts where Krypton is 1. Across multiple trials (3, 4, 6, 8, 10, 14, 16, 17, 18, 20), button 2 shows a high performance, particularly when Krypton is 1, even if Nobelium varies. Given the current context is Krypton: 1, Nobelium: 1, button 2 remains the most reliable performer based on history.",49,D,A,B,C
17,LLM_Gemini_3_Flash,23,-1,-1,1,0,D,0,exploit,0,"In the current context (Mercury=-1, Krypton=-1, Nobelium=1), button 0 has consistently yielded moderate rewards in previous trials (53, 42, 51). Button 2 appears highly sensitive to the Krypton signal (performing best when Krypton=1 and Nobelium=-1), and button 3 has shown low performance in other contexts. Since button 2's performance fluctuates significantly with the Nobelium signal, button 0 remains the most stable choice under the current conditions.",45,D,A,B,C
17,LLM_Gemini_3_Flash,24,1,-1,-1,0,D,0,exploit,0,"Based on historical data, button 0 has consistently provided reliable rewards (averaging ~49-50) when Mercury is 1, Krypton is -1, and Nobelium is -1, making it the most statistically likely choice for the current context.",52,D,A,B,C
17,LLM_Gemini_3_Flash,25,-1,1,-1,2,B,1,exploit,0,"The historical data clearly indicates that Button 2 performs exceptionally well when Mercury is -1 and Krypton is 1, with rewards ranging from 70 to 89 in those conditions, significantly outperforming other buttons.",84,D,A,B,C
17,LLM_Gemini_3_Flash,26,1,-1,1,0,D,0,exploit,0,"Button 0 has shown consistent performance in contexts where Mercury is 1, regardless of other variables. Button 2 performs exceptionally well only when Krypton is 1 and Nobelium is -1. Since the current context is Mercury: 1, Krypton: -1, Nobelium: 1, Button 0 remains the most reliable option based on historical performance.",54,D,A,B,C
17,LLM_Gemini_3_Flash,27,-1,1,-1,2,B,1,exploit,0,"Button 2 consistently yields high rewards (70, 89, 83, 84) when the context is Mercury -1 and Krypton 1, regardless of Nobelium. The current context matches this pattern, making Button 2 the optimal choice for maximization.",80,D,A,B,C
17,LLM_Gemini_3_Flash,28,-1,1,-1,2,B,1,exploit,0,"Button 2 has consistently provided high rewards when Krypton is 1 and Nobelium is -1 (trials 6, 8, 17, 25, 27). Given the current context (Mercury: -1, Krypton: 1, Nobelium: -1) matches this specific high-performing condition, exploiting button 2 is the most rational choice.",77,D,A,B,C
17,LLM_Gemini_3_Flash,29,1,-1,1,0,D,0,exploit,0,"Button 2 is highly responsive to Krypton=1 and Nobelium=-1, but in the current context (Mercury=1, Krypton=-1, Nobelium=1), button 2 has performed poorly in similar situations or is not the optimal choice. Button 0 has shown consistent rewards across multiple contexts (including Mercury=1, Nobelium=1) with averages near 50-60. Given the current context, button 0 remains the most reliable performer.",56,D,A,B,C
17,LLM_Gemini_3_Flash,30,-1,-1,1,0,D,0,exploit,0,"Button 0 has been consistently yielding rewards in the 40-60 range when the context is Mercury -1 and Nobelium 1, which matches the current context. Other buttons have not performed better under these conditions based on historical data.",51,D,A,B,C
17,LLM_Gemini_3_Flash,31,-1,-1,1,0,D,0,exploit,0,"Button 0 has consistently yielded rewards in the 40-60 range when Mercury=-1 and Nobelium=1. Button 2 performs exceptionally well when Krypton=1 and Nobelium=-1, but performed poorly when Nobelium=1 in this context. Given the current context (Mercury=-1, Krypton=-1, Nobelium=1), button 0 remains the most reliable option based on historical performance.",47,D,A,B,C
17,LLM_Gemini_3_Flash,32,-1,1,-1,2,B,1,exploit,0,"Button 2 has consistently provided high rewards (70-89 range) whenever Krypton is 1 and Nobelium is -1, regardless of the Mercury signal. Given the current context (Mercury: -1, Krypton: 1, Nobelium: -1), Button 2 is the clear optimal choice based on historical performance.",79,D,A,B,C
17,LLM_Gemini_3_Flash,33,1,-1,1,0,D,0,exploit,0,"Button 0 has consistently provided reliable rewards (average ~50) across various contexts, especially when Krypton is -1. Button 2 performs exceptionally well when Krypton is 1 but poorly otherwise. Since the current context has Krypton as -1, Button 0 is the most statistically sound choice based on historical performance.",58,D,A,B,C
17,LLM_Gemini_3_Flash,34,1,1,-1,1,A,0,exploit,0,"Based on historical trials (2, 11, 21), button 1 consistently yields rewards around 50 when Mercury=1 and Krypton=1. Since the current context (Mercury: 1, Krypton: 1, Nobelium: -1) matches these previous states, and button 2's high reward performance (70-89) is strictly tied to the context where Krypton is 1 but Nobelium is -1 (often combined with Mercury being -1), button 1 remains the most reliable performer for the current configuration.",52,D,A,B,C
17,LLM_Gemini_3_Flash,35,-1,-1,1,0,D,0,exploit,0,"Based on the history, button 0 consistently provides rewards in the 40-60 range when the context is Mercury -1, Krypton -1, Nobelium 1. Given that button 2 performs exceptionally well when Krypton is 1 and Nobelium is -1, but poorly (or less consistently) when Nobelium is 1, button 0 is the most reliable choice for the current context.",54,D,A,B,C
17,LLM_Gemini_3_Flash,36,1,1,-1,1,A,0,exploit,0,"In the current context (Mercury: 1, Krypton: 1, Nobelium: -1), history shows that Button 1 consistently yields rewards around 50-52. Button 2 performs exceptionally well when Krypton is 1 and Nobelium is -1, but historical data specifically for this context favors Button 1 as a reliable performer.",56,D,A,B,C
17,LLM_Gemini_3_Flash,37,-1,1,1,2,B,0,exploit,0,"Button 2 has consistently performed well in contexts where Krypton is 1, showing an average reward around 50-55 when Nobelium is 1, and significantly higher rewards (70-89) when Nobelium is -1. Since the current context has Krypton=1 and Nobelium=1, Button 2 remains the most reliable high-reward choice based on the observed data.",47,D,A,B,C
17,LLM_Gemini_3_Flash,38,-1,-1,1,0,D,0,exploit,0,"Button 0 has consistently yielded rewards in the 40-60 range when Mercury=-1, Krypton=-1, and Nobelium=1. Button 2 performs well when Krypton=1 but less so when Krypton=-1. Given the context (M=-1, K=-1, N=1), Button 0 remains the most reliable performer based on historical data for these specific conditions.",47,D,A,B,C
17,LLM_Gemini_3_Flash,39,-1,1,1,2,B,0,exploit,0,"Button 2 consistently yields rewards when Krypton is 1. Although the reward for Button 2 is lower when Nobelium is 1 (around 50) compared to when Nobelium is -1 (around 80), it remains the most reliable option given the current context and historical performance for this specific signal configuration.",42,D,A,B,C
17,LLM_Gemini_3_Flash,40,-1,1,1,2,B,0,exploit,0,"Button 2 consistently provides high rewards (around 50) when Krypton is 1 and Nobelium is 1, despite higher volatility when Nobelium is -1. Given the current context (Mercury: -1, Krypton: 1, Nobelium: 1), Button 2 remains the most reliable option based on historical performance for this specific signal set.",50,D,A,B,C
17,LLM_Gemini_3_Flash,41,1,1,-1,1,A,0,exploit,0,"Based on the history, button 1 consistently yields rewards around 50-56 when Mercury is 1, Krypton is 1, and Nobelium is -1. While button 2 is high-performing when Krypton is 1 and Nobelium is -1, the current context fits the pattern identified for button 1.",48,D,A,B,C
17,LLM_Gemini_3_Flash,42,1,-1,-1,0,D,0,exploit,0,"Based on historical data, button 0 has consistently provided reliable mid-range rewards (approx 45-60) across varying contexts. Button 2 performs exceptionally well when Krypton is 1 and Nobelium is -1, but poorly otherwise. Since the current context is Mercury: 1, Krypton: -1, Nobelium: -1, and button 0 has shown consistent performance in these conditions, I am exploiting button 0.",52,D,A,B,C
17,LLM_Gemini_3_Flash,43,-1,1,-1,2,B,1,exploit,0,"Based on historical data, button 2 yields consistently high rewards (70-89) specifically when Krypton is 1 and Nobelium is -1. Since the current context matches this (Mercury -1, Krypton 1, Nobelium -1), button 2 is the optimal choice.",79,D,A,B,C
17,LLM_Gemini_3_Flash,44,1,-1,1,0,D,0,exploit,0,"Based on the observed history, Button 0 consistently provides moderate to high rewards (42-61) regardless of the context, showing more stability than Button 1 or 2, which are highly context-dependent. Button 2 performs exceptionally well when Krypton is 1 and Nobelium is -1 (yielding 70-89), but underperforms significantly when Nobelium is 1 (dropping to 42-54). Given the current context (Mercury: 1, Krypton: -1, Nobelium: 1), Button 0 remains the most reliable option for consistent performance.",50,D,A,B,C
17,LLM_Gemini_3_Flash,45,-1,-1,1,0,D,0,exploit,0,"Based on historical data, button 0 has consistently provided reliable rewards (around 45-60) when the context is Mercury: -1, Krypton: -1, Nobelium: 1. Button 2 performs poorly in this specific context (getting rewards around 40-50 compared to 70-80 when Krypton is 1 and Nobelium is -1), so I am exploiting the consistent performance of button 0.",54,D,A,B,C
17,LLM_Gemini_3_Flash,46,-1,1,1,2,B,0,exploit,0,"Button 2 has consistently provided high rewards when Krypton is 1, even when Nobelium varies. Given the current context (Mercury: -1, Krypton: 1, Nobelium: 1), Button 2 remains the most reliable performer.",48,D,A,B,C
17,LLM_Gemini_3_Flash,47,1,1,-1,1,A,0,exploit,0,"Based on the historical data, button 1 consistently yields rewards around 50-56 when the context is Mercury=1, Krypton=1, Nobelium=-1. Button 2 is highly sensitive to the Nobelium signal (yielding high rewards when Nobelium is -1 but low when it is 1), and button 0 shows moderate performance, so button 1 remains the most reliable choice for this specific context.",47,D,A,B,C
17,LLM_Gemini_3_Flash,48,1,-1,-1,0,D,0,exploit,0,"Based on historical data, button 0 has consistently provided stable rewards (average ~50) across various contexts, including the current context (Mercury: 1, Krypton: -1, Nobelium: -1). Button 1 is linked to the (1, 1, -1) state, and button 2 excels specifically when Krypton is 1 and Nobelium is -1. Since the current context does not align with the high-payoff triggers for buttons 1 or 2, button 0 remains the reliable exploit choice.",50,D,A,B,C
17,LLM_Gemini_3_Flash,49,-1,1,-1,2,B,1,exploit,0,"The historical data clearly shows that button 2 performs exceptionally well (often receiving 70-89 points) when Mercury is -1 and Krypton is 1, regardless of the Nobelium signal. The current context matches this condition, making button 2 the optimal choice for high expected returns.",80,D,A,B,C
17,LLM_Gemini_3_Flash,50,-1,1,1,2,B,0,exploit,0,"Button 2 shows a strong negative correlation with Nobelium (reward is high when Nobelium is -1 and low when it is 1). Since the current context has Nobelium = 1, Button 2 is expected to have a lower yield, but historical data shows Button 0 and 1 are also not optimal for this context. I will stick with Button 2 to maintain consistent performance.",52,D,A,B,C
18,LLM_Gemini_3_Flash,1,-1,1,1,0,B,0,explore,1,"Since this is the first trial and there is no history to analyze, I must choose an arm to begin gathering data on the relationship between the context signals and the rewards.",44,B,C,A,D
18,LLM_Gemini_3_Flash,2,-1,1,-1,1,C,0,explore,1,"Since I have only tested button 0 once, I need to explore other buttons to build a baseline for their performance under the current signal configuration. Button 1 is the next logical candidate to test.",59,B,C,A,D
18,LLM_Gemini_3_Flash,3,1,1,-1,2,A,0,explore,1,"I have only tested buttons 0 and 1 so far. Button 1 showed a promising return of 59 in a different context, but button 2 remains entirely unexplored. Given the early stage of the game, I need to gather data on the remaining buttons to establish a baseline for their potential performance across varying signals.",54,B,C,A,D
18,LLM_Gemini_3_Flash,4,-1,1,-1,1,C,0,exploit,0,"In trial 2, the context (Mercury: -1, Krypton: 1, Nobelium: -1) yielded a reward of 59 for button 1. Since the current context is identical, exploiting button 1 is the most rational choice for maximizing expected return.",52,B,C,A,D
18,LLM_Gemini_3_Flash,5,1,1,-1,2,A,0,exploit,0,"In trial 3, button 2 yielded a reward of 54 under the same context (Mercury: 1, Krypton: 1, Nobelium: -1) that is present now. Given the limited data, I am exploiting this positive observation.",54,B,C,A,D
18,LLM_Gemini_3_Flash,6,-1,1,-1,1,C,0,exploit,0,"Button 1 has yielded strong rewards (59 and 52) under the current context of (Mercury=-1, Krypton=1, Nobelium=-1). Since Button 1 is performing consistently well under these conditions, I will continue to exploit it.",49,B,C,A,D
18,LLM_Gemini_3_Flash,7,1,1,-1,2,A,0,exploit,0,"Button 2 has consistently provided a reward of 54 in the current context (1, 1, -1) in previous trials (3 and 5). Since this is the highest observed reward for this specific context, I am choosing to exploit this knowledge.",55,B,C,A,D
18,LLM_Gemini_3_Flash,8,-1,1,-1,1,C,0,exploit,0,"Button 1 has consistently yielded rewards around 50-59 in previous trials with the same Mercury (-1) and Krypton (1) context. Given the strong historical performance compared to other options in this specific context, I am exploiting button 1.",51,B,C,A,D
18,LLM_Gemini_3_Flash,9,-1,1,1,1,C,1,exploit,0,"Button 1 has shown consistent, reliable returns across multiple trials (mean ~53.6) under Krypton=1 conditions, regardless of Mercury or Nobelium state. Since current context is Krypton=1, exploiting Button 1 is the highest expected value action based on existing history.",81,B,C,A,D
18,LLM_Gemini_3_Flash,10,-1,1,-1,1,C,0,exploit,0,"Button 1 has consistently yielded high rewards (59, 52, 49, 51, 81) in the context where Mercury is -1 and Krypton is 1. Given the current context matches this profile, exploiting Button 1 is the most rational choice.",45,B,C,A,D
18,LLM_Gemini_3_Flash,11,1,-1,-1,1,C,0,explore,1,"Button 1 has shown a strong performance in various contexts (averaging ~56), particularly showing high rewards when Krypton is 1. Button 2 showed consistency when Mercury and Krypton are 1. Given the current context (Mercury: 1, Krypton: -1, Nobelium: -1), I am exploring Button 1 to see how it performs when Krypton is off, as it has been the most reliable performer so far.",16,B,C,A,D
18,LLM_Gemini_3_Flash,12,-1,1,-1,1,C,0,exploit,0,"Button 1 has consistently performed well when Krypton is 1. Despite some variance, the rewards of 59, 52, 49, 51, and 45 in the current context (Mercury: -1, Krypton: 1, Nobelium: -1) suggest it is the most reliable choice compared to the limited data on other buttons.",54,B,C,A,D
18,LLM_Gemini_3_Flash,13,1,1,-1,2,A,0,exploit,0,"Button 2 has consistently provided a stable reward around 54-55 in the context Mercury=1, Krypton=1, Nobelium=-1. Given that I have tested this specific context multiple times with Button 2 yielding reliable results, I will continue to exploit this high-performing option.",46,B,C,A,D
18,LLM_Gemini_3_Flash,14,1,1,-1,2,A,0,exploit,0,"Button 2 has consistently provided solid returns in this specific context (Mercury=1, Krypton=1, Nobelium=-1) across trials 3, 5, 7, and 13. Given the performance, it is the most reliable option for this context.",44,B,C,A,D
18,LLM_Gemini_3_Flash,15,-1,1,1,1,C,1,exploit,0,"Button 1 has shown a strong positive correlation with the combination of Krypton=1 and Nobelium=1, yielding a reward of 81 in trial 9 under the same context signals as the current trial.",83,B,C,A,D
18,LLM_Gemini_3_Flash,16,1,-1,-1,3,D,0,explore,1,"Button 1 has shown a strong preference for Krypton=1 (averaging ~55) but performed poorly when Krypton=-1 (trial 11: reward 16). Button 2 has shown consistent performance around 50 when Krypton=1 and Mercury=1, but its performance is uncertain for other configurations. Button 3 remains largely untested, so I will explore it to establish a baseline for its performance under the current context of Mercury=1, Krypton=-1, Nobelium=-1.",56,B,C,A,D
18,LLM_Gemini_3_Flash,17,-1,-1,1,1,C,1,exploit,0,"Button 1 has shown a strong positive correlation with the Krypton signal and high rewards when Krypton is 1, even when Nobelium varies. Although I have limited data on Button 1 for the specific Mercury -1/Krypton -1/Nobelium 1 combination, its overall performance in high-reward scenarios suggests it is a reliable choice for current conditions.",86,B,C,A,D
18,LLM_Gemini_3_Flash,18,-1,1,-1,1,C,0,exploit,0,"Button 1 has consistently shown high, stable returns in contexts where Krypton is 1, regardless of the other variables, and has been the most reliable performer in this specific context (Mercury -1, Krypton 1, Nobelium -1).",47,B,C,A,D
18,LLM_Gemini_3_Flash,19,1,1,-1,2,A,0,exploit,0,"Button 2 has consistently provided reliable moderate rewards in the (1, 1, -1) context based on trials 3, 5, 7, 13, and 14. Given the current context is (1, 1, -1), I will stick with Button 2.",49,B,C,A,D
18,LLM_Gemini_3_Flash,20,1,1,-1,2,A,0,exploit,0,"Based on the history, button 2 consistently yields rewards in the 44-55 range when Mercury=1, Krypton=1, and Nobelium=-1, which is the current context. Button 1 performs poorly when Krypton is -1 or when Mercury is 1, and button 3's high reward was observed in a different context. Given the current signals, button 2 is the most reliable choice.",48,B,C,A,D
18,LLM_Gemini_3_Flash,21,-1,1,-1,1,C,0,exploit,0,"Button 1 has consistently performed well in contexts where Krypton is 1, and despite some variance, it remains the most tested and reliable option for the current context (Mercury: -1, Krypton: 1, Nobelium: -1) based on history.",53,B,C,A,D
18,LLM_Gemini_3_Flash,22,-1,1,1,1,C,1,exploit,0,"Button 1 has shown very high rewards (81, 83) when Krypton and Nobelium are both 1, even with Mercury being -1. Given the current context matches these parameters, Button 1 is the most likely to yield the highest reward.",82,B,C,A,D
18,LLM_Gemini_3_Flash,23,-1,-1,1,1,C,1,exploit,0,"Button 1 has shown a strong positive correlation with the Nobelium signal and consistently high rewards when Krypton or Mercury are -1, particularly in trial 17 where it yielded 86 under similar conditions (Mercury -1, Krypton -1, Nobelium 1).",81,B,C,A,D
18,LLM_Gemini_3_Flash,24,-1,-1,1,1,C,1,exploit,0,"Button 1 has shown a strong positive correlation with Nobelium=1 in the provided context (trials 9, 15, 17, 22, 23). Given the current context of Nobelium=1, Button 1 is the most reliable choice.",80,B,C,A,D
18,LLM_Gemini_3_Flash,25,-1,-1,1,1,C,1,exploit,0,"Button 1 has consistently shown high rewards (80-86) when Nobelium is 1, regardless of Mercury or Krypton signals. Since the current context has Nobelium as 1, Button 1 is the most reliable choice for maximizing profit based on the observed pattern.",86,B,C,A,D
18,LLM_Gemini_3_Flash,26,1,-1,-1,3,D,0,explore,1,"Button 1 shows strong performance when Krypton is 1 or Nobelium is 1, but its performance is very poor (16) when Mercury is 1 and Krypton is -1. Button 2 consistently provides moderate rewards when Mercury/Krypton are 1. Button 3 gave a high reward (56) in the only trial (16) where Mercury was 1 and Krypton was -1. Since I have a low reward observation for Button 1 in this context, I will explore Button 3 further to see if it remains high-performing here.",56,B,C,A,D
18,LLM_Gemini_3_Flash,27,-1,1,1,1,C,1,exploit,0,"Button 1 has consistently shown high returns when Nobelium or Krypton signals are active, particularly showing strong performance (average > 80) when Nobelium is 1, regardless of Krypton's status. Given the current context (Nobelium 1, Krypton 1), Button 1 is the highest expected value choice based on historical data.",78,B,C,A,D
18,LLM_Gemini_3_Flash,28,1,-1,-1,3,D,0,exploit,0,"Button 1 yields high rewards when Krypton or Nobelium are 1, but performed poorly (16) when both were -1 with Mercury 1. Button 3 has shown consistent returns of around 56 in this specific (Mercury=1, Krypton=-1, Nobelium=-1) context, making it the most reliable choice.",58,B,C,A,D
18,LLM_Gemini_3_Flash,29,-1,1,1,1,C,1,exploit,0,"Button 1 has consistently shown high returns (around 80+) when Mercury is -1 and Nobelium is 1, regardless of Krypton's state. Given the current context (Mercury: -1, Krypton: 1, Nobelium: 1), Button 1 is the most reliable high-performing option.",80,B,C,A,D
18,LLM_Gemini_3_Flash,30,1,-1,-1,3,D,0,exploit,0,"Based on the history, button 1 yields high rewards when Nobelium is 1 (average ~81), but yields much lower rewards (average ~51) when Krypton is 1 and Nobelium is -1. Button 2 consistently provides moderate rewards (average ~50) when Mercury and Krypton are 1 and Nobelium is -1. Button 3 has been tested twice in the context where Mercury is 1, Krypton is -1, and Nobelium is -1, yielding a consistent reward of 56-58. Given the current context (Mercury: 1, Krypton: -1, Nobelium: -1), button 3 has shown the most consistent and highest performance compared to the alternatives tested in this specific configuration.",49,B,C,A,D
18,LLM_Gemini_3_Flash,31,1,-1,-1,3,D,0,exploit,0,"In the current context (Mercury: 1, Krypton: -1, Nobelium: -1), button 3 has consistently provided rewards around 50-58, whereas button 1 performed very poorly (16) in this specific configuration previously. Therefore, choosing button 3 is the most reliable strategy for this context.",47,B,C,A,D
18,LLM_Gemini_3_Flash,32,1,-1,-1,3,D,0,exploit,0,"Button 3 has shown consistent performance in the current Mercury: 1, Krypton: -1, Nobelium: -1 context (trials 16, 26, 28, 30, 31). In contrast, Button 1 performed poorly (reward 16) in this specific context in trial 11. Button 2 has low performance consistently across all contexts. Given the current signals, Button 3 remains the best-performing option.",45,B,C,A,D
18,LLM_Gemini_3_Flash,33,-1,1,-1,1,C,0,exploit,0,"Button 1 has consistently shown high rewards when Krypton is 1 or when Nobelium is 1, and despite some variance, it remains the most reliable performer in this context (Mercury=-1, Krypton=1, Nobelium=-1) compared to buttons 2 and 3, which have shown lower or inconsistent yields.",56,B,C,A,D
18,LLM_Gemini_3_Flash,34,-1,-1,1,1,C,1,exploit,0,"Button 1 has consistently shown strong performance when Krypton is 1 or when Mercury is -1, and it has yielded high rewards (80+) when Nobelium is 1. Given the current context (Mercury: -1, Krypton: -1, Nobelium: 1), Button 1 is the most reliable choice based on historical data showing high rewards under similar conditions.",75,B,C,A,D
18,LLM_Gemini_3_Flash,35,1,-1,1,0,B,0,explore,1,"Button 1 has shown strong performance when Mercury or Krypton is -1, but Button 3 consistently outperformed other options when both Mercury and Krypton were 1 and -1 respectively. I am choosing Button 0 to explore its potential performance under the current context (Mercury: 1, Krypton: -1, Nobelium: 1) as I have limited data for Button 0 in similar contexts.",25,B,C,A,D
18,LLM_Gemini_3_Flash,36,1,-1,-1,3,D,0,exploit,0,"Button 3 has consistently yielded moderate to high rewards (45-58) in the (Mercury=1, Krypton=-1, Nobelium=-1) context. Button 1 performs poorly in this specific context (trial 11: reward 16). Given current evidence for this context, button 3 is the most reliable performer.",44,B,C,A,D
18,LLM_Gemini_3_Flash,37,1,-1,-1,3,D,0,exploit,0,"Based on historical data, Button 3 has consistently yielded moderate rewards (around 45-58) when Mercury is 1 and Krypton is -1. Button 1 performs poorly in this context (Trial 11: reward 16). Therefore, Button 3 is the most reliable option for this specific context.",43,B,C,A,D
18,LLM_Gemini_3_Flash,38,-1,-1,1,1,C,1,exploit,0,"Button 1 has consistently yielded high rewards (typically 75-86) when Nobelium is 1, regardless of the Mercury or Krypton status, making it the highest expected payoff for the current context (Nobelium=1).",75,B,C,A,D
18,LLM_Gemini_3_Flash,39,1,-1,1,1,C,0,exploit,0,"Button 1 has consistently shown strong performance when the Nobelium context is 1, regardless of the Mercury or Krypton signals. Given the high rewards (75-86) observed in previous trials under these conditions, button 1 is the most reliable choice for the current context (Mercury: 1, Krypton: -1, Nobelium: 1).",47,B,C,A,D
18,LLM_Gemini_3_Flash,40,1,-1,1,1,C,0,exploit,0,"Button 1 has consistently performed well when Krypton is -1 and Nobelium is 1, yielding rewards in the 75-86 range. While the current context (Mercury 1, Krypton -1, Nobelium 1) differs slightly from previous observations, Button 1 has shown significantly higher potential than Button 3 or Button 2 in similar contexts.",45,B,C,A,D
18,LLM_Gemini_3_Flash,41,-1,1,-1,1,C,0,exploit,0,"Button 1 has consistently shown moderate to high performance across various contexts, particularly when Krypton is 1 or when Nobelium is 1. Given the current context (Mercury -1, Krypton 1, Nobelium -1), historical data indicates Button 1 reliably returns rewards in the 45-60 range, which is competitive compared to the outcomes observed for other buttons.",43,B,C,A,D
18,LLM_Gemini_3_Flash,42,1,1,-1,2,A,0,exploit,0,"Based on historical data, button 2 has consistently provided moderate rewards (around 45-55) when Mercury=1, Krypton=1, and Nobelium=-1. Since button 1 fluctuates heavily and button 3 performs poorly under this specific context, button 2 is the most reliable option for this context.",47,B,C,A,D
18,LLM_Gemini_3_Flash,43,1,-1,1,1,C,0,exploit,0,"Button 1 has consistently yielded high rewards (75-86) when Nobelium is 1, regardless of the other signals. Given the current context where Nobelium is 1, Button 1 remains the most reliable high-reward choice.",48,B,C,A,D
18,LLM_Gemini_3_Flash,44,1,-1,1,1,C,0,exploit,0,"Button 1 has consistently shown high rewards (75-86) when Nobelium is 1, regardless of the Krypton signal. Given the current context (Mercury: 1, Krypton: -1, Nobelium: 1), Button 1 is the most promising choice based on historical performance with Nobelium being 1.",49,B,C,A,D
18,LLM_Gemini_3_Flash,45,-1,1,1,1,C,1,exploit,0,"Button 1 has consistently shown high rewards (75-86) when Mercury is -1 and Nobelium is 1, and it remains the best-performing button under these conditions. Given the current context (Mercury: -1, Krypton: 1, Nobelium: 1), Button 1 is the optimal choice based on its strong historical performance in similar states.",84,B,C,A,D
18,LLM_Gemini_3_Flash,46,-1,1,-1,1,C,0,exploit,0,"Button 1 has consistently shown moderate to high performance under various conditions, especially when Mercury or Krypton signals align. Given the current context (Mercury: -1, Krypton: 1, Nobelium: -1), Button 1 has a strong track record of providing reliable rewards, making it the most profitable choice for exploitation.",48,B,C,A,D
18,LLM_Gemini_3_Flash,47,-1,1,1,1,C,1,exploit,0,"Button 1 has consistently yielded high rewards (80+) when Mercury is -1 and Nobelium is 1, and shows reasonable performance across other conditions compared to the alternatives. Given the historical success, it remains the optimal choice for the current context (Mercury: -1, Krypton: 1, Nobelium: 1).",79,B,C,A,D
18,LLM_Gemini_3_Flash,48,-1,-1,1,1,C,1,exploit,0,"Button 1 has consistently shown strong performance when the context contains Nobelium: 1 (regardless of Mercury/Krypton). Given the current context (Mercury: -1, Krypton: -1, Nobelium: 1), Button 1 is the statistically superior choice based on historical data.",79,B,C,A,D
18,LLM_Gemini_3_Flash,49,-1,1,1,1,C,1,exploit,0,"Button 1 consistently yields high rewards when Mercury is -1, regardless of Krypton or Nobelium values, consistently outperforming other buttons in this context.",81,B,C,A,D
18,LLM_Gemini_3_Flash,50,-1,1,1,1,C,1,exploit,0,"Button 1 consistently delivers high rewards (75-86) when Mercury is -1, regardless of Krypton or Nobelium status. In the current context (Mercury: -1, Krypton: 1, Nobelium: 1), Button 1 has historically shown the strongest performance, making it the clear choice to maximize expected reward.",80,B,C,A,D
19,LLM_Gemini_3_Flash,1,-1,-1,1,0,C,1,explore,1,"Since this is the first trial and no previous history exists, I am choosing button 0 to establish a baseline reward and begin exploring the reward functions for the given context.",80,C,D,B,A
19,LLM_Gemini_3_Flash,2,1,1,-1,1,D,0,explore,1,"I have only tested button 0 once. With a new context, I need to test button 1 to begin establishing a baseline for its performance and to compare it against the potential reward of button 0.",51,C,D,B,A
19,LLM_Gemini_3_Flash,3,-1,-1,1,0,C,1,exploit,0,"In trial 1, the button 0 provided a strong reward of 80 under the same context (-1, -1, 1). Given this is the only data point for this specific context, I am exploiting button 0 as it is the most promising lead.",80,C,D,B,A
19,LLM_Gemini_3_Flash,4,1,1,-1,0,C,0,explore,1,"Button 0 has shown a high consistent reward of 80 in trial 1 and 3, whereas Button 1 yielded only 51 in the current context (Trial 2). I am exploring Button 0 again to see if it maintains high rewards in the current context, given the lack of data for Button 0 under these specific signal values.",22,C,D,B,A
19,LLM_Gemini_3_Flash,5,-1,1,1,0,C,1,exploit,0,"Button 0 has consistently shown higher rewards (80) when Mercury is -1 and Nobelium is 1, regardless of Krypton, compared to the low return of 22 when Mercury is 1. Given the current context (Mercury: -1, Krypton: 1, Nobelium: 1), Button 0 is expected to yield the highest return based on historical data.",74,C,D,B,A
19,LLM_Gemini_3_Flash,6,1,-1,1,0,C,0,exploit,0,"Button 0 has consistently performed well in trials where the context features were mixed, yielding rewards of 80, 22, and 74. Given the current context of Mercury=1, Krypton=-1, Nobelium=1, which shares similarities with contexts where Button 0 has shown high yields, exploiting this button is the most reasonable strategy.",51,C,D,B,A
19,LLM_Gemini_3_Flash,7,-1,1,1,0,C,1,exploit,0,"Button 0 has consistently yielded strong rewards (74 and 80) in contexts where Nobelium is 1. Given the current context (Mercury -1, Krypton 1, Nobelium 1), button 0 aligns with my observations of higher rewards under Nobelium 1, making it the most reliable choice.",79,C,D,B,A
19,LLM_Gemini_3_Flash,8,1,-1,-1,2,B,0,explore,1,"Button 0 has been tested frequently and shows high variance depending on signals, but is not consistently yielding high rewards. Buttons 1, 2, and 3 have been explored very little. Given the current context (Mercury: 1, Krypton: -1, Nobelium: -1), I am exploring button 2 to start gathering data on its reward distribution, as previous history is insufficient to characterize it.",52,C,D,B,A
19,LLM_Gemini_3_Flash,9,-1,1,1,0,C,1,exploit,0,"Button 0 has consistently delivered high rewards in contexts where Krypton and Nobelium are active or when they share common states, and specifically performed well (74 and 79) in the current context (-1, 1, 1). Given its high average return, exploiting Button 0 is the optimal strategy.",85,C,D,B,A
19,LLM_Gemini_3_Flash,10,-1,-1,1,0,C,1,exploit,0,"Button 0 has consistently yielded high rewards (80, 80, 74, 51, 79, 85) across various contexts, particularly when Nobelium is 1. Given the current context (Mercury -1, Krypton -1, Nobelium 1), Button 0 is the most reliable performer based on historical data.",71,C,D,B,A
19,LLM_Gemini_3_Flash,11,-1,1,-1,0,C,0,exploit,0,"Button 0 has consistently delivered strong rewards (averaging around 70-80) across various contexts, especially when Krypton or Nobelium is active. Given the current context (-1, 1, -1), choosing Button 0 is the highest expected value based on historical performance.",60,C,D,B,A
19,LLM_Gemini_3_Flash,12,1,-1,-1,2,B,0,exploit,0,"Button 0 shows high variability and inconsistency across different contexts, suggesting it might be noise-heavy or suboptimal. Button 2 yielded a reward of 52 in the exact same context (1, -1, -1) in trial 8, which is a promising baseline. I will exploit Button 2 to capitalize on the observed performance in this specific context.",47,C,D,B,A
19,LLM_Gemini_3_Flash,13,1,-1,-1,2,B,0,exploit,0,"Button 2 has been consistently yielding around 50 points in contexts where Mercury is 1 and Krypton is -1. Button 0 showed poor performance (22) in a previous trial with Mercury=1, and I have not seen enough evidence that buttons 1 or 3 outperform button 2 in this specific configuration.",49,C,D,B,A
19,LLM_Gemini_3_Flash,14,1,-1,1,0,C,0,exploit,0,"Button 0 has demonstrated consistently high performance across various contexts, with rewards ranging from 51 to 85. In the current context (Mercury: 1, Krypton: -1, Nobelium: 1), Button 0 has already yielded 51, and while other options remain less tested, Button 0's historical average in similar conditions is sufficiently robust to favor exploitation.",50,C,D,B,A
19,LLM_Gemini_3_Flash,15,-1,1,1,0,C,1,exploit,0,"Button 0 has consistently delivered high rewards across various contexts, specifically performing very well in the current context (Mercury -1, Krypton 1, Nobelium 1), with observed rewards of 74, 79, and 85. I am exploiting this strong observed performance.",80,C,D,B,A
19,LLM_Gemini_3_Flash,16,-1,1,1,0,C,1,exploit,0,"Button 0 has consistently delivered high rewards (74, 79, 85, 80) in the current context where Mercury=-1, Krypton=1, and Nobelium=1. Based on historical data, Button 0 appears to perform optimally under these specific signal conditions.",76,C,D,B,A
19,LLM_Gemini_3_Flash,17,-1,1,-1,0,C,0,exploit,0,"Button 0 has consistently delivered high rewards (around 70-85) regardless of moderate fluctuations in the context signals, whereas other buttons tested showed lower yields. Given the current context of Mercury: -1, Krypton: 1, Nobelium: -1, Button 0 remains the most reliable performer in my history.",46,C,D,B,A
19,LLM_Gemini_3_Flash,18,-1,-1,1,0,C,1,exploit,0,"Button 0 has consistently delivered high rewards in this context (Mercury=-1, Krypton=-1, Nobelium=1), with previous trials yielding values in the 70s and 80s. It remains the most reliable option based on the gathered data.",83,C,D,B,A
19,LLM_Gemini_3_Flash,19,1,1,-1,1,D,0,explore,1,"Button 0 has shown high rewards in contexts where Krypton is 1 or Nobelium is 1, but it performed poorly (22 reward) in the current context (Mercury:1, Krypton:1, Nobelium:-1) in trial 4. Button 1 gave a 51 reward in this specific context in trial 2. Given the poor performance of Button 0 in this context, exploring Button 1 again seems like a prudent strategy to see if it yields higher returns than Button 0.",44,C,D,B,A
19,LLM_Gemini_3_Flash,20,-1,-1,1,0,C,1,exploit,0,"Button 0 has consistently provided high rewards across various context combinations, especially when Nobelium is 1, regardless of the other signals. Given the current context (Mercury: -1, Krypton: -1, Nobelium: 1), Button 0 is the most statistically reliable choice based on the history.",78,C,D,B,A
19,LLM_Gemini_3_Flash,21,1,-1,1,0,C,0,exploit,0,"Button 0 has been consistently yielding higher rewards across various contexts compared to buttons 1 and 2, which have shown lower performance. Given the current context (1, -1, 1), button 0 continues to be the most promising option based on past performance.",49,C,D,B,A
19,LLM_Gemini_3_Flash,22,-1,1,-1,0,C,0,exploit,0,"Button 0 has consistently demonstrated the highest average rewards across various contexts in the history. Although performance fluctuates, it remains the most reliable option compared to the limited data on Buttons 1, 2, and 3.",56,C,D,B,A
19,LLM_Gemini_3_Flash,23,1,-1,1,0,C,0,exploit,0,"Button 0 has consistently delivered the highest rewards across most contexts in the history, particularly when Nobelium is 1. Even when rewards vary, Button 0 remains the most reliable performer compared to the limited data on Buttons 1 and 2.",47,C,D,B,A
19,LLM_Gemini_3_Flash,24,-1,1,1,0,C,1,exploit,0,"Button 0 has consistently delivered high rewards in the current context (Mercury: -1, Krypton: 1, Nobelium: 1), yielding results in the 70s and 80s, which is significantly better than other observed options.",80,C,D,B,A
19,LLM_Gemini_3_Flash,25,1,1,-1,1,D,0,explore,1,"Button 0 has shown consistent but varying results across contexts, performing best when Nobelium is 1. When Mercury=1, Krypton=1, and Nobelium=-1, Button 0 has yielded low rewards (22). Button 1 was tested once in this context and yielded 51. I am choosing Button 1 again to further evaluate if its expected value in this specific context is superior to Button 0.",49,C,D,B,A
19,LLM_Gemini_3_Flash,26,-1,1,1,0,C,1,exploit,0,"Button 0 has consistently delivered high rewards in the current context (-1, 1, 1), with an average around 78-85 based on multiple trials. The evidence suggests it is the optimal choice under these conditions.",74,C,D,B,A
19,LLM_Gemini_3_Flash,27,-1,-1,1,0,C,1,exploit,0,"Button 0 has consistently yielded high rewards (typically 70-85 range) in the current context (Mercury: -1, Krypton: -1, Nobelium: 1). Historical data strongly suggests it is the most profitable choice for this specific signal configuration.",79,C,D,B,A
19,LLM_Gemini_3_Flash,28,1,1,-1,1,D,0,exploit,0,"Button 0 shows low rewards (~22-50) when Mercury=1 and Krypton=1. Button 1 has provided steady rewards (~44-51) in the same context, outperforming button 0 in this specific scenario. I am choosing to exploit button 1.",37,C,D,B,A
19,LLM_Gemini_3_Flash,29,-1,-1,1,0,C,1,exploit,0,"Button 0 has consistently provided high rewards (70-85 range) when the context includes Nobelium = 1, regardless of the other signals. Given the current context (Mercury: -1, Krypton: -1, Nobelium: 1), button 0 remains the most reliable option based on historical data.",81,C,D,B,A
19,LLM_Gemini_3_Flash,30,-1,1,-1,0,C,0,exploit,0,"Button 0 has consistently demonstrated the highest average rewards across most contexts. While its performance varies, it remains the most reliable performer compared to Button 1 (used in Mercury 1, Krypton 1 contexts with lower yields) and Button 2 (limited data). Given the context (M:-1, K:1, N:-1), Button 0 has historically performed reasonably well.",54,C,D,B,A
19,LLM_Gemini_3_Flash,31,1,-1,-1,2,B,0,explore,1,"Button 0 shows high variability based on the signals and generally provides decent rewards, but Button 2 has shown consistent returns in this specific context (Mercury: 1, Krypton: -1, Nobelium: -1) in previous trials (8, 12, 13). Since I have not explored buttons 1 or 3 under these specific conditions recently, I am exploring Button 2 to confirm it remains the optimal choice.",48,C,D,B,A
19,LLM_Gemini_3_Flash,32,1,-1,-1,2,B,0,exploit,0,"Button 2 has consistently provided rewards in the 47-52 range when the context is Mercury: 1, Krypton: -1, Nobelium: -1, whereas button 0 performs poorly in this specific context (evidenced by the trial 4 reward of 22 in a similar configuration). I will continue to exploit button 2 in this state.",40,C,D,B,A
19,LLM_Gemini_3_Flash,33,1,-1,-1,2,B,0,exploit,0,"In the current context (Mercury: 1, Krypton: -1, Nobelium: -1), button 2 has consistently provided rewards in the 40-50 range, whereas button 0 performs significantly worse (often below 30) when those specific signals are active. Given the history of trials 8, 12, 13, 31, and 32, button 2 is the most reliable option for this context.",57,C,D,B,A
19,LLM_Gemini_3_Flash,34,1,1,-1,1,D,0,exploit,0,"Button 1 has consistently shown higher reward potential in contexts where Mercury and Krypton are both 1 (as seen in trials 2, 19, 25, 28) compared to the low performance of button 0 in this specific context (trial 4). I am exploiting this observation to maximize profit.",51,C,D,B,A
19,LLM_Gemini_3_Flash,35,1,-1,-1,2,B,0,exploit,0,"In the current context (Mercury: 1, Krypton: -1, Nobelium: -1), button 2 has consistently provided rewards in the 40-57 range, whereas button 0 performed poorly in this specific context (reward 22 in trial 4) and buttons 1 and 3 are either suboptimal or less tested for this configuration.",47,C,D,B,A
19,LLM_Gemini_3_Flash,36,-1,-1,1,0,C,1,exploit,0,"Based on the history, button 0 has shown consistently high performance (averaging around 75-80) when Nobelium is 1, regardless of Mercury or Krypton values. Given the current context where Nobelium is 1, button 0 is the strongest candidate for exploitation.",86,C,D,B,A
19,LLM_Gemini_3_Flash,37,1,-1,-1,2,B,0,exploit,0,"Based on the history, button 2 consistently yields rewards in the 40-57 range when Mercury is 1, Krypton is -1, and Nobelium is -1. Button 0 has shown high rewards in other contexts but performs poorly (22) when Mercury is 1 and Krypton is 1, and overall, button 2 is the most stable performer for the current specific signal configuration.",53,C,D,B,A
19,LLM_Gemini_3_Flash,38,-1,-1,1,0,C,1,exploit,0,"Historical data shows that Button 0 consistently provides high rewards (around 70-85) when Nobelium is 1 and Mercury/Krypton are -1. Given the current context matches this, Button 0 remains the most reliable option for maximum return.",82,C,D,B,A
19,LLM_Gemini_3_Flash,39,1,1,-1,1,D,0,exploit,0,"In the current context (Mercury: 1, Krypton: 1, Nobelium: -1), button 1 has consistently yielded higher results (approx 44-51) compared to button 0 (which yielded 22) in this specific signal combination. Button 2 appears optimized for the (1, -1, -1) context. Therefore, I am exploiting button 1.",40,C,D,B,A
19,LLM_Gemini_3_Flash,40,-1,-1,1,0,C,1,exploit,0,"Button 0 has consistently delivered very high rewards (typically 70-85 range) when Nobelium is 1, regardless of Mercury or Krypton values, making it the highest-performing option for the current context (Mercury: -1, Krypton: -1, Nobelium: 1).",75,C,D,B,A
19,LLM_Gemini_3_Flash,41,1,1,-1,1,D,0,exploit,0,"Based on the observed history, Button 1 shows consistent rewards in the (1, 1, -1) context (Mercury, Krypton, Nobelium) compared to Button 0, which performs poorly in this specific configuration. I am exploiting the learned pattern for the current context.",41,C,D,B,A
19,LLM_Gemini_3_Flash,42,-1,1,-1,3,A,0,explore,1,"Button 0 shows high performance when Nobelium is 1, Button 1 when Mercury/Krypton are 1 and Nobelium is -1, and Button 2 when Mercury is 1 and Krypton/Nobelium are -1. The current context (-1, 1, -1) has shown moderate to low results for Button 0 and has not been tested with Button 3. Exploring Button 3 helps determine if it has a better yield in this specific under-tested context.",14,C,D,B,A
19,LLM_Gemini_3_Flash,43,1,-1,1,0,C,0,exploit,0,"Button 0 shows strong performance when Nobelium is 1, regardless of Mercury or Krypton status, yielding rewards consistently in the 70-80 range. Given the current context (Mercury: 1, Krypton: -1, Nobelium: 1), Button 0 is expected to outperform Button 1 and 2, which have shown lower baseline performances.",55,C,D,B,A
19,LLM_Gemini_3_Flash,44,1,1,-1,1,D,0,exploit,0,"Based on the observed history for the current context (Mercury: 1, Krypton: 1, Nobelium: -1), button 1 has consistently shown higher reward potential compared to other options tested in this specific configuration, making it the optimal choice for exploitation.",48,C,D,B,A
19,LLM_Gemini_3_Flash,45,1,1,-1,1,D,0,exploit,0,"Based on the history, button 1 consistently yields rewards when Mercury=1 and Krypton=1. Despite the moderate variance in these trials (40-51), it remains the best-performing option observed for the current context (Mercury:1, Krypton:1, Nobelium:-1) compared to button 0, which performs poorly under these specific signal conditions.",54,C,D,B,A
19,LLM_Gemini_3_Flash,46,-1,1,-1,0,C,0,exploit,0,"Button 0 has consistently demonstrated the highest average rewards across most contexts except when Mercury is 1 and Krypton is -1. In the current context (Mercury: -1, Krypton: 1, Nobelium: -1), Button 0 has previously returned rewards in the range of 46-60. While this is lower than its performance in other contexts, it remains the most reliable option compared to the other buttons based on the observed data.",50,C,D,B,A
19,LLM_Gemini_3_Flash,47,-1,1,-1,0,C,0,exploit,0,"Button 0 has consistently demonstrated the highest average rewards across multiple contexts compared to the other options. While its performance varies, it remains the most reliable performer in this context (Mercury -1, Krypton 1, Nobelium -1).",44,C,D,B,A
19,LLM_Gemini_3_Flash,48,1,1,-1,1,D,0,exploit,0,"Based on the historical data, when Mercury=1, Krypton=1, and Nobelium=-1, Button 1 consistently yields rewards in the 37-54 range. Button 0 in this specific context (trial 4) performed poorly (reward of 22). Button 2 is consistently better suited for Mercury=1, Krypton=-1, Nobelium=-1. Therefore, exploiting Button 1 is the most rational choice for the current context.",43,C,D,B,A
19,LLM_Gemini_3_Flash,49,-1,1,-1,0,C,0,exploit,0,"Based on historical data, button 0 consistently provides high rewards when Nobelium is 1, and moderate rewards when Mercury is -1. Although the context here includes Krypton=1 and Nobelium=-1, button 0 is our most reliable baseline for high performance across most contexts compared to buttons 1, 2, and 3 which showed inferior or inconsistent results.",42,C,D,B,A
19,LLM_Gemini_3_Flash,50,-1,1,-1,0,C,0,exploit,0,"Based on historical data, button 0 consistently provides the highest expected reward in contexts where Nobelium is 1, and it remains a reliable baseline in other contexts compared to the lower performing buttons 1, 2, and 3. Given the current context (M:-1, K:1, N:-1), button 0 is expected to perform adequately while maintaining consistency.",50,C,D,B,A
