simulation_id,agent_name,trial,context_mercury,context_krypton,context_nobelium,choice_arm_index,choice_planet_label,is_optimal,intent,exploration,explanation,reward_received,mapping_arm_0,mapping_arm_1,mapping_arm_2,mapping_arm_3
0,LLM_Gemini_3_Flash,1,1,-1,-1,0,B,0,explore,1,"This is the first trial, so I have no prior information about the reward functions of the buttons. I am choosing button 0 to establish a baseline for the reward in the current context (Mercury: 1, Krypton: -1, Nobelium: -1).",52,B,C,D,A
0,LLM_Gemini_3_Flash,2,-1,-1,1,1,C,1,explore,1,"With only one trial performed on button 0, I have insufficient data to determine the reward functions. I will explore button 1 to gather information on its response to the current context.",77,B,C,D,A
0,LLM_Gemini_3_Flash,3,1,-1,1,2,D,0,explore,1,"Button 0 has provided a baseline and Button 1 has provided some success in a different context, but Button 2 and 3 remain untested. I am exploring Button 2 to gather data on its performance under the current context of (1, -1, 1).",50,B,C,D,A
0,LLM_Gemini_3_Flash,4,1,1,-1,3,A,0,explore,1,"I have limited data on the reward functions. I have sampled buttons 0, 1, and 2, but button 3 remains untested. Exploring button 3 is necessary to understand its performance characteristics relative to the current context (1, 1, -1).",46,B,C,D,A
0,LLM_Gemini_3_Flash,5,-1,1,-1,1,C,0,explore,1,"With very limited data, I am testing button 1 again. Button 1 showed a strong reward of 77 in trial 2 when Mercury and Krypton were off (-1) and Nobelium was on (1). Since the current context (Mercury -1, Krypton 1, Nobelium -1) is still largely unexplored for button 1, this choice helps narrow down the influence of the Krypton signal.",36,B,C,D,A
0,LLM_Gemini_3_Flash,6,-1,-1,1,1,C,1,exploit,0,"In trial 2, the exact same context (Mercury: -1, Krypton: -1, Nobelium: 1) resulted in a high reward of 77 when choosing button 1. Given this positive outcome, I am choosing to exploit this known high-performing arm.",76,B,C,D,A
0,LLM_Gemini_3_Flash,7,1,-1,1,1,C,0,exploit,0,"Button 1 has shown a strong performance in contexts involving Nobelium (reward 77 and 76 when Nobelium is 1), making it the most promising choice for the current context where Nobelium is 1.",51,B,C,D,A
0,LLM_Gemini_3_Flash,8,-1,1,-1,1,C,0,exploit,0,"Button 1 has shown consistently high returns across multiple trials (77, 36, 76, 51) and appears to be the most reliable option under various conditions, including the current context of Krypton being the active signal.",47,B,C,D,A
0,LLM_Gemini_3_Flash,9,1,-1,-1,0,B,0,exploit,0,"In Trial 1, the context (1, -1, -1) yielded a reward of 52 for Button 0. Based on the current history, Button 1 shows high volatility but strong performance when Krypton is -1, while Button 0 returned a solid result in this exact context. Given the limited data, returning to the highest-performing arm for this specific configuration is the most logical exploit strategy.",47,B,C,D,A
0,LLM_Gemini_3_Flash,10,1,-1,1,1,C,0,exploit,0,"Button 1 has consistently shown higher performance when the Krypton signal is -1, especially in combination with various other context signals (rewards 77, 76, 51). Despite lower performance in other conditions, it remains the most reliable performer in this context.",50,B,C,D,A
0,LLM_Gemini_3_Flash,11,1,1,-1,1,C,0,exploit,0,"Button 1 has shown consistently strong performance when Nobelium is 1 (Trials 2 and 6), and although it performs variably when Nobelium is -1, it has remained a reliable baseline. Button 3 produced a reward of 46 in a similar context (Trial 4). Given the current context (Mercury 1, Krypton 1, Nobelium -1), Button 1 is selected as the most likely candidate to yield a high reward based on previous patterns.",19,B,C,D,A
0,LLM_Gemini_3_Flash,12,-1,-1,1,1,C,1,exploit,0,"In trials 2 and 6, button 1 yielded high rewards (77 and 76) when the context was Mercury -1, Krypton -1, Nobelium 1. As the current context matches this exactly, I am exploiting this known high-performing arm.",84,B,C,D,A
0,LLM_Gemini_3_Flash,13,1,1,-1,1,C,0,exploit,0,"Button 1 has shown a strong positive correlation with Nobelium being 1, frequently yielding high rewards (77, 76, 84). Given the current context where Nobelium is -1, I am testing if Button 1 remains the best option relative to others, or if it indicates a need to explore other buttons for this specific configuration.",24,B,C,D,A
0,LLM_Gemini_3_Flash,14,1,-1,-1,0,B,0,exploit,0,"In Trial 1 and 9 with the current context (1, -1, -1), button 0 yielded rewards of 52 and 47, which are relatively stable. Button 1 performs significantly better when Nobelium is 1, but poorly when Mercury is 1 and Krypton is 1, so button 0 is the most reliable option for this context.",50,B,C,D,A
0,LLM_Gemini_3_Flash,15,-1,1,1,1,C,1,exploit,0,"Button 1 has consistently shown high returns when Nobelium is 1, specifically yielding rewards of 77, 76, 84 in contexts where Nobelium was 1. Although the current context also has Krypton as 1, Button 1 remains the most reliable performer based on historical performance when Nobelium is active.",70,B,C,D,A
0,LLM_Gemini_3_Flash,16,1,-1,-1,0,B,0,exploit,0,"Based on the trials so far, button 0 has consistently yielded rewards around 50 when Mercury=1, Krypton=-1, and Nobelium=-1. In previous trials with the same context, it performed stably compared to other options.",42,B,C,D,A
0,LLM_Gemini_3_Flash,17,-1,1,-1,0,B,1,exploit,0,"Button 1 has shown a strong preference for Nobelium (rewarding highly when Nobelium=1) but performs poorly when Krypton=1 and Nobelium=-1. Button 0 has consistently provided stable rewards (42-52) in contexts where Krypton is -1. Given the current context (Mercury: -1, Krypton: 1, Nobelium: -1) is poor for Button 1, I am choosing Button 0 to seek a reliable return.",82,B,C,D,A
0,LLM_Gemini_3_Flash,18,-1,1,-1,0,B,1,exploit,0,"In trial 17, with Mercury=-1, Krypton=1, Nobelium=-1, Button 0 yielded a reward of 82, significantly outperforming Button 1, which had consistently low rewards (36, 47) in similar conditions. Therefore, I am exploiting Button 0.",86,B,C,D,A
0,LLM_Gemini_3_Flash,19,1,-1,-1,0,B,0,exploit,0,"Button 0 has shown consistent performance in the current context (Mercury: 1, Krypton: -1, Nobelium: -1), with average rewards around 50. Button 1 performs significantly better when Nobelium is 1 (trials 2, 6, 12, 15), but performs poorly when Mercury is 1 and Krypton is 1. Button 0 appears to be the most reliable choice for this specific context.",52,B,C,D,A
0,LLM_Gemini_3_Flash,20,1,1,-1,0,B,1,exploit,0,"Based on historical data (trials 17, 18), Button 0 shows a high reward (80+) when Mercury is -1 and Krypton is 1. However, Button 0 has also provided consistent mid-range rewards (approx 50) when Mercury is 1 and Krypton is -1. Looking at past performance for the current context (Mercury: 1, Krypton: 1, Nobelium: -1), Button 1 has performed poorly (19, 24). Button 0 has not been tested in this specific context yet, but given Button 1's poor performance here and Button 0's relative consistency, choosing Button 0 is the safest exploitation of the currently known distribution.",85,B,C,D,A
0,LLM_Gemini_3_Flash,21,-1,1,-1,0,B,1,exploit,0,"Based on historical data (trials 17, 18, 20), button 0 shows a high reward when Mercury is -1 and Krypton is 1, regardless of Nobelium, or when Mercury is 1 and Krypton is 1. Since the current context has Mercury -1 and Krypton 1, button 0 is highly likely to yield a strong reward.",82,B,C,D,A
0,LLM_Gemini_3_Flash,22,-1,1,1,0,B,0,exploit,0,"Based on the trial history, button 0 has consistently delivered high rewards (82, 86, 85, 82) when Krypton is 1, regardless of the Mercury value. Since the current context has Krypton as 1, button 0 is expected to yield the highest return.",48,B,C,D,A
0,LLM_Gemini_3_Flash,23,-1,1,1,1,C,1,exploit,0,"Looking at the data, Button 1 has demonstrated high rewards when Nobelium is 1 (Trials 2, 6, 12, 15), regardless of the Mercury or Krypton values. Button 0 has shown high rewards when Mercury is -1 and Krypton is 1 (Trials 17, 18, 21), but performed poorly when Mercury is -1, Krypton is 1, and Nobelium is 1 (Trial 22). Therefore, Button 1 is the most reliable choice for this specific context.",80,B,C,D,A
0,LLM_Gemini_3_Flash,24,-1,1,-1,0,B,1,exploit,0,"Button 0 has demonstrated very high performance in the current context (Mercury: -1, Krypton: 1, Nobelium: -1), consistently yielding rewards around 82-86 in similar situations (trials 17, 18, 21).",79,B,C,D,A
0,LLM_Gemini_3_Flash,25,1,-1,-1,0,B,0,exploit,0,"Button 0 has consistently performed well in the context of Mercury=1, Krypton=-1, Nobelium=-1 throughout the trial history, averaging around 50 points, whereas other buttons have shown high variance or lower performance in this specific context.",34,B,C,D,A
0,LLM_Gemini_3_Flash,26,1,-1,-1,0,B,0,exploit,0,"Button 0 has demonstrated consistent performance when the context includes Mercury: 1 and Krypton: -1. While recent performance had some variance, it remains the most reliable option under the observed patterns for this specific context compared to button 1's instability.",47,B,C,D,A
0,LLM_Gemini_3_Flash,27,-1,1,1,1,C,1,exploit,0,"Looking at the data, Button 1 has performed consistently well when Nobelium is 1, specifically yielding 77, 76, 84, and 70 (Trial 2, 6, 12, 15). With the current context being Mercury: -1, Krypton: 1, Nobelium: 1, Button 1 aligns with my strongest historical reward data for this configuration.",78,B,C,D,A
0,LLM_Gemini_3_Flash,28,1,-1,-1,0,B,0,exploit,0,"Button 0 has shown consistent performance in the context (Mercury: 1, Krypton: -1, Nobelium: -1), yielding rewards consistently around 40-50, which is stable for this specific configuration compared to button 1's performance variability.",56,B,C,D,A
0,LLM_Gemini_3_Flash,29,-1,-1,1,1,C,1,exploit,0,"Button 1 has consistently yielded high rewards (77, 76, 84, 70, 80, 78) when Nobelium is 1, regardless of the other signals. Since the current context has Nobelium=1, Button 1 is the highest performing option for this state.",70,B,C,D,A
0,LLM_Gemini_3_Flash,30,1,-1,1,1,C,0,exploit,0,"Based on historical data, button 1 consistently yields higher rewards (70-84) when Nobelium is 1, regardless of other signals. In the current context (Mercury: 1, Krypton: -1, Nobelium: 1), button 1 is the most reliable choice.",39,B,C,D,A
0,LLM_Gemini_3_Flash,31,-1,1,-1,0,B,1,exploit,0,"Based on historical data (Trials 17, 18, 21, 24), button 0 has consistently delivered high rewards (79-86) when Mercury is -1 and Krypton is 1, regardless of the Nobelium signal. Given the current context (-1, 1, -1), button 0 is the strongest candidate.",78,B,C,D,A
0,LLM_Gemini_3_Flash,32,-1,-1,1,1,C,1,exploit,0,"Based on the historical data, button 1 consistently yields high rewards (70-84) when the Nobelium signal is 1, regardless of the other signals. With Mercury -1, Krypton -1, and Nobelium 1, button 1 is the statistically superior choice compared to button 0.",85,B,C,D,A
0,LLM_Gemini_3_Flash,33,-1,-1,1,1,C,1,exploit,0,"The historical data strongly suggests that button 1 consistently yields high rewards when the Nobelium signal is 1, specifically with rewards ranging from 70-85, whereas button 0 has performed poorly or inconsistently in similar contexts. Therefore, button 1 is the most profitable choice for the current context.",80,B,C,D,A
0,LLM_Gemini_3_Flash,34,-1,-1,1,1,C,1,exploit,0,"Based on the history, button 1 consistently yields high rewards (76, 84, 70, 80, 85, 80) when Nobelium is 1, regardless of the other signals. Since the current context has Nobelium=1, button 1 is the most reliable choice for maximizing reward.",78,B,C,D,A
0,LLM_Gemini_3_Flash,35,1,1,-1,0,B,1,exploit,0,"Button 0 has demonstrated strong performance when Mercury is 1 and Krypton is 1, yielding a reward of 85 in trial 20 for this specific condition (1, 1, -1). Button 1 consistently underperforms in this context based on trial 11 and 13.",73,B,C,D,A
0,LLM_Gemini_3_Flash,36,-1,-1,1,1,C,1,exploit,0,"Based on historical data, button 1 consistently yields high rewards (averaging around 75-85) when Mercury=-1 and Nobelium=1, regardless of the Krypton signal. Given the current context (Mercury=-1, Krypton=-1, Nobelium=1), button 1 is the optimal choice.",77,B,C,D,A
0,LLM_Gemini_3_Flash,37,-1,1,-1,0,B,1,exploit,0,"Based on the history, button 0 has shown very high reward consistency when Mercury is -1 and Krypton is 1, regardless of Nobelium, with rewards consistently above 75. Other choices like button 1 are better suited when Nobelium is 1 and Mercury is -1.",78,B,C,D,A
0,LLM_Gemini_3_Flash,38,-1,1,1,1,C,1,exploit,0,"Looking at the data, Button 1 consistently yields high rewards (70, 78, 85, 80, 78, 77) when the context Nobelium is 1, regardless of the other signals. For the current context (Mercury: -1, Krypton: 1, Nobelium: 1), Button 1 has shown a strong performance profile in similar scenarios.",85,B,C,D,A
0,LLM_Gemini_3_Flash,39,1,1,-1,0,B,1,exploit,0,"Based on the historical data, Button 0 shows a strong positive correlation with Mercury=1 and Krypton=1. In trial 20 (Mercury:1, Krypton:1, Nobelium:-1), Button 0 yielded a high reward of 85, which matches the current context exactly.",75,B,C,D,A
0,LLM_Gemini_3_Flash,40,1,-1,-1,0,B,0,exploit,0,"Based on historical data, button 0 has shown strong and consistent performance in contexts where Mercury is 1, specifically yielding rewards in the 40s to 50s when Krypton is -1 and Nobelium is -1, and performing significantly better in other configurations. Given the current context of (1, -1, -1), button 0 is the most reliably high-performing choice identified.",47,B,C,D,A
0,LLM_Gemini_3_Flash,41,1,-1,1,1,C,0,exploit,0,"Looking at the historical data, Button 1 consistently performs well when the Mercury signal is -1 (yielding rewards in the 70s-80s). While Button 0 performs better when Mercury is 1, the current context (Mercury: 1, Krypton: -1, Nobelium: 1) has shown moderate/lower performance for both buttons previously, but Button 1 has occasional high spikes and is the safer bet for this specific configuration based on recent trends.",51,B,C,D,A
0,LLM_Gemini_3_Flash,42,-1,1,-1,0,B,1,exploit,0,"Based on historical performance, button 0 has shown high rewards (78, 82, 86) when Mercury is -1 and Krypton is 1, regardless of Nobelium. Button 1 performs significantly better when Nobelium is 1, but for the current context (Mercury: -1, Krypton: 1, Nobelium: -1), button 0 is the most consistent high performer.",76,B,C,D,A
0,LLM_Gemini_3_Flash,43,1,-1,1,1,C,0,exploit,0,"Analyzing the history, button 1 consistently yields high rewards when Nobelium is 1, regardless of the other signals, as seen in trials 2, 6, 12, 15, 23, 27, 32, 33, 34, 36, and 38. Button 0 generally performs better when Krypton is 1. Given the current context (Mercury: 1, Krypton: -1, Nobelium: 1), button 1 is the stronger choice for Nobelium: 1 conditions.",46,B,C,D,A
0,LLM_Gemini_3_Flash,44,1,-1,1,1,C,0,exploit,0,"Based on the history, button 1 consistently performs well when Nobelium is 1, regardless of other signals, yielding rewards generally between 70 and 85. Button 0 performs better when Krypton is 1 but underperforms when Krypton is -1 and Nobelium is 1. Given the current context (Mercury: 1, Krypton: -1, Nobelium: 1), button 1 is the statistically superior choice.",53,B,C,D,A
0,LLM_Gemini_3_Flash,45,-1,-1,1,1,C,1,exploit,0,"Based on the historical data, button 1 consistently yields high rewards (70-85 range) when Nobelium is 1, regardless of the other signals. Since the current context has Nobelium as 1, button 1 is the statistically optimal choice.",83,B,C,D,A
0,LLM_Gemini_3_Flash,46,1,-1,1,1,C,0,exploit,0,"Based on the history, Button 1 shows consistently high rewards (70-85) when Krypton is -1 and Nobelium is 1, or when Mercury is -1. Even with Mercury as 1 and Nobelium as 1, Button 1 has outperformed Button 0 and other options in similar configurations, making it the most reliable choice for the current context.",58,B,C,D,A
0,LLM_Gemini_3_Flash,47,-1,1,-1,0,B,1,exploit,0,"Based on historical data, button 0 consistently provides high rewards (around 75-86) when Mercury is -1 and Krypton is 1, regardless of the Nobelium signal. Since the current context has Mercury: -1 and Krypton: 1, button 0 is the optimal choice.",80,B,C,D,A
0,LLM_Gemini_3_Flash,48,-1,-1,1,1,C,1,exploit,0,"Looking at the historical data, when Mercury is -1 and Krypton is -1, button 1 consistently yields high rewards (e.g., 77, 76, 84, 70, 85, 80, 78, 77, 83) regardless of the Nobelium value (1). Button 0 is strong when Krypton is 1, but for the current context (M:-1, K:-1, N:1), button 1 is the most reliable high-performing choice.",82,B,C,D,A
0,LLM_Gemini_3_Flash,49,1,-1,1,1,C,0,exploit,0,"Based on historical data, button 1 consistently performs well when Nobelium is 1, even if Mercury is 1, yielding rewards in the 50s. Button 0 performs poorly in this context (Mercury 1, Krypton -1, Nobelium 1) compared to its performance when Krypton is 1. Button 1 is the most reliable choice for this specific context.",56,B,C,D,A
0,LLM_Gemini_3_Flash,50,1,1,-1,0,B,1,exploit,0,"Based on historical data, Button 0 consistently provides high rewards (70-85 range) when Mercury is 1 and Krypton is 1, regardless of Nobelium. In previous trials with the context (1, 1, -1), Button 0 yielded 85 and 73, significantly outperforming other buttons.",87,B,C,D,A
1,LLM_Gemini_3_Flash,1,-1,-1,1,0,B,0,explore,1,"This is the first trial, so I have no prior history to determine the reward functions. I am choosing button 0 to start gathering data on the relationship between the context signals and reward outcomes.",26,B,A,D,C
1,LLM_Gemini_3_Flash,2,1,1,-1,1,A,0,explore,1,"Since I only have data from one trial (button 0 in a different context), I have insufficient information to model the reward functions. I am choosing button 1 to begin gathering baseline data for the current context.",46,B,A,D,C
1,LLM_Gemini_3_Flash,3,-1,1,1,2,D,0,explore,1,"I have very limited history, having only tested button 0 and button 1 once each. I need to gather data on buttons 2 and 3 to determine their reward functions relative to the current signals (-1, 1, 1) and compare them against my initial findings.",39,B,A,D,C
1,LLM_Gemini_3_Flash,4,-1,-1,1,0,B,0,exploit,0,"In Trial 1, the context matched the current context exactly (Mercury: -1, Krypton: -1, Nobelium: 1) and resulted in a high reward of 26 for button 0. Given this, I am choosing button 0 again as it shows strong performance in this specific environmental configuration.",22,B,A,D,C
1,LLM_Gemini_3_Flash,5,-1,1,-1,1,A,0,explore,1,"Button 1 showed a high reward of 46 in trial 2 under context (1, 1, -1). Since I haven't tested Button 1 or Button 3 under the current context of (-1, 1, -1), I am exploring Button 1 to see if it performs consistently well when Krypton is active.",19,B,A,D,C
1,LLM_Gemini_3_Flash,6,1,-1,1,3,C,0,explore,1,"I have not yet gathered sufficient data on button 3. Given the limited history with buttons 0, 1, and 2, and their inconsistent reward profiles, exploring button 3 is necessary to determine its potential performance under the current context of (1, -1, 1).",50,B,A,D,C
1,LLM_Gemini_3_Flash,7,-1,1,1,2,D,0,exploit,0,"In trial 3, with the context (-1, 1, 1), button 2 yielded a reward of 39. Given the current context is also (-1, 1, 1), choosing button 2 is the most promising exploit strategy.",44,B,A,D,C
1,LLM_Gemini_3_Flash,8,1,-1,-1,1,A,1,exploit,0,"Based on trial 2, button 1 returned a high reward (46) when Mercury=1 and Krypton=1. Given the current context of Mercury=1 and Krypton=-1, I am exploiting button 1 as it showed strong performance in similar signal conditions.",74,B,A,D,C
1,LLM_Gemini_3_Flash,9,1,-1,-1,1,A,1,exploit,0,"In trial 8, the context (1, -1, -1) was tested on button 1, yielding a high reward of 74. Given the current context matches this exactly, I am choosing button 1 to exploit the high expected payout.",82,B,A,D,C
1,LLM_Gemini_3_Flash,10,1,-1,-1,1,A,1,exploit,0,"In trials 8 and 9, the context (Mercury: 1, Krypton: -1, Nobelium: -1) yielded high rewards of 74 and 82 when button 1 was chosen. Since the current context matches this exactly, I am exploiting this finding.",77,B,A,D,C
1,LLM_Gemini_3_Flash,11,1,-1,-1,1,A,1,exploit,0,"Based on the trials in the current context (Mercury: 1, Krypton: -1, Nobelium: -1), button 1 has consistently yielded high rewards ranging from 74 to 82. This suggests button 1 is the optimal choice for this specific signal configuration.",86,B,A,D,C
1,LLM_Gemini_3_Flash,12,1,1,-1,1,A,0,exploit,0,"In trial 2, the current context (Mercury: 1, Krypton: 1, Nobelium: -1) yielded a reward of 46 for button 1. While button 1 performs significantly better when Krypton is -1, it remains the most consistent choice identified for this specific configuration so far.",43,B,A,D,C
1,LLM_Gemini_3_Flash,13,-1,1,1,2,D,0,exploit,0,"In trials 3 and 7, button 2 was chosen with the context (Mercury: -1, Krypton: 1, Nobelium: 1) and yielded high rewards of 39 and 44 respectively, making it the most promising choice for the current identical context.",49,B,A,D,C
1,LLM_Gemini_3_Flash,14,-1,1,1,2,D,0,exploit,0,"Based on historical data for the context Mercury=-1, Krypton=1, Nobelium=1, button 2 has consistently provided high rewards (39, 44, 49), making it the most reliable choice for this specific signal configuration.",56,B,A,D,C
1,LLM_Gemini_3_Flash,15,1,1,-1,1,A,0,exploit,0,"In trial 2, the context was (1, 1, -1) and button 1 yielded 46. In trial 12, the same context yielded 43. This is the highest reward observed for this specific context, confirming it as the best choice.",38,B,A,D,C
1,LLM_Gemini_3_Flash,16,-1,-1,1,2,D,0,exploit,0,"Based on the trial history, button 2 consistently yields high rewards (average ~47) when the context is Mercury -1, Krypton 1, Nobelium 1. Given the current context matches this pattern, exploiting button 2 is the optimal choice.",53,B,A,D,C
1,LLM_Gemini_3_Flash,17,1,-1,1,3,C,0,exploit,0,"In trial 6, with Mercury=1, Krypton=-1, and Nobelium=1, button 3 returned a high reward of 50. Button 1 performs best when Mercury=1 and Krypton=-1, but with Nobelium=-1. Since Nobelium is currently 1, I suspect button 3 is optimized for this specific context configuration.",44,B,A,D,C
1,LLM_Gemini_3_Flash,18,1,-1,-1,1,A,1,exploit,0,"In trials 8, 9, 10, and 11, button 1 yielded high rewards (74, 82, 77, 86) when Mercury=1, Krypton=-1, and Nobelium=-1. Since the current context matches these exact signal values, I am choosing button 1 to exploit this high-reward pattern.",73,B,A,D,C
1,LLM_Gemini_3_Flash,19,1,1,-1,1,A,0,exploit,0,"In the current context (Mercury: 1, Krypton: 1, Nobelium: -1), button 1 has been consistently tested. While its rewards (46, 43, 38) are lower than its performance when Krypton is -1, it remains the most reliable choice observed for this specific signal combination.",45,B,A,D,C
1,LLM_Gemini_3_Flash,20,1,1,-1,1,A,0,exploit,0,"Button 1 has consistently performed well when Mercury is 1 and Krypton is 1, with rewards ranging from 38 to 46 in this context. Based on historical data, this is the most reliable option for the given signal set.",50,B,A,D,C
1,LLM_Gemini_3_Flash,21,1,-1,-1,1,A,1,exploit,0,"Based on the history, button 1 consistently yields high rewards (averaging ~70-80) when Mercury is 1 and Krypton is -1, regardless of Nobelium. Since the current context matches this condition, I am choosing button 1 again.",86,B,A,D,C
1,LLM_Gemini_3_Flash,22,-1,1,1,2,D,0,exploit,0,"Based on historical data, button 2 consistently yields high rewards (average ~45-50) when Mercury is -1, Krypton is 1, and Nobelium is 1. I am exploiting this established pattern.",44,B,A,D,C
1,LLM_Gemini_3_Flash,23,1,-1,1,3,C,0,exploit,0,"Button 3 yielded a high reward of 50 in the context of Mercury=1, Krypton=-1, Nobelium=1. Given the current context (Mercury=1, Krypton=-1, Nobelium=1) matches this observation, I will exploit button 3.",53,B,A,D,C
1,LLM_Gemini_3_Flash,24,1,-1,-1,1,A,1,exploit,0,"Button 1 has consistently yielded very high rewards (typically 70-86) when the context is Mercury=1, Krypton=-1, and Nobelium=-1. Given this pattern, exploiting Button 1 is the most reliable strategy.",88,B,A,D,C
1,LLM_Gemini_3_Flash,25,1,1,-1,1,A,0,exploit,0,"Based on the observed history, Button 1 consistently performs best when Mercury is 1 and Krypton is -1, yielding rewards in the 70s and 80s. When Mercury is 1 and Krypton is 1, Button 1 has provided stable rewards around 40-50, which is currently the highest observed performance for this specific combination of context signals compared to the other buttons.",45,B,A,D,C
1,LLM_Gemini_3_Flash,26,-1,1,-1,1,A,0,exploit,0,"Button 1 consistently yields high rewards when Mercury is 1 and Krypton is -1, regardless of Nobelium, reaching rewards in the 70s-80s. While the current context (Mercury: -1, Krypton: 1) has shown lower performance for button 1 in previous trials (19, 5), I need to re-evaluate it against button 2, which performs well with Krypton 1. However, button 1's overall performance history is the strongest signal I have.",8,B,A,D,C
1,LLM_Gemini_3_Flash,27,-1,1,1,2,D,0,exploit,0,"Based on the historical data, button 2 consistently yields high rewards (averaging around 45-56) when Mercury is -1 and Nobelium is 1, regardless of the Krypton signal. Given the current context (Mercury: -1, Krypton: 1, Nobelium: 1), button 2 is the most reliable choice.",61,B,A,D,C
1,LLM_Gemini_3_Flash,28,-1,1,-1,2,D,0,exploit,0,"Based on historical data, button 2 consistently provides high returns (40s-60s) when Nobelium is 1, while button 1 is highly dependent on Mercury=1 and Krypton=-1 (yielding ~80). Since the current context is Mercury=-1, Krypton=1, Nobelium=-1, button 1 has shown very low rewards (trial 26, reward 8). Button 2 is the safest bet for high performance in these conditions.",52,B,A,D,C
1,LLM_Gemini_3_Flash,29,1,-1,-1,1,A,1,exploit,0,"Based on the history, button 1 consistently yields high rewards (70s-80s) when Mercury is 1, Krypton is -1, and Nobelium is -1. This specific context (1, -1, -1) has been tested multiple times with Button 1, resulting in high returns.",70,B,A,D,C
1,LLM_Gemini_3_Flash,30,-1,-1,1,2,D,0,exploit,0,"Looking at the context (Mercury: -1, Krypton: -1, Nobelium: 1), Button 2 has historically yielded strong results (trial 16: 53 reward) in this specific configuration, whereas Button 0 performed poorly (trials 1 and 4). I am exploiting the knowledge that Button 2 consistently provides high returns in this state.",49,B,A,D,C
1,LLM_Gemini_3_Flash,31,-1,1,-1,2,D,0,exploit,0,"Based on historical data, button 2 consistently yields high rewards when Mercury is -1 and Krypton is 1, as evidenced by trials 3, 7, 13, 14, 22, 27, and 28. Even when Nobelium is -1 (trial 28), button 2 performed significantly better than button 1 in the same configuration.",50,B,A,D,C
1,LLM_Gemini_3_Flash,32,1,1,-1,1,A,0,exploit,0,"In this context (Mercury 1, Krypton 1, Nobelium -1), button 1 consistently yields rewards in the 38-50 range. While button 2 is strong in other contexts, it has not been tested in this specific configuration, and button 1 is the established choice for Mercury 1/Krypton 1.",54,B,A,D,C
1,LLM_Gemini_3_Flash,33,-1,1,1,2,D,0,exploit,0,"Based on the historical data for the context (Mercury: -1, Krypton: 1, Nobelium: 1), Button 2 has consistently provided high rewards, ranging from 39 to 61 across multiple trials (3, 7, 13, 14, 22, 27). This performance is significantly higher than other options in this specific context.",46,B,A,D,C
1,LLM_Gemini_3_Flash,34,1,-1,-1,1,A,1,exploit,0,"Button 1 has consistently shown a high reward when the context is Mercury=1, Krypton=-1, Nobelium=-1, with multiple trials yielding rewards in the 70s and 80s.",80,B,A,D,C
1,LLM_Gemini_3_Flash,35,-1,1,1,2,D,0,exploit,0,"Based on historical data, button 2 consistently performs well (averaging around 50) when the context is Mercury -1, Krypton 1, Nobelium 1, outperforming other buttons under this specific condition.",44,B,A,D,C
1,LLM_Gemini_3_Flash,36,-1,-1,1,2,D,0,exploit,0,"Based on historical data, button 2 consistently provides high rewards (averaging around 50) when the context is Mercury -1, Krypton -1, Nobelium 1 or Mercury -1, Krypton 1, Nobelium 1, whereas other buttons perform poorly in this context.",57,B,A,D,C
1,LLM_Gemini_3_Flash,37,1,1,-1,1,A,0,exploit,0,"Button 1 has consistently shown high rewards when Mercury is 1 and Krypton is 1, regardless of Nobelium, performing in the 40-55 range in current context. While Button 1's performance is significantly better when Krypton is -1, it remains the most reliable option for this specific context compared to others.",53,B,A,D,C
1,LLM_Gemini_3_Flash,38,-1,1,-1,2,D,0,exploit,0,"Based on historical data, button 2 consistently yields high rewards (averaging around 48-50) when Mercury is -1 and Krypton is 1, regardless of the Nobelium signal. Button 1 performs poorly in this specific context (trial 26, reward 8), and button 2 has proven reliable for this combination.",45,B,A,D,C
1,LLM_Gemini_3_Flash,39,-1,1,1,2,D,0,exploit,0,"Based on the historical data, Button 2 has consistently yielded high rewards (averaging around 45-60) in contexts where Mercury is -1 and Nobelium is 1, regardless of the Krypton signal. Given the current context (Mercury: -1, Krypton: 1, Nobelium: 1), Button 2 remains the most reliable and high-performing option.",51,B,A,D,C
1,LLM_Gemini_3_Flash,40,-1,1,1,2,D,0,exploit,0,"Based on historical data, button 2 consistently yields high rewards (averaging ~45-60) when the Mercury signal is -1 and Nobelium is 1, regardless of the Krypton signal. Given the current context (Mercury: -1, Krypton: 1, Nobelium: 1), button 2 is the most reliable performer compared to others in similar conditions.",55,B,A,D,C
1,LLM_Gemini_3_Flash,41,1,1,-1,1,A,0,exploit,0,Button 1 consistently yields rewards in the 40s to 50s range when Mercury is 1 and Krypton is 1. Historical data shows that Button 1 is the most effective choice under these specific context conditions.,59,B,A,D,C
1,LLM_Gemini_3_Flash,42,1,-1,-1,1,A,1,exploit,0,"The current context (Mercury: 1, Krypton: -1, Nobelium: -1) strongly indicates Button 1 is the optimal choice based on past trials where it consistently yielded high rewards (averaging ~80) under this specific signal configuration.",83,B,A,D,C
1,LLM_Gemini_3_Flash,43,1,-1,-1,1,A,1,exploit,0,"Based on historical data, button 1 consistently yields high rewards (70-88 range) when Mercury is 1, Krypton is -1, and Nobelium is -1. This combination matches the current context.",85,B,A,D,C
1,LLM_Gemini_3_Flash,44,1,1,-1,1,A,0,exploit,0,"Based on the history, button 1 consistently yields higher rewards (around 40-50 range) when the context is Mercury: 1, Krypton: 1, Nobelium: -1. While button 1's performance varies based on the Krypton signal, it is the most reliable performer in this specific context compared to the others observed.",52,B,A,D,C
1,LLM_Gemini_3_Flash,45,-1,1,-1,2,D,0,exploit,0,"Based on historical data, button 2 consistently provides high rewards (averaging around 50) when Mercury is -1, regardless of Krypton or Nobelium values. Button 1 performs poorly when Mercury is -1 and Krypton is 1 (as seen in trial 26), so choosing button 2 is the optimal exploit strategy.",49,B,A,D,C
1,LLM_Gemini_3_Flash,46,-1,-1,1,2,D,0,exploit,0,"Based on historical data for the context (Mercury: -1, Krypton: -1, Nobelium: 1), button 2 has consistently provided high rewards (avg ~53), outperforming button 0 which also appeared in this context.",56,B,A,D,C
1,LLM_Gemini_3_Flash,47,1,-1,1,3,C,0,exploit,0,"Button 3 has shown high rewards (50, 44, 53) when Mercury is 1 and Nobelium is 1, regardless of Krypton. Since the current context has Mercury=1 and Nobelium=1, Button 3 is the most likely candidate for a high reward.",54,B,A,D,C
1,LLM_Gemini_3_Flash,48,-1,-1,1,2,D,0,exploit,0,"Based on the historical data, when the context is Mercury: -1, Krypton: -1, Nobelium: 1, Button 2 consistently provides high rewards (averaging around 50+), whereas Button 0 has yielded lower results in this specific configuration.",55,B,A,D,C
1,LLM_Gemini_3_Flash,49,-1,1,1,2,D,0,exploit,0,"Based on historical data, button 2 consistently yields high rewards (averaging ~50) when the context is (Mercury: -1, Krypton: 1, Nobelium: 1). Button 1 performs poorly when Mercury is -1, and Button 3 is best suited for Mercury: 1, Krypton: -1. Button 2 is the clear optimal choice for this specific context.",45,B,A,D,C
1,LLM_Gemini_3_Flash,50,-1,1,-1,2,D,0,exploit,0,"Based on historical data, button 2 consistently yields high rewards (40-60) in contexts where Krypton is 1, regardless of the other signals, whereas button 1 performs poorly when Mercury is -1 and Krypton is 1. Button 2 is the reliable choice for this specific context.",50,B,A,D,C
2,LLM_Gemini_3_Flash,1,1,1,-1,0,C,0,explore,1,"This is the first trial of the game. I have no prior history to analyze the reward functions of the buttons, so I am choosing button 0 to initiate data collection.",16,C,D,B,A
2,LLM_Gemini_3_Flash,2,1,-1,-1,1,D,0,explore,1,"Since only one trial has been performed (choosing button 0), I have insufficient data to determine the reward functions. I am exploring button 1 to begin gathering comparative data across different arms.",39,C,D,B,A
2,LLM_Gemini_3_Flash,3,1,-1,1,1,D,0,exploit,0,"Button 1 yielded a high reward of 39 in trial 2 with Mercury=1 and Krypton=-1. Since the current context also has Mercury=1 and Krypton=-1, I am exploiting this known high-performing button.",53,C,D,B,A
2,LLM_Gemini_3_Flash,4,1,1,-1,1,D,0,exploit,0,"Button 1 has shown a strong positive performance (39 and 53) in previous trials across different contexts involving Mercury and Krypton. Given the current context (Mercury: 1, Krypton: 1, Nobelium: -1) and the relatively high reward potential observed for button 1, I will choose it to maximize expected profit.",45,C,D,B,A
2,LLM_Gemini_3_Flash,5,-1,1,-1,1,D,0,exploit,0,"Button 1 has consistently yielded higher rewards compared to button 0 in previous trials, suggesting it is a high-performing arm. Given the current context of Mercury -1, Krypton 1, Nobelium -1, I am choosing to exploit the button that has demonstrated superior performance.",53,C,D,B,A
2,LLM_Gemini_3_Flash,6,1,-1,1,1,D,0,exploit,0,"Button 1 has consistently yielded high rewards across various context combinations, including the specific condition (Mercury: 1, Krypton: -1, Nobelium: 1) observed in trial 3 where it returned a high reward of 53.",46,C,D,B,A
2,LLM_Gemini_3_Flash,7,1,-1,-1,1,D,0,exploit,0,"Button 1 has consistently yielded high rewards (39, 53, 45, 53, 46) across various contexts, significantly outperforming the reward of 16 observed for button 0 in trial 1. Given the current context (1, -1, -1), choosing button 1 is the most reliable strategy based on observed history.",50,C,D,B,A
2,LLM_Gemini_3_Flash,8,-1,1,-1,1,D,0,exploit,0,"Button 1 has consistently yielded high rewards (45-53) across various contexts, including the current context (Mercury: -1, Krypton: 1, Nobelium: -1) where it yielded 53 in trial 5. I will continue to exploit this high-performing button.",47,C,D,B,A
2,LLM_Gemini_3_Flash,9,1,-1,1,1,D,0,exploit,0,"Button 1 has consistently yielded high rewards (averaging around 47-53) across various contexts, including the current context (Mercury: 1, Krypton: -1, Nobelium: 1) where it performed very well in trials 3 and 6.",46,C,D,B,A
2,LLM_Gemini_3_Flash,10,1,-1,1,1,D,0,exploit,0,"Button 1 has consistently yielded high rewards (averaging around 45-53) across various contexts in the history. Given that the current context (Mercury: 1, Krypton: -1, Nobelium: 1) is identical to trials 3, 6, and 9 where Button 1 performed well, exploiting Button 1 is the most reliable strategy.",54,C,D,B,A
2,LLM_Gemini_3_Flash,11,-1,1,-1,1,D,0,exploit,0,"Button 1 has consistently yielded high rewards (typically 45-54) across various contexts in the history, including trials with Krypton=1 and Mercury=-1, making it the most reliable choice.",54,C,D,B,A
2,LLM_Gemini_3_Flash,12,1,-1,1,1,D,0,exploit,0,"Button 1 has consistently yielded high rewards across various contexts in the history, demonstrating it is likely the optimal choice regardless of signal variations, including the current context.",56,C,D,B,A
2,LLM_Gemini_3_Flash,13,-1,-1,1,1,D,0,exploit,0,"Button 1 has consistently yielded high rewards across various context signals, maintaining an average reward above 45 across multiple trials, suggesting it is a high-performing button regardless of the current context.",56,C,D,B,A
2,LLM_Gemini_3_Flash,14,-1,-1,1,1,D,0,exploit,0,"Button 1 has consistently returned high rewards (averaging around 45-56) regardless of the context fluctuations across the trials, making it the most reliable performer based on the provided history. Trial 13 confirms strong performance for this button under the specific context of Mercury=-1, Krypton=-1, and Nobelium=1.",47,C,D,B,A
2,LLM_Gemini_3_Flash,15,-1,1,-1,1,D,0,exploit,0,"Button 1 has consistently yielded high rewards (ranging from 39 to 56) across various contexts in the history provided, demonstrating high stability and performance. Given its strong track record and the current context (Mercury: -1, Krypton: 1, Nobelium: -1) where it has previously performed well (trials 5, 8, and 11), it remains the optimal choice to maximize expected reward.",55,C,D,B,A
2,LLM_Gemini_3_Flash,16,1,-1,1,1,D,0,exploit,0,"Button 1 has consistently yielded high rewards across various combinations of Mercury, Krypton, and Nobelium throughout the trial history, suggesting it is a high-performing or perhaps even a near-constant high-reward button compared to others tested.",49,C,D,B,A
2,LLM_Gemini_3_Flash,17,-1,1,-1,1,D,0,exploit,0,"Button 1 has consistently yielded high rewards across various context combinations throughout the game, demonstrating it is a strong performer regardless of the specific signal variations observed so far.",52,C,D,B,A
2,LLM_Gemini_3_Flash,18,1,-1,-1,1,D,0,exploit,0,"Button 1 has consistently yielded high rewards across almost all contexts tested so far, appearing to be a robust high-reward choice regardless of the signal variations in the current context.",48,C,D,B,A
2,LLM_Gemini_3_Flash,19,-1,-1,1,1,D,0,exploit,0,"Button 1 has consistently yielded high rewards (averaging close to 50) across various combinations of Mercury, Krypton, and Nobelium, suggesting it is a high-performing or potentially constant-high reward button. Given the success in previous trials, it is the most reliable choice.",57,C,D,B,A
2,LLM_Gemini_3_Flash,20,-1,1,1,1,D,0,exploit,0,"Button 1 has been tested extensively across various context signals and has consistently provided high rewards (typically between 45-57), establishing it as the most reliable option compared to the limited data on other buttons.",45,C,D,B,A
2,LLM_Gemini_3_Flash,21,-1,-1,1,1,D,0,exploit,0,"Button 1 has consistently yielded high rewards across almost all observed contexts, suggesting it is a robust or optimal choice regardless of the signal variations. I will continue to exploit this high-performing button.",43,C,D,B,A
2,LLM_Gemini_3_Flash,22,1,-1,1,1,D,0,exploit,0,"Button 1 has consistently yielded high rewards (typically in the 45-57 range) regardless of the context fluctuations throughout the history, making it the most reliable performer observed so far.",60,C,D,B,A
2,LLM_Gemini_3_Flash,23,1,1,-1,1,D,0,exploit,0,"Button 1 has consistently yielded high rewards (mostly in the 40-60 range) across various context combinations in the history provided, whereas the single test of Button 0 resulted in a low reward of 16. Button 1 appears to be the most reliable option.",50,C,D,B,A
2,LLM_Gemini_3_Flash,24,1,1,-1,1,D,0,exploit,0,"Button 1 has consistently yielded high rewards (averaging around 50) regardless of the context signals in the previous 22 trials. Given that other buttons were minimally explored and performed poorly initially, I will continue to exploit button 1.",51,C,D,B,A
2,LLM_Gemini_3_Flash,25,-1,1,-1,1,D,0,exploit,0,"Button 1 has consistently delivered strong, reliable rewards across various contexts throughout the history, making it the most statistically likely button to yield high returns.",53,C,D,B,A
2,LLM_Gemini_3_Flash,26,-1,1,1,1,D,0,exploit,0,"Button 1 has consistently yielded high rewards across almost all contexts, regardless of signal variations. Given the history of stable and high performance in various contexts, it remains the most reliable choice.",56,C,D,B,A
2,LLM_Gemini_3_Flash,27,-1,1,1,1,D,0,exploit,0,"Button 1 has been consistently yielding high rewards (typically 45-60) across a wide range of context configurations, including the current context (Mercury: -1, Krypton: 1, Nobelium: 1) where it performed well in trial 26. Based on history, it is the most reliable option.",51,C,D,B,A
2,LLM_Gemini_3_Flash,28,-1,1,-1,1,D,0,exploit,0,"Button 1 has consistently yielded high rewards across almost all observed contexts, averaging well above 50. Given the current context of (-1, 1, -1), historical data for this specific configuration shows strong performance for button 1.",59,C,D,B,A
2,LLM_Gemini_3_Flash,29,1,-1,1,1,D,0,exploit,0,"Button 1 has consistently yielded strong rewards across various contexts throughout the trial history, averaging well above 50. Given the current context (Mercury: 1, Krypton: -1, Nobelium: 1), Button 1 has demonstrated high performance in similar past scenarios, making it the most reliable choice to exploit.",45,C,D,B,A
2,LLM_Gemini_3_Flash,30,-1,1,1,1,D,0,exploit,0,"Button 1 has consistently yielded reliable rewards (averaging around 50) regardless of the context fluctuations, demonstrating it is the most robust and high-performing choice based on the history. With the current context being Mercury: -1, Krypton: 1, Nobelium: 1, I am exploiting button 1 as it has performed well in similar previous trials.",47,C,D,B,A
2,LLM_Gemini_3_Flash,31,-1,1,-1,1,D,0,exploit,0,"Based on the extensive history provided, button 1 consistently yields rewards in the range of 40-60 regardless of the context signals (Mercury, Krypton, Nobelium), whereas button 0 yielded a very low reward (16) in trial 1. Given the consistency of button 1, it remains the optimal choice for exploitation.",49,C,D,B,A
2,LLM_Gemini_3_Flash,32,-1,1,-1,1,D,0,exploit,0,"Button 1 has consistently yielded high rewards across almost every context encountered in the history. Given the consistent performance of Button 1 regardless of the Mercury, Krypton, and Nobelium signals, it is the most reliable choice.",49,C,D,B,A
2,LLM_Gemini_3_Flash,33,-1,-1,1,1,D,0,exploit,0,"Button 1 has consistently yielded high rewards across almost all contexts, demonstrating a very stable and high expected payoff regardless of the specific signal variations. Given the history of strong performance, it is the most reliable choice.",42,C,D,B,A
2,LLM_Gemini_3_Flash,34,1,1,-1,1,D,0,exploit,0,"Button 1 has consistently yielded high rewards (typically between 40-60) across a wide variety of context combinations throughout the game history, making it the most reliable choice given the current context.",44,C,D,B,A
2,LLM_Gemini_3_Flash,35,-1,1,-1,1,D,0,exploit,0,"Button 1 has been consistently yielding high rewards (averaging around 50) throughout the history across various contexts. Given that it has proven to be a reliable source of reward and I have insufficient information to prove any other button performs better, I will continue to exploit button 1.",49,C,D,B,A
2,LLM_Gemini_3_Flash,36,-1,1,1,1,D,0,exploit,0,"Button 1 has been consistently chosen throughout the game and has provided a reliable average reward across various contexts. Given that the other buttons (0, 2, 3) were barely tested, and Button 1 shows a stable performance with rewards consistently in the 40s and 50s, it remains the optimal choice for exploitation in the current context.",47,C,D,B,A
2,LLM_Gemini_3_Flash,37,1,-1,1,1,D,0,exploit,0,"Based on the extensive history, button 1 has consistently provided high rewards across all observed context combinations, suggesting it is the optimal button regardless of the signal state. Since I have tested button 1 repeatedly and it performs well, I will continue to exploit this high-performing option.",47,C,D,B,A
2,LLM_Gemini_3_Flash,38,1,1,-1,1,D,0,exploit,0,"Button 1 has consistently yielded rewards in the 40-60 range across all contexts observed in the history. While Button 0 was tested once with a low result, the reliability of Button 1 makes it the optimal choice for exploitation in the current context.",44,C,D,B,A
2,LLM_Gemini_3_Flash,39,-1,-1,1,1,D,0,exploit,0,"Button 1 has consistently yielded reliable rewards across various signal configurations throughout the history. Given the consistent performance observed, I will continue to exploit button 1 for this context.",49,C,D,B,A
2,LLM_Gemini_3_Flash,40,1,-1,-1,1,D,0,exploit,0,"Button 1 has consistently yielded reliable rewards across a wide variety of context combinations throughout the game, demonstrating high stability. Given the limited data on buttons 0, 2, and 3, and the consistent performance of button 1, continuing to exploit button 1 is the most risk-averse and profitable strategy.",53,C,D,B,A
2,LLM_Gemini_3_Flash,41,1,-1,1,1,D,0,exploit,0,"Button 1 has consistently yielded reliable rewards throughout the 40 trials, regardless of the context fluctuations. Since Button 1 is the only button I have significant data for, it remains the safest and most reliable choice to maximize profit.",46,C,D,B,A
2,LLM_Gemini_3_Flash,42,-1,1,-1,1,D,0,exploit,0,"Button 1 has been consistently yielding rewards in the 40-60 range across all tested context combinations throughout the trial history, while Button 0 performed poorly in the only trial it was tested. Given the consistency of Button 1, I will continue to exploit it.",49,C,D,B,A
2,LLM_Gemini_3_Flash,43,1,-1,-1,1,D,0,exploit,0,"Button 1 has been consistently chosen throughout the trials and has provided reliable, high rewards across various context combinations, suggesting it is the optimal button for the current context.",49,C,D,B,A
2,LLM_Gemini_3_Flash,44,1,1,-1,1,D,0,exploit,0,"Button 1 has consistently provided stable, moderate-to-high rewards across a variety of contexts throughout the trials, making it the most reliable choice given the current data.",61,C,D,B,A
2,LLM_Gemini_3_Flash,45,-1,-1,1,1,D,0,exploit,0,"Button 1 has consistently yielded reliable rewards throughout the trials across various context combinations. Given that I have almost exclusively explored button 1 and it has demonstrated a robust reward range, continuing to exploit this button is the most strategic approach to maximize total profit in the final stages of the game.",56,C,D,B,A
2,LLM_Gemini_3_Flash,46,1,-1,1,1,D,0,exploit,0,"Button 1 has been consistently chosen throughout the game and has provided a reliable average reward across various context combinations. Given that I have strong performance history with button 1 and no evidence that other buttons (like 0, 2, or 3) outperform it, I am choosing to continue exploiting button 1.",47,C,D,B,A
2,LLM_Gemini_3_Flash,47,1,-1,-1,1,D,0,exploit,0,"Button 1 has consistently yielded reliable rewards throughout the history, averaging around 50 points, whereas button 0 performed poorly in initial testing. I will continue to exploit button 1 as it remains the most stable high-performing option observed.",50,C,D,B,A
2,LLM_Gemini_3_Flash,48,1,1,-1,1,D,0,exploit,0,"Throughout the history of the game, Button 1 has consistently provided stable, high rewards across all combinations of context signals, consistently outperforming initial tests on other buttons. Given the current signals, sticking with the historically reliable Button 1 is the most optimal strategy.",45,C,D,B,A
2,LLM_Gemini_3_Flash,49,-1,1,1,1,D,0,exploit,0,"Button 1 has consistently yielded reliable rewards throughout the 48 trials across various contexts. Given the limited data on other buttons and the strong performance of button 1, continuing to exploit it is the most statistically sound strategy to maximize total profit.",51,C,D,B,A
2,LLM_Gemini_3_Flash,50,-1,1,1,1,D,0,exploit,0,"Button 1 has consistently yielded reliable rewards throughout the 49 trials regardless of the fluctuating context signals, suggesting it is either a high-performing or stable option compared to the limited data on other buttons.",50,C,D,B,A
3,LLM_Gemini_3_Flash,1,1,-1,-1,0,D,0,explore,1,This is the first trial and there is no history available. I am choosing button 0 to establish a baseline reward and begin collecting data on the relationship between the context signals and the mining outcomes.,62,D,C,A,B
3,LLM_Gemini_3_Flash,2,1,1,-1,1,C,0,explore,1,"I have only tested button 0 once. With a new context state, I need to explore other buttons to build a reward distribution model.",17,D,C,A,B
3,LLM_Gemini_3_Flash,3,1,-1,1,0,D,0,explore,1,"Trial 1 showed a high reward of 62 for button 0 when Mercury was 1 and Nobelium was -1. Given the current context (Mercury 1, Krypton -1, Nobelium 1), I am testing if button 0 remains high-performing despite the change in the Nobelium signal.",45,D,C,A,B
3,LLM_Gemini_3_Flash,4,-1,-1,1,0,D,0,exploit,0,"Button 0 has consistently yielded higher rewards in the trials where it was chosen compared to the single trial result for Button 1. Given the context (Mercury -1, Krypton -1, Nobelium 1), I am leveraging the previous performance of button 0 to maximize profit.",39,D,C,A,B
3,LLM_Gemini_3_Flash,5,-1,1,1,0,D,0,explore,1,"Button 0 has been tested most frequently and consistently returns moderate-to-high rewards across different contexts, while other buttons have seen minimal testing. I am choosing 0 again to further stabilize the estimate of its baseline performance.",55,D,C,A,B
3,LLM_Gemini_3_Flash,6,1,1,-1,0,D,0,exploit,0,"Button 0 has consistently yielded moderate to high rewards across various contexts (averaging around 50), while Button 1 provided a low reward of 17 in the same context previously. Given the current context, I am choosing Button 0 as the most reliable option.",49,D,C,A,B
3,LLM_Gemini_3_Flash,7,-1,-1,1,0,D,0,exploit,0,"Button 0 has consistently yielded decent rewards regardless of the signals (62, 45, 39, 55, 49), suggesting it has a high baseline or is relatively robust. Given the limited data on buttons 1, 2, and 3, and Button 0's proven performance in this specific context (trial 4), I am exploiting Button 0.",60,D,C,A,B
3,LLM_Gemini_3_Flash,8,-1,1,-1,0,D,0,exploit,0,"Button 0 has consistently delivered higher rewards (ranging from 39 to 62) across various context combinations compared to the single attempt on Button 1, which yielded a low reward of 17. Given the context (Mercury: -1, Krypton: 1, Nobelium: -1), Button 0 remains the most reliable performer based on history.",44,D,C,A,B
3,LLM_Gemini_3_Flash,9,-1,-1,1,0,D,0,exploit,0,"Button 0 has consistently delivered solid rewards (ranging from 39 to 62) across various contexts, including the current context (Mercury: -1, Krypton: -1, Nobelium: 1) where it yielded 39 and 60 in previous trials. It appears to be a stable or high-performing arm, and given the lack of sufficient data on buttons 2 and 3, exploiting the known performer is the most reliable strategy.",46,D,C,A,B
3,LLM_Gemini_3_Flash,10,1,-1,1,0,D,0,exploit,0,"Button 0 has consistently provided reasonable to high rewards across various context signals throughout the history. Given the limited data on buttons 1, 2, and 3, and the established performance of button 0 in the current context (Trial 3: reward 45), exploiting button 0 is the safest and most likely strategy to maximize rewards.",50,D,C,A,B
3,LLM_Gemini_3_Flash,11,-1,1,1,0,D,0,exploit,0,"Button 0 has consistently yielded solid, high rewards across various contexts in the history, suggesting it may have a high baseline or favorable correlation with the given signals. Given the success in trial 5 with identical context parameters, I am choosing to exploit this known reliable option.",56,D,C,A,B
3,LLM_Gemini_3_Flash,12,-1,-1,1,0,D,0,exploit,0,"Button 0 has been tested extensively across various contexts and has consistently yielded high rewards, making it the most reliable choice given current observations.",56,D,C,A,B
3,LLM_Gemini_3_Flash,13,1,-1,-1,0,D,0,exploit,0,"Button 0 has consistently provided high rewards across all observed contexts, suggesting it may have the highest baseline reward or is the most reliable option under various conditions. Given the lack of data for other buttons and the strong performance of button 0, exploiting it is the most logical choice.",50,D,C,A,B
3,LLM_Gemini_3_Flash,14,-1,1,-1,0,D,0,exploit,0,"Button 0 has been chosen consistently and provided reliable rewards across various context configurations, suggesting it is a robust or high-performing option regardless of the current signals.",55,D,C,A,B
3,LLM_Gemini_3_Flash,15,1,-1,1,0,D,0,exploit,0,"Button 0 has consistently provided reliable, high returns across various contexts throughout the trials, including the current context (Mercury 1, Krypton -1, Nobelium 1) where it yielded 45 and 50 in previous similar states. Since other buttons have only been sampled once with lower returns, I will continue exploiting button 0.",42,D,C,A,B
3,LLM_Gemini_3_Flash,16,1,-1,1,0,D,0,exploit,0,"Button 0 has consistently provided stable, high rewards across various context combinations throughout the first 15 trials. Since it has performed reliably, I will continue to exploit this button for the current context.",50,D,C,A,B
3,LLM_Gemini_3_Flash,17,-1,1,1,0,D,0,exploit,0,"Button 0 has consistently delivered solid rewards (averaging around 50) across varied context signals in all previous trials. Since there is insufficient data to prove that buttons 1, 2, or 3 have higher potential, I am exploiting button 0.",54,D,C,A,B
3,LLM_Gemini_3_Flash,18,-1,-1,1,0,D,0,exploit,0,"Button 0 has been chosen consistently throughout the trials and has provided reliable, high rewards across all observed variations of Mercury, Krypton, and Nobelium signals. Given the strong historical performance, it remains the most stable choice to maximize expected reward.",55,D,C,A,B
3,LLM_Gemini_3_Flash,19,-1,1,1,0,D,0,exploit,0,"Button 0 has been consistently providing high rewards across various context combinations throughout the game, and based on the provided history, it appears to be the most reliable option.",55,D,C,A,B
3,LLM_Gemini_3_Flash,20,-1,-1,1,0,D,0,exploit,0,"Button 0 has been consistently returning high rewards (ranging from 39 to 62) across a variety of contexts in the previous trials. Given the current context (-1, -1, 1), Button 0 remains the most reliable option based on historical performance, so I am choosing to exploit this learned pattern.",46,D,C,A,B
3,LLM_Gemini_3_Flash,21,1,-1,1,0,D,0,exploit,0,"Button 0 has consistently provided high rewards throughout the game history across various contexts. Since no other button has shown a higher average reward or a clearer signal-dependent advantage based on the limited data, exploiting button 0 remains the most reliable strategy for maximizing profit.",51,D,C,A,B
3,LLM_Gemini_3_Flash,22,1,-1,-1,0,D,0,exploit,0,"Button 0 has consistently provided high rewards across all observed contexts throughout the 21 trials. Given its reliability and the lack of strong evidence that another button would perform better, I will continue to exploit button 0.",45,D,C,A,B
3,LLM_Gemini_3_Flash,23,1,1,-1,0,D,0,exploit,0,"Button 0 has been consistently yielding reliable rewards across various contexts throughout the history, while Button 1 performed poorly (17) in the only trial (trial 2) where the context matched the current one (Mercury: 1, Krypton: 1, Nobelium: -1). I will continue to exploit Button 0.",47,D,C,A,B
3,LLM_Gemini_3_Flash,24,-1,1,1,0,D,0,exploit,0,"Button 0 has consistently provided stable, high rewards across almost all contexts experienced so far, including when the context was Mercury: -1, Krypton: 1, Nobelium: 1 in previous trials. I am confident in continuing to exploit this button.",49,D,C,A,B
3,LLM_Gemini_3_Flash,25,-1,1,-1,0,D,0,exploit,0,"Button 0 has been consistently yielding reliable rewards (averaging around 50) throughout the history across various contexts. Since I have not seen evidence that other buttons perform better, and Button 0 is stable, I will continue to exploit it.",49,D,C,A,B
3,LLM_Gemini_3_Flash,26,-1,-1,1,0,D,0,exploit,0,"Button 0 has consistently delivered solid rewards (averaging around 50) throughout the experiment. Since it is the only button I have heavily sampled, I will continue to exploit it while the others remain unknowns with lower early performance.",47,D,C,A,B
3,LLM_Gemini_3_Flash,27,1,1,-1,0,D,0,exploit,0,"Button 0 has been the most consistent performer across various contexts in my history, consistently yielding rewards in the 40-60 range regardless of signal fluctuations, whereas Button 1 yielded a very low reward (17) in a similar previous context.",52,D,C,A,B
3,LLM_Gemini_3_Flash,28,1,-1,-1,0,D,0,exploit,0,"Button 0 has been consistently returning rewards in the 40-60 range across all context combinations, serving as a reliable baseline with a high expected value. Given the history of trials 1, 13, and 22, it maintains a stable yield under the current Mercury: 1, Krypton: -1, Nobelium: -1 context.",50,D,C,A,B
3,LLM_Gemini_3_Flash,29,1,-1,1,0,D,0,exploit,0,"Button 0 has been consistently returning moderate to high rewards across a wide range of contexts throughout the trial history. Given the history of trials 3, 10, 15, 16, and 21, which all shared the current context, button 0 has established a stable performance, making it the most reliable choice.",50,D,C,A,B
3,LLM_Gemini_3_Flash,30,1,1,-1,0,D,0,exploit,0,"Button 0 has been consistently returning rewards in the range of 40-60 regardless of the context, showing it is a stable and reliable choice compared to the single trial on button 1 which yielded a very low reward of 17.",46,D,C,A,B
3,LLM_Gemini_3_Flash,31,1,-1,-1,0,D,0,exploit,0,"Button 0 has consistently provided stable rewards (average around 50) throughout the history across various contexts, suggesting it is a reliable choice. Given that other buttons haven't shown clear superiority, I am exploiting the consistent performance of Button 0.",58,D,C,A,B
3,LLM_Gemini_3_Flash,32,-1,1,1,0,D,0,exploit,0,"Button 0 has consistently provided reliable rewards across various contexts throughout the history, while Button 1 demonstrated significantly lower performance in its single trial. Given the consistency of Button 0, it remains the optimal choice for exploitation.",44,D,C,A,B
3,LLM_Gemini_3_Flash,33,1,-1,-1,0,D,0,exploit,0,"Button 0 has consistently provided reliable rewards around 45-60 across all observed context variations in the history. Since previous explorations of other buttons (like button 1 in trial 2) resulted in significantly lower rewards, and Button 0 has been consistently profitable, continuing with Button 0 is the safest strategy to maximize the expected reward.",46,D,C,A,B
3,LLM_Gemini_3_Flash,34,1,1,-1,0,D,0,exploit,0,"Button 0 has consistently provided reliable, stable, and high rewards (averaging around 50) across all variations of context signals observed so far, whereas other buttons have shown significantly lower performance based on limited testing, suggesting button 0 is likely the optimal choice.",42,D,C,A,B
3,LLM_Gemini_3_Flash,35,1,1,-1,0,D,0,exploit,0,"Button 0 has consistently provided reliable rewards across all variations of context signals throughout 34 trials, whereas Button 1 performed poorly when last tested in the current context (Trial 2). Given the stability of Button 0, it is the most logical choice to exploit.",49,D,C,A,B
3,LLM_Gemini_3_Flash,36,-1,1,-1,0,D,0,exploit,0,"Button 0 has consistently provided reliable rewards throughout the history, averaging around 50 points regardless of the context. Given the limited data on other buttons and the consistent performance of Button 0, it remains the safest and most likely optimal choice.",58,D,C,A,B
3,LLM_Gemini_3_Flash,37,1,-1,1,0,D,0,exploit,0,"Button 0 has been consistently yielding reliable rewards (averaging around 45-60) across various contexts throughout the history, while Trial 2 showed Button 1 performing poorly. Given the lack of evidence for other buttons and the consistent performance of Button 0, continuing to exploit Button 0 is the most effective strategy.",55,D,C,A,B
3,LLM_Gemini_3_Flash,38,1,-1,-1,0,D,0,exploit,0,"Button 0 has consistently provided reliable rewards (averaging around 50) throughout the trials. Since the other buttons were only tested once in trial 2 and yielded a poor reward, and Button 0 performs well across all contexts observed so far, continuing to exploit Button 0 is the most effective strategy to maintain stable returns.",60,D,C,A,B
3,LLM_Gemini_3_Flash,39,1,1,-1,0,D,0,exploit,0,"Button 0 has consistently provided stable rewards (average around 50) across almost all contexts in the history. While Button 1 performed poorly in a previous trial, Button 0 has demonstrated robust performance regardless of the input signals, making it the most reliable choice.",43,D,C,A,B
3,LLM_Gemini_3_Flash,40,-1,-1,1,0,D,0,exploit,0,"Button 0 has consistently provided reliable rewards (averaging around 50) throughout the trials. Since the other buttons have not been tested sufficiently and Button 0 demonstrates a stable performance across diverse context variations, I will continue to exploit this choice.",43,D,C,A,B
3,LLM_Gemini_3_Flash,41,1,1,-1,0,D,0,exploit,0,"Button 0 has consistently provided reliable rewards across all contexts throughout the 40 trials. Given the history of stable and relatively high performance for button 0 compared to the single attempt on button 1 which yielded a very low reward, sticking with button 0 is the most effective strategy to maximize expected rewards.",53,D,C,A,B
3,LLM_Gemini_3_Flash,42,-1,-1,1,0,D,0,exploit,0,"Button 0 has consistently provided reliable rewards (average around 50) across all variations of context signals, suggesting it acts as a stable reward source. Given the high performance observed so far, I will continue to exploit this reliable option.",59,D,C,A,B
3,LLM_Gemini_3_Flash,43,-1,1,1,0,D,0,exploit,0,"Button 0 has consistently provided reliable rewards across all contexts throughout the game, whereas Button 1 yielded a very low reward early on. Given that I have almost exclusively played Button 0 with consistent success, I will continue to exploit this high-performing option.",44,D,C,A,B
3,LLM_Gemini_3_Flash,44,-1,1,-1,0,D,0,exploit,0,"Button 0 has consistently provided reliable rewards across various context combinations throughout the game, suggesting it is a high-performing or perhaps even constant-reward button. Given the limited signal-to-reward correlation for other buttons in early trials, continuing to exploit the stable performance of button 0 is the most effective strategy for maximizing total profit.",55,D,C,A,B
3,LLM_Gemini_3_Flash,45,-1,1,1,0,D,0,exploit,0,"Button 0 has consistently provided high rewards across all observed contexts throughout the 44 trials, making it the safest and most reliable choice for the current context.",52,D,C,A,B
3,LLM_Gemini_3_Flash,46,-1,1,-1,0,D,0,exploit,0,"Throughout the trial history, button 0 has consistently provided reliable rewards ranging from 39 to 62 regardless of the context signals, suggesting it is a robust option. Given that exploration of other buttons early on yielded significantly lower results, exploiting button 0 remains the most profitable strategy.",52,D,C,A,B
3,LLM_Gemini_3_Flash,47,-1,1,1,0,D,0,exploit,0,"Button 0 has consistently provided reliable, relatively high rewards across a variety of contexts throughout the 46 trials. Given its stable performance compared to the limited exploration of other buttons, it is the most reliable choice to exploit for the current context.",49,D,C,A,B
3,LLM_Gemini_3_Flash,48,1,-1,-1,0,D,0,exploit,0,"Button 0 has consistently provided stable, high rewards across almost all contexts observed in the history. Given the consistent performance of Button 0 and the lack of strong signal-based evidence to favor any of the other buttons, I will continue to exploit the established performance of Button 0.",52,D,C,A,B
3,LLM_Gemini_3_Flash,49,1,1,-1,0,D,0,exploit,0,"Throughout the history, button 0 has consistently provided stable, high rewards across all context combinations, whereas the single test of button 1 resulted in a very low reward. Given the current signals, sticking with the proven high-reward option 0 is the optimal strategy for maximizing profit.",61,D,C,A,B
3,LLM_Gemini_3_Flash,50,-1,-1,1,0,D,0,exploit,0,"Button 0 has consistently provided reliable rewards across all contexts tested throughout the trial history, with no other button showing evidence of higher performance in initial exploration. Given the high performance and low variance observed, I will continue to exploit button 0.",48,D,C,A,B
4,LLM_Gemini_3_Flash,1,-1,1,1,0,D,0,explore,1,"Since there is no previous history, I must perform an exploration step to begin gathering data on the reward distributions associated with the given context signals (Mercury: -1, Krypton: 1, Nobelium: 1).",49,D,A,B,C
4,LLM_Gemini_3_Flash,2,-1,1,1,1,A,0,explore,1,"Button 0 provided a decent reward of 49 in the previous trial for this exact context, but to maximize future profit, I need to compare this performance against other buttons (1, 2, or 3) to identify which one yields the highest potential reward.",13,D,A,B,C
4,LLM_Gemini_3_Flash,3,-1,1,-1,0,D,0,exploit,0,"Button 0 yielded a high reward (49) in the previous trial under similar context (Mercury -1, Krypton 1), suggesting it is likely the optimal choice despite the change in the Nobelium signal.",47,D,A,B,C
4,LLM_Gemini_3_Flash,4,-1,1,1,0,D,0,exploit,0,"In trials 1 and 2, button 0 returned a reward of 49 given the context (-1, 1, 1), significantly outperforming button 1 (13). Since the current context is identical to trial 1, exploiting button 0 is the optimal strategy.",53,D,A,B,C
4,LLM_Gemini_3_Flash,5,-1,-1,1,0,D,0,exploit,0,"Button 0 has consistently delivered high rewards (49, 47, 53) regardless of the variance in Krypton and Nobelium signals in previous trials. Given its strong performance, it is the most reliable choice to maximize expected reward.",57,D,A,B,C
4,LLM_Gemini_3_Flash,6,1,-1,-1,0,D,0,exploit,0,"Button 0 has consistently yielded high rewards (49, 47, 53, 57) across various context combinations, while Button 1 showed a significantly lower reward (13) in trial 2. Given Button 0's consistent performance, I will continue to exploit it.",57,D,A,B,C
4,LLM_Gemini_3_Flash,7,1,-1,1,0,D,0,exploit,0,"Button 0 has consistently yielded high rewards (ranging from 47 to 57) across various contexts, suggesting it is a high-reward or stable arm compared to Button 1, which performed poorly in trial 2. I am choosing Button 0 to exploit its observed high reward potential.",52,D,A,B,C
4,LLM_Gemini_3_Flash,8,1,1,-1,0,D,0,exploit,0,"Button 0 has consistently delivered high rewards across various context configurations, suggesting it is a reliable choice or potentially a constant-high reward arm, regardless of the fluctuating signals Mercury, Krypton, and Nobelium.",42,D,A,B,C
4,LLM_Gemini_3_Flash,9,-1,-1,1,0,D,0,exploit,0,"Button 0 has consistently yielded high rewards (42-57) across all varying contexts throughout the history, suggesting it has a high base reward or a favorable reward function compared to Button 1, which performed poorly in trial 2. Given the current context, choosing Button 0 is the safest and most likely to maximize reward based on historical performance.",49,D,A,B,C
4,LLM_Gemini_3_Flash,10,-1,1,1,0,D,0,exploit,0,"Button 0 has consistently yielded high rewards across all observed context variations, suggesting it is either a high-reward button or stable enough to be the optimal choice compared to the limited data on other buttons.",54,D,A,B,C
4,LLM_Gemini_3_Flash,11,1,-1,1,0,D,0,exploit,0,"Button 0 has consistently delivered high rewards (averaging around 50-57) across various signal combinations in the history. It appears to be the most reliable source of profit, and given its strong performance, I will exploit this option.",44,D,A,B,C
4,LLM_Gemini_3_Flash,12,1,-1,1,0,D,0,exploit,0,"Button 0 has consistently delivered high rewards across various contexts in the history, indicating it likely has a strong, stable reward function compared to the limited data on other buttons.",54,D,A,B,C
4,LLM_Gemini_3_Flash,13,-1,-1,1,0,D,0,exploit,0,"Button 0 has been consistently yielding high rewards (averaging around 50) across all variations of the signals encountered so far, making it the most reliable choice regardless of the current context.",49,D,A,B,C
4,LLM_Gemini_3_Flash,14,-1,1,-1,0,D,0,exploit,0,"Button 0 has consistently delivered strong rewards across a variety of contexts in the historical data, demonstrating a high and stable expected return, which makes it the most reliable choice compared to the limited and poor performance seen for button 1.",48,D,A,B,C
4,LLM_Gemini_3_Flash,15,1,-1,-1,0,D,0,exploit,0,"Button 0 has consistently delivered high rewards across all observed contexts throughout the trial history, suggesting it may have a high baseline or favorable interaction with the current signal configuration. Given its strong performance, exploiting this option is the most rational strategy.",53,D,A,B,C
4,LLM_Gemini_3_Flash,16,-1,1,-1,0,D,0,exploit,0,"Button 0 has consistently yielded high rewards across a wide variety of contexts throughout the trials, including the current context of Mercury=-1, Krypton=1, Nobelium=-1, where it yielded 47 and 48 in previous similar trials.",53,D,A,B,C
4,LLM_Gemini_3_Flash,17,1,-1,-1,0,D,0,exploit,0,"Button 0 has consistently delivered high rewards across various context signals throughout the history, effectively acting as a high-performing baseline. Given the stability of its performance in the previous 16 trials, I will continue to exploit this button.",58,D,A,B,C
4,LLM_Gemini_3_Flash,18,-1,1,-1,0,D,0,exploit,0,"Button 0 has consistently delivered high rewards (averaging around 50+) across all observed context combinations, while limited sampling of other buttons (e.g., button 1 in trial 2) suggests they may yield lower returns. Given the current context of Mercury -1, Krypton 1, Nobelium -1, and the success observed in trials 3, 14, and 16 with this specific context, choosing button 0 is the most statistically sound strategy to maximize reward.",49,D,A,B,C
4,LLM_Gemini_3_Flash,19,-1,1,1,0,D,0,exploit,0,"Button 0 has been tested extensively across all contexts and consistently provides a high reward, while button 1 showed a significantly lower reward in trial 2. Given the consistent performance of button 0, I will continue to exploit it.",55,D,A,B,C
4,LLM_Gemini_3_Flash,20,-1,-1,1,0,D,0,exploit,0,"Button 0 has consistently delivered high rewards across various contexts in the history, indicating it is likely the optimal or a very strong button regardless of the signal fluctuations.",46,D,A,B,C
4,LLM_Gemini_3_Flash,21,-1,1,1,0,D,0,exploit,0,"Button 0 has consistently provided high rewards across all observed contexts in the 20 trials, suggesting it is a high-reward button, likely with a stable reward function that outperforms others.",49,D,A,B,C
4,LLM_Gemini_3_Flash,22,-1,-1,1,0,D,0,exploit,0,"Button 0 has been chosen consistently across almost all trials and shows a consistently high reward regardless of context signals, indicating it is likely the optimal choice.",58,D,A,B,C
4,LLM_Gemini_3_Flash,23,-1,1,-1,0,D,0,exploit,0,"Button 0 has consistently delivered high rewards across various context combinations throughout the game history, establishing it as the most reliable choice with a high expected value.",45,D,A,B,C
4,LLM_Gemini_3_Flash,24,1,-1,1,0,D,0,exploit,0,"Button 0 has consistently delivered high rewards across various combinations of Mercury, Krypton, and Nobelium throughout the entire history. Given its stable performance as the baseline, it is the most reliable choice.",47,D,A,B,C
4,LLM_Gemini_3_Flash,25,-1,1,1,0,D,0,exploit,0,"Button 0 has been tested extensively across all contexts and consistently yields a high average reward (ranging consistently in the 40s to 50s), while Button 1 showed a significantly lower reward in the only trial it was tested. Given the current context of Mercury -1, Krypton 1, Nobelium 1, Button 0 remains the most reliable high-performing choice.",53,D,A,B,C
4,LLM_Gemini_3_Flash,26,-1,1,-1,0,D,0,exploit,0,"Button 0 has consistently delivered reliable rewards (averaging around 50) throughout the history across all signal combinations. Given the limited data on other buttons and Button 0's strong performance, it is the most robust choice for exploitation.",46,D,A,B,C
4,LLM_Gemini_3_Flash,27,1,-1,-1,0,D,0,exploit,0,"Button 0 has consistently delivered strong, stable rewards regardless of the input signals, consistently averaging around 50. Given the history, Button 0 is the safest and most profitable choice while other buttons remain largely untested.",51,D,A,B,C
4,LLM_Gemini_3_Flash,28,1,-1,-1,0,D,0,exploit,0,"Button 0 has consistently delivered strong, reliable rewards across various context signals, averaging near 50-55. Given that no other button has shown a significantly higher potential in the trial history, I will continue to exploit button 0.",45,D,A,B,C
4,LLM_Gemini_3_Flash,29,-1,1,1,0,D,0,exploit,0,"Button 0 has consistently provided high rewards across all observed variations of the context signals throughout the history, suggesting it is a high-reward button, and there is no evidence that the other buttons perform better.",54,D,A,B,C
4,LLM_Gemini_3_Flash,30,1,-1,1,0,D,0,exploit,0,"Button 0 has consistently provided stable, high rewards across various context combinations, and I have sufficient confidence that it is the optimal choice compared to the limited data on other buttons.",46,D,A,B,C
4,LLM_Gemini_3_Flash,31,1,-1,-1,0,D,0,exploit,0,"Button 0 has consistently yielded high rewards (averaging around 50) regardless of the context fluctuations, making it the most reliable choice based on the historical data.",51,D,A,B,C
4,LLM_Gemini_3_Flash,32,1,-1,-1,0,D,0,exploit,0,"Button 0 has consistently yielded high rewards across almost all contexts, suggesting it provides a stable and high base reward, whereas the single test of Button 1 showed a significantly lower return.",43,D,A,B,C
4,LLM_Gemini_3_Flash,33,1,-1,-1,0,D,0,exploit,0,"Button 0 has been consistently returning high rewards (averaging around 50) regardless of the context fluctuations, while the only trial exploring another button (trial 2) yielded a significantly lower reward. Given the strong performance history, continuing to exploit button 0 is the most reliable strategy.",51,D,A,B,C
4,LLM_Gemini_3_Flash,34,1,1,-1,0,D,0,exploit,0,"Button 0 has been consistently yielding high rewards (typically in the 40-60 range) across various contexts in 33 trials, whereas the only trial where button 1 was attempted resulted in a significantly lower reward (13). I will continue to exploit button 0 as it appears to be the most reliable option.",57,D,A,B,C
4,LLM_Gemini_3_Flash,35,1,1,-1,0,D,0,exploit,0,"Button 0 has consistently provided high rewards throughout the trials across various context combinations, and there is no evidence that any of the other buttons (which remain untested) offer a higher expected payout.",56,D,A,B,C
4,LLM_Gemini_3_Flash,36,-1,1,-1,0,D,0,exploit,0,"Button 0 has been consistently returning high rewards averaging near 50-55 across all observed contexts, while Button 1 performed poorly in early testing. Given the stability and high performance of Button 0, it remains the optimal choice for the current context.",51,D,A,B,C
4,LLM_Gemini_3_Flash,37,-1,-1,1,0,D,0,exploit,0,"Button 0 has consistently provided high rewards across all observed contexts throughout the 36 trials, establishing it as the most reliable option.",48,D,A,B,C
4,LLM_Gemini_3_Flash,38,-1,1,1,0,D,0,exploit,0,"Button 0 has consistently provided high rewards across all observed context combinations throughout 37 trials, averaging around 50 points. Given its reliability compared to the one trial where button 1 was tested and yielded a very low reward, it is the most confident choice for maximizing profit.",46,D,A,B,C
4,LLM_Gemini_3_Flash,39,1,-1,-1,0,D,0,exploit,0,"Button 0 has consistently delivered reliable rewards across all tested context combinations in the history. Given that it has proven to be a high-reward option and I lack sufficient data to justify switching to buttons 1, 2, or 3, I will continue to exploit button 0.",47,D,A,B,C
4,LLM_Gemini_3_Flash,40,-1,1,-1,0,D,0,exploit,0,"Button 0 has consistently provided high rewards (typically 45-58) across almost all context variations throughout the 39 trials, suggesting it is a high-reward, possibly constant or robust option. Given the lack of strong performance evidence for the other buttons based on early exploration, exploiting button 0 remains the optimal strategy.",42,D,A,B,C
4,LLM_Gemini_3_Flash,41,-1,1,-1,0,D,0,exploit,0,"Button 0 has consistently yielded stable, high rewards across almost all contexts experienced so far. Since the historical data shows that button 0 performs well under various signal combinations and I have significantly sampled it, I will continue to exploit this reliable option.",55,D,A,B,C
4,LLM_Gemini_3_Flash,42,1,1,-1,0,D,0,exploit,0,"Button 0 has consistently provided high rewards (avg ~50) throughout the history across various contexts. No other button has been proven to outperform it in the limited exploration performed, and given the consistent performance, exploitation of Button 0 remains the optimal strategy.",48,D,A,B,C
4,LLM_Gemini_3_Flash,43,1,-1,1,0,D,0,exploit,0,"Button 0 has consistently provided high rewards across all observed context variations throughout the 42 trials, indicating it is likely the most reliable button regardless of the signal states.",52,D,A,B,C
4,LLM_Gemini_3_Flash,44,-1,-1,1,0,D,0,exploit,0,"Button 0 has been consistently returning rewards in the 40-58 range across all observed contexts throughout 43 trials, establishing it as a reliable and high-performing choice. Since I have nearly exclusively tested Button 0 and it maintains a strong average, exploitation is the optimal strategy to maximize total profit.",47,D,A,B,C
4,LLM_Gemini_3_Flash,45,1,-1,-1,0,D,0,exploit,0,"Button 0 has consistently yielded rewards in the 40-60 range across all context combinations throughout 44 trials, making it a reliable and high-performing option compared to the single trial observation on Button 1 which yielded a very low reward. Given the stability of Button 0, exploiting it is the most logical choice.",46,D,A,B,C
4,LLM_Gemini_3_Flash,46,-1,1,-1,0,D,0,exploit,0,"Button 0 has consistently provided reliable and relatively high rewards across all observed contexts in the 45 trials recorded. Given the limited signal differentiation and the consistent performance of Button 0, it remains the optimal choice to maximize expected returns.",46,D,A,B,C
4,LLM_Gemini_3_Flash,47,1,1,-1,0,D,0,exploit,0,"Button 0 has consistently provided stable rewards (average around 50) across all variations of context signals observed throughout the trials. Since there is no strong evidence that other buttons outperform button 0, I will continue to exploit button 0.",44,D,A,B,C
4,LLM_Gemini_3_Flash,48,1,-1,-1,0,D,0,exploit,0,"Button 0 has consistently delivered stable and reliable rewards (averaging around 50) across all variations of context signals encountered in the previous 47 trials, making it the most optimal choice based on empirical performance.",53,D,A,B,C
4,LLM_Gemini_3_Flash,49,1,1,-1,0,D,0,exploit,0,"Button 0 has consistently provided reliable rewards around 50 across various context combinations throughout the entire history of 48 trials, making it the most statistically sound choice while other buttons remain largely unverified.",51,D,A,B,C
4,LLM_Gemini_3_Flash,50,1,-1,-1,0,D,0,exploit,0,"Button 0 has been consistently chosen throughout the game and has yielded reliable rewards in the 40-60 range across various contexts. Given that the experiment is nearing its end (trial 50) and no other button has demonstrated a significantly higher or more consistent performance, continuing to exploit Button 0 is the safest strategy to maintain profit.",52,D,A,B,C
5,LLM_Gemini_3_Flash,1,1,-1,-1,0,B,0,explore,1,"Since there is no history, I must perform an initial exploration to begin mapping the reward functions of the buttons relative to the signal vector [1, -1, -1].",44,B,A,D,C
5,LLM_Gemini_3_Flash,2,1,-1,-1,0,B,0,exploit,0,"Button 0 yielded a reward of 44 in the exact same context (1, -1, -1). Given the limited information, exploiting the known high-performing arm for this specific context is the optimal strategy to maximize potential returns.",36,B,A,D,C
5,LLM_Gemini_3_Flash,3,1,1,-1,1,A,0,explore,1,"Button 0 has provided moderate rewards, but I have insufficient data on buttons 1, 2, and 3 to determine if they perform better under the current context of Mercury=1, Krypton=1, Nobelium=-1. I am choosing button 1 to begin gathering comparative data.",56,B,A,D,C
5,LLM_Gemini_3_Flash,4,1,-1,1,0,B,0,exploit,0,"Button 0 yielded decent rewards (44 and 36) when Mercury=1 and Krypton=-1, regardless of Nobelium. Since the current context has Mercury=1 and Krypton=-1, Button 0 is the most reliable option based on initial data.",25,B,A,D,C
5,LLM_Gemini_3_Flash,5,1,1,-1,1,A,0,exploit,0,"In trial 3, with the context (1, 1, -1), button 1 yielded a reward of 56. Given that the current context is identical (1, 1, -1), I am choosing button 1 again to exploit this high-performing signal combination.",55,B,A,D,C
5,LLM_Gemini_3_Flash,6,-1,1,-1,1,A,0,exploit,0,"Button 1 has consistently yielded high rewards (average ~55.5) in the presence of Krypton=1. Since the current context has Krypton=1, exploiting Button 1 is the most logical choice.",27,B,A,D,C
5,LLM_Gemini_3_Flash,7,1,-1,-1,0,B,0,exploit,0,"In trials 1, 2, and 4, button 0 was tested. Given the current context (1, -1, -1) which matches trial 1 and 2, button 0 has yielded higher consistent rewards compared to other buttons in similar contexts. Therefore, I am exploiting button 0.",51,B,A,D,C
5,LLM_Gemini_3_Flash,8,-1,1,-1,1,A,0,exploit,0,"In trials 3 and 5, Button 1 yielded high rewards (56 and 55) when Krypton was 1. In trial 6, with Mercury -1, Krypton 1, and Nobelium -1, Button 1 still provided a reward, though lower. Given the current context (Mercury -1, Krypton 1, Nobelium -1) matches trial 6, Button 1 remains the most promising candidate compared to the inconsistent results of Button 0.",18,B,A,D,C
5,LLM_Gemini_3_Flash,9,-1,1,1,1,A,0,exploit,0,"Button 1 has shown a strong correlation with the Krypton signal being active, yielding high rewards (56 and 55) when Mercury is 1 and Krypton is 1. Despite lower performance in other contexts, it remains the most reliable option identified for active Krypton states.",19,B,A,D,C
5,LLM_Gemini_3_Flash,10,-1,1,1,2,D,0,explore,1,"Button 0 has shown mediocre and inconsistent results (25-51) while button 1 performed well when Krypton was 1 (trials 3, 5) but poorly when Mercury was -1 (trials 6, 8, 9). I will explore button 2 to determine if it offers higher returns for the current context (Mercury -1, Krypton 1, Nobelium 1) than the buttons previously tested.",56,B,A,D,C
5,LLM_Gemini_3_Flash,11,-1,1,1,2,D,0,exploit,0,"In trial 10, button 2 yielded a high reward (56) given the context of Mercury -1, Krypton 1, Nobelium 1. As the current context matches this exact signal profile, exploiting button 2 is the most statistically sound action based on the limited data available.",57,B,A,D,C
5,LLM_Gemini_3_Flash,12,1,1,-1,1,A,0,exploit,0,"Based on historical data, button 1 consistently yields high rewards (around 55-56) when both Mercury and Krypton are 1 and Nobelium is -1. Button 2 performs well when Mercury is -1 and Nobelium is 1, and button 0 shows inconsistent performance under these signals.",48,B,A,D,C
5,LLM_Gemini_3_Flash,13,-1,1,1,2,D,0,exploit,0,"In trials 10 and 11, button 2 yielded high rewards (56, 57) when the context was Mercury=-1, Krypton=1, Nobelium=1. Since this matches the current context, choosing button 2 is the optimal exploit strategy.",43,B,A,D,C
5,LLM_Gemini_3_Flash,14,-1,1,1,2,D,0,exploit,0,"Based on historical trials 10, 11, and 13, Button 2 has demonstrated consistently high rewards (56, 57, 43) under the current context (Mercury: -1, Krypton: 1, Nobelium: 1), making it the optimal choice for exploitation.",49,B,A,D,C
5,LLM_Gemini_3_Flash,15,-1,1,1,2,D,0,exploit,0,"Based on the trial history, button 2 has consistently yielded high rewards (43-57) when the context is Mercury: -1, Krypton: 1, Nobelium: 1. This matches the current context perfectly, making it the highest-performing option identified so far.",51,B,A,D,C
5,LLM_Gemini_3_Flash,16,-1,1,1,2,D,0,exploit,0,"Button 2 has consistently provided high rewards (avg ~51) whenever Mercury is -1, Krypton is 1, and Nobelium is 1. The current context matches this condition perfectly.",50,B,A,D,C
5,LLM_Gemini_3_Flash,17,1,1,-1,1,A,0,exploit,0,"Based on historical data, button 1 yields high rewards (avg ~53) when Mercury is 1 and Krypton is 1, regardless of Nobelium being -1. Button 2 performs well when Mercury is -1 and Krypton is 1, and button 0 shows weaker performance. Therefore, I am exploiting button 1.",50,B,A,D,C
5,LLM_Gemini_3_Flash,18,-1,1,-1,1,A,0,exploit,0,"Based on the trial history, button 1 shows high performance when Krypton is 1 and Nobelium is -1 (trials 3, 5, 12, 17). Button 2 performed well when Krypton and Nobelium were both 1, but its reward dropped relative to button 1 when Nobelium is -1. Therefore, button 1 is the optimal choice for this context.",17,B,A,D,C
5,LLM_Gemini_3_Flash,19,-1,1,-1,3,C,0,explore,1,"Button 0 shows high variability, Button 1 performs well when Krypton is 1 and Nobelium is -1, and Button 2 performs well when Nobelium is 1. With the current context (Mercury: -1, Krypton: 1, Nobelium: -1), none of the previously successful conditions for 0, 1, or 2 match the current context optimally. I will explore Button 3 to test its reward potential.",51,B,A,D,C
5,LLM_Gemini_3_Flash,20,-1,1,-1,3,C,0,exploit,0,"Based on the trial 19 observation, Button 3 provided a reward of 51 under the same context (Mercury: -1, Krypton: 1, Nobelium: -1). Button 1 has consistently shown low performance (17-27) in this specific context, while Button 3 showed high performance in its only test, making it the optimal choice for exploitation.",51,B,A,D,C
5,LLM_Gemini_3_Flash,21,-1,-1,1,3,C,1,exploit,0,"Button 3 has performed consistently well (reward 51) when Krypton is 1 and Nobelium is -1 (trials 19-20). Given the current context where Nobelium is 1, button 2 has been the top performer for this condition (trials 10-16). I will choose button 2 to exploit the strong correlation between Nobelium 1 and high rewards on that button.",81,B,A,D,C
5,LLM_Gemini_3_Flash,22,1,-1,1,3,C,0,exploit,0,"Trial 21 indicates that Button 3 yields a high reward (81) when Mercury is -1, Krypton is -1, and Nobelium is 1. While the current context (1, -1, 1) has Mercury=1, Button 3 has consistently performed well in scenarios involving Nobelium=1. Previous trials for button 0 (context 1, -1, 1) showed low returns. Button 3 seems the most promising candidate for high returns based on the Nobelium correlation.",52,B,A,D,C
5,LLM_Gemini_3_Flash,23,-1,-1,1,3,C,1,exploit,0,"Based on trial 21, button 3 yielded a high reward (81) when the context was Mercury=-1, Krypton=-1, Nobelium=1, which matches the current context. Other buttons have shown lower performance or inconsistent results under similar conditions.",78,B,A,D,C
5,LLM_Gemini_3_Flash,24,-1,-1,1,3,C,1,exploit,0,"Based on historical data (trials 21 and 23), button 3 consistently yields very high rewards (78-81) when Mercury=-1, Krypton=-1, and Nobelium=1. This matches the current context perfectly.",74,B,A,D,C
5,LLM_Gemini_3_Flash,25,1,1,-1,1,A,0,exploit,0,"Based on historical trials 3, 5, 12, and 17, button 1 consistently yields high rewards (average ~52) when Mercury is 1, Krypton is 1, and Nobelium is -1. This current context matches those optimal conditions.",45,B,A,D,C
5,LLM_Gemini_3_Flash,26,1,1,-1,1,A,0,exploit,0,"Based on historical trials (3, 5, 12, 17, 25), button 1 consistently yields high rewards (45-56) when the context is Mercury: 1, Krypton: 1, Nobelium: -1. Other buttons have not shown comparable performance for this specific context.",51,B,A,D,C
5,LLM_Gemini_3_Flash,27,-1,1,-1,3,C,0,exploit,0,"Based on trials 19, 20, 21, 23, and 24, button 3 has consistently provided high rewards when Krypton is 1 or -1 and Nobelium is either -1 or 1, provided the signal configuration aligns. Specifically, when Mercury is -1 and Krypton is 1 and Nobelium is -1, Button 3 has shown high performance (around 51) compared to button 1 (around 17-27).",43,B,A,D,C
5,LLM_Gemini_3_Flash,28,-1,1,1,2,D,0,exploit,0,"Based on historical data, button 2 consistently yields high rewards (averaging around 50) when Mercury is -1 and Krypton is 1, regardless of Nobelium being 1. Given the current context (Mercury: -1, Krypton: 1, Nobelium: 1), button 2 is the most reliable performer.",46,B,A,D,C
5,LLM_Gemini_3_Flash,29,-1,1,-1,3,C,0,exploit,0,"Based on the trial history, button 3 has consistently provided high rewards when Krypton is 1 and Nobelium is -1 (Trials 19, 20, and 27), performing better in this specific configuration than button 1.",54,B,A,D,C
5,LLM_Gemini_3_Flash,30,-1,1,1,2,D,0,exploit,0,"Based on historical data, button 2 consistently yields high rewards (averaging ~50) when Krypton and Nobelium are both 1, regardless of Mercury. Given the current context (Mercury: -1, Krypton: 1, Nobelium: 1), button 2 is the optimal choice.",57,B,A,D,C
5,LLM_Gemini_3_Flash,31,1,-1,-1,0,B,0,exploit,0,"Button 0 has performed well in contexts where Mercury is 1, Krypton is -1, and Nobelium is -1 (Trials 1, 2, 7), yielding an average reward around 43.6. While other buttons (2 and 3) are strong in different context conditions, Button 0 remains the most reliable performer for the current specific input.",55,B,A,D,C
5,LLM_Gemini_3_Flash,32,1,-1,-1,0,B,0,exploit,0,"Based on the history, Button 0 consistently provides high rewards (between 36 and 55) when the context is Mercury=1, Krypton=-1, Nobelium=-1. Previous trials with this specific context confirm Button 0 is the optimal choice under these conditions.",50,B,A,D,C
5,LLM_Gemini_3_Flash,33,-1,-1,1,3,C,1,exploit,0,"Based on historical trials 21, 23, and 24, button 3 has consistently provided high rewards (avg ~77) when Mercury is -1, Krypton is -1, and Nobelium is 1. The current context matches this configuration.",85,B,A,D,C
5,LLM_Gemini_3_Flash,34,1,-1,-1,0,B,0,exploit,0,"Based on historical data, button 0 consistently provides high rewards (44, 36, 25, 51, 55, 50) when Mercury=1, Krypton=-1, and Nobelium=-1, which is the current context.",51,B,A,D,C
5,LLM_Gemini_3_Flash,35,-1,1,-1,3,C,0,exploit,0,"Historical data shows Button 3 performs best in contexts where Mercury is -1 and Nobelium is 1, even if Krypton is 1, as seen in trials 19, 20, 27, and 29. Button 2 is also strong when Krypton is 1 and Nobelium is 1, but for the current state (Mercury -1, Krypton 1, Nobelium -1), Button 3 has proven consistent results compared to the others.",41,B,A,D,C
5,LLM_Gemini_3_Flash,36,1,-1,1,3,C,0,exploit,0,"Button 3 has consistently yielded high rewards (avg ~50-80) in contexts where Krypton is low or negative, particularly with Nobelium, or as a strong fallback. With Mercury=1, Krypton=-1, and Nobelium=1, Button 3 has shown strong performance in trial 22 (reward 52), making it the most reliable choice compared to Button 0, which has been inconsistent.",60,B,A,D,C
5,LLM_Gemini_3_Flash,37,1,1,-1,1,A,0,exploit,0,"Based on the observed history, Button 1 consistently yields high rewards (typically in the 45-56 range) when Mercury is 1 and Krypton is 1, regardless of the Nobelium signal. Other buttons perform poorly under this specific context configuration, so exploiting Button 1 is the optimal choice.",50,B,A,D,C
5,LLM_Gemini_3_Flash,38,1,-1,1,3,C,0,exploit,0,"Button 3 has shown strong performance when Nobelium is 1 (as seen in trials 21, 23, 24, 33), and in trial 36 specifically for the current context (Mercury: 1, Krypton: -1, Nobelium: 1) where it yielded a reward of 60. This is higher than other observed button performances for this specific context.",54,B,A,D,C
5,LLM_Gemini_3_Flash,39,1,1,-1,1,A,0,exploit,0,"Based on historical data, Button 1 consistently yields high rewards (45-56) when Mercury=1 and Krypton=1, regardless of Nobelium being -1. Other buttons are performing worse in this specific context configuration.",39,B,A,D,C
5,LLM_Gemini_3_Flash,40,1,-1,1,3,C,0,exploit,0,"Button 3 has shown consistent high performance when Nobelium is 1, specifically when Mercury is 1, yielding rewards around 52-60. Previous trials in this context confirm Button 3 as the reliable performer for these signal combinations.",43,B,A,D,C
5,LLM_Gemini_3_Flash,41,1,-1,-1,0,B,0,exploit,0,"Based on the historical data for the context (Mercury: 1, Krypton: -1, Nobelium: -1), button 0 has consistently provided high returns (averaging around 45-55), significantly outperforming other buttons when this specific context occurs.",52,B,A,D,C
5,LLM_Gemini_3_Flash,42,-1,-1,1,3,C,1,exploit,0,"Based on historical data, button 3 has consistently provided the highest rewards (ranging from 74-85) when the context is Mercury=-1, Krypton=-1, Nobelium=1. Although the current context (Mercury=-1, Krypton=-1, Nobelium=1) is identical to those high-reward trials, button 3 is clearly the optimal choice for this specific signal combination.",84,B,A,D,C
5,LLM_Gemini_3_Flash,43,1,-1,-1,0,B,0,exploit,0,"Based on historical data for the context (Mercury: 1, Krypton: -1, Nobelium: -1), Button 0 has consistently provided high rewards in the range of 36 to 55, while other buttons either perform poorly or were not targeted for this specific configuration.",53,B,A,D,C
5,LLM_Gemini_3_Flash,44,-1,1,-1,3,C,0,exploit,0,"Based on historical data, button 3 performs exceptionally well when Nobelium is 1, regardless of other signals (seen in trials 21, 23, 24, 33, 42). While the current context has Nobelium as -1, button 3 has also demonstrated solid returns when Mercury is -1 and Krypton is 1 (trials 19, 20, 27, 29, 35). Given its high performance floor and previous success, it remains a strong choice here.",59,B,A,D,C
5,LLM_Gemini_3_Flash,45,1,1,-1,1,A,0,exploit,0,"Based on historical data (trials 3, 5, 12, 17, 25, 26, 37, 39), Button 1 consistently provides high rewards (around 50) when Mercury=1 and Krypton=1. Even though Nobelium is -1, Button 1 remains the most reliable performer for this specific combination.",50,B,A,D,C
5,LLM_Gemini_3_Flash,46,1,1,-1,1,A,0,exploit,0,"Based on historical data, button 1 consistently yields rewards around 50 when Mercury=1, Krypton=1, and Nobelium=-1, which matches the current context. Button 0 is strong for Mercury=1, Krypton=-1; Button 2 is strong for Krypton=1, Nobelium=1; and Button 3 is strong for Krypton=-1, Nobelium=1. Therefore, button 1 is the optimal choice for the current signal combination.",46,B,A,D,C
5,LLM_Gemini_3_Flash,47,-1,-1,1,3,C,1,exploit,0,"Based on historical data, button 3 has shown high performance (74-85) when Nobelium is 1 and Mercury is -1, and decent performance (40-60) in other contexts where Nobelium is 1. Given the current context (Mercury -1, Krypton -1, Nobelium 1), button 3 is the highest expected performer.",83,B,A,D,C
5,LLM_Gemini_3_Flash,48,1,-1,1,3,C,0,exploit,0,"In the current context (Mercury: 1, Krypton: -1, Nobelium: 1), Button 3 has consistently performed well in previous similar contexts (e.g., trials 22, 36, 38, 40) compared to the alternatives. Button 0 is strong when Krypton is -1 and Nobelium is -1, but Button 3 appears superior when Nobelium is 1.",48,B,A,D,C
5,LLM_Gemini_3_Flash,49,1,-1,1,3,C,0,exploit,0,"Button 3 has consistently shown strong performance when the context has Nobelium: 1, especially in combination with Mercury: 1 or -1. Given the current context (Mercury: 1, Krypton: -1, Nobelium: 1), Button 3 has historically returned rewards in the 43-60 range, which is the most reliable option under these conditions.",54,B,A,D,C
5,LLM_Gemini_3_Flash,50,-1,-1,1,3,C,1,exploit,0,"Button 3 has shown consistently high rewards when Nobelium is 1, specifically reaching values in the 70s and 80s when Mercury and Krypton are also -1. Given the current context (Mercury: -1, Krypton: -1, Nobelium: 1), Button 3 is the most reliable choice for maximum reward.",71,B,A,D,C
6,LLM_Gemini_3_Flash,1,1,1,-1,0,D,0,explore,1,This is the first trial with no history available. I am choosing button 0 to establish a baseline reward and begin mapping the reward functions based on the current context signals.,44,D,A,B,C
6,LLM_Gemini_3_Flash,2,-1,-1,1,1,A,0,explore,1,"Since only one trial has been completed, I have insufficient data to determine the optimal button for the current context (Mercury: -1, Krypton: -1, Nobelium: 1). I am choosing button 1 to begin mapping its performance under these specific signal conditions.",45,D,A,B,C
6,LLM_Gemini_3_Flash,3,1,-1,-1,2,B,0,explore,1,"I have very limited data, having only tested buttons 0 and 1 once each. I need to explore buttons 2 and 3 to establish a baseline for their performance across different context signals.",50,D,A,B,C
6,LLM_Gemini_3_Flash,4,1,-1,-1,2,B,0,exploit,0,"In trial 3, with the exact same context (Mercury: 1, Krypton: -1, Nobelium: -1), button 2 yielded a reward of 50. Given this performance, I am choosing to exploit this known high-reward option.",49,D,A,B,C
6,LLM_Gemini_3_Flash,5,1,-1,1,2,B,0,exploit,0,"In trials 3 and 4, choosing button 2 with Mercury=1, Krypton=-1, and Nobelium=-1 yielded high rewards (50 and 49). Given the current context (Mercury=1, Krypton=-1, Nobelium=1), button 2 remains the most promising candidate based on historical performance for similar signal patterns.",20,D,A,B,C
6,LLM_Gemini_3_Flash,6,-1,1,1,1,A,0,explore,1,"Button 2 showed high initial rewards but dropped significantly when Nobelium turned 1, suggesting a negative correlation with Nobelium. Button 1 has only been tested once with -1, -1, 1 context; exploring it now with -1, 1, 1 will help identify its dependency on Krypton.",18,D,A,B,C
6,LLM_Gemini_3_Flash,7,-1,-1,1,1,A,0,exploit,0,"In trial 2, button 1 yielded a reward of 45 under the exact same context (Mercury: -1, Krypton: -1, Nobelium: 1). Given this is the highest known reward for this specific configuration, I am choosing to exploit this result.",50,D,A,B,C
6,LLM_Gemini_3_Flash,8,1,-1,1,0,D,0,explore,1,"Button 2 showed high rewards (around 50) when Mercury=1 and Krypton=-1 (Trials 3 and 4), but low reward (20) when Nobelium was 1 in that same configuration (Trial 5). Button 1 showed high reward (50) for Mercury=-1, Krypton=-1, Nobelium=1 (Trial 7). Since I have not explored Button 0 or 3 sufficiently under the current conditions (Mercury=1, Krypton=-1, Nobelium=1), I will explore Button 0 to gain more data.",57,D,A,B,C
6,LLM_Gemini_3_Flash,9,-1,-1,1,1,A,0,exploit,0,"Button 1 has yielded high rewards (45 and 50) when the context matches Mercury: -1, Krypton: -1, Nobelium: 1. This specific context has been tested successfully on this button twice, suggesting it is the optimal choice for this configuration.",52,D,A,B,C
6,LLM_Gemini_3_Flash,10,-1,-1,1,1,A,0,exploit,0,"Button 1 has consistently yielded high rewards (45, 50, 52) when Mercury is -1, Krypton is -1, and Nobelium is 1. Given the current context matches this configuration, it is the most logical choice for exploitation.",55,D,A,B,C
6,LLM_Gemini_3_Flash,11,-1,1,-1,1,A,0,exploit,0,"Button 1 has consistently yielded high rewards (45, 50, 52, 55) when Krypton is -1 and Nobelium is 1. While the current context has Krypton as 1, Button 1 shows the most stable performance history. I will continue to exploit Button 1 as it has demonstrated the highest potential in the collected data points.",13,D,A,B,C
6,LLM_Gemini_3_Flash,12,1,-1,1,0,D,0,exploit,0,"Button 0 yielded a high reward of 57 when the context was (Mercury: 1, Krypton: -1, Nobelium: 1) in trial 8. This matches the current context, so exploiting this known high-performing arm is the optimal choice.",55,D,A,B,C
6,LLM_Gemini_3_Flash,13,1,1,-1,0,D,0,exploit,0,"Button 0 performed well in trial 1 (44, context 1,1,-1) and trial 8/12 showed strong performance when Krypton is low. Given the current context (1, 1, -1) matches trial 1 perfectly, and Button 0 yielded 44, it is the most reliable choice.",56,D,A,B,C
6,LLM_Gemini_3_Flash,14,-1,-1,1,1,A,0,exploit,0,"Button 1 has consistently yielded high rewards (45, 50, 52, 55) when the context is Mercury: -1, Krypton: -1, Nobelium: 1. This matches the current context, making it the most reliable choice.",56,D,A,B,C
6,LLM_Gemini_3_Flash,15,-1,-1,1,1,A,0,exploit,0,"Button 1 has consistently performed very well (rewards around 50-56) when Mercury is -1, Krypton is -1, and Nobelium is 1. This matches the current context perfectly.",46,D,A,B,C
6,LLM_Gemini_3_Flash,16,1,1,-1,0,D,0,exploit,0,"In trial 1 and 13, the context (Mercury=1, Krypton=1, Nobelium=-1) yielded rewards of 44 and 56 for button 0, suggesting it performs well under these conditions. Button 1 is highly correlated with Nobelium=1, and button 2 appears to have lower or inconsistent yields.",44,D,A,B,C
6,LLM_Gemini_3_Flash,17,1,-1,-1,2,B,0,exploit,0,"In trials 3 and 4, the context (1, -1, -1) yielded high rewards (50 and 49) when choosing button 2. Given the current context is also (1, -1, -1), I am exploiting button 2 as the historical data indicates it is optimal for this specific signal combination.",48,D,A,B,C
6,LLM_Gemini_3_Flash,18,1,1,-1,0,D,0,exploit,0,"Button 0 has demonstrated consistent performance when Mercury and Krypton are both 1 (trials 1, 13, and 16). Given the current context (Mercury: 1, Krypton: 1, Nobelium: -1) matches these previous high-reward trials, exploiting Button 0 is the logical choice.",53,D,A,B,C
6,LLM_Gemini_3_Flash,19,1,-1,1,0,D,0,exploit,0,"Button 0 has shown high and consistent performance when Mercury is 1, regardless of other signals (rewards 57, 55, 56, 53). Given the current context (Mercury: 1, Krypton: -1, Nobelium: 1), choosing button 0 is expected to yield the highest return based on historical data.",55,D,A,B,C
6,LLM_Gemini_3_Flash,20,-1,1,-1,3,C,0,explore,1,"Button 0 shows high performance when Mercury is 1, Button 1 shows high performance when Krypton is -1 and Nobelium is 1, and Button 2 shows high performance when Mercury is 1 and Krypton is -1. The current context (-1, 1, -1) has not been sufficiently tested on Button 3, making exploration a logical next step to optimize total rewards.",55,D,A,B,C
6,LLM_Gemini_3_Flash,21,1,-1,-1,2,B,0,exploit,0,"Based on the history, button 2 has consistently provided high rewards when the context is (Mercury: 1, Krypton: -1, Nobelium: -1). Specifically, trials 3 and 4 showed rewards of 50 and 49 respectively under these exact conditions, making it the most reliable choice compared to others in this specific context.",46,D,A,B,C
6,LLM_Gemini_3_Flash,22,1,1,-1,0,D,0,exploit,0,"Button 0 has shown consistent performance in the current context (Mercury: 1, Krypton: 1, Nobelium: -1), yielding rewards of 44, 56, 44, and 53 in previous trials with these exact conditions. It is the most reliable choice.",53,D,A,B,C
6,LLM_Gemini_3_Flash,23,-1,1,1,3,C,1,exploit,0,"Button 0 shows high performance when Mercury is 1, but poor performance when Krypton is 1 and Mercury is -1 (trial 6: 18). Button 1 performs very well when Krypton is -1 and Nobelium is 1, but poorly when Krypton is 1. Button 3 yielded 55 in trial 20 when the context was Mercury -1, Krypton 1, Nobelium -1. Since the current context is Mercury -1, Krypton 1, Nobelium 1, and Button 3 appears to be the most promising candidate for the Krypton=1 regime, I will select Button 3.",79,D,A,B,C
6,LLM_Gemini_3_Flash,24,-1,1,-1,3,C,0,exploit,0,"Based on the trial 20 and 23 results, button 3 shows high performance when Krypton is 1, regardless of the Mercury or Nobelium state. The current context has Krypton=1, making button 3 the optimal exploit choice compared to button 1 (low performance with Krypton=1) or button 0.",52,D,A,B,C
6,LLM_Gemini_3_Flash,25,-1,1,-1,3,C,0,exploit,0,"Button 3 has shown high rewards (55, 79, 52) when the context includes Mercury: -1 and Krypton: 1, regardless of Nobelium. Since the current context matches this pattern (Mercury: -1, Krypton: 1), Button 3 is the highest expected reward.",52,D,A,B,C
6,LLM_Gemini_3_Flash,26,1,-1,-1,2,B,0,exploit,0,"Based on the historical data, button 2 has consistently provided high rewards (around 48-50) when the context is Mercury: 1, Krypton: -1, and Nobelium: -1. In trials 3, 4, 17, and 21, this specific configuration consistently yielded strong results, making it the optimal choice for this context.",48,D,A,B,C
6,LLM_Gemini_3_Flash,27,-1,1,1,3,C,1,exploit,0,"Button 3 has shown high performance (79 and 52) when Mercury is -1 and Krypton is 1, regardless of Nobelium. In the current context (Mercury: -1, Krypton: 1, Nobelium: 1), Button 3 is the most reliable choice based on the observed data.",80,D,A,B,C
6,LLM_Gemini_3_Flash,28,1,-1,-1,2,B,0,exploit,0,"Based on historical data, button 2 consistently yields rewards near 50 when Mercury=1, Krypton=-1, and Nobelium=-1, making it the most reliable choice for this specific context.",49,D,A,B,C
6,LLM_Gemini_3_Flash,29,1,-1,-1,2,B,0,exploit,0,"Based on the historical data, button 2 consistently yields rewards near 48-50 when the context is Mercury: 1, Krypton: -1, Nobelium: -1. No other button has shown higher performance for this specific context.",53,D,A,B,C
6,LLM_Gemini_3_Flash,30,-1,1,-1,3,C,0,exploit,0,"Button 3 has shown high rewards specifically when Krypton is 1, regardless of the other signals (e.g., trials 20, 23, 24, 25, 27). Given the current context (Mercury: -1, Krypton: 1, Nobelium: -1), Button 3 remains the best candidate for maximizing rewards.",60,D,A,B,C
6,LLM_Gemini_3_Flash,31,1,1,-1,0,D,0,exploit,0,"Button 0 has consistently yielded high rewards (typically 44-56) when Mercury=1 and Krypton=1. Given the current context matches this pattern, exploiting Button 0 is the optimal strategy.",47,D,A,B,C
6,LLM_Gemini_3_Flash,32,1,1,-1,0,D,0,exploit,0,"Button 0 has consistently yielded rewards in the 44-57 range when Mercury=1 and Krypton=1. Given the current context (Mercury: 1, Krypton: 1, Nobelium: -1), choosing button 0 is the optimal strategy based on the historical performance.",45,D,A,B,C
6,LLM_Gemini_3_Flash,33,1,-1,1,0,D,0,exploit,0,"Button 0 has consistently performed well when Mercury is 1, regardless of Krypton's state. In trial 8, 12, and 19 (where Mercury=1, Nobelium=1), button 0 returned high rewards (57, 55, 55). Therefore, it is the most logical choice for the current context.",47,D,A,B,C
6,LLM_Gemini_3_Flash,34,-1,-1,1,1,A,0,exploit,0,"Based on the historical data, button 1 consistently yields high rewards (averaging ~50) when the context is (Mercury: -1, Krypton: -1, Nobelium: 1). I am exploiting this established pattern.",53,D,A,B,C
6,LLM_Gemini_3_Flash,35,1,1,-1,0,D,0,exploit,0,"Based on historical data, button 0 has consistently provided high rewards when Mercury is 1 and Krypton is 1, regardless of Nobelium. In trial 13, 18, and 22, context (1, 1, -1) with button 0 resulted in good yields (56, 53, 53). Given the current context is (1, 1, -1), exploiting button 0 is the optimal strategy.",58,D,A,B,C
6,LLM_Gemini_3_Flash,36,1,-1,-1,2,B,0,exploit,0,"Based on the history, button 2 consistently yields rewards in the 48-53 range when Mercury is 1, Krypton is -1, and Nobelium is -1 (Trials 3, 4, 17, 21, 26, 28, 29). This is the best performing choice for this specific context.",38,D,A,B,C
6,LLM_Gemini_3_Flash,37,1,-1,-1,2,B,0,exploit,0,"Based on historical data for the context (Mercury: 1, Krypton: -1, Nobelium: -1), button 2 consistently yields rewards in the 38-53 range, outperforming other buttons under this specific configuration. Button 0 and 1 are either context-dependent or perform worse in this setup, and button 3 is clearly linked to Krypton being 1.",56,D,A,B,C
6,LLM_Gemini_3_Flash,38,-1,-1,1,1,A,0,exploit,0,"The current context (Mercury: -1, Krypton: -1, Nobelium: 1) matches multiple historical instances where button 1 consistently provided high rewards (averaging ~50-55). Other buttons have not shown comparable performance for this specific context.",49,D,A,B,C
6,LLM_Gemini_3_Flash,39,-1,1,1,3,C,1,exploit,0,"Based on the history, button 3 has shown high rewards (79, 80) when Mercury is -1 and Krypton is 1, regardless of Nobelium being 1 or -1. Since the current context has Mercury -1 and Krypton 1, button 3 is the clear choice.",78,D,A,B,C
6,LLM_Gemini_3_Flash,40,1,-1,-1,2,B,0,exploit,0,"Based on historical data, button 2 consistently yields high rewards (averaging ~49-50) when the context is Mercury: 1, Krypton: -1, Nobelium: -1. No other button has demonstrated superior performance under these specific signal conditions.",47,D,A,B,C
6,LLM_Gemini_3_Flash,41,1,1,-1,0,D,0,exploit,0,"Based on historical data, button 0 consistently provides high rewards (averaging around 50-58) when Mercury=1 and Krypton=1, regardless of the Nobelium value. Given the current context (1, 1, -1), button 0 is the strongest performer for this signal combination.",49,D,A,B,C
6,LLM_Gemini_3_Flash,42,1,-1,-1,2,B,0,exploit,0,"Based on the history, button 2 consistently yields high rewards (averaging around 48-50) when Mercury=1, Krypton=-1, and Nobelium=-1, making it the optimal choice for the current context.",54,D,A,B,C
6,LLM_Gemini_3_Flash,43,1,-1,1,0,D,0,exploit,0,"Based on the historical data, button 0 has consistently performed well when Mercury is 1, regardless of Krypton's state. Specifically, in trials where Mercury=1 and Nobelium=1 (the current context), button 0 has yielded rewards in the range of 47-57, consistently outperforming other options in this configuration.",43,D,A,B,C
6,LLM_Gemini_3_Flash,44,-1,1,1,3,C,1,exploit,0,"Button 3 has consistently provided high rewards (78-80) when Mercury is -1 and Krypton is 1, regardless of Nobelium. Since the current context matches this condition, choosing button 3 is the most reliable strategy for maximum reward.",75,D,A,B,C
6,LLM_Gemini_3_Flash,45,1,-1,1,0,D,0,exploit,0,"Button 0 has shown consistent performance in the current Mercury=1, Krypton=-1, Nobelium=1 context based on trials 8, 12, 19, and 33. The average reward for button 0 in this context is around 53, which is the highest observed among available options for this signal configuration.",47,D,A,B,C
6,LLM_Gemini_3_Flash,46,1,1,-1,0,D,0,exploit,0,"Based on historical data, button 0 has shown consistent performance in this specific context (Mercury: 1, Krypton: 1, Nobelium: -1), with multiple high reward outcomes. Other buttons (1, 2, 3) are clearly associated with different signal configurations.",54,D,A,B,C
6,LLM_Gemini_3_Flash,47,-1,1,1,3,C,1,exploit,0,"Historical data shows Button 3 provides significantly higher rewards (~75-80) when Krypton is 1 and Nobelium is 1, regardless of Mercury. In the current context (Mercury: -1, Krypton: 1, Nobelium: 1), Button 3 is the clear choice for maximizing profit.",79,D,A,B,C
6,LLM_Gemini_3_Flash,48,-1,-1,1,1,A,0,exploit,0,"Based on the history, button 1 shows high performance when Mercury is -1 and Krypton is -1, regardless of the Nobelium value. In trials with these settings, button 1 consistently yields rewards around 50-55.",53,D,A,B,C
6,LLM_Gemini_3_Flash,49,1,-1,1,0,D,0,exploit,0,"Based on historical data, button 0 consistently provides moderate to high rewards (43-57) when Mercury is 1, regardless of the Krypton or Nobelium values. Button 2 performs well when Mercury is 1 and Krypton/Nobelium are -1, but performs poorly otherwise. Since the current context has Mercury 1, Krypton -1, and Nobelium 1, button 0 is the most reliable choice.",48,D,A,B,C
6,LLM_Gemini_3_Flash,50,-1,1,-1,3,C,0,exploit,0,"Based on historical data, button 3 is strongly associated with high rewards when Krypton is 1, regardless of the other signals. With Krypton set to 1 in the current context, button 3 is the most optimal choice.",55,D,A,B,C
7,LLM_Gemini_3_Flash,1,-1,1,-1,0,B,1,explore,1,"Since this is the first trial and I have no historical data, I am choosing button 0 to begin gathering information about the reward functions associated with the current context.",79,B,C,D,A
7,LLM_Gemini_3_Flash,2,-1,1,-1,1,C,0,explore,1,"I have only tested button 0 once in this context. To determine which button offers the highest reward for this specific context, I need to explore other options (buttons 1, 2, 3) to establish a baseline for their performance.",44,B,C,D,A
7,LLM_Gemini_3_Flash,3,-1,-1,1,2,D,0,explore,1,"I have only tested buttons 0 and 1 in a specific context. I need to explore buttons 2 and 3 to identify their reward functions and determine which provides the highest yield under the current Mercury -1, Krypton -1, Nobelium 1 context.",49,B,C,D,A
7,LLM_Gemini_3_Flash,4,1,-1,-1,0,B,0,exploit,0,"Button 0 showed a strong reward of 79 when Mercury was -1 and Krypton was 1. Since I have limited information, I will continue to favor Button 0 while observing if current context changes yield better results elsewhere.",47,B,C,D,A
7,LLM_Gemini_3_Flash,5,1,1,-1,3,A,0,explore,1,"Button 0 has been tested under two different contexts with varying results, while button 3 has not been tested at all. Exploring button 3 is necessary to understand its reward distribution relative to the current context of (1, 1, -1).",41,B,C,D,A
7,LLM_Gemini_3_Flash,6,1,1,-1,0,B,1,exploit,0,"Button 0 yielded 79 when Mercury was -1 and Krypton was 1, and 47 when Mercury was 1 and Krypton was -1. Given the current context (Mercury 1, Krypton 1, Nobelium -1) and previous results for other buttons, Button 0 has shown the highest potential reward, warranting further exploitation.",85,B,C,D,A
7,LLM_Gemini_3_Flash,7,1,-1,1,0,B,0,exploit,0,"Button 0 has consistently yielded higher rewards in contexts involving positive Mercury signals (trial 1: 79, trial 6: 85), suggesting it is the most profitable choice when Mercury is 1, regardless of Nobelium.",22,B,C,D,A
7,LLM_Gemini_3_Flash,8,-1,1,-1,0,B,1,exploit,0,"Button 0 has consistently yielded high rewards (79, 85) when Krypton is 1, regardless of Mercury. Given the current context (Mercury: -1, Krypton: 1, Nobelium: -1), Button 0 is the strongest performer based on trial 1.",74,B,C,D,A
7,LLM_Gemini_3_Flash,9,1,-1,1,1,C,0,explore,1,"Button 0 has shown inconsistent results across different contexts, including a low reward in the current Mercury=1, Krypton=-1, Nobelium=1 configuration (Trial 7). Since I have limited information about buttons 1, 2, and 3 in this specific context, I am exploring button 1 to gather more data and identify a better alternative to button 0.",50,B,C,D,A
7,LLM_Gemini_3_Flash,10,-1,1,1,0,B,0,exploit,0,"Button 0 has consistently performed well when Krypton is 1 (trials 1, 6, 8, yielding 79, 85, 74 respectively), suggesting it benefits from high Krypton signals regardless of Mercury or Nobelium states. Given the current context has Krypton at 1, Button 0 is the most likely to yield the highest reward.",47,B,C,D,A
7,LLM_Gemini_3_Flash,11,1,-1,-1,0,B,0,exploit,0,"Button 0 has shown high returns when Mercury is 1 (Trial 6, 85) and has been consistently sampled. Based on the pattern, it seems to be the most promising option for this context despite variation in other signals.",51,B,C,D,A
7,LLM_Gemini_3_Flash,12,1,-1,1,1,C,0,exploit,0,"Button 0 shows high variability (from 22 to 85), suggesting it is highly context-dependent. In Trial 7 and 9, the context was (1, -1, 1). Button 0 returned 22, while Button 1 returned 50. Given the current context (1, -1, 1), Button 1 is the safer and higher-expected-value choice based on previous performance.",57,B,C,D,A
7,LLM_Gemini_3_Flash,13,1,-1,-1,0,B,0,exploit,0,"Button 0 has shown high rewards in contexts where Mercury is 1, even though its reward fluctuates based on other variables. Given the current context (Mercury 1, Krypton -1, Nobelium -1), Button 0 remains the most promising candidate based on historical performance in similar conditions.",46,B,C,D,A
7,LLM_Gemini_3_Flash,14,-1,-1,1,1,C,1,exploit,0,"Button 0 has shown high rewards when Krypton is 1 but lower rewards when Nobelium is 1. Button 1 has demonstrated consistent performance (50, 57) in trials where it was selected, particularly showing resilience when other buttons might fluctuate. Given the current context (Mercury: -1, Krypton: -1, Nobelium: 1), Button 1 appears to be the most reliable choice based on the available data.",69,B,C,D,A
7,LLM_Gemini_3_Flash,15,-1,1,-1,0,B,1,exploit,0,"Based on the historical data, button 0 has consistently performed well (79, 74) when the context is Mercury: -1, Krypton: 1, Nobelium: -1, significantly outperforming button 1 (44) in the same scenario.",85,B,C,D,A
7,LLM_Gemini_3_Flash,16,1,-1,-1,0,B,0,exploit,0,"Button 0 has shown high performance across various Mercury/Krypton/Nobelium combinations, especially when Mercury is 1, and despite some variance, it remains the most consistently high-reward option observed so far for similar contexts.",47,B,C,D,A
7,LLM_Gemini_3_Flash,17,1,-1,-1,0,B,0,exploit,0,"Button 0 has shown consistent performance in contexts where Mercury is 1 and Krypton is -1, often returning rewards in the mid-40s to 50s. While it performs even better when Mercury is -1 and Krypton is 1, it remains the most reliable performer in this context based on trials 4, 11, 13, and 16.",49,B,C,D,A
7,LLM_Gemini_3_Flash,18,-1,-1,1,1,C,1,exploit,0,"Button 0 performs best when Mercury=1, but poorly when Mercury=-1 and Nobelium=1. Button 1 showed a strong reward (69) in the only previous instance of the current context (Mercury=-1, Krypton=-1, Nobelium=1), making it the optimal choice for this specific context.",85,B,C,D,A
7,LLM_Gemini_3_Flash,19,-1,1,-1,0,B,1,exploit,0,"Button 0 has consistently performed well when Mercury is -1 and Krypton is 1, yielding high rewards of 79, 74, and 85 in similar contexts. Given the current context is the same, exploiting this pattern is the optimal strategy.",80,B,C,D,A
7,LLM_Gemini_3_Flash,20,1,-1,-1,0,B,0,exploit,0,"Button 0 shows high variability, but consistently provides high rewards when Mercury is 1, regardless of other signals. Given the current context (Mercury: 1, Krypton: -1, Nobelium: -1), previous trials (11, 13, 16, 17) confirm a solid baseline of ~47-51 for this specific configuration.",42,B,C,D,A
7,LLM_Gemini_3_Flash,21,-1,1,-1,0,B,1,exploit,0,"Button 0 has consistently yielded high rewards (79, 74, 85, 80) when the context is (Mercury: -1, Krypton: 1, Nobelium: -1). Based on the history, this button is the optimal choice under this specific signal configuration.",81,B,C,D,A
7,LLM_Gemini_3_Flash,22,-1,1,1,1,C,1,exploit,0,"Looking at the data, Button 0 performs well when Mercury is -1 and Krypton is 1, but its reward for the current context (-1, 1, 1) was 47 in trial 10. Button 1 showed very strong performance in trials 14 and 18 (when Mercury is -1 and Nobelium is 1, regardless of Krypton), achieving rewards of 69 and 85 respectively. Since Button 1 appears more responsive to Nobelium and Mercury -1, it is the best candidate for the current context.",77,B,C,D,A
7,LLM_Gemini_3_Flash,23,-1,-1,1,1,C,1,exploit,0,"Button 1 has shown a strong performance in contexts where Mercury is -1 and Nobelium is 1 (Trials 14, 18, and 22), consistently delivering high rewards. Button 0 performs best when Krypton is 1 but Nobelium is -1. Given the current context (Mercury: -1, Krypton: -1, Nobelium: 1), Button 1 is the most promising candidate.",82,B,C,D,A
7,LLM_Gemini_3_Flash,24,1,1,-1,0,B,1,exploit,0,"Based on the history (trials 6, 15, 19, 21), button 0 has consistently yielded very high rewards (80-85) when Mercury=1 and Krypton=1, regardless of the value of Nobelium. In trial 6, with the current context (Mercury:1, Krypton:1, Nobelium:-1), button 0 returned 85.",74,B,C,D,A
7,LLM_Gemini_3_Flash,25,1,-1,1,1,C,0,exploit,0,"Button 1 has shown strong performance in contexts where Nobelium is 1 (Trials 14, 18, 22, 23). Given the current context (Mercury: 1, Krypton: -1, Nobelium: 1) and its observed performance relative to Button 0 in similar scenarios, choosing 1 maximizes expected return.",48,B,C,D,A
7,LLM_Gemini_3_Flash,26,-1,1,1,1,C,1,exploit,0,"Looking at the data, Button 1 has shown a strong performance in contexts where Krypton and Nobelium are both 1 (Trial 22) or where Mercury is -1 and Nobelium is 1 (Trials 14, 18, 23). Given the current context (Mercury: -1, Krypton: 1, Nobelium: 1), Button 1 appears to be the most promising choice based on historical performance in similar scenarios.",83,B,C,D,A
7,LLM_Gemini_3_Flash,27,1,-1,-1,0,B,0,exploit,0,"Button 0 shows strong rewards when Mercury is 1, regardless of the other signals, as seen in trials 6, 11, 13, 16, 17, 20, and 24. Even though it is also sensitive to Krypton, it is the most consistent performer under these context conditions.",46,B,C,D,A
7,LLM_Gemini_3_Flash,28,1,1,-1,0,B,1,exploit,0,"Button 0 has consistently yielded high rewards (74, 85) when Mercury=1 and Krypton=1, which matches the current context. Other buttons have performed significantly worse in similar conditions.",86,B,C,D,A
7,LLM_Gemini_3_Flash,29,-1,-1,1,1,C,1,exploit,0,"Based on the historical data, button 1 has shown strong performance when the Nobelium signal is 1 and the Mercury signal is -1 (e.g., trials 14, 18, and 23 yielded rewards of 69, 85, and 82). In the current context (Mercury: -1, Krypton: -1, Nobelium: 1), button 1 is the most consistent high-performing option.",77,B,C,D,A
7,LLM_Gemini_3_Flash,30,-1,-1,1,1,C,1,exploit,0,"Based on the historical data, button 1 shows high rewards (69, 82, 85, 77) when Mercury is -1 and Nobelium is 1, regardless of the Krypton signal. Button 0 consistently rewards high when Krypton is 1 but performs poorly in other configurations, and button 1 is the most reliable performer in the current context (M=-1, K=-1, N=1).",83,B,C,D,A
7,LLM_Gemini_3_Flash,31,-1,1,-1,0,B,1,exploit,0,"Based on historical data for the current context (Mercury: -1, Krypton: 1, Nobelium: -1), button 0 consistently yielded high rewards ranging from 74 to 85, whereas button 1 performed poorly (44) when tested under the same conditions in trial 2.",73,B,C,D,A
7,LLM_Gemini_3_Flash,32,1,1,-1,0,B,1,exploit,0,"Button 0 has consistently demonstrated high returns when Mercury is 1 and Nobelium is -1, regardless of Krypton, often yielding rewards in the 70s and 80s, whereas other buttons have performed lower in this specific configuration.",73,B,C,D,A
7,LLM_Gemini_3_Flash,33,-1,1,-1,0,B,1,exploit,0,"Button 0 consistently delivers high rewards (70-85 range) when Krypton is 1, regardless of the state of Mercury or Nobelium. Given the current context (Mercury: -1, Krypton: 1, Nobelium: -1), Button 0 is the strongest performer based on historical data.",71,B,C,D,A
7,LLM_Gemini_3_Flash,34,1,-1,1,1,C,0,exploit,0,"Looking at the data, Button 0 performs best when Mercury and Krypton are positive or when Mercury is -1 and Krypton is 1. Button 1 has consistently shown higher rewards when Nobelium is 1 (Trials 14, 18, 22, 23, 26, 29, 30). Given the current context (Mercury: 1, Krypton: -1, Nobelium: 1), choosing button 1 is the most consistent strategy based on the observed pattern where button 1 outperforms button 0 in the presence of Nobelium 1.",53,B,C,D,A
7,LLM_Gemini_3_Flash,35,-1,1,1,1,C,1,exploit,0,"Based on historical data (trials 22, 26, 30), button 1 consistently yields high rewards (77, 83) when Mercury is -1 and Nobelium is 1, regardless of Krypton. Given the current context (Mercury: -1, Krypton: 1, Nobelium: 1), button 1 is the strongest performer.",83,B,C,D,A
7,LLM_Gemini_3_Flash,36,-1,1,-1,0,B,1,exploit,0,"Looking at the historical data, button 0 consistently yields high rewards (around 70-85) when Mercury is -1 and Krypton is 1, regardless of the Nobelium signal. Button 1 is the alternative, but it performs better when Krypton is -1 or when Nobelium is 1. Given the current context (Mercury: -1, Krypton: 1, Nobelium: -1), button 0 is the strongest performer.",83,B,C,D,A
7,LLM_Gemini_3_Flash,37,-1,-1,1,1,C,1,exploit,0,"Based on historical data, button 1 consistently performs very well when the Nobelium signal is 1 (trials 3, 14, 18, 23, 29, 30), yielding rewards in the 70-85 range. Button 0 has shown significantly lower performance in similar contexts, making button 1 the optimal choice for the current signal combination.",83,B,C,D,A
7,LLM_Gemini_3_Flash,38,1,-1,-1,0,B,0,exploit,0,"Button 0 shows high, consistent performance when Mercury is 1 (averaging ~50-85), whereas Button 1 underperforms when Mercury is 1. Button 0 is the most reliable choice for this specific context.",51,B,C,D,A
7,LLM_Gemini_3_Flash,39,1,-1,-1,0,B,0,exploit,0,"Button 0 has consistently shown strong performance (reward ~70-85) when Mercury is 1, regardless of the other signals, particularly matching the current context of (1, -1, -1).",56,B,C,D,A
7,LLM_Gemini_3_Flash,40,-1,-1,1,1,C,1,exploit,0,"Historical data shows button 1 consistently yields high rewards (70s-80s) when Mercury is -1 and Nobelium is 1, while button 0 typically underperforms in this specific context.",82,B,C,D,A
7,LLM_Gemini_3_Flash,41,-1,1,-1,0,B,1,exploit,0,"Based on the historical data, button 0 consistently yields high rewards (around 70-85) when Mercury is -1 and Krypton is 1, regardless of the Nobelium signal. Button 1 performs significantly better when Nobelium is 1, but for the current context (Mercury: -1, Krypton: 1, Nobelium: -1), button 0 is the established optimal choice.",84,B,C,D,A
7,LLM_Gemini_3_Flash,42,1,-1,-1,0,B,0,exploit,0,"Based on the history, button 0 consistently provides high rewards (70-85) when Mercury is 1 and Krypton is 1, and also when Mercury is -1 and Krypton is 1, regardless of Nobelium. Given the current context (Mercury 1, Krypton -1, Nobelium -1), button 0 is the most reliable choice among the buttons observed for these signal configurations.",52,B,C,D,A
7,LLM_Gemini_3_Flash,43,1,-1,1,1,C,0,exploit,0,"Based on historical data, button 0 yields high rewards when Mercury is 1 and Krypton is 1, or when Mercury is -1 and Krypton is 1. When Mercury is 1 and Krypton is -1, button 0 yields low rewards (~50). Conversely, button 1 has shown strong performance (rewards in the 50s) under the specific context of Mercury=1, Krypton=-1, and Nobelium=1, compared to the weaker performance of button 0 in similar conditions.",53,B,C,D,A
7,LLM_Gemini_3_Flash,44,1,-1,-1,0,B,0,exploit,0,"Button 0 has consistently demonstrated high rewards when Mercury is 1, regardless of the other signals, and specifically high rewards when Mercury is 1 and Krypton is 1. Given the current context (Mercury: 1, Krypton: -1, Nobelium: -1), Button 0 is the most reliable performer based on historical data.",52,B,C,D,A
7,LLM_Gemini_3_Flash,45,1,-1,-1,0,B,0,exploit,0,"Based on historical data, Button 0 consistently performs well (rewards 70-85) when Mercury is 1, regardless of Krypton, and especially well when Krypton is 1. With current context (Mercury: 1, Krypton: -1, Nobelium: -1), Button 0 is the most reliably high-performing option compared to other buttons for this specific configuration.",46,B,C,D,A
7,LLM_Gemini_3_Flash,46,-1,-1,1,1,C,1,exploit,0,"Analysis of the history shows that button 1 consistently yields high rewards (77-85) when Nobelium is 1, regardless of the other signals, whereas button 0 shows inconsistent or lower performance in this context.",71,B,C,D,A
7,LLM_Gemini_3_Flash,47,1,1,-1,0,B,1,exploit,0,"Based on historical data, button 0 consistently provides high rewards (70-85 range) when Mercury is 1 and Krypton is 1, regardless of Nobelium. Button 1 is better suited for conditions where Mercury is -1. Therefore, I am exploiting button 0 for the current context (Mercury 1, Krypton 1, Nobelium -1).",75,B,C,D,A
7,LLM_Gemini_3_Flash,48,-1,1,1,1,C,1,exploit,0,"Based on historical data for the context (Mercury: -1, Krypton: 1, Nobelium: 1), Button 1 has consistently delivered high rewards (77, 83) in this specific state, whereas Button 0 has shown lower performance in similar conditions compared to Button 1.",77,B,C,D,A
7,LLM_Gemini_3_Flash,49,-1,1,1,1,C,1,exploit,0,"Based on historical data, button 1 consistently yields high rewards (around 77-83) when Mercury is -1 and Krypton is 1, or when Nobelium is 1. Given the current context (-1, 1, 1), button 1 is the most reliable choice.",84,B,C,D,A
7,LLM_Gemini_3_Flash,50,-1,1,-1,0,B,1,exploit,0,"Based on the history, button 0 consistently yields high rewards (70s-80s) when Mercury is -1 and Krypton is 1, regardless of Nobelium. The current context matches this condition perfectly.",85,B,C,D,A
8,LLM_Gemini_3_Flash,1,-1,-1,1,0,D,0,explore,1,"Since there is no previous history, I must explore each arm sequentially to establish a baseline reward for the current context where Mercury=-1, Krypton=-1, and Nobelium=1.",51,D,B,C,A
8,LLM_Gemini_3_Flash,2,-1,1,1,1,B,0,explore,1,"Since I have only tested button 0 once, I have insufficient data to determine the optimal reward function. I am now exploring button 1 to gather data points under the current context of Mercury=-1, Krypton=1, Nobelium=1.",44,D,B,C,A
8,LLM_Gemini_3_Flash,3,1,-1,1,2,C,0,explore,1,"Button 0 and 1 have provided baseline rewards in previous trials, but button 2 remains untested. I need to explore button 2 to gather data on its performance under the current context of (Mercury: 1, Krypton: -1, Nobelium: 1) to build a better model for future exploitation.",45,D,B,C,A
8,LLM_Gemini_3_Flash,4,1,-1,1,0,D,0,exploit,0,"In trial 1, button 0 returned a reward of 51 with Mercury -1, Krypton -1, and Nobelium 1. Given the current context (Mercury 1, Krypton -1, Nobelium 1), testing other buttons further is required, but button 0 is currently the highest-yielding option observed across the limited data set.",57,D,B,C,A
8,LLM_Gemini_3_Flash,5,1,-1,1,0,D,0,exploit,0,"In trial 4, with the exact same context (1, -1, 1), button 0 returned a reward of 57, which is the highest reward observed across all trials so far. I will exploit this finding.",55,D,B,C,A
8,LLM_Gemini_3_Flash,6,1,-1,1,0,D,0,exploit,0,"Button 0 has consistently delivered higher rewards (51, 57, 55) compared to Button 2 (45) under the same context (Mercury: 1, Krypton: -1, Nobelium: 1). I am exploiting this observation to maximize profit.",56,D,B,C,A
8,LLM_Gemini_3_Flash,7,-1,1,1,0,D,0,exploit,0,"Button 0 has consistently delivered strong rewards across various contexts (51, 57, 55, 56), outperforming button 1 (44) and button 2 (45) in the limited samples available. I will continue to exploit button 0 as it appears to be the most reliable source of high rewards.",48,D,B,C,A
8,LLM_Gemini_3_Flash,8,1,-1,-1,0,D,0,exploit,0,"Button 0 has consistently delivered the highest rewards in the trials observed so far (51, 57, 55, 56, 48), even across varying context signals. Given its reliable performance, it is the optimal choice for the current context.",54,D,B,C,A
8,LLM_Gemini_3_Flash,9,1,-1,-1,0,D,0,exploit,0,"Button 0 has consistently yielded high rewards (ranging from 48 to 57) across various contexts, including the current context (Mercury: 1, Krypton: -1, Nobelium: -1) where it yielded 54 in trial 8. It appears to be the most stable and high-performing option.",49,D,B,C,A
8,LLM_Gemini_3_Flash,10,1,-1,-1,0,D,0,exploit,0,"Button 0 has consistently delivered strong rewards across various contexts, including the current context (Mercury: 1, Krypton: -1, Nobelium: -1), where it yielded 54 and 49 in previous trials. Since it is performing reliably, I will continue to exploit it.",41,D,B,C,A
8,LLM_Gemini_3_Flash,11,1,1,-1,0,D,0,exploit,0,"Button 0 has been consistently chosen in multiple contexts (Mercury 1, Krypton -1, Nobelium 1 and Mercury 1, Krypton -1, Nobelium -1) with a high average reward, suggesting it is the most reliable button. Given the current context (Mercury 1, Krypton 1, Nobelium -1), I will exploit the consistently high performance observed with button 0.",48,D,B,C,A
8,LLM_Gemini_3_Flash,12,1,-1,1,0,D,0,exploit,0,"Button 0 has consistently delivered higher average rewards (ranging from 41 to 57) across various contexts compared to the limited data on other buttons. Given the current context (1, -1, 1), which aligns with previous trials where button 0 yielded strong results (57, 55, 56), it remains the most reliable choice.",58,D,B,C,A
8,LLM_Gemini_3_Flash,13,1,-1,1,0,D,0,exploit,0,"Button 0 has consistently yielded the highest rewards (averaging significantly above 50) in contexts where Mercury=1 and Krypton=-1, which matches the current context. It appears to be the most stable and high-performing option.",53,D,B,C,A
8,LLM_Gemini_3_Flash,14,1,1,-1,0,D,0,exploit,0,"Button 0 has been tested extensively across various contexts and consistently yields a reward range between 41 and 58, which is generally robust. Given the current context (1, 1, -1), I am choosing the most reliably performing button based on my historical data.",43,D,B,C,A
8,LLM_Gemini_3_Flash,15,-1,1,-1,0,D,0,exploit,0,"Button 0 has consistently delivered the highest rewards throughout the trials across various context combinations, suggesting it is a high-performing or potentially constant reward button. Since Button 0 has a strong historical track record, I will continue to exploit it.",45,D,B,C,A
8,LLM_Gemini_3_Flash,16,-1,1,-1,0,D,0,exploit,0,"Button 0 has been chosen consistently across various contexts and has demonstrated a reliable reward baseline. Given the limited data on buttons 1, 2, and 3, and the high performance of button 0 so far, it is the most statistically reliable choice for the current context.",52,D,B,C,A
8,LLM_Gemini_3_Flash,17,-1,1,1,0,D,0,exploit,0,"Button 0 has consistently provided high rewards across various context signals, showing it is likely a high-performing or consistent button. Given the current context (-1, 1, 1), I will stick with the most reliable option identified in my history.",51,D,B,C,A
8,LLM_Gemini_3_Flash,18,1,-1,1,0,D,0,exploit,0,"Button 0 has consistently delivered stable, high rewards across various context signals, showing little sensitivity to changes in Mercury, Krypton, or Nobelium. Given its performance history, it remains the safest and most reliable choice to maximize profit for the current context.",50,D,B,C,A
8,LLM_Gemini_3_Flash,19,1,-1,-1,0,D,0,exploit,0,"Button 0 has been consistently yielding reliable, high rewards across various context combinations, including the current Mercury: 1, Krypton: -1, Nobelium: -1 state. Given the history, it remains the most robust choice for maximizing expected return.",50,D,B,C,A
8,LLM_Gemini_3_Flash,20,1,-1,1,0,D,0,exploit,0,"Button 0 has consistently provided high rewards across various context signals, showing high stability. Given the limited data on buttons 1, 2, and 3, and the strong performance of button 0 in the current context (Mercury: 1, Krypton: -1, Nobelium: 1) in previous trials (trials 4, 5, 6, 12, 13, 18), exploiting button 0 is the most reliable strategy.",55,D,B,C,A
8,LLM_Gemini_3_Flash,21,1,1,-1,0,D,0,exploit,0,"Button 0 has consistently provided reliable, relatively high rewards across all observed contexts. Since I have limited information about the reward functions for buttons 1, 2, and 3, and button 0 has established a stable baseline, I will exploit button 0 to continue accumulating rewards.",54,D,B,C,A
8,LLM_Gemini_3_Flash,22,-1,1,-1,0,D,0,exploit,0,"Button 0 has consistently provided reliable, relatively high rewards across a variety of contexts throughout the history. Given the stability observed, I will continue to exploit button 0.",44,D,B,C,A
8,LLM_Gemini_3_Flash,23,-1,-1,1,0,D,0,exploit,0,"Button 0 has been consistently chosen and provided reliable rewards across various context combinations, indicating it likely has a strong or stable baseline reward function. Given the current context (-1, -1, 1), I will continue to exploit this choice.",53,D,B,C,A
8,LLM_Gemini_3_Flash,24,-1,-1,1,0,D,0,exploit,0,"Button 0 has been consistently chosen across all trials and has provided reliable rewards regardless of the context fluctuations, suggesting it is likely the high-reward constant arm.",39,D,B,C,A
8,LLM_Gemini_3_Flash,25,-1,1,-1,0,D,0,exploit,0,"Button 0 has been chosen consistently across a wide variety of contexts and has returned a stable and competitive average reward. Given the limited data on other buttons and the high reliability of Button 0, continuing to exploit it is the most prudent strategy to maximize profit.",45,D,B,C,A
8,LLM_Gemini_3_Flash,26,1,-1,-1,0,D,0,exploit,0,"Button 0 has been consistently yielding reliable rewards across various contexts. Given that my history is almost entirely focused on Button 0 and it shows stable performance, I will continue to exploit this choice.",48,D,B,C,A
8,LLM_Gemini_3_Flash,27,-1,1,1,0,D,0,exploit,0,"Button 0 has consistently provided reliable, mid-to-high range rewards across almost all contexts, averaging around 50. Given that other buttons have been sparsely tested and button 0 shows no significant negative reaction to the current context (Mercury -1, Krypton 1, Nobelium 1), it is the safest and most likely optimal choice to exploit.",46,D,B,C,A
8,LLM_Gemini_3_Flash,28,-1,-1,1,0,D,0,exploit,0,"Button 0 has been consistently explored and maintains a stable, high average reward across all observed contexts, making it the most reliable choice given the limited evidence on the performance of other buttons.",63,D,B,C,A
8,LLM_Gemini_3_Flash,29,1,-1,1,0,D,0,exploit,0,"Button 0 has been consistently yielding rewards in the 40-60 range across various contexts throughout the trial history, suggesting it has a high or stable baseline performance, while other buttons have not provided enough data to prove superior performance in this current context.",58,D,B,C,A
8,LLM_Gemini_3_Flash,30,-1,-1,1,0,D,0,exploit,0,"Button 0 has consistently provided reliable rewards across various contexts throughout the trial history, suggesting it may have a high base reward or is the most stable option. Given the lack of strong evidence that buttons 1, 2, or 3 significantly outperform button 0, I will continue to exploit button 0.",51,D,B,C,A
8,LLM_Gemini_3_Flash,31,1,-1,1,0,D,0,exploit,0,"Button 0 has consistently delivered reliable rewards across varied context states throughout the history, suggesting it may have a high baseline or is optimal under most conditions compared to the limited data on other arms.",43,D,B,C,A
8,LLM_Gemini_3_Flash,32,1,-1,-1,0,D,0,exploit,0,"Button 0 has been the most consistent performer across the majority of trials, consistently yielding rewards in the 40-60 range regardless of context. While other buttons were explored initially, the consistent returns suggest button 0 provides a stable or high baseline reward, making it the safest choice for exploitation.",40,D,B,C,A
8,LLM_Gemini_3_Flash,33,1,1,-1,0,D,0,exploit,0,"Button 0 has been the consistent choice throughout the history and provides a reliable, albeit noisy, baseline reward. Given the current context (Mercury: 1, Krypton: 1, Nobelium: -1), I will continue to exploit button 0 to maintain consistent yield.",56,D,B,C,A
8,LLM_Gemini_3_Flash,34,-1,1,1,0,D,0,exploit,0,"Based on the extensive history, button 0 has consistently provided reliable, stable rewards across various context combinations, and I have not seen enough evidence that other buttons yield higher rewards. Therefore, continuing to exploit button 0 is the safest and most optimal strategy.",53,D,B,C,A
8,LLM_Gemini_3_Flash,35,1,-1,1,0,D,0,exploit,0,"Button 0 has been consistently yielding reliable rewards across various contexts in the history. While other buttons were sampled early on, Button 0 has shown a strong baseline performance, and given the current context (Mercury: 1, Krypton: -1, Nobelium: 1), which has historically been profitable for Button 0, exploiting it is the most logical choice to maximize reward.",50,D,B,C,A
8,LLM_Gemini_3_Flash,36,-1,-1,1,0,D,0,exploit,0,"Button 0 has been used consistently throughout the trial history, showing robust performance across varying contexts. Given that other buttons have not been sufficiently explored or demonstrated superior rewards, and button 0 provides a reliable, high average return, I will continue to exploit button 0.",49,D,B,C,A
8,LLM_Gemini_3_Flash,37,1,-1,-1,0,D,0,exploit,0,"Based on the extensive history of button 0, it provides a stable average reward across all observed contexts. With limited data on other buttons, sticking to the reliable performance of button 0 is the most effective strategy for the current context (Mercury 1, Krypton -1, Nobelium -1).",52,D,B,C,A
8,LLM_Gemini_3_Flash,38,1,-1,-1,0,D,0,exploit,0,"Button 0 has been tested extensively across all contexts and consistently provides a solid average reward in the 40-60 range. Since no other button has shown significant evidence of outperforming it in the history provided, I will continue to exploit button 0.",54,D,B,C,A
8,LLM_Gemini_3_Flash,39,-1,1,-1,0,D,0,exploit,0,"Button 0 has been consistently yielding reliable rewards across all tested context combinations throughout the trial history, suggesting it provides a stable baseline return compared to the limited data on other buttons.",49,D,B,C,A
8,LLM_Gemini_3_Flash,40,-1,1,1,0,D,0,exploit,0,"Button 0 has been consistently returning rewards between 40 and 60 across a wide variety of contexts. Given the lack of strong signals favoring other buttons based on history, sticking with the reliable, albeit noisy, performance of Button 0 is the safest strategy to maintain a stable reward outcome.",51,D,B,C,A
8,LLM_Gemini_3_Flash,41,1,1,-1,0,D,0,exploit,0,"Button 0 has been the primary choice throughout the history and has consistently yielded moderate to high rewards across various context combinations, establishing it as a reliable, stable performer.",50,D,B,C,A
8,LLM_Gemini_3_Flash,42,1,-1,-1,0,D,0,exploit,0,"Button 0 has consistently provided reliable rewards throughout the history, averaging around 50 across various context combinations, which makes it the safest and most optimal choice to exploit given the current context.",53,D,B,C,A
8,LLM_Gemini_3_Flash,43,-1,-1,1,0,D,0,exploit,0,"Button 0 has been consistently chosen throughout the game and has yielded stable, competitive rewards regardless of the context fluctuations. Given that previous exploration of other buttons showed lower or comparable results early on, exploiting the established performance of button 0 is the safest strategy to maximize profit.",58,D,B,C,A
8,LLM_Gemini_3_Flash,44,1,-1,1,0,D,0,exploit,0,"Button 0 has consistently provided high, reliable rewards across various contexts throughout the trial history. Given the lack of strong evidence that buttons 1, 2, or 3 significantly outperform button 0, I will continue to exploit button 0.",46,D,B,C,A
8,LLM_Gemini_3_Flash,45,1,-1,-1,0,D,0,exploit,0,"Button 0 has been consistently yielding decent rewards (average around 50) across various contexts throughout the 44 trials. Given that the other buttons were barely tested and Button 0 demonstrates stable, positive performance, it remains the most reliable option for the current context.",53,D,B,C,A
8,LLM_Gemini_3_Flash,46,1,-1,1,0,D,0,exploit,0,"Button 0 has consistently provided reliable rewards across various contexts throughout the 45 trials, and based on the established pattern of high average performance, it remains the most statistically sound choice for the current context.",45,D,B,C,A
8,LLM_Gemini_3_Flash,47,-1,-1,1,0,D,0,exploit,0,"Button 0 has consistently provided reliable, high rewards across various context combinations, and given the limited data on other buttons, it remains the optimal choice for exploitation in the current context.",44,D,B,C,A
8,LLM_Gemini_3_Flash,48,1,-1,-1,0,D,0,exploit,0,"Button 0 has been tested extensively across all contexts and provides a consistently reliable average reward. Since no clear superior alternative has emerged from the limited testing of other buttons, I am exploiting the consistent performance of button 0.",50,D,B,C,A
8,LLM_Gemini_3_Flash,49,-1,1,1,0,D,0,exploit,0,"Button 0 has been consistently yielding rewards in the 40-60 range across all contexts observed throughout 48 trials. Given the lack of clear evidence that any other button performs better, exploiting Button 0 is the safest strategy to maximize the total reward.",56,D,B,C,A
8,LLM_Gemini_3_Flash,50,1,-1,1,0,D,0,exploit,0,"Button 0 has been consistently yielding reliable, solid returns across various contexts throughout the 49 trials. Since the data suggests it provides a stable reward base and I have extensive experience with it, continuing to exploit this option is the most rational approach for maximizing profit.",45,D,B,C,A
9,LLM_Gemini_3_Flash,1,1,-1,-1,0,B,0,explore,1,"This is the first trial of the game; therefore, I have no historical data to rely on. I am choosing button 0 to establish a baseline for the reward functions and begin the exploration phase.",49,B,A,D,C
9,LLM_Gemini_3_Flash,2,-1,-1,1,1,A,0,explore,1,"Since only one trial has been completed, I have minimal information about the reward functions of buttons 1, 2, and 3. I am exploring button 1 to gather data on its performance under the current context signals.",48,B,A,D,C
9,LLM_Gemini_3_Flash,3,1,1,-1,2,D,0,explore,1,"I have limited data from only two trials and two buttons. I need to test Button 2 to start establishing a baseline for its performance under the current context (Mercury: 1, Krypton: 1, Nobelium: -1).",50,B,A,D,C
9,LLM_Gemini_3_Flash,4,-1,1,1,3,C,1,explore,1,"I have limited data on buttons 0, 1, and 2, and have not yet tested button 3. With the current context (-1, 1, 1), I will explore button 3 to determine its potential performance and establish a baseline for its reward function.",80,B,A,D,C
9,LLM_Gemini_3_Flash,5,-1,1,-1,3,C,0,exploit,0,"In trial 4, with Krypton=1 and Nobelium=1, button 3 yielded a high reward of 80. Given the current context has Krypton=1, button 3 remains the most promising candidate to yield a high reward based on the observed pattern.",51,B,A,D,C
9,LLM_Gemini_3_Flash,6,-1,1,1,3,C,1,exploit,0,"In trial 4, with the same context (Mercury: -1, Krypton: 1, Nobelium: 1), button 3 yielded a reward of 80, which is significantly higher than other observed rewards. Trial 5 confirms button 3's sensitivity to these signals, as removing Nobelium dropped the reward, suggesting button 3 performs best under these specific conditions.",75,B,A,D,C
9,LLM_Gemini_3_Flash,7,1,-1,1,3,C,0,exploit,0,"Button 3 has shown high rewards (80 and 75) when Krypton is 1 and Nobelium is 1, regardless of Mercury. Given current conditions, Button 3 appears to be the most promising high-reward option based on past performance.",47,B,A,D,C
9,LLM_Gemini_3_Flash,8,1,-1,-1,0,B,0,exploit,0,"In trial 1, with the same context (Mercury: 1, Krypton: -1, Nobelium: -1), button 0 yielded a reward of 49. Given that button 3 appears to fluctuate significantly based on signals (yielding higher rewards only when Nobelium/Krypton are present), button 0 remains the most reliable known choice for this specific context.",51,B,A,D,C
9,LLM_Gemini_3_Flash,9,-1,1,-1,3,C,0,exploit,0,"Button 3 has shown consistent high performance when Krypton is active (trial 4: 80, trial 6: 75), and while trial 5 with context (-1, 1, -1) was lower (51), it remains the most promising option compared to buttons 0, 1, or 2 which have not shown comparable high reward potential.",53,B,A,D,C
9,LLM_Gemini_3_Flash,10,-1,1,-1,3,C,0,exploit,0,"Button 3 has consistently shown competitive performance when Krypton is 1, specifically yielding high rewards in trials 4, 6, and 9 for similar signal profiles. Given the current context of Mercury=-1, Krypton=1, and Nobelium=-1, button 3 remains the highest expected value based on existing history.",42,B,A,D,C
9,LLM_Gemini_3_Flash,11,1,1,-1,2,D,0,exploit,0,"In trial 3, with the context (1, 1, -1), choosing button 2 yielded a reward of 50. Button 3's performance is highly dependent on Nobelium (performing best when Nobelium=1). Given the current context (1, 1, -1), button 2 is the most reliable option based on historical performance.",45,B,A,D,C
9,LLM_Gemini_3_Flash,12,1,-1,-1,0,B,0,exploit,0,"In trials 1 and 8, choosing button 0 with the current context (Mercury: 1, Krypton: -1, Nobelium: -1) yielded rewards of 49 and 51, respectively. Given the limited data and consistent performance for this specific context, button 0 appears to be a stable or high-reward option for these signals.",54,B,A,D,C
9,LLM_Gemini_3_Flash,13,1,-1,1,0,B,0,exploit,0,"Button 0 has consistently yielded rewards around 50-54 when Mercury is 1 and Krypton is -1, regardless of Nobelium. Given the current context (1, -1, 1), Button 0 remains the most reliable performer based on historical data.",24,B,A,D,C
9,LLM_Gemini_3_Flash,14,1,1,-1,2,D,0,exploit,0,"In trial 3, with context (1, 1, -1), button 2 yielded a reward of 50. In trial 11, with the same context (1, 1, -1), button 2 yielded 45. While these aren't exceptionally high, button 0 has shown inconsistent performance and button 3's performance seems tied to Krypton=1 and Nobelium=1. Given the current context (1, 1, -1), button 2 is currently the most reliable choice based on the observed data.",46,B,A,D,C
9,LLM_Gemini_3_Flash,15,-1,1,-1,3,C,0,exploit,0,"Button 3 has consistently shown high variability depending on the context, particularly yielding strong results when Krypton is 1, even if it varies based on Nobelium. Given the context (Mercury: -1, Krypton: 1, Nobelium: -1), Button 3 has been tested multiple times in similar conditions and remains the most promising option compared to the baseline rewards observed for buttons 0, 1, and 2.",50,B,A,D,C
9,LLM_Gemini_3_Flash,16,1,1,-1,2,D,0,exploit,0,"Button 2 has consistently provided reasonable rewards (45-50) in previous trials with this specific context (Mercury 1, Krypton 1, Nobelium -1). Button 3's performance is highly dependent on Nobelium being 1, and Button 0 performed poorly when Mercury was 1 and Nobelium was 1.",51,B,A,D,C
9,LLM_Gemini_3_Flash,17,-1,1,1,3,C,1,exploit,0,"Button 3 has consistently yielded higher rewards when the context (Mercury: -1, Krypton: 1, Nobelium: 1) is present, particularly in trials 4 and 6, suggesting it is the optimal choice under these specific conditions.",86,B,A,D,C
9,LLM_Gemini_3_Flash,18,1,-1,1,2,D,0,exploit,0,"Button 3 is highly profitable when Krypton is 1, but its reward drops significantly when Krypton is -1. Button 0 has shown inconsistent results (rewards of 49, 51, 54, and 24). Button 2 has consistently provided rewards in the 45-51 range, making it a reliable performer when Krypton is -1. I will exploit Button 2 to capitalize on this stability.",56,B,A,D,C
9,LLM_Gemini_3_Flash,19,-1,-1,1,1,A,0,explore,1,"Button 3 shows high performance when Krypton is 1, but its performance with Krypton -1 is unclear. Button 2 performs well when Krypton/Mercury signals are specific. Button 1 was tried only once in Trial 2 (Context: M-1, K-1, N1) yielding 48; I am exploring button 1 now to see if it outperforms the others in this specific context.",56,B,A,D,C
9,LLM_Gemini_3_Flash,20,1,-1,1,2,D,0,exploit,0,"In trial 18, with the same context (Mercury: 1, Krypton: -1, Nobelium: 1), button 2 yielded a reward of 56, which outperformed button 0 (tried in trial 13 with the same context) and button 3 (tried in trial 7). Button 2 appears to perform optimally in this specific configuration.",51,B,A,D,C
9,LLM_Gemini_3_Flash,21,-1,1,1,3,C,1,exploit,0,"Button 3 has consistently yielded high rewards (80, 75, 86) when Mercury is -1, Krypton is 1, and Nobelium is 1. Since the current context matches this configuration, exploiting button 3 is the most logical choice.",87,B,A,D,C
9,LLM_Gemini_3_Flash,22,-1,1,1,3,C,1,exploit,0,"In trials 4, 6, 17, and 21, button 3 was chosen when the context was Mercury=-1, Krypton=1, Nobelium=1, consistently yielding high rewards (80, 75, 86, 87). This indicates that button 3 is highly optimized for this specific signal configuration.",82,B,A,D,C
9,LLM_Gemini_3_Flash,23,1,1,-1,2,D,0,exploit,0,"Based on historical data for the context (1, 1, -1), button 2 has consistently provided reliable rewards around 46-51, while button 3 performs poorly in this context compared to when Nobelium is 1.",57,B,A,D,C
9,LLM_Gemini_3_Flash,24,-1,1,-1,3,C,0,exploit,0,"Based on historical data, button 3 yields significantly higher rewards (75-87 range) when Krypton is 1 and Nobelium is 1, and consistent rewards (40-53 range) when Krypton is 1 and Nobelium is -1. Given the current context (Mercury: -1, Krypton: 1, Nobelium: -1), button 3 remains a strong candidate for exploitation compared to other buttons whose performance has been less optimal or inconsistent.",44,B,A,D,C
9,LLM_Gemini_3_Flash,25,-1,-1,1,1,A,0,exploit,0,"In trial 19, under the same context (Mercury: -1, Krypton: -1, Nobelium: 1), button 1 yielded a reward of 56. Given that buttons 2 and 3 perform significantly better under different conditions (like Nobelium: -1 for button 2, or Krypton: 1 for button 3), and button 0 shows inconsistent results, choosing button 1 is the most reliable strategy for this specific context.",53,B,A,D,C
9,LLM_Gemini_3_Flash,26,1,-1,-1,0,B,0,exploit,0,"Based on the history, button 0 consistently yields rewards around 50-54 when the context is Mercury: 1, Krypton: -1, Nobelium: -1. Other buttons haven't shown superior performance for this specific combination.",50,B,A,D,C
9,LLM_Gemini_3_Flash,27,1,-1,1,2,D,0,exploit,0,"Button 3 is highly profitable when Krypton is 1 and Nobelium is 1, but its performance drops significantly when Krypton is -1. Button 2 has shown consistent performance in trials 18 and 20 when the context is Mercury 1, Krypton -1, Nobelium 1, yielding higher average rewards than other options in this specific state.",44,B,A,D,C
9,LLM_Gemini_3_Flash,28,-1,-1,1,1,A,0,exploit,0,"Based on trial 2, 19, and 25, Button 1 has performed consistently (average around 50-56) when Mercury is -1 and Krypton is -1. While trial 2 had a reward of 48, subsequent data for other buttons suggests they perform worse in this specific context or are highly volatile (like button 3 when Nobelium is -1). I am choosing to exploit Button 1 here.",51,B,A,D,C
9,LLM_Gemini_3_Flash,29,1,1,-1,2,D,0,exploit,0,"Based on historical trials (3, 11, 14, 16, 23), button 2 consistently provides high rewards (45-57) when Mercury and Krypton are 1 and Nobelium is -1. This matches the current context perfectly.",62,B,A,D,C
9,LLM_Gemini_3_Flash,30,-1,-1,1,1,A,0,exploit,0,"Based on the history, button 1 has shown a stable and high reward in contexts where Mercury is -1 and Krypton is -1 (Trial 2, 19, 25, 28), regardless of the Nobelium signal. Button 3 performs exceptionally well only when Krypton is 1, so for this context (-1, -1, 1), button 1 is the most reliable choice.",54,B,A,D,C
9,LLM_Gemini_3_Flash,31,1,-1,-1,0,B,0,exploit,0,"Based on the history, button 0 has consistently yielded rewards in the 49-54 range when the context is Mercury: 1, Krypton: -1, Nobelium: -1. In contrast, other buttons have shown either lower or inconsistent performance in this specific context configuration.",57,B,A,D,C
9,LLM_Gemini_3_Flash,32,-1,1,1,3,C,1,exploit,0,"History shows that button 3 consistently yields high rewards (75-87 range) when Mercury is -1, Krypton is 1, and Nobelium is 1. My current context matches this specific state perfectly.",92,B,A,D,C
9,LLM_Gemini_3_Flash,33,1,-1,-1,0,B,0,exploit,0,"Based on historical data, button 0 consistently yields rewards around 50-57 when the context is Mercury=1, Krypton=-1, and Nobelium=-1. Previous trials (1, 8, 12, 26, 31) confirm this button is highly effective under this specific configuration.",46,B,A,D,C
9,LLM_Gemini_3_Flash,34,-1,1,1,3,C,1,exploit,0,"Based on historical data, button 3 consistently yields high rewards (typically 75-92) when both Krypton and Nobelium are 1, regardless of Mercury. This matches the current context.",86,B,A,D,C
9,LLM_Gemini_3_Flash,35,-1,1,-1,3,C,0,exploit,0,"Button 3 shows a strong positive correlation with Krypton and an even higher boost when Nobelium is also 1 (average rewards ~80-90 when Krypton=1 and Nobelium=1). When Krypton=1 and Nobelium=-1, the reward is lower (~50), but this is still a reliable option compared to other buttons for the current context.",46,B,A,D,C
9,LLM_Gemini_3_Flash,36,1,-1,-1,0,B,0,exploit,0,"Historical data consistently shows button 0 yields rewards in the 46-57 range when Mercury=1, Krypton=-1, and Nobelium=-1, whereas other buttons have performed worse or are poorly suited for this specific configuration.",51,B,A,D,C
9,LLM_Gemini_3_Flash,37,-1,1,1,3,C,1,exploit,0,"The historical data clearly indicates that button 3 performs exceptionally well when Mercury is -1, Krypton is 1, and Nobelium is 1, consistently providing high rewards (average ~80-90). Other buttons show much lower performance under this specific context.",88,B,A,D,C
9,LLM_Gemini_3_Flash,38,-1,-1,1,1,A,0,exploit,0,"Button 1 has consistently yielded rewards in the 50s when the context is Mercury: -1, Krypton: -1, and Nobelium: 1, as seen in trials 19, 25, 28, and 30. Button 3 performs best with Krypton: 1 and Nobelium: 1, Button 2 with Krypton: 1 and Nobelium: -1, and Button 0 with Mercury: 1 and Krypton: -1. Given the current context (Mercury: -1, Krypton: -1, Nobelium: 1), Button 1 is the optimal choice.",49,B,A,D,C
9,LLM_Gemini_3_Flash,39,-1,1,-1,3,C,0,exploit,0,"Button 3 shows a strong positive correlation with the Krypton signal when Nobelium is 1 (resulting in rewards in the 80s), and a moderate positive correlation with Krypton when Nobelium is -1 (resulting in rewards in the 40s-50s). Given the current context (Mercury: -1, Krypton: 1, Nobelium: -1), Button 3 remains the most profitable option.",53,B,A,D,C
9,LLM_Gemini_3_Flash,40,1,-1,-1,0,B,0,exploit,0,"Based on the history, button 0 consistently yields rewards around 50 when the context is Mercury=1, Krypton=-1, Nobelium=-1. Previous trials with this specific context (1, 8, 12, 26, 31, 33, 36) confirm button 0 is the reliable choice for this signal configuration.",53,B,A,D,C
9,LLM_Gemini_3_Flash,41,-1,1,1,3,C,1,exploit,0,"Based on the history, button 3 has consistently yielded very high rewards (75-92) when Mercury is -1, Krypton is 1, and Nobelium is 1. This current context matches that exact pattern.",74,B,A,D,C
9,LLM_Gemini_3_Flash,42,-1,1,-1,3,C,0,exploit,0,"Based on the history, button 3 provides high rewards when Nobelium is 1, but remains a solid performer even when Nobelium is -1 (like in this current context where it consistently returns ~40-50). Other buttons have not shown comparable average performance in this specific context.",51,B,A,D,C
9,LLM_Gemini_3_Flash,43,-1,-1,1,1,A,0,exploit,0,"Based on historical data, button 1 consistently yields rewards in the range of 48-56 when the context is (Mercury: -1, Krypton: -1, Nobelium: 1). Button 3 performs poorly without Krypton, and buttons 0 and 2 are optimized for different context configurations.",52,B,A,D,C
9,LLM_Gemini_3_Flash,44,1,-1,1,2,D,0,exploit,0,"Based on historical data, button 3 is highly profitable when Mercury=-1 and Nobelium=1, but poorly performing when Mercury=1. Button 0 is strong when Mercury=1 and Krypton=-1, but performed poorly (reward 24) when Nobelium=1. Button 2 consistently provides solid rewards (around 45-60) in contexts where Mercury=1, and appears to be the most stable choice for the current context (Mercury=1, Krypton=-1, Nobelium=1).",56,B,A,D,C
9,LLM_Gemini_3_Flash,45,1,-1,1,2,D,0,exploit,0,"Based on historical data, button 2 consistently performs well when Mercury is 1, specifically when Nobelium is 1 (e.g., trials 18, 20, 44), yielding average rewards around 54. Button 0 is strong for Mercury=1/Krypton=-1/Nobelium=-1, but button 2 is preferred for the current combination of Mercury=1/Nobelium=1.",53,B,A,D,C
9,LLM_Gemini_3_Flash,46,1,-1,-1,0,B,0,exploit,0,"Based on historical data, button 0 consistently provides an expected reward in the 50 range when the context is Mercury=1, Krypton=-1, and Nobelium=-1. Button 3 performs well primarily when Krypton and Nobelium are both 1, and button 2 generally targets Mercury=1, Krypton=1, or occasionally other specific configurations. Button 0 is the most stable and reliable choice for this specific context.",45,B,A,D,C
9,LLM_Gemini_3_Flash,47,1,1,-1,2,D,0,exploit,0,"Based on historical data, Button 2 consistently provides high rewards (around 45-62) when Mercury is 1 and Krypton is 1, regardless of the Nobelium signal. Button 0 is strong when Krypton is -1, Button 1 is best when Krypton is -1 and Mercury is -1, and Button 3 is best when Krypton is 1 and Nobelium is 1. Since the current context is Mercury=1, Krypton=1, Nobelium=-1, Button 2 is the optimal choice.",46,B,A,D,C
9,LLM_Gemini_3_Flash,48,1,-1,-1,0,B,0,exploit,0,"Analysis of the history shows that button 0 consistently provides rewards in the 45-57 range when Mercury is 1, Krypton is -1, and Nobelium is -1, which is the current context.",48,B,A,D,C
9,LLM_Gemini_3_Flash,49,-1,1,-1,3,C,0,exploit,0,"Button 3 shows a strong positive correlation with Krypton=1 and Nobelium=1. Although the current context has Nobelium=-1, Button 3 has consistently performed reliably compared to the others in similar states, and given the lack of a clearly superior alternative for these specific signal conditions, I am exploiting the best-performing button for the active Krypton signal.",56,B,A,D,C
9,LLM_Gemini_3_Flash,50,1,1,-1,2,D,0,exploit,0,"Based on historical data, button 2 consistently yields good rewards (45-62) when Mercury is 1 and Krypton is 1, regardless of Nobelium. Since the current context is Mercury: 1, Krypton: 1, Nobelium: -1, button 2 is the statistically optimal choice.",47,B,A,D,C
10,LLM_Gemini_3_Flash,1,1,1,-1,0,D,0,explore,1,"This is the first trial, so I have no prior data to inform a decision. I am choosing button 0 to begin establishing a baseline for the reward functions under the current context of Mercury=1, Krypton=1, Nobelium=-1.",44,D,B,A,C
10,LLM_Gemini_3_Flash,2,1,-1,-1,1,B,0,explore,1,"Since I have only tested button 0 once, I have very limited information about the reward landscape. I am choosing button 1 to begin exploring the potential rewards of other buttons under the current context (Mercury: 1, Krypton: -1, Nobelium: -1).",47,D,B,A,C
10,LLM_Gemini_3_Flash,3,-1,1,1,2,A,0,explore,1,"I have limited data from previous trials and need to sample other buttons to map their reward functions against the current context signals (Mercury: -1, Krypton: 1, Nobelium: 1).",12,D,B,A,C
10,LLM_Gemini_3_Flash,4,-1,1,1,1,B,0,explore,1,"I am exploring button 1 again. Button 0 yielded 44 with (1,1,-1), button 1 yielded 47 with (1,-1,-1), and button 2 performed poorly (12) with the current context (-1,1,1). I need to test button 1 or 3 under the current context to compare against my previous baseline.",42,D,B,A,C
10,LLM_Gemini_3_Flash,5,-1,1,1,1,B,0,exploit,0,"In trial 4, with the same context as the current one (Mercury: -1, Krypton: 1, Nobelium: 1), button 1 yielded a high reward of 42, compared to the reward of 12 for button 2, indicating that button 1 is currently the most profitable choice.",43,D,B,A,C
10,LLM_Gemini_3_Flash,6,-1,1,-1,1,B,1,exploit,0,"Button 1 has consistently yielded high rewards (47, 42, 43) across various contexts, including when Krypton is 1, regardless of Mercury or Nobelium values. Given the current context where Krypton is 1, button 1 remains the most reliable option for high returns.",85,D,B,A,C
10,LLM_Gemini_3_Flash,7,-1,1,-1,1,B,1,exploit,0,"In trial 6, with context Mercury=-1, Krypton=1, Nobelium=-1, button 1 yielded a high reward of 85. The current context is identical to trial 6, so choosing button 1 to exploit this high-reward state is the optimal strategy.",75,D,B,A,C
10,LLM_Gemini_3_Flash,8,-1,1,1,1,B,0,exploit,0,"Button 1 has consistently yielded high rewards (42, 43, 85, 75) across various contexts, including the current context of Mercury -1, Krypton 1, Nobelium 1. In previous trials with the same context (3, 4, 5), Button 1 significantly outperformed Button 2.",48,D,B,A,C
10,LLM_Gemini_3_Flash,9,-1,-1,1,1,B,0,exploit,0,"Button 1 has consistently yielded high rewards (42-85) across multiple contexts where Krypton is 1, regardless of the other signals. Given the current context (Krypton -1), I will exploit Button 1 to see if it maintains its performance or if it is the optimal choice compared to the limited data on other buttons.",15,D,B,A,C
10,LLM_Gemini_3_Flash,10,1,1,-1,1,B,1,exploit,0,"Button 1 has consistently shown high reward potential across various contexts, especially when Krypton is 1. In Trial 1, button 0 returned 44 in this specific context (M:1, K:1, N:-1). However, button 1's performance has been higher overall (e.g., 85 when K:1, N:-1). Given that Krypton is 1, button 1 is the most reliable choice to maximize profit.",77,D,B,A,C
10,LLM_Gemini_3_Flash,11,1,-1,-1,1,B,0,exploit,0,"Button 1 has consistently shown high reward potential across various contexts, particularly when signals are not heavily weighted against it. Given the current context (1, -1, -1), button 1 remains the most promising candidate based on past performance data.",55,D,B,A,C
10,LLM_Gemini_3_Flash,12,1,1,-1,1,B,1,exploit,0,"Button 1 has consistently yielded higher rewards in various contexts, especially when Krypton is 1, regardless of the other signals. In the current context (Mercury 1, Krypton 1, Nobelium -1), Button 1 previously returned 77, which is a strong performance compared to other observations.",80,D,B,A,C
10,LLM_Gemini_3_Flash,13,-1,1,-1,1,B,1,exploit,0,"Button 1 has consistently yielded high rewards (75-85) when Krypton is 1 and Nobelium is -1, regardless of the Mercury state. Since the current context matches this condition, exploiting button 1 is the most logical choice.",82,D,B,A,C
10,LLM_Gemini_3_Flash,14,1,-1,1,1,B,0,exploit,0,"Button 1 has consistently yielded the highest rewards across various contexts in the history, particularly when the signals are mixed. Given the current context of (1, -1, 1), and Button 1's track record of high performance, exploiting this button is the most reliable strategy to maximize rewards.",16,D,B,A,C
10,LLM_Gemini_3_Flash,15,-1,1,-1,1,B,1,exploit,0,"Button 1 has consistently shown high rewards when Krypton is 1, specifically when Nobelium is -1 (rewards around 80). Since the current context has Krypton=1 and Nobelium=-1, Button 1 is the statistically superior choice.",91,D,B,A,C
10,LLM_Gemini_3_Flash,16,-1,1,1,1,B,0,exploit,0,"Button 1 has consistently shown strong performance under various conditions. While Nobelium 1 has historically correlated with lower rewards for Button 1 (e.g., trials 4, 5, 8, 9, 14), it remains the most reliable performer in my history, whereas Button 2 performed poorly in this specific context (trial 3). I am exploiting the high baseline of Button 1.",53,D,B,A,C
10,LLM_Gemini_3_Flash,17,1,1,-1,1,B,1,exploit,0,"Button 1 has consistently shown strong performance in the current context (Mercury: 1, Krypton: 1, Nobelium: -1), with previous rewards of 77 and 80. Given that button 1 is the most explored arm and has yielded high rewards in this specific configuration, exploiting it is the optimal strategy.",87,D,B,A,C
10,LLM_Gemini_3_Flash,18,1,1,-1,1,B,1,exploit,0,"Button 1 has consistently shown strong performance across varied contexts, especially when Krypton is 1. In the current context (Mercury: 1, Krypton: 1, Nobelium: -1), Button 1 has yielded high rewards of 77, 80, and 87, making it the most reliable choice.",81,D,B,A,C
10,LLM_Gemini_3_Flash,19,-1,1,-1,1,B,1,exploit,0,"Button 1 has consistently yielded high rewards (averaging 75-90) when Krypton is 1 and Nobelium is -1, regardless of the Mercury signal. In the current context (Mercury: -1, Krypton: 1, Nobelium: -1), this pattern strongly suggests Button 1 is the optimal choice.",76,D,B,A,C
10,LLM_Gemini_3_Flash,20,1,-1,-1,1,B,0,exploit,0,"Button 1 has consistently shown high reward values in the history across various contexts, particularly when Krypton is 1. In the current context (Mercury: 1, Krypton: -1, Nobelium: -1), Button 1 has already demonstrated a solid average reward compared to limited data on other buttons, making it the most reliable choice to exploit.",50,D,B,A,C
10,LLM_Gemini_3_Flash,21,1,-1,1,0,D,0,explore,1,"Button 1 has consistently shown moderate to high rewards, but it performs poorly when Krypton is -1 and Nobelium is 1, as evidenced in trial 14. Given the current context (Mercury: 1, Krypton: -1, Nobelium: 1), I will explore Button 0 to see if it yields a higher return under these specific conditions, as Button 1 is likely suboptimal here.",47,D,B,A,C
10,LLM_Gemini_3_Flash,22,-1,-1,1,0,D,0,explore,1,"Button 1 shows a strong positive reward correlation when Krypton is 1, but its reward drops significantly when Nobelium is 1 (e.g., trials 9 and 14). Since the current context has Nobelium as 1 and Krypton as -1, button 1 is unlikely to be optimal. Button 0 yielded 47 in a similar context (Trial 21: M=1, K=-1, N=1), suggesting it may perform better than Button 1 in this state. I am exploring Button 0 to test its performance under these specific signals.",55,D,B,A,C
10,LLM_Gemini_3_Flash,23,-1,1,-1,1,B,1,exploit,0,"Button 1 has consistently shown strong performance when Krypton is 1 and Nobelium is -1, yielding high rewards (typically 75-91) regardless of the Mercury signal. Given the current context (Mercury: -1, Krypton: 1, Nobelium: -1), Button 1 is the most reliable choice.",75,D,B,A,C
10,LLM_Gemini_3_Flash,24,1,-1,1,0,D,0,exploit,0,"Button 1 has consistently shown low rewards (16, 15) when the Krypton signal is -1 and Nobelium is 1. Button 0 showed better potential (47) in a similar context (Trial 21). Given the current context (Mercury: 1, Krypton: -1, Nobelium: 1), Button 0 is the most promising candidate to exploit.",48,D,B,A,C
10,LLM_Gemini_3_Flash,25,1,-1,-1,1,B,0,exploit,0,"Button 1 has consistently shown strong performance when Krypton is 1, regardless of Mercury. In the current context (Mercury: 1, Krypton: -1, Nobelium: -1), Button 1 has yielded rewards between 47 and 55 in previous trials. While Button 0 has been tested less, its rewards have generally been around 47-55, suggesting Button 1 remains a reliable choice based on the accumulated history.",46,D,B,A,C
10,LLM_Gemini_3_Flash,26,1,-1,1,0,D,0,exploit,0,"Button 1 yields high rewards when Krypton is 1, but significantly lower rewards when Krypton is -1 (around 15-47). Button 0 has shown consistent rewards near 47-55 in various contexts, including when Mercury=1, Krypton=-1, Nobelium=1. Given the current context (1, -1, 1), Button 0 appears more reliable than Button 1.",54,D,B,A,C
10,LLM_Gemini_3_Flash,27,-1,1,-1,1,B,1,exploit,0,"Button 1 has consistently shown high rewards when Krypton is 1 and Nobelium is -1, regardless of the Mercury signal. In the current context (Mercury: -1, Krypton: 1, Nobelium: -1), Button 1 has historically yielded rewards in the 75-91 range.",84,D,B,A,C
10,LLM_Gemini_3_Flash,28,-1,1,-1,1,B,1,exploit,0,"Based on the extensive history, button 1 shows a strong positive correlation with Krypton=1 and Nobelium=-1, consistently yielding high rewards (75-91) under these conditions. The current context (Mercury=-1, Krypton=1, Nobelium=-1) perfectly matches the favorable conditions for button 1.",71,D,B,A,C
10,LLM_Gemini_3_Flash,29,-1,-1,1,0,D,0,exploit,0,"Button 1 performs extremely well when Krypton is 1, but poorly when Krypton is -1 (as seen in trials 9 and 14). With the current context Krypton = -1, Button 1 is likely suboptimal. Button 0 has shown consistent rewards near 50 in previous trials where Krypton was -1, suggesting it is a safer and potentially higher-yielding choice under these conditions.",50,D,B,A,C
10,LLM_Gemini_3_Flash,30,1,-1,1,0,D,0,exploit,0,"Button 1 yields high rewards when Krypton is 1 but performs poorly when Krypton is -1. In the current context (Mercury: 1, Krypton: -1, Nobelium: 1), Button 1 has historically given low rewards (16). Button 0 has shown consistent rewards near 50-55 when Krypton is -1, making it the statistically superior choice for the current signal configuration.",46,D,B,A,C
10,LLM_Gemini_3_Flash,31,-1,1,1,0,D,0,exploit,0,"Button 1 has shown a strong negative correlation with Nobelium (reward drops significantly when Nobelium is 1, e.g., trials 9, 14). Given the current context has Nobelium=1, Button 1 is expected to yield low rewards. Button 0 has shown consistent performance in the range of 45-55 across different contexts, making it a safer, higher-expected-value choice when Button 1 is penalized by the context.",48,D,B,A,C
10,LLM_Gemini_3_Flash,32,-1,1,1,0,D,0,exploit,0,"Button 1 yields high rewards when Nobelium is -1 (around 75-90), but rewards drop significantly when Nobelium is 1 (often below 50). Since the current context has Nobelium at 1 and Mercury at -1, Button 0 has shown consistent performance in the range of 48-55 in similar conditions, outperforming the historical average of Button 1 when Nobelium is 1.",51,D,B,A,C
10,LLM_Gemini_3_Flash,33,1,1,-1,1,B,1,exploit,0,"Button 1 has consistently shown very high rewards (77, 80, 87, 81) when Krypton is 1 and Nobelium is -1, regardless of the Mercury signal. Since the current context has Krypton=1 and Nobelium=-1, Button 1 is the statistically superior choice.",80,D,B,A,C
10,LLM_Gemini_3_Flash,34,-1,1,-1,1,B,1,exploit,0,"Button 1 consistently yields high rewards (70-90 range) when Krypton is 1 and Nobelium is -1, regardless of the Mercury signal. Since the current context is Mercury: -1, Krypton: 1, Nobelium: -1, Button 1 is the optimal choice.",86,D,B,A,C
10,LLM_Gemini_3_Flash,35,-1,1,1,0,D,0,exploit,0,"Button 1 consistently performs very well when Nobelium is -1 (yielding 70-90+ range), but performs poorly when Nobelium is 1 (often yielding 15-50 range). Button 0 has shown consistent performance in the 45-55 range regardless of context. Since the current context has Nobelium 1 and Mercury -1, Button 1 is expected to yield low rewards, making Button 0 the safer choice for exploitation.",47,D,B,A,C
10,LLM_Gemini_3_Flash,36,1,-1,-1,1,B,0,exploit,0,"Button 1 consistently yields high rewards (45-90+) when Krypton is 1, regardless of Mercury or Nobelium, while Button 0 has shown consistently lower/stable rewards (around 45-55). Given the current context (Mercury: 1, Krypton: -1, Nobelium: -1), I am testing Button 1 again because it has previously returned rewards in the 45-55 range for this configuration, outperforming or matching the observed performance of other buttons.",46,D,B,A,C
10,LLM_Gemini_3_Flash,37,1,-1,1,0,D,0,exploit,0,"Based on historical data, button 1 consistently yields low rewards (around 15-16) when Krypton is -1 and Nobelium is 1. Button 0 has shown more stability in this context (Mercury 1, Krypton -1, Nobelium 1) in previous trials (trials 21, 24, 26, 30), yielding consistent results around 46-54. I will exploit the performance of button 0.",48,D,B,A,C
10,LLM_Gemini_3_Flash,38,1,1,-1,1,B,1,exploit,0,"The historical data clearly shows that button 1 yields high rewards (typically 75-90) when Krypton is 1, regardless of Mercury's value. With the current context of Mercury=1 and Krypton=1, button 1 is the optimal choice.",86,D,B,A,C
10,LLM_Gemini_3_Flash,39,1,-1,1,0,D,0,exploit,0,"Based on historical data, button 1 consistently yields very low rewards (around 15-16) when Mercury=1, Krypton=-1, and Nobelium=1. Button 0 has shown consistent performance in the 45-55 range across various contexts, making it the more reliable choice in this specific context.",52,D,B,A,C
10,LLM_Gemini_3_Flash,40,-1,1,-1,1,B,1,exploit,0,"Button 1 consistently yields high rewards when Krypton is 1, regardless of the other signals. Given the current context (Mercury=-1, Krypton=1, Nobelium=-1), Button 1 is the most reliable high-performing choice based on historical data.",79,D,B,A,C
10,LLM_Gemini_3_Flash,41,1,-1,-1,1,B,0,exploit,0,"Button 1 consistently yields high rewards (around 50-90) when Mercury=1 and Krypton=-1, or in other configurations where Krypton is 1. Button 0 has consistently hovered around 45-55 regardless of context. Given the current context (Mercury: 1, Krypton: -1, Nobelium: -1), Button 1 has shown reliable performance in similar states.",52,D,B,A,C
10,LLM_Gemini_3_Flash,42,1,-1,1,0,D,0,exploit,0,"Based on historical data, button 0 consistently yields rewards around 47-55 when Krypton is -1, regardless of other signals. Button 1 performs poorly (reward 16) in this specific context (Mercury 1, Krypton -1, Nobelium 1), so choosing button 0 is the safest and most reliable strategy.",53,D,B,A,C
10,LLM_Gemini_3_Flash,43,-1,1,1,0,D,0,exploit,0,"Based on historical data, button 0 has consistently provided stable rewards (around 47-55) when the context includes Mercury: 1 or Krypton: -1, whereas button 1 shows significantly lower rewards (15-16) when Krypton is -1 or Mercury is 1 in similar configurations. Given the current context (Mercury: -1, Krypton: 1, Nobelium: 1), button 0 has been tested previously with similar inputs (trials 31, 32, 35) and performed reliably.",43,D,B,A,C
10,LLM_Gemini_3_Flash,44,-1,1,-1,1,B,1,exploit,0,"Button 1 consistently yields high rewards (70-90+) when Krypton is 1 and Nobelium is -1, regardless of the Mercury signal. Based on the current context (Mercury: -1, Krypton: 1, Nobelium: -1), Button 1 is the statistically optimal choice.",81,D,B,A,C
10,LLM_Gemini_3_Flash,45,1,1,-1,1,B,1,exploit,0,"Based on historical data, button 1 consistently yields high rewards (typically 75-91) when Krypton is 1, especially in combination with specific Nobelium signals. Given the current context (Mercury: 1, Krypton: 1, Nobelium: -1), button 1 has demonstrated strong performance in identical contexts.",76,D,B,A,C
10,LLM_Gemini_3_Flash,46,1,-1,1,0,D,0,exploit,0,"Based on the history, Button 0 consistently returns rewards in the range of 47-55 when the context is Mercury=1, Krypton=-1, Nobelium=1. Button 1 has historically performed very poorly in this specific context (e.g., trial 14 yielded 16), whereas Button 0 appears to be the most reliable option for this configuration.",40,D,B,A,C
10,LLM_Gemini_3_Flash,47,1,-1,-1,1,B,0,exploit,0,"Based on historical data, button 1 consistently yields high rewards when Krypton is active, and even when Krypton is inactive but Mercury is active (like in this context), it has historically outperformed button 0 which tends to yield lower, more stable rewards around 45-55.",45,D,B,A,C
10,LLM_Gemini_3_Flash,48,-1,1,1,0,D,0,exploit,0,"Based on historical data, button 1 yields high rewards when Nobelium is -1, but significantly lower rewards when Nobelium is 1. Button 0 consistently provides a moderate, stable reward (around 45-55) regardless of the signals, which is safer than choosing button 1 when the context is unfavorable (Nobelium 1).",48,D,B,A,C
10,LLM_Gemini_3_Flash,49,-1,1,1,0,D,0,exploit,0,"Based on historical data for current context (Mercury: -1, Krypton: 1, Nobelium: 1), Button 1 has yielded around 40-50, while Button 0 has historically performed better or similarly in these conditions. Given the ambiguity of high-reward buttons in this specific context, I am choosing Button 0 to optimize.",54,D,B,A,C
10,LLM_Gemini_3_Flash,50,-1,1,1,0,D,0,exploit,0,"Based on historical data, button 0 consistently provides rewards around 45-55 when Nobelium is 1, while button 1 performs poorly in similar contexts (e.g., trials 4, 5, 8, 16 where rewards were 42-53, but historically button 1's high values are tied to Nobelium being -1). Given the current context (Mercury -1, Krypton 1, Nobelium 1), button 0 is the safer, more stable choice.",56,D,B,A,C
11,LLM_Gemini_3_Flash,1,1,-1,1,0,A,1,explore,1,"Since there is no previous history, I have no information about the reward functions of the buttons. I am choosing button 0 to start gathering data to infer the underlying reward patterns.",79,A,C,D,B
11,LLM_Gemini_3_Flash,2,1,1,-1,1,C,0,explore,1,"Since I only have one trial of history, I need to explore different arms to understand their individual reward functions relative to the context signals.",22,A,C,D,B
11,LLM_Gemini_3_Flash,3,1,1,-1,0,A,0,explore,1,"I am exploring button 0 again because it yielded a high reward (79) in the previous trial where Mercury was present, and I need to gather more data to compare its performance against other buttons under current conditions.",41,A,C,D,B
11,LLM_Gemini_3_Flash,4,1,-1,-1,0,A,1,exploit,0,"Button 0 has demonstrated the highest average return in the initial trials (79 and 41). Given the current context (1, -1, -1), choosing button 0 remains the most statistically reliable action based on the limited data provided.",77,A,C,D,B
11,LLM_Gemini_3_Flash,5,1,-1,1,0,A,1,exploit,0,"Button 0 has consistently yielded high rewards (79, 41, 77) across various contexts including the current one (Mercury: 1, Krypton: -1, Nobelium: 1). It appears to be the most reliable option compared to the limited data on other buttons.",84,A,C,D,B
11,LLM_Gemini_3_Flash,6,1,-1,-1,0,A,1,exploit,0,"Button 0 has consistently yielded high rewards (77, 79, 84) when the context is favorable, particularly in the current configuration (Mercury: 1, Krypton: -1, Nobelium: -1). Given that the current context matches trial 4 exactly where button 0 returned a reward of 77, it is the optimal choice.",87,A,C,D,B
11,LLM_Gemini_3_Flash,7,-1,-1,1,0,A,0,exploit,0,"Button 0 has consistently returned high rewards (79, 41, 77, 84, 87) across various contexts, suggesting it is either a high-reward constant button or positively correlated with the signals regardless of the current context. I will exploit this trend.",47,A,C,D,B
11,LLM_Gemini_3_Flash,8,-1,1,1,0,A,0,exploit,0,"Button 0 has been consistently tested across multiple contexts and yielded high rewards (ranging from 41 to 87), suggesting it likely has a strong base reward or positive sensitivity to various signals. Given the limited data on buttons 1, 2, and 3, and the high performance of button 0, exploiting button 0 is the safest strategy.",21,A,C,D,B
11,LLM_Gemini_3_Flash,9,-1,1,1,1,C,1,explore,1,"Button 0 has shown high rewards when Mercury is 1, but its performance significantly dropped to 21 when Mercury was -1 and Krypton/Nobelium were 1. Since I have limited data for Buttons 1, 2, and 3, exploring Button 1 is necessary to determine if it performs better than Button 0 under the current negative Mercury condition.",79,A,C,D,B
11,LLM_Gemini_3_Flash,10,-1,1,1,1,C,1,exploit,0,"Based on trial 9, button 1 yielded a reward of 79 under the context Mercury -1, Krypton 1, Nobelium 1. Since the current context is the same, choosing button 1 is the most logical exploitation of the observed data.",77,A,C,D,B
11,LLM_Gemini_3_Flash,11,-1,1,-1,1,C,0,exploit,0,"Button 1 has shown high performance (77-79) when Mercury is -1 and Krypton is 1, regardless of Nobelium. Given the current context (Mercury: -1, Krypton: 1), Button 1 is the most reliable choice.",50,A,C,D,B
11,LLM_Gemini_3_Flash,12,-1,1,-1,1,C,0,exploit,0,"Button 1 has shown strong performance when Krypton is 1, particularly when Mercury is -1. Previous trials with Mercury -1 and Krypton 1 resulted in high rewards (79, 77, 50) for button 1, while button 0 showed poor performance in similar conditions.",60,A,C,D,B
11,LLM_Gemini_3_Flash,13,-1,-1,1,0,A,0,exploit,0,"Button 0 has shown high performance when Mercury is 1, but when Mercury is -1, its performance decreases (trial 7, 8). Button 1 has shown strong performance when Krypton is 1. Given the current context (M:-1, K:-1, N:1), button 0 is still the most frequently successful performer among the options tested for these conditions, as the other buttons have not been adequately explored to outperform it yet.",51,A,C,D,B
11,LLM_Gemini_3_Flash,14,1,-1,1,0,A,1,exploit,0,"Button 0 has consistently yielded high rewards (79, 77, 84, 87) when Mercury is 1, regardless of the other signals. Given the current context has Mercury=1, Button 0 is the strongest candidate based on historical performance.",79,A,C,D,B
11,LLM_Gemini_3_Flash,15,1,1,-1,0,A,0,exploit,0,"Button 0 has consistently yielded higher rewards in trials where Mercury is 1, specifically when Krypton is -1 or even when Krypton is 1. Given the context (Mercury: 1, Krypton: 1, Nobelium: -1), button 0 has outperformed button 1 in similar states.",51,A,C,D,B
11,LLM_Gemini_3_Flash,16,-1,1,1,1,C,1,exploit,0,"Based on historical data where Mercury=-1, Krypton=1, and Nobelium=1, Button 1 has consistently yielded high rewards (79, 77), while Button 0 performed poorly in the same context (21). Therefore, I am choosing Button 1 to exploit this pattern.",72,A,C,D,B
11,LLM_Gemini_3_Flash,17,1,-1,1,0,A,1,exploit,0,"Button 0 consistently yields high rewards when Mercury is 1, specifically with rewards ranging from 77 to 87 in similar contexts, whereas Button 1 performs poorly when Mercury is 1. Therefore, Button 0 is the optimal choice for the current context.",76,A,C,D,B
11,LLM_Gemini_3_Flash,18,-1,1,1,1,C,1,exploit,0,"Based on historical trials (8, 9, 10, 16), Button 1 consistently yields high rewards (averaging ~76) when Mercury is -1, Krypton is 1, and Nobelium is 1. Button 0 has shown lower rewards in this specific context.",72,A,C,D,B
11,LLM_Gemini_3_Flash,19,-1,1,1,1,C,1,exploit,0,"Based on the history, button 1 consistently yields high rewards (72-79) when Mercury is -1 and Krypton is 1, regardless of Nobelium, whereas button 0 has shown lower rewards in the same context (e.g., 21 in trial 8).",82,A,C,D,B
11,LLM_Gemini_3_Flash,20,-1,1,-1,1,C,0,exploit,0,"Based on historical data where Mercury is -1 and Krypton is 1, button 1 has consistently yielded high rewards (ranging from 50 to 82), whereas button 0 performs significantly worse in this specific configuration.",47,A,C,D,B
11,LLM_Gemini_3_Flash,21,-1,1,-1,1,C,0,exploit,0,"Based on the history, button 1 consistently performs well when Krypton is 1, regardless of the Mercury or Nobelium state. Specifically, in trials where Krypton is 1, button 1 yields consistently higher rewards compared to the low rewards seen when other buttons are tested in similar or differing contexts. Therefore, I am exploiting button 1.",48,A,C,D,B
11,LLM_Gemini_3_Flash,22,-1,1,-1,1,C,0,exploit,0,"Based on historical data, button 1 consistently performs well when the Krypton signal is 1 and the Mercury signal is -1, regardless of the Nobelium signal. Since the current context has Mercury: -1 and Krypton: 1, button 1 is the most reliable choice for maximizing reward.",41,A,C,D,B
11,LLM_Gemini_3_Flash,23,-1,1,1,1,C,1,exploit,0,"Based on the history, button 1 consistently performs well (averaging ~75) when Mercury is -1 and Krypton is 1, regardless of Nobelium. Button 0 performs poorly in this specific context (trial 8 reward was 21). Therefore, I am exploiting the knowledge that button 1 is superior for the current context.",71,A,C,D,B
11,LLM_Gemini_3_Flash,24,-1,1,1,1,C,1,exploit,0,"Based on the history, button 1 consistently yields high rewards (70s-80s) when Mercury is -1 and Krypton is 1, regardless of Nobelium. Button 0 has performed poorly in this specific context (trial 8: reward 21), making button 1 the clear choice for exploitation.",86,A,C,D,B
11,LLM_Gemini_3_Flash,25,-1,1,1,1,C,1,exploit,0,"Based on the history, button 1 consistently yields high rewards (70s and 80s) when Mercury is -1 and Krypton is 1, regardless of the Nobelium value, whereas button 0 performed poorly (21) in the same condition.",76,A,C,D,B
11,LLM_Gemini_3_Flash,26,1,-1,1,0,A,1,exploit,0,"Based on the historical data, Button 0 consistently yields high rewards (typically 76-87) when Mercury is 1, regardless of the other signals. Given the current context where Mercury is 1, Button 0 is the optimal choice.",72,A,C,D,B
11,LLM_Gemini_3_Flash,27,-1,1,1,1,C,1,exploit,0,"Based on historical data, button 1 consistently yields high rewards (averaging around 75) when Mercury is -1 and Krypton is 1, specifically when Nobelium is 1. Button 0 has performed poorly under this context.",80,A,C,D,B
11,LLM_Gemini_3_Flash,28,-1,-1,1,0,A,0,exploit,0,"Based on the history, button 0 consistently provides high rewards (around 70-80) when Mercury is 1, and moderate rewards (around 47-51) when Mercury is -1 and Nobelium is 1. Since I have observed button 1 performing better specifically when Krypton is 1, and the current context has Mercury -1, Krypton -1, and Nobelium 1, button 0 appears to be the most reliable option for these parameters.",50,A,C,D,B
11,LLM_Gemini_3_Flash,29,-1,1,1,1,C,1,exploit,0,"In the current context (Mercury: -1, Krypton: 1, Nobelium: 1), Button 1 has consistently yielded high rewards (averaging around 75-80), whereas Button 0 performed poorly (21) when tested in the same context previously.",85,A,C,D,B
11,LLM_Gemini_3_Flash,30,-1,-1,1,0,A,0,exploit,0,"Based on historical data, button 0 consistently provides higher rewards when Mercury is -1 and Krypton is -1, regardless of Nobelium, compared to button 1 which performs best when Krypton is 1. Given the current context (Mercury: -1, Krypton: -1, Nobelium: 1), button 0 is the optimal choice.",51,A,C,D,B
11,LLM_Gemini_3_Flash,31,1,1,-1,0,A,0,exploit,0,"Based on the history, button 0 consistently provides higher rewards when Mercury is 1 (averaging 70-80 range), whereas button 1 shows poor performance when Mercury is 1 and Krypton is 1, as evidenced by the reward of 22 in trial 2 and 51 in trial 15 for button 0. Given the current context (Mercury: 1, Krypton: 1, Nobelium: -1), button 0 is the strongest candidate.",58,A,C,D,B
11,LLM_Gemini_3_Flash,32,-1,-1,1,0,A,0,exploit,0,"Based on the history, button 0 consistently provides higher rewards (approx 47-51) than button 1 when Mercury is -1 and Krypton is -1, regardless of Nobelium. Button 1 performs significantly worse when Krypton is -1.",42,A,C,D,B
11,LLM_Gemini_3_Flash,33,-1,1,-1,1,C,0,exploit,0,"Based on historical data, button 1 consistently performs well when Krypton is 1, even if Nobelium is -1 (rewards ranging from 41-60). Button 0 is heavily favored when Mercury is 1, but currently, Mercury is -1 and Krypton is 1, a context where button 1 has shown superior performance compared to limited historical data on button 0 in this specific signal configuration.",50,A,C,D,B
11,LLM_Gemini_3_Flash,34,1,-1,-1,0,A,1,exploit,0,"Based on the historical data, button 0 consistently provides high rewards (70-87) when Mercury is 1, regardless of the other signals. Since the current context has Mercury set to 1, button 0 remains the most reliable and highest-performing option.",75,A,C,D,B
11,LLM_Gemini_3_Flash,35,-1,-1,1,0,A,0,exploit,0,"Based on the history, button 0 consistently provides higher rewards (approx 40-50) when Mercury is -1 and Krypton is -1, regardless of Nobelium, whereas button 1 performs significantly worse in this specific configuration (Krypton -1). Button 0 is the most reliable choice for this specific context.",55,A,C,D,B
11,LLM_Gemini_3_Flash,36,-1,1,1,1,C,1,exploit,0,"Based on the extensive history, button 1 consistently yields high rewards (averaging ~70-80) when Krypton is 1, regardless of the other signals. With Mercury=-1, Krypton=1, and Nobelium=1, button 1 is clearly the optimal choice.",65,A,C,D,B
11,LLM_Gemini_3_Flash,37,-1,-1,1,0,A,0,exploit,0,"Historical data shows that Button 0 performs best when Mercury is 1, regardless of other signals, but notably provides a moderate, stable reward (avg ~50) when Mercury is -1 and Krypton is -1. Button 1 is highly dependent on Krypton being 1 for high returns (70s-80s) and performs poorly when Krypton is -1. Given current context (Mercury -1, Krypton -1, Nobelium 1), Button 0 is the statistically superior choice based on previous performance in this specific condition.",62,A,C,D,B
11,LLM_Gemini_3_Flash,38,-1,-1,1,0,A,0,exploit,0,"Based on historical data, button 0 has consistently provided rewards in the range of 40-60 when Mercury is -1, Krypton is -1, and Nobelium is 1. Button 1 is highly dependent on Krypton being 1 and performs poorly otherwise. Given the current context (Mercury: -1, Krypton: -1, Nobelium: 1), button 0 is the most reliable option.",45,A,C,D,B
11,LLM_Gemini_3_Flash,39,1,-1,-1,0,A,1,exploit,0,"Based on the historical data, when Mercury=1, Krypton=-1, and Nobelium=-1, Button 0 has consistently returned high rewards (77 and 87). Given the current context matches this specific signal pattern, Button 0 is the highest expected value choice.",82,A,C,D,B
11,LLM_Gemini_3_Flash,40,-1,-1,1,0,A,0,exploit,0,"Button 0 shows consistent, high performance (averaging around 50-80) when Krypton is -1, regardless of the other signals. Since Krypton is currently -1 and Button 1 is known to perform significantly worse in this specific configuration (as seen in previous trials), Button 0 remains the optimal choice.",58,A,C,D,B
11,LLM_Gemini_3_Flash,41,1,-1,1,0,A,1,exploit,0,"Based on historical data, button 0 consistently yields high rewards (70s-80s) when Mercury is 1, regardless of other signals. In the current context (Mercury: 1, Krypton: -1, Nobelium: 1), button 0 is the optimal choice.",80,A,C,D,B
11,LLM_Gemini_3_Flash,42,1,-1,1,0,A,1,exploit,0,"Based on the historical data, Button 0 consistently provides high rewards when Mercury is 1, regardless of the other signals. Given the current context (Mercury: 1, Krypton: -1, Nobelium: 1), Button 0 remains the optimal choice for maximizing reward.",79,A,C,D,B
11,LLM_Gemini_3_Flash,43,-1,1,-1,1,C,0,exploit,0,"Based on historical data, button 1 consistently performs well when Krypton is 1, yielding rewards in the 40-85 range, whereas button 0 performs worse in these configurations. Given the current context (Mercury: -1, Krypton: 1, Nobelium: -1), button 1 is the statistically superior choice for this specific signal combination.",55,A,C,D,B
11,LLM_Gemini_3_Flash,44,1,-1,-1,0,A,1,exploit,0,"The historical data clearly indicates that Button 0 yields high rewards (consistently 75-87 range) when Mercury is 1, regardless of the Krypton or Nobelium status. Given the current context (Mercury: 1, Krypton: -1, Nobelium: -1), Button 0 is the optimal choice.",76,A,C,D,B
11,LLM_Gemini_3_Flash,45,-1,1,1,1,C,1,exploit,0,"Based on historical data, Button 1 consistently yields high rewards (averaging ~70+) when Krypton is 1 and Mercury is -1, regardless of Nobelium. The current context (Mercury: -1, Krypton: 1, Nobelium: 1) perfectly matches the condition where Button 1 has performed very well in previous trials.",86,A,C,D,B
11,LLM_Gemini_3_Flash,46,-1,-1,1,0,A,0,exploit,0,"Based on historical data, button 0 has consistently provided stable rewards in the current context (Mercury: -1, Krypton: -1, Nobelium: 1), averaging significantly higher than other options observed in similar conditions. I am choosing button 0 to exploit this pattern.",52,A,C,D,B
11,LLM_Gemini_3_Flash,47,-1,1,-1,1,C,0,exploit,0,"Based on the observed history, Button 1 consistently provides high rewards (averaging ~60-80) when Krypton is 1, regardless of the other signals. Given the current context (Mercury: -1, Krypton: 1, Nobelium: -1), Button 1 remains the optimal choice based on previous performance in similar conditions.",45,A,C,D,B
11,LLM_Gemini_3_Flash,48,1,-1,-1,0,A,1,exploit,0,"Based on the history, button 0 consistently yields high rewards (70s and 80s) when Mercury is 1, regardless of the other signals. Since the current context has Mercury=1, button 0 remains the most reliable high-reward choice.",91,A,C,D,B
11,LLM_Gemini_3_Flash,49,1,-1,-1,0,A,1,exploit,0,"Based on historical data, Button 0 consistently provides high rewards (75-91) when Mercury is 1 and Krypton is -1, regardless of Nobelium. Given the current context (Mercury: 1, Krypton: -1, Nobelium: -1), Button 0 is the optimal choice.",79,A,C,D,B
11,LLM_Gemini_3_Flash,50,-1,-1,1,0,A,0,exploit,0,"Based on the history, button 0 consistently provides high rewards (around 50-60) when Mercury is -1 and Nobelium is 1, whereas button 1 typically performs poorly in these conditions, showing significantly lower rewards than in its optimal context (Mercury -1, Krypton 1, Nobelium 1). Button 0 is the most reliable choice for this specific context.",47,A,C,D,B
12,LLM_Gemini_3_Flash,1,1,-1,-1,0,D,0,explore,1,"This is the first trial with no previous data. I am selecting button 0 as an initial exploratory step to begin mapping the reward functions based on the current context (Mercury: 1, Krypton: -1, Nobelium: -1).",49,D,A,B,C
12,LLM_Gemini_3_Flash,2,-1,1,-1,1,A,0,explore,1,"Since I have only explored button 0 in a single trial, I have insufficient data to determine the optimal reward function. I am exploring button 1 to begin mapping its performance under the current context of Mercury: -1, Krypton: 1, Nobelium: -1.",8,D,A,B,C
12,LLM_Gemini_3_Flash,3,1,-1,-1,0,D,0,exploit,0,"In trial 1, with the same context (Mercury 1, Krypton -1, Nobelium -1), button 0 yielded a high reward of 49. Given this is the best performing option seen so far for this specific state, I will exploit it.",42,D,A,B,C
12,LLM_Gemini_3_Flash,4,-1,1,-1,0,D,0,explore,1,"Button 0 has provided high rewards in previous trials (49 and 42) under different context conditions. I need to test if its performance remains strong in the current context (Mercury -1, Krypton 1, Nobelium -1) compared to the low reward received from Button 1 in a similar state.",55,D,A,B,C
12,LLM_Gemini_3_Flash,5,1,1,-1,0,D,0,exploit,0,"Button 0 has consistently returned high rewards (49, 42, 55) across different context combinations, suggesting it has a high baseline or is positively correlated with the provided signals compared to Button 1, which yielded a very low reward (8) in a previous trial.",49,D,A,B,C
12,LLM_Gemini_3_Flash,6,1,-1,1,0,D,0,exploit,0,"Button 0 has consistently yielded high rewards across various contexts in the history (average around 48-50), while Button 1 showed a significantly lower reward in the only trial it was tested. Given the performance of Button 0 so far, it is the most reliable choice.",53,D,A,B,C
12,LLM_Gemini_3_Flash,7,-1,-1,1,0,D,0,exploit,0,"Button 0 has consistently yielded high rewards (range 42-55) across various context combinations, while the only data for Button 1 showed a significantly lower reward. Given Button 0's strong performance regardless of signal changes, it remains the optimal choice for the current context.",50,D,A,B,C
12,LLM_Gemini_3_Flash,8,1,-1,-1,0,D,0,exploit,0,"Button 0 has consistently yielded high rewards (49, 42, 55, 49, 53, 50) across a variety of contexts, including the current context (Mercury: 1, Krypton: -1, Nobelium: -1). Given its stability and strong performance, exploiting button 0 is the optimal strategy.",55,D,A,B,C
12,LLM_Gemini_3_Flash,9,1,-1,-1,0,D,0,exploit,0,"Button 0 has consistently yielded high rewards (ranging from 42 to 55) across various context combinations, whereas other buttons have performed poorly. Given the current context matches a state where Button 0 has already proven to be highly profitable, I will continue to exploit it.",56,D,A,B,C
12,LLM_Gemini_3_Flash,10,1,-1,-1,0,D,0,exploit,0,"Button 0 has consistently yielded high rewards (averaging around 50-55) regardless of the context signals in trials 1, 3, 4, 5, 6, 7, 8, and 9. It appears to be a high-reward button that is stable across different contexts compared to the limited exploration of other buttons.",48,D,A,B,C
12,LLM_Gemini_3_Flash,11,1,-1,-1,0,D,0,exploit,0,"Button 0 has consistently yielded high rewards (averaging around 50+) across various contexts, including the current one (Mercury: 1, Krypton: -1, Nobelium: -1), where it performed strongly in trials 1, 3, 8, 9, and 10.",47,D,A,B,C
12,LLM_Gemini_3_Flash,12,1,1,-1,0,D,0,exploit,0,"Button 0 has consistently delivered stable, high rewards (averaging around 50) across all variations of the signals encountered so far, making it the most reliable choice.",50,D,A,B,C
12,LLM_Gemini_3_Flash,13,-1,1,1,0,D,0,exploit,0,"Button 0 has consistently delivered stable, high rewards (averaging around 50-55) regardless of the context signals in the trials so far, making it the most reliable choice.",43,D,A,B,C
12,LLM_Gemini_3_Flash,14,-1,1,-1,0,D,0,exploit,0,"Based on the trial history, button 0 has consistently provided high rewards across a variety of contexts, while button 1 yielded a very low reward (8) in the only trial it was tested, which matches the current context.",48,D,A,B,C
12,LLM_Gemini_3_Flash,15,1,-1,1,0,D,0,exploit,0,"Button 0 has consistently yielded rewards in the 40-55 range regardless of the context provided, indicating it is a reliable high-performing option compared to the limited data on other buttons.",49,D,A,B,C
12,LLM_Gemini_3_Flash,16,-1,-1,1,0,D,0,exploit,0,"Button 0 has consistently delivered high rewards across various combinations of Mercury, Krypton, and Nobelium, including when Mercury and Krypton are -1 and Nobelium is 1. Given its strong performance history in all previous contexts, it is the safest and most likely optimal choice.",49,D,A,B,C
12,LLM_Gemini_3_Flash,17,-1,1,1,0,D,0,exploit,0,"Button 0 has consistently delivered high rewards in every trial regardless of the context, suggesting it is a robust choice with a high baseline return, while other buttons tested (like button 1) showed poor performance in similar contexts.",47,D,A,B,C
12,LLM_Gemini_3_Flash,18,1,-1,-1,0,D,0,exploit,0,"Button 0 has consistently provided high rewards across all observed context variations in the history. Given the consistent performance of Button 0 (averaging around 50) and the lack of strong data indicating any other button is superior, exploiting Button 0 is the safest and most profitable strategy.",52,D,A,B,C
12,LLM_Gemini_3_Flash,19,1,-1,1,0,D,0,exploit,0,"Button 0 has consistently yielded rewards in the 40-55 range across all varying context states, suggesting it is a reliable high-reward option. Given no evidence of other buttons outperforming it in the history, I am exploiting the consistent performance of Button 0.",44,D,A,B,C
12,LLM_Gemini_3_Flash,20,-1,1,-1,0,D,0,exploit,0,"Button 0 has consistently yielded rewards in the 40-50 range across all context combinations, serving as a reliable baseline. While Button 1 showed a very low reward in one instance (Trial 2), Button 0 has proven robust regardless of context, making it the safest choice to maximize expected returns.",50,D,A,B,C
12,LLM_Gemini_3_Flash,21,1,1,-1,0,D,0,exploit,0,"Button 0 has consistently yielded rewards in the 40-55 range across all various context signals, suggesting it is a high-reward, stable option compared to the limited testing of other buttons.",51,D,A,B,C
12,LLM_Gemini_3_Flash,22,-1,1,1,0,D,0,exploit,0,"Button 0 has consistently yielded rewards around 50 across various context configurations throughout the game history, suggesting it has a stable, high baseline reward, whereas the only time I tested Button 1, it yielded a very low reward of 8.",45,D,A,B,C
12,LLM_Gemini_3_Flash,23,1,1,-1,0,D,0,exploit,0,"Button 0 has consistently yielded rewards in the 40-55 range across all various context combinations, whereas the only trial where button 1 was attempted resulted in a significantly lower reward (8). Given the historical performance, button 0 is the most reliable choice.",50,D,A,B,C
12,LLM_Gemini_3_Flash,24,-1,1,-1,0,D,0,exploit,0,"Button 0 has consistently yielded rewards in the 40-55 range regardless of the context, showing it is a stable, high-performing option. Other buttons, such as the one tested in trial 2, yielded significantly lower rewards. Given the consistency of Button 0 across all tested contexts, it remains the optimal choice.",54,D,A,B,C
12,LLM_Gemini_3_Flash,25,-1,-1,1,0,D,0,exploit,0,"Button 0 has consistently yielded high rewards (typically 45-55) across all observed context combinations throughout the trial history, suggesting it is a high-reward button regardless of the input signals, while Button 1 performed poorly (reward 8) in the only trial it was tested.",45,D,A,B,C
12,LLM_Gemini_3_Flash,26,-1,1,-1,0,D,0,exploit,0,"Button 0 has consistently delivered rewards in the range of 42-56 across all observed context combinations, while the single attempt at button 1 yielded a very low reward of 8. I will continue to exploit button 0 as it appears to be the most reliable source of profit.",52,D,A,B,C
12,LLM_Gemini_3_Flash,27,1,-1,-1,0,D,0,exploit,0,"Button 0 has consistently provided stable, high rewards across almost all contexts observed so far, averaging around 50. Since other buttons (like button 1 in trial 2) have shown significantly lower performance, sticking with button 0 is the most reliable strategy.",55,D,A,B,C
12,LLM_Gemini_3_Flash,28,-1,1,-1,0,D,0,exploit,0,"Button 0 has consistently provided high, stable rewards (averaging around 50) regardless of context variations, whereas the only time button 1 was tested in this context (Trial 2), it yielded a very low reward of 8. Therefore, button 0 remains the safest and most profitable choice based on the evidence.",53,D,A,B,C
12,LLM_Gemini_3_Flash,29,-1,-1,1,0,D,0,exploit,0,"Based on the extensive history, button 0 consistently provides a steady reward around 45-55 regardless of the context fluctuations, whereas button 1 performed poorly (reward 8) in the only trial it was tested. I am exploiting the consistent performance of button 0.",52,D,A,B,C
12,LLM_Gemini_3_Flash,30,-1,-1,1,0,D,0,exploit,0,"Button 0 has consistently yielded stable, high rewards (averaging around 50) across a wide variety of context combinations throughout the game. Since I have tested Button 0 extensively and it consistently performs well regardless of the specific signal configuration, it remains the most reliable option to maximize profit.",51,D,A,B,C
12,LLM_Gemini_3_Flash,31,1,-1,1,0,D,0,exploit,0,"Button 0 has consistently yielded rewards around 50 across various context combinations, indicating it has a high, stable base reward. Since I have not found any evidence that buttons 1, 2, or 3 provide superior returns, I will continue to exploit button 0.",42,D,A,B,C
12,LLM_Gemini_3_Flash,32,-1,-1,1,0,D,0,exploit,0,"Button 0 has consistently provided high rewards across all observed context combinations, functioning as a reliable baseline with an average reward around 50. Given that other options have not been extensively tested but performed poorly in initial trials (e.g., button 1), sticking with the proven performer is the optimal strategy.",49,D,A,B,C
12,LLM_Gemini_3_Flash,33,-1,-1,1,0,D,0,exploit,0,"Button 0 has consistently provided stable, high rewards across all observed contexts throughout the 32 trials, making it the most reliable choice. Given the limited data on other buttons and the high average performance of button 0, exploiting this knowledge is the optimal strategy.",48,D,A,B,C
12,LLM_Gemini_3_Flash,34,1,-1,1,0,D,0,exploit,0,"Button 0 has consistently provided reliable rewards (average ~50) across a wide variety of contexts throughout the history. Having extensively tested Button 0 and confirmed its stability, I am exploiting it as the best-known option.",54,D,A,B,C
12,LLM_Gemini_3_Flash,35,1,-1,-1,0,D,0,exploit,0,"Button 0 has consistently provided high rewards (consistently around 50) regardless of the context fluctuations, while the one attempt at Button 1 yielded a poor result (8). Given the historical performance, Button 0 is the safest and most reliable choice for exploitation.",51,D,A,B,C
12,LLM_Gemini_3_Flash,36,1,-1,1,0,D,0,exploit,0,"Button 0 has consistently yielded rewards in the 45-55 range across all observed context combinations, while the single trial where button 1 was tested yielded a very low reward (8). Based on the history, button 0 is the most reliable option.",55,D,A,B,C
12,LLM_Gemini_3_Flash,37,-1,1,1,0,D,0,exploit,0,"Button 0 has consistently provided high rewards (avg ~50) across all variations of context signals observed so far, demonstrating it is likely a high-reward button regardless of the specific signal configuration. Given the history of 36 trials, exploiting Button 0 is the safest and most profitable strategy.",53,D,A,B,C
12,LLM_Gemini_3_Flash,38,-1,1,-1,0,D,0,exploit,0,"Button 0 has consistently provided high rewards (mostly ranging from 45 to 56) across all observed context variations in the history. While Button 1 was tested once and yielded a low reward, Button 0 appears to be a robust, high-performing option, suggesting it likely has a strong baseline or positive dependency on current context signals.",43,D,A,B,C
12,LLM_Gemini_3_Flash,39,-1,1,-1,0,D,0,exploit,0,"Button 0 has consistently provided high rewards (average around 50) regardless of the context signals throughout all previous trials, making it the most reliable choice compared to the single outlier trial where button 1 performed poorly.",57,D,A,B,C
12,LLM_Gemini_3_Flash,40,1,-1,1,0,D,0,exploit,0,"Button 0 has consistently provided stable, high rewards averaging around 50 across various context combinations throughout the game. Since it is the only button I have heavily tested and it consistently yields strong results, I will continue to exploit this high-performing option.",52,D,A,B,C
12,LLM_Gemini_3_Flash,41,-1,1,1,0,D,0,exploit,0,"Button 0 has consistently provided stable rewards across all variations of context signals, maintaining an average around 50. Given the lack of success with other buttons in limited early testing and the reliability of button 0, it remains the optimal choice for exploitation.",49,D,A,B,C
12,LLM_Gemini_3_Flash,42,-1,-1,1,0,D,0,exploit,0,"Throughout the history of the game, Button 0 has consistently yielded reliable rewards, generally between 45 and 55, regardless of the fluctuating context signals. Given that Button 0 is well-tested and performs consistently, it is the safest and most optimal choice to exploit for the current context.",49,D,A,B,C
12,LLM_Gemini_3_Flash,43,-1,1,-1,0,D,0,exploit,0,"Button 0 has consistently yielded strong rewards (averaging around 50) across all context variations throughout the game, whereas other buttons have not shown evidence of superior performance. Therefore, I will exploit the knowledge that Button 0 is the most reliable choice.",57,D,A,B,C
12,LLM_Gemini_3_Flash,44,1,-1,-1,0,D,0,exploit,0,"Button 0 has consistently provided high rewards across all observed context variations in the history. Given the consistent performance, it is the most reliable option for the current context.",55,D,A,B,C
12,LLM_Gemini_3_Flash,45,-1,1,-1,0,D,0,exploit,0,"Button 0 has consistently provided high rewards across almost all contexts throughout the trial history, averaging around 50 points, suggesting it is a high-performing button. Given the limited history of other buttons, staying with the reliable performer is the best strategy to maximize profit.",59,D,A,B,C
12,LLM_Gemini_3_Flash,46,-1,1,1,0,D,0,exploit,0,"Button 0 has consistently yielded stable and high rewards (ranging from 42 to 59) across all observed context combinations, while the single attempt at button 1 yielded a very low reward. Given the high performance of button 0 across diverse contexts, I will continue to exploit it.",47,D,A,B,C
12,LLM_Gemini_3_Flash,47,1,-1,1,0,D,0,exploit,0,"Button 0 has consistently yielded rewards in the 40-60 range across all context combinations throughout the trials. Given the lack of strong performance evidence for the other buttons from the initial trial, I will continue to exploit button 0 as the reliable choice.",43,D,A,B,C
12,LLM_Gemini_3_Flash,48,1,1,-1,0,D,0,exploit,0,"Button 0 has consistently provided stable, high rewards across almost all contexts encountered so far, making it the most reliable choice given that other options were poorly tested or showed lower initial results.",51,D,A,B,C
12,LLM_Gemini_3_Flash,49,1,-1,1,0,D,0,exploit,0,"Button 0 has been consistently yielding high rewards across all varying context combinations throughout the game, suggesting it is a high-performing or perhaps constant reward button compared to the others.",53,D,A,B,C
12,LLM_Gemini_3_Flash,50,1,-1,1,0,D,0,exploit,0,"Button 0 has consistently provided high rewards (averaging around 50) across all variations of context signals observed throughout the 49 trials. Given the current context of Mercury=1, Krypton=-1, Nobelium=1, and the established high performance of button 0 in this specific signal state, it is the most reliable choice.",50,D,A,B,C
13,LLM_Gemini_3_Flash,1,-1,1,1,0,C,1,explore,1,"Since this is the first trial and there is no history available, I must choose a button to begin collecting data to map the reward functions for each button relative to the context signals Mercury, Krypton, and Nobelium.",70,C,B,D,A
13,LLM_Gemini_3_Flash,2,-1,-1,1,1,B,0,explore,1,"Since I have only tested button 0 once, I have insufficient data to determine the optimal button for the current context. I am choosing button 1 to begin mapping its reward function against the current context signals (Mercury: -1, Krypton: -1, Nobelium: 1).",18,C,B,D,A
13,LLM_Gemini_3_Flash,3,1,1,-1,0,C,0,exploit,0,"In trial 1, button 0 yielded a high reward of 70 given the context (-1, 1, 1). While I have limited data, button 0 demonstrated the highest potential reward thus far compared to button 1, and I will continue to leverage it to maximize gains.",21,C,B,D,A
13,LLM_Gemini_3_Flash,4,-1,1,1,0,C,1,exploit,0,"In Trial 1, the button 0 provided a high reward of 70 under the exact same context (Mercury: -1, Krypton: 1, Nobelium: 1) as the current trial. Given this historical performance, button 0 is the most likely to yield the highest reward.",80,C,B,D,A
13,LLM_Gemini_3_Flash,5,-1,1,-1,0,C,0,exploit,0,"Button 0 has shown high rewards in trials where Krypton is 1, regardless of the other signals. Since Krypton is 1 in the current context, Button 0 is the most likely to yield a high reward.",40,C,B,D,A
13,LLM_Gemini_3_Flash,6,1,-1,-1,0,C,0,exploit,0,"Button 0 has consistently yielded moderate to high rewards in various contexts (70, 21, 80, 40) compared to the limited data on others. Given the current context (1, -1, -1), exploiting button 0 is the safest strategy to maximize reward based on existing trials.",19,C,B,D,A
13,LLM_Gemini_3_Flash,7,1,1,-1,1,B,1,explore,1,"Button 0 has shown variable and generally low-to-moderate rewards in the current context (Trial 3). Given that I have almost no information about the performance of Button 1, 2, or 3, I am choosing Button 1 to explore its potential reward.",89,C,B,D,A
13,LLM_Gemini_3_Flash,8,1,-1,-1,1,B,0,exploit,0,"Based on historical data, button 1 yielded a high reward (89) in trial 7 when Mercury was 1 and Krypton was 1, suggesting it performs well with high Mercury. Since the current context (Mercury: 1, Krypton: -1, Nobelium: -1) has Mercury=1, I am exploiting button 1.",46,C,B,D,A
13,LLM_Gemini_3_Flash,9,-1,-1,1,0,C,1,exploit,0,"Button 0 has shown high returns when Nobelium is 1, specifically receiving 70 and 80 in similar contexts. Given the current context (Mercury: -1, Krypton: -1, Nobelium: 1), Button 0 remains the strongest candidate based on historical performance.",77,C,B,D,A
13,LLM_Gemini_3_Flash,10,1,-1,1,2,D,0,explore,1,"Button 0 has been tested extensively and appears to perform well when Mercury is -1, but poorly when Mercury is 1. Button 1 showed high reward in trial 7, but low in trial 2. Given the current context (1, -1, 1) hasn't been specifically evaluated for buttons 2 and 3, exploring button 2 is necessary to determine if it outperforms the known low yields of buttons 0 and 1 under these specific conditions.",58,C,B,D,A
13,LLM_Gemini_3_Flash,11,1,1,-1,1,B,1,exploit,0,"Based on trial 7, button 1 returned a high reward (89) under the exact same context (Mercury: 1, Krypton: 1, Nobelium: -1). Button 0 performed poorly in the same context during trial 3.",81,C,B,D,A
13,LLM_Gemini_3_Flash,12,-1,1,-1,0,C,0,exploit,0,"Button 0 shows high variability but has yielded strong rewards (up to 80) in contexts where Krypton is 1. Button 1 has performed very well when Mercury is 1, but its performance is unclear under Mercury -1. Based on historical trends where Button 0 correlates with high rewards under Krypton=1, I will exploit Button 0 in this context.",40,C,B,D,A
13,LLM_Gemini_3_Flash,13,1,1,-1,1,B,1,exploit,0,"Based on the history, button 1 has shown a strong positive correlation with the context (1, 1, -1), yielding rewards of 89 and 81. In contrast, button 0 has performed poorly (reward 21) in this exact context, suggesting button 1 is the superior choice for maximizing profit under these conditions.",73,C,B,D,A
13,LLM_Gemini_3_Flash,14,-1,-1,1,0,C,1,exploit,0,"In trial 9, the same context (Mercury: -1, Krypton: -1, Nobelium: 1) resulted in a high reward of 77 when choosing button 0, suggesting button 0 is highly effective under these specific conditions.",83,C,B,D,A
13,LLM_Gemini_3_Flash,15,-1,1,1,0,C,1,exploit,0,"Button 0 has consistently delivered high rewards (70, 80) when the context is Mercury: -1, Krypton: 1, Nobelium: 1, significantly outperforming other buttons under these conditions.",80,C,B,D,A
13,LLM_Gemini_3_Flash,16,-1,-1,1,0,C,1,exploit,0,"Button 0 has consistently yielded high rewards (77, 83) when Mercury is -1 and Nobelium is 1, regardless of the Krypton signal. Given the current context matches this configuration, button 0 is the optimal choice.",75,C,B,D,A
13,LLM_Gemini_3_Flash,17,1,1,-1,1,B,1,exploit,0,"In trials 7, 11, and 13, button 1 yielded high rewards (89, 81, 73) when the context was Mercury: 1, Krypton: 1, Nobelium: -1. This is the exact same context as the current trial, so I am choosing button 1 again.",77,C,B,D,A
13,LLM_Gemini_3_Flash,18,1,-1,1,2,D,0,explore,1,"Button 0 consistently performs well when Mercury is -1. Button 1 performs well when Krypton is 1. With current context (Mercury: 1, Krypton: -1, Nobelium: 1), neither 0 nor 1 seems optimal based on historical patterns. I am exploring button 2, which yielded a reward of 58 in a similar context (1, -1, 1) in trial 10, to further evaluate its performance under these specific conditions.",59,C,B,D,A
13,LLM_Gemini_3_Flash,19,-1,1,-1,0,C,0,exploit,0,"Button 0 has shown high rewards in contexts where Mercury is -1 and Krypton is 1, specifically receiving 40 in previous similar contexts. Button 1 performs best when Mercury is 1 and Krypton is 1. Since Mercury is -1 and Krypton is 1 in this context, button 0 is the most consistent choice.",50,C,B,D,A
13,LLM_Gemini_3_Flash,20,-1,1,1,0,C,1,exploit,0,"Button 0 has consistently delivered high rewards (70-80) in trials where Mercury is -1 and Krypton is 1, regardless of the Nobelium value. Given the current context matches this high-performing pattern, exploiting Button 0 is the most likely strategy to maximize reward.",78,C,B,D,A
13,LLM_Gemini_3_Flash,21,-1,1,1,0,C,1,exploit,0,"In context (Mercury:-1, Krypton:1, Nobelium:1), button 0 has consistently yielded high rewards (70, 80, 80, 78) across trials, outperforming button 1 in similar contexts.",76,C,B,D,A
13,LLM_Gemini_3_Flash,22,-1,1,-1,0,C,0,exploit,0,"Button 0 shows high performance when Krypton is 1, regardless of Mercury or Nobelium values, consistently yielding rewards around 40-80. In this current context (Mercury: -1, Krypton: 1, Nobelium: -1), Button 0 has historically performed well, particularly in similar conditions.",40,C,B,D,A
13,LLM_Gemini_3_Flash,23,1,-1,-1,1,B,0,exploit,0,"Based on historical data, button 1 consistently yields high rewards (73-89) when Mercury and Krypton are positive, even if Nobelium is -1. Button 0 fluctuates significantly, and button 2 yielded moderate rewards (58-59) for specific Mercury/Krypton combinations. Given the current context (1, -1, -1), I am testing if button 1 maintains its efficacy despite the change in Krypton.",43,C,B,D,A
13,LLM_Gemini_3_Flash,24,1,-1,-1,1,B,0,exploit,0,"Button 1 has consistently shown high rewards when Mercury is 1 and Nobelium is -1, as observed in trials 7, 11, 13, and 17. Even though the Krypton signal varies in my data for Button 1, it has outperformed Button 0 in this specific Mercury=1, Nobelium=-1 context.",49,C,B,D,A
13,LLM_Gemini_3_Flash,25,-1,1,-1,0,C,0,exploit,0,"Button 0 has consistently yielded high rewards (75-83) when Mercury is -1 and Krypton is 1, regardless of the Nobelium signal. Given the current context (Mercury: -1, Krypton: 1, Nobelium: -1), Button 0 is the most reliable choice based on historical performance.",56,C,B,D,A
13,LLM_Gemini_3_Flash,26,1,1,-1,1,B,1,exploit,0,"Button 1 has consistently shown high rewards (73-89) in the specific context where Mercury=1 and Krypton=1, regardless of Nobelium being -1. Button 0 has historically yielded low rewards (21) under this exact context.",86,C,B,D,A
13,LLM_Gemini_3_Flash,27,1,1,-1,1,B,1,exploit,0,"Based on the history, Button 1 consistently yields high rewards (73-89) when Mercury=1, Krypton=1, and Nobelium=-1. In contrast, Button 0 has shown much lower rewards (21) for this same specific context configuration. Therefore, exploiting Button 1 is the most profitable strategy.",72,C,B,D,A
13,LLM_Gemini_3_Flash,28,-1,-1,1,0,C,1,exploit,0,"Button 0 has consistently yielded high rewards (75-83) when Mercury is -1 and Nobelium is 1, regardless of the Krypton signal. Given the current context (Mercury: -1, Krypton: -1, Nobelium: 1), Button 0 is the strongest candidate based on historical performance.",75,C,B,D,A
13,LLM_Gemini_3_Flash,29,-1,-1,1,0,C,1,exploit,0,"Based on the history, button 0 consistently provides high rewards (around 75-83) when Mercury is -1 and Nobelium is 1, regardless of the Krypton signal. Given the current context matches this pattern, button 0 remains the most reliable choice.",90,C,B,D,A
13,LLM_Gemini_3_Flash,30,-1,1,1,0,C,1,exploit,0,"Based on the history, button 0 consistently provides high rewards (averaging around 75-80) when Krypton is 1 or when Nobelium is 1, specifically when Mercury is -1. Given the current context (Mercury: -1, Krypton: 1, Nobelium: 1), button 0 is the strongest performing arm for these conditions.",84,C,B,D,A
13,LLM_Gemini_3_Flash,31,-1,-1,1,0,C,1,exploit,0,"Button 0 has consistently demonstrated high performance (rewards in the 70s-90s) whenever Mercury is -1 and Nobelium is 1, regardless of Krypton, which matches the current context.",75,C,B,D,A
13,LLM_Gemini_3_Flash,32,1,-1,-1,1,B,0,exploit,0,"Based on historical data, Button 1 shows high performance when Mercury is 1 and Krypton is 1, regardless of Nobelium, consistently returning rewards between 70-90. While Button 2 has been tested sparingly, Button 1 is the most reliable performer in high-reward contexts under Mercury 1 and Krypton 1 conditions.",47,C,B,D,A
13,LLM_Gemini_3_Flash,33,1,1,-1,1,B,1,exploit,0,"Based on the history, button 1 consistently yields high rewards (72-89) when the context is Mercury=1 and Krypton=1, regardless of the Nobelium signal. Button 0 consistently yields low rewards (21) for this specific context. Therefore, I am exploiting the identified pattern for button 1.",75,C,B,D,A
13,LLM_Gemini_3_Flash,34,1,1,-1,1,B,1,exploit,0,"Based on the history, button 1 consistently yields high rewards (typically 70-89) when Mercury=1 and Krypton=1, regardless of Nobelium. Button 0 performs poorly in this context (e.g., trial 3 gave 21). Therefore, I am exploiting the clear pattern for button 1.",79,C,B,D,A
13,LLM_Gemini_3_Flash,35,1,1,-1,1,B,1,exploit,0,"Based on historical data, button 1 consistently yields high rewards (averaging ~75-89) when Mercury is 1 and Krypton is 1, regardless of Nobelium. Button 0 has historically performed poorly under these specific conditions (e.g., trial 3: 21 reward), so choosing button 1 is the optimal strategy for the current context (1, 1, -1).",86,C,B,D,A
13,LLM_Gemini_3_Flash,36,-1,1,-1,0,C,0,exploit,0,"Button 0 shows high performance when Krypton is 1 or when Nobelium is 1, specifically yielding consistently high rewards (70-90) in those scenarios. Since the current context (Mercury: -1, Krypton: 1, Nobelium: -1) aligns with the Krypton-positive condition where Button 0 has historically performed well, exploiting Button 0 is the most likely strategy to yield a high reward.",51,C,B,D,A
13,LLM_Gemini_3_Flash,37,-1,-1,1,0,C,1,exploit,0,"Based on historical data, button 0 has shown high rewards (averaging ~75-90) consistently when the context includes Mercury: -1 and Nobelium: 1, regardless of Krypton's value. Given the current context (Mercury: -1, Krypton: -1, Nobelium: 1), button 0 is the most reliable choice for maximizing profit.",79,C,B,D,A
13,LLM_Gemini_3_Flash,38,1,1,-1,1,B,1,exploit,0,"The historical data clearly shows that when Mercury=1 and Krypton=1 (and regardless of Nobelium being -1), button 1 consistently yields high rewards (typically between 70 and 90). Button 0 performs poorly under these specific conditions, as seen in trials 3, 7, 11, 13, 17, 26, 27, 33, 34, and 35.",78,C,B,D,A
13,LLM_Gemini_3_Flash,39,-1,1,1,0,C,1,exploit,0,"Based on the history, button 0 consistently yields high rewards (70-90 range) when Mercury is -1 and Nobelium is 1, regardless of Krypton's state. With current context Mercury: -1, Krypton: 1, Nobelium: 1, button 0 is the proven optimal choice.",74,C,B,D,A
13,LLM_Gemini_3_Flash,40,-1,-1,1,0,C,1,exploit,0,"Based on historical data, Button 0 consistently provides high rewards (70-90 range) when Nobelium is 1 and Mercury/Krypton are -1. Since the current context is Mercury: -1, Krypton: -1, Nobelium: 1, Button 0 is the optimal choice.",78,C,B,D,A
13,LLM_Gemini_3_Flash,41,-1,1,1,0,C,1,exploit,0,"Based on the history, button 0 consistently provides high rewards (70-90 range) when Mercury is -1, regardless of the other signals. Given the current context has Mercury: -1, Krypton: 1, Nobelium: 1, button 0 remains the optimal choice.",86,C,B,D,A
13,LLM_Gemini_3_Flash,42,1,-1,1,0,C,0,exploit,0,"Based on historical data, Button 0 consistently provides high rewards when Mercury is -1, regardless of other signals. In the current context, although Mercury is 1, historical data suggests Button 0 is still the most reliable performer in varying conditions, as Button 1 is strongly associated with the context where Nobelium is -1.",49,C,B,D,A
13,LLM_Gemini_3_Flash,43,1,1,-1,1,B,1,exploit,0,"Based on historical data, Button 1 consistently yields high rewards (averaging 70-80) when Mercury=1 and Krypton=1, regardless of Nobelium. Given the current context (Mercury: 1, Krypton: 1, Nobelium: -1), Button 1 is the optimal choice.",82,C,B,D,A
13,LLM_Gemini_3_Flash,44,-1,-1,1,0,C,1,exploit,0,"Button 0 has consistently demonstrated high rewards (75-90) whenever Nobelium is 1 and Mercury is -1, regardless of the Krypton signal. Given the current context (Mercury: -1, Krypton: -1, Nobelium: 1), Button 0 is the optimal choice for exploitation.",66,C,B,D,A
13,LLM_Gemini_3_Flash,45,1,1,-1,1,B,1,exploit,0,"Based on the historical data, when Mercury=1, Krypton=1, and Nobelium=-1, Button 1 consistently yields high rewards (averaging around 80). Button 0 performs poorly in this specific context (e.g., trial 3 gave 21 reward), while Button 1 remains the most reliable performer for this signal state.",74,C,B,D,A
13,LLM_Gemini_3_Flash,46,1,-1,1,0,C,0,exploit,0,"Based on historical data, button 0 yields high rewards (70-90) consistently when Krypton is 1 or when Nobelium is 1, and specifically performs well in the current context (Mercury 1, Krypton -1, Nobelium 1) compared to historical observations on other buttons.",48,C,B,D,A
13,LLM_Gemini_3_Flash,47,-1,1,-1,0,C,0,exploit,0,"Based on historical data, button 0 consistently performs well when Mercury is -1, regardless of Krypton or Nobelium values (often yielding rewards 70-90). Button 1 performs best when Krypton is 1 and Mercury is 1. Given the current context (Mercury: -1, Krypton: 1, Nobelium: -1), button 0 is the strongest candidate for exploitation.",58,C,B,D,A
13,LLM_Gemini_3_Flash,48,1,1,-1,1,B,1,exploit,0,"Based on historical data, button 1 consistently yields high rewards (70-89 range) when the context is Mercury=1 and Krypton=1, regardless of the Nobelium signal. Given the current context is Mercury=1, Krypton=1, and Nobelium=-1, button 1 is the most reliable choice.",79,C,B,D,A
13,LLM_Gemini_3_Flash,49,-1,1,1,0,C,1,exploit,0,"Based on the historical data, button 0 consistently yields high rewards (70-90 range) when Mercury is -1 and Krypton/Nobelium are 1. Given the current context (Mercury: -1, Krypton: 1, Nobelium: 1), button 0 has been the most reliable and high-performing choice.",81,C,B,D,A
13,LLM_Gemini_3_Flash,50,-1,1,-1,0,C,0,exploit,0,"Button 0 shows high, consistent performance when Krypton is 1 or Nobelium is 1. With current context (Mercury -1, Krypton 1, Nobelium -1), Button 0 has demonstrated reasonable rewards (40-56) compared to Button 1, which performs poorly when Krypton is 1 but Nobelium is also 1. Given the historical data, Button 0 is the most reliable choice for this specific context.",56,C,B,D,A
14,LLM_Gemini_3_Flash,1,-1,1,1,0,D,0,explore,1,"Since there is no prior history, I have no information about the reward functions of the buttons. I am choosing button 0 to establish a baseline for the rewards in the current context.",58,D,C,A,B
14,LLM_Gemini_3_Flash,2,-1,-1,1,1,C,1,explore,1,"With only one trial history (button 0 at context -1, 1, 1), there is insufficient data to map the reward functions for buttons 1, 2, and 3. I am exploring button 1 to begin gathering data on its performance under the current context (-1, -1, 1).",77,D,C,A,B
14,LLM_Gemini_3_Flash,3,1,-1,1,2,A,1,explore,1,"I have very limited data, having only sampled buttons 0 and 1. I am choosing button 2 to explore its reward potential in the current context (Mercury:1, Krypton:-1, Nobelium:1) to broaden my understanding of the reward functions.",81,D,C,A,B
14,LLM_Gemini_3_Flash,4,1,-1,1,2,A,1,exploit,0,"Button 2 yielded a high reward of 81 in trial 3 when the context was exactly the same as the current context (Mercury 1, Krypton -1, Nobelium 1). Therefore, I am exploiting this known high-performing button.",79,D,C,A,B
14,LLM_Gemini_3_Flash,5,1,-1,-1,2,A,1,exploit,0,"Button 2 showed high, consistent rewards (81, 79) in trials 3 and 4 when Mercury was 1 and Nobelium was 1. Although the current context has Nobelium as -1, the performance of other buttons remains largely untested or lower-yielding, and button 2 represents the best currently observed high-performance arm.",91,D,C,A,B
14,LLM_Gemini_3_Flash,6,-1,1,1,3,B,0,explore,1,"Button 0 was tried once with the current context yielding a reward of 58, which is relatively low compared to buttons 1 and 2. Buttons 1 and 2 have shown higher potential in different contexts. To maximize total profit, I am exploring button 3 to determine its reward function, as I have not tested it yet.",52,D,C,A,B
14,LLM_Gemini_3_Flash,7,-1,1,1,1,C,1,exploit,0,"Button 1 yielded a reward of 77 when Mercury was -1 and Krypton was -1. Comparing the current context (-1, 1, 1) against past results, Button 0 and 3 yielded low rewards (58 and 52 respectively) in this specific context. Button 2 has shown high variability but is consistently associated with positive Mercury signals. Given the context, Button 1 is the most promising candidate to exploit based on initial data.",86,D,C,A,B
14,LLM_Gemini_3_Flash,8,-1,1,1,1,C,1,exploit,0,"In trial 7, button 1 yielded a reward of 86 under the same context (-1, 1, 1) where button 0 yielded 58 and button 3 yielded 52. Button 1 is the most promising choice for the current context.",69,D,C,A,B
14,LLM_Gemini_3_Flash,9,1,-1,-1,2,A,1,exploit,0,"Button 2 has consistently provided high rewards (91, 81, 79) in contexts where Mercury is 1, specifically when Nobelium is -1 (Trial 5). Given the current context (Mercury: 1, Krypton: -1, Nobelium: -1) matches Trial 5, exploiting Button 2 is the most rational choice.",77,D,C,A,B
14,LLM_Gemini_3_Flash,10,-1,1,-1,1,C,0,exploit,0,"Button 1 has shown strong performance when Krypton is 1 (trials 7 and 8 with average ~77.5). Button 2 appears to favor high performance when Mercury is 1, but under the current context (Mercury: -1, Krypton: 1, Nobelium: -1), Button 1 is the most promising candidate identified so far for the Krypton=1 signal.",49,D,C,A,B
14,LLM_Gemini_3_Flash,11,1,1,-1,2,A,0,exploit,0,"Button 2 has consistently provided high rewards (ranging from 77 to 91) when Mercury is 1, regardless of the other signals. Given the current context (Mercury: 1, Krypton: 1, Nobelium: -1), Button 2 is the most promising candidate based on past performance.",53,D,C,A,B
14,LLM_Gemini_3_Flash,12,1,-1,-1,2,A,1,exploit,0,"Button 2 has consistently provided high rewards (91 and 77) when Mercury is 1, Krypton is -1, and Nobelium is -1, outperforming other options in similar configurations. Given the current context matches this pattern, I am exploiting this known high-yield option.",81,D,C,A,B
14,LLM_Gemini_3_Flash,13,-1,1,1,1,C,1,exploit,0,"Button 1 has shown a strong performance in the context of Krypton=1 and Nobelium=1 (Trial 7 and 8 yielded 86 and 69, compared to lower results from Button 0 and 3 in the same context). Given the current context (Mercury=-1, Krypton=1, Nobelium=1), exploiting the success of Button 1 is the most logical strategy.",73,D,C,A,B
14,LLM_Gemini_3_Flash,14,-1,1,-1,1,C,0,exploit,0,"Button 1 has shown a strong performance in contexts where Krypton is 1, even when other variables like Nobelium change. Given the current context (Mercury: -1, Krypton: 1, Nobelium: -1) andButton 1's history, it is the most promising candidate.",53,D,C,A,B
14,LLM_Gemini_3_Flash,15,1,-1,1,2,A,1,exploit,0,"Button 2 has consistently provided high rewards (77-91) when Mercury is 1 and Krypton is -1, regardless of the state of Nobelium. In the current context (Mercury: 1, Krypton: -1, Nobelium: 1), Button 2 remains the strongest performer based on previous trials.",79,D,C,A,B
14,LLM_Gemini_3_Flash,16,1,-1,1,2,A,1,exploit,0,"Button 2 has consistently provided high rewards (77-91) when the current context (Mercury=1, Krypton=-1, Nobelium=1) or similar conditions occur, making it the most reliable choice.",76,D,C,A,B
14,LLM_Gemini_3_Flash,17,-1,-1,1,1,C,1,exploit,0,"In trial 2, the context (Mercury: -1, Krypton: -1, Nobelium: 1) yielded a high reward of 77 when choosing button 1. Given the current context is identical, choosing button 1 is the most logical exploit action based on the highest observed reward for this specific condition.",83,D,C,A,B
14,LLM_Gemini_3_Flash,18,-1,-1,1,1,C,1,exploit,0,"In trial 2, the context was identical (Mercury: -1, Krypton: -1, Nobelium: 1) and button 1 yielded a reward of 77. Additionally, button 1 has shown strong performance in similar configurations (e.g., trial 17 where it yielded 83). Button 2 performs well when Mercury is 1 and Krypton is -1, but is less reliable here.",80,D,C,A,B
14,LLM_Gemini_3_Flash,19,1,1,-1,1,C,0,exploit,0,"Button 2 consistently rewards high when Krypton is -1, but when Krypton is 1, the rewards drop (as seen in trial 11). Button 1 has performed strongly in cases where Krypton is 1, and since the current context is Krypton: 1, Mercury: 1, and Nobelium: -1, button 1 is the most promising exploit choice based on the observed patterns.",17,D,C,A,B
14,LLM_Gemini_3_Flash,20,1,1,-1,2,A,0,exploit,0,"Button 2 has consistently provided high rewards when Mercury is 1 and Nobelium is 1 or -1, specifically showing strong performance in previous trials where Mercury was 1. While Trial 11 had a lower reward, Button 2 is still the most promising choice based on the observed data trends compared to the poor results observed for Button 1 in similar contexts.",54,D,C,A,B
14,LLM_Gemini_3_Flash,21,1,1,-1,2,A,0,exploit,0,"Based on historical data, button 2 consistently yields higher rewards (around 53-91) compared to button 1 when the context is (1, 1, -1). Button 1 has shown very poor performance (reward of 17) in the current context (1, 1, -1), making button 2 the most reliable choice.",47,D,C,A,B
14,LLM_Gemini_3_Flash,22,1,1,-1,2,A,0,exploit,0,"Button 2 has consistently provided moderate to high rewards when Mercury is 1 and Krypton is -1 or when Mercury is 1 and Krypton is 1, despite the variance. Given the current context (Mercury: 1, Krypton: 1, Nobelium: -1), Button 2 remains the most reliable performer compared to Button 1, which yielded extremely low rewards in similar conditions.",49,D,C,A,B
14,LLM_Gemini_3_Flash,23,1,1,-1,2,A,0,exploit,0,"Button 2 consistently performs better than Button 1 in the current context (Mercury: 1, Krypton: 1, Nobelium: -1), despite low yields. Button 1 has shown very low rewards (17) in this specific configuration, while Button 2 provides a more stable baseline.",51,D,C,A,B
14,LLM_Gemini_3_Flash,24,-1,1,1,1,C,1,exploit,0,"Based on the history, button 1 consistently yields high rewards (averaging around 76) when Mercury is -1 and Krypton is 1, regardless of Nobelium's state. Other buttons have shown inferior performance under these conditions, so exploiting button 1 is the optimal choice.",75,D,C,A,B
14,LLM_Gemini_3_Flash,25,1,-1,1,2,A,1,exploit,0,"Button 2 has consistently provided high rewards in trials where Mercury is 1 and Krypton is -1 (the current context), regardless of the state of Nobelium. It has significantly outperformed other buttons under these specific conditions.",78,D,C,A,B
14,LLM_Gemini_3_Flash,26,-1,-1,1,1,C,1,exploit,0,"Based on the historical data, Button 1 performs consistently well when Krypton is -1 and Nobelium is 1 (Trial 2 reward was 77, Trial 17 reward was 83, Trial 18 reward was 80). Given the current context (Mercury: -1, Krypton: -1, Nobelium: 1), Button 1 is the highest performing option among known alternatives.",77,D,C,A,B
14,LLM_Gemini_3_Flash,27,-1,-1,1,1,C,1,exploit,0,"Based on the trial history, button 1 shows high performance (average ~77-80) when Mercury is -1 and Nobelium is 1 (Trials 2, 17, 18, 26). Button 2 performs better when Mercury is 1, regardless of Nobelium. Given the current context (Mercury: -1, Krypton: -1, Nobelium: 1), button 1 is the clear optimal choice.",78,D,C,A,B
14,LLM_Gemini_3_Flash,28,-1,1,1,1,C,1,exploit,0,"Based on historical data for the context (Mercury: -1, Krypton: 1, Nobelium: 1), Button 1 has consistently yielded higher rewards (averaging around 76) compared to Button 0 and 3 which have shown lower performance in similar conditions.",73,D,C,A,B
14,LLM_Gemini_3_Flash,29,-1,-1,1,1,C,1,exploit,0,"Based on the historical data, button 1 consistently yields high rewards (77, 83, 80, 77, 78) when Mercury is -1 and Krypton is -1, regardless of the Nobelium signal. Since the current context has Mercury = -1 and Krypton = -1, button 1 is the most reliable choice for maximizing expected reward.",69,D,C,A,B
14,LLM_Gemini_3_Flash,30,-1,-1,1,1,C,1,exploit,0,"Based on historical data, button 1 consistently yields high rewards (averaging around 75-80) when the Krypton signal is -1 and Nobelium is 1, specifically under the Mercury -1, Krypton -1, Nobelium 1 configuration.",85,D,C,A,B
14,LLM_Gemini_3_Flash,31,-1,1,1,1,C,1,exploit,0,"Based on historical data, Button 1 consistently performs well when Mercury is -1 and Krypton is 1, yielding high rewards (typically 69-86). Given the current context (Mercury: -1, Krypton: 1, Nobelium: 1), Button 1 is the statistically strongest choice compared to Button 2, which performs poorly under these specific signal combinations.",81,D,C,A,B
14,LLM_Gemini_3_Flash,32,-1,-1,1,1,C,1,exploit,0,"Button 1 has consistently shown high rewards (averaging around 75-80) when Krypton is -1 and Nobelium is 1, as seen in trials 2, 17, 18, 26, 27, 29, and 30. The current context matches this condition perfectly.",73,D,C,A,B
14,LLM_Gemini_3_Flash,33,1,-1,-1,2,A,1,exploit,0,"Based on historical data, button 2 consistently yields high rewards (average ~80) when Mercury is 1 and Krypton is -1, regardless of the Nobelium signal. Given the current context (Mercury: 1, Krypton: -1, Nobelium: -1), button 2 is the optimal choice.",77,D,C,A,B
14,LLM_Gemini_3_Flash,34,1,1,-1,2,A,0,exploit,0,"Based on the historical data, Button 2 consistently provides high rewards (around 77-91) when Mercury is 1 and Krypton is -1, regardless of Nobelium. In the current context (Mercury: 1, Krypton: 1, Nobelium: -1), Button 2 has historically yielded results in the 50s, whereas Button 1 has shown very low rewards (17) under these specific conditions. Given the lack of better options and previous performance, Button 2 remains the most reliable choice.",54,D,C,A,B
14,LLM_Gemini_3_Flash,35,-1,-1,1,1,C,1,exploit,0,"Based on historical data, Button 1 consistently yields high rewards (averaging ~75-80) when the Mercury signal is -1, regardless of the Krypton signal, especially when Nobelium is 1. Button 2 performs well when Mercury is 1 but poorly when Mercury is -1. Since the current context is Mercury: -1, Krypton: -1, Nobelium: 1, Button 1 is the optimal choice.",77,D,C,A,B
14,LLM_Gemini_3_Flash,36,1,1,-1,2,A,0,exploit,0,"Based on the history, button 2 is performing better than other observed options in the current context (Mercury 1, Krypton 1, Nobelium -1), where button 1 has shown very low performance (trial 19). Although button 2 yields moderate rewards in this specific context, it remains the most reliable choice compared to the alternatives based on the evidence.",51,D,C,A,B
14,LLM_Gemini_3_Flash,37,-1,-1,1,1,C,1,exploit,0,"Button 1 has consistently shown high rewards (averaging around 75-80) when Mercury is -1 and Krypton is -1 or 1, especially in the Nobelium=1 context. Given the current context (Mercury=-1, Krypton=-1, Nobelium=1), Button 1 is the most reliable option based on historical performance.",76,D,C,A,B
14,LLM_Gemini_3_Flash,38,1,1,-1,2,A,0,exploit,0,"Based on historical data for the context (Mercury: 1, Krypton: 1, Nobelium: -1), Button 2 has consistently provided rewards in the 47-54 range, while Button 1 provided a very low reward (17) in this context. Button 2 remains the most reliable performer despite the lower rewards in this specific configuration.",54,D,C,A,B
14,LLM_Gemini_3_Flash,39,1,1,-1,2,A,0,exploit,0,"Based on historical data for the context (Mercury: 1, Krypton: 1, Nobelium: -1), button 2 has been consistently chosen and provided modest rewards around 50-54. While this reward is lower than the high rewards button 1 yields in other contexts, it consistently outperforms button 1 in this specific configuration, where button 1 previously yielded a very low reward of 17.",43,D,C,A,B
14,LLM_Gemini_3_Flash,40,1,-1,1,2,A,1,exploit,0,"Based on historical data, button 2 consistently yields high rewards (typically 75-90+) when Mercury is 1 and Krypton is -1, regardless of the Nobelium signal. The current context matches this condition.",85,D,C,A,B
14,LLM_Gemini_3_Flash,41,1,1,-1,2,A,0,exploit,0,"Based on historical data, button 2 consistently performs better than button 1 when Mercury is 1 and Krypton is 1, even if the reward is modest compared to other contexts. Button 1 performs poorly when these signals are active, and button 2 has been the primary choice for this specific context.",51,D,C,A,B
14,LLM_Gemini_3_Flash,42,-1,-1,1,1,C,1,exploit,0,"Based on the history, button 1 consistently yields high rewards (around 70-85) when Mercury is -1 and Krypton is -1 or 1, especially when Nobelium is 1. Button 2 performs well when Mercury is 1 and Krypton is -1, but poorly when Krypton is 1. Since the current context has Mercury -1 and Krypton -1, button 1 is the historically superior choice.",77,D,C,A,B
14,LLM_Gemini_3_Flash,43,1,-1,1,2,A,1,exploit,0,"Based on historical data, button 2 consistently provides high rewards (75-91) when the context includes Mercury=1 and Krypton=-1, regardless of the Nobelium signal. Given the current context (Mercury: 1, Krypton: -1, Nobelium: 1), button 2 is the most reliable choice for maximizing profit.",80,D,C,A,B
14,LLM_Gemini_3_Flash,44,-1,-1,1,1,C,1,exploit,0,"Based on the historical data, button 1 consistently yields high rewards (averaging ~77) when Mercury is -1 and Nobelium is 1, regardless of the Krypton signal. Button 2 performs well when Mercury is 1, but its performance drops significantly when Nobelium is -1. Given the current context (Mercury: -1, Krypton: -1, Nobelium: 1), button 1 is the statistically optimal choice.",85,D,C,A,B
14,LLM_Gemini_3_Flash,45,1,1,-1,2,A,0,exploit,0,"Based on historical data, button 2 consistently performs better than other buttons under the current context (Mercury=1, Krypton=1, Nobelium=-1). While it is not as high as its performance under (Mercury=1, Krypton=-1, Nobelium=1), it is the most reliable choice given the current state.",47,D,C,A,B
14,LLM_Gemini_3_Flash,46,1,-1,-1,2,A,1,exploit,0,"Button 2 consistently yields high rewards (around 80) when Mercury is 1 and Krypton is -1, regardless of the Nobelium signal. The current context matches this condition perfectly.",76,D,C,A,B
14,LLM_Gemini_3_Flash,47,1,1,-1,2,A,0,exploit,0,"Based on historical data, button 2 consistently performs better than other buttons when Mercury=1 and Krypton=1, even if the reward is moderate (around 50). Buttons 1 and 3 perform poorly under these conditions.",52,D,C,A,B
14,LLM_Gemini_3_Flash,48,-1,1,-1,1,C,0,exploit,0,"Button 1 has consistently shown strong performance when Krypton is 1, and the current context (Mercury -1, Krypton 1, Nobelium -1) aligns with scenarios where Button 1 has yielded respectable rewards. Button 2 performs poorly when Krypton is 1. Therefore, Button 1 is the statistically superior choice for the current context.",49,D,C,A,B
14,LLM_Gemini_3_Flash,49,-1,-1,1,1,C,1,exploit,0,"Based on historical data, Button 1 consistently yields high rewards (around 70-85) when the Mercury and Krypton signals are -1, regardless of the Nobelium signal. Given the current context (Mercury: -1, Krypton: -1, Nobelium: 1), Button 1 is the optimal choice.",74,D,C,A,B
14,LLM_Gemini_3_Flash,50,1,-1,1,2,A,1,exploit,0,"Based on historical data, button 2 consistently yields high rewards (75-90 range) when Mercury is 1 and Krypton is -1, regardless of Nobelium. The current context matches this condition perfectly.",80,D,C,A,B
15,LLM_Gemini_3_Flash,1,1,-1,-1,0,D,0,explore,1,"This is the first trial, so I have no prior information. I am starting with button 0 to begin establishing a baseline for the reward functions relative to the context.",56,D,C,B,A
15,LLM_Gemini_3_Flash,2,-1,1,-1,1,C,0,explore,1,I have limited data from only one trial on button 0. I need to sample other buttons to establish a baseline reward and map the context dependencies for the different arms.,54,D,C,B,A
15,LLM_Gemini_3_Flash,3,-1,1,-1,1,C,0,exploit,0,"In trial 2, the context (-1, 1, -1) yielded a high reward of 54 when choosing button 1. Since the current context is identical, exploiting button 1 is the most logical choice to maximize expected reward.",59,D,C,B,A
15,LLM_Gemini_3_Flash,4,1,-1,-1,0,D,0,exploit,0,"Button 0 was chosen in trial 1 with the same context as the current trial (1, -1, -1) and yielded a solid reward of 56. Given the limited data, I will exploit this observed success for the current state.",56,D,C,B,A
15,LLM_Gemini_3_Flash,5,1,-1,1,0,D,0,exploit,0,"Button 0 has consistently yielded a reward of 56 in trials where Mercury is 1, Krypton is -1, and Nobelium is either 1 or -1, indicating it is a reliable choice for the current context.",41,D,C,B,A
15,LLM_Gemini_3_Flash,6,-1,1,-1,1,C,0,exploit,0,"Button 1 has consistently yielded rewards in the range of 54-59 when the context includes Krypton: 1 and Mercury: -1, making it the highest-performing option based on the current context.",52,D,C,B,A
15,LLM_Gemini_3_Flash,7,1,-1,-1,0,D,0,exploit,0,"Button 0 has consistently yielded rewards around 56 when Mercury is 1, Krypton is -1, and Nobelium is -1, making it the most profitable known option for the current context.",51,D,C,B,A
15,LLM_Gemini_3_Flash,8,1,-1,-1,0,D,0,exploit,0,"Based on the previous trials, button 0 has consistently provided rewards around 51-56 in contexts where Mercury is 1 and Krypton/Nobelium are -1, outperforming other observations.",61,D,C,B,A
15,LLM_Gemini_3_Flash,9,-1,1,1,1,C,1,exploit,0,"Button 1 has consistently yielded rewards in the 50s range when Krypton is 1, regardless of the other signals. Since the current context has Krypton as 1, Button 1 is the most reliable choice based on the observed history.",76,D,C,B,A
15,LLM_Gemini_3_Flash,10,1,-1,1,1,C,0,exploit,0,"Button 1 has consistently shown high reward values (54, 59, 52, 76) across various contexts, particularly performing well when Krypton is 1. Button 0 has shown decreasing or lower performance (41) in the current context (Mercury: 1, Krypton: -1, Nobelium: 1). I am choosing Button 1 to exploit its potential for higher yields compared to the historically underperforming Button 0.",51,D,C,B,A
15,LLM_Gemini_3_Flash,11,1,1,-1,1,C,0,exploit,0,"Based on historical data, button 1 has shown a strong performance, particularly with higher rewards (76) when certain signals are active. Button 0 consistently returns around 50-60, but button 1 has demonstrated potential for higher volatility and payoff, making it the preferred choice given the current context of Mercury: 1, Krypton: 1, Nobelium: -1.",26,D,C,B,A
15,LLM_Gemini_3_Flash,12,-1,1,1,1,C,1,exploit,0,"Button 1 has shown a strong positive correlation with the Nobelium signal. In trial 9, with Krypton=1 and Nobelium=1, Button 1 yielded a high reward of 76. The current context also has Krypton=1 and Nobelium=1, suggesting Button 1 is the most profitable choice.",81,D,C,B,A
15,LLM_Gemini_3_Flash,13,1,-1,-1,0,D,0,exploit,0,"Button 0 has consistently yielded rewards around 51-61 in the current context (Mercury: 1, Krypton: -1, Nobelium: -1), which is significantly better than the results seen for other buttons in similar contexts.",49,D,C,B,A
15,LLM_Gemini_3_Flash,14,-1,1,-1,1,C,0,exploit,0,"Button 1 has consistently shown high performance in the current context (Mercury: -1, Krypton: 1, Nobelium: -1), yielding rewards of 54, 59, and 52. Based on previous trials, Button 1 appears to be highly effective when Krypton is 1, regardless of Nobelium variations.",47,D,C,B,A
15,LLM_Gemini_3_Flash,15,-1,1,1,1,C,1,exploit,0,"History shows button 1 consistently yields higher rewards when Krypton is 1, and specifically when both Krypton and Nobelium are 1 (e.g., trials 9 and 12 returned 76 and 81). Given the current context of Mercury=-1, Krypton=1, Nobelium=1, button 1 is the statistically optimal choice based on previous performance.",74,D,C,B,A
15,LLM_Gemini_3_Flash,16,-1,1,-1,1,C,0,exploit,0,"Based on historical data for the context (Mercury: -1, Krypton: 1, Nobelium: -1), button 1 has consistently yielded higher rewards compared to other trials. Previous performance for button 1 in this context shows strong results (54, 59, 52, 47), confirming it is the optimal choice.",52,D,C,B,A
15,LLM_Gemini_3_Flash,17,1,1,-1,0,D,0,exploit,0,"Button 1 performance drops significantly when Mercury and Krypton are both 1, as seen in trial 11. Button 0 has historically performed reliably when Mercury is 1 and Krypton is -1, but with Krypton now being 1, the landscape is uncertain. Since Button 1 has proven poor in this configuration, I will revert to Button 0 to seek better outcomes while potentially exploring its response to the current configuration.",45,D,C,B,A
15,LLM_Gemini_3_Flash,18,1,-1,1,1,C,0,exploit,0,"Button 1 has consistently shown high returns when Krypton is 1, regardless of the other signals. Given the context (Mercury=1, Krypton=-1, Nobelium=1), button 1 is a strong contender, though button 0 is also a reliable performer. I will continue to exploit button 1 as it has demonstrated the highest potential reward in similar high-variability scenarios.",53,D,C,B,A
15,LLM_Gemini_3_Flash,19,-1,1,1,1,C,1,exploit,0,"Button 1 has consistently shown high returns when Krypton is 1, particularly with the context Mercury=-1 and Nobelium=1 (as seen in trials 9, 12, 15). The current context matches this configuration perfectly.",78,D,C,B,A
15,LLM_Gemini_3_Flash,20,-1,1,-1,1,C,0,exploit,0,"Button 1 has consistently shown strong performance under the condition Krypton=1. With the current context of Mercury=-1, Krypton=1, and Nobelium=-1, the historical average for Button 1 in similar states (especially when Krypton is 1) remains high compared to other options.",62,D,C,B,A
15,LLM_Gemini_3_Flash,21,1,-1,-1,0,D,0,exploit,0,"Based on the trial history, button 0 consistently provides a reliable reward (around 50-60) when Mercury=1 and Krypton=-1, regardless of Nobelium. Button 1 performs significantly worse in this specific context compared to its performance when Krypton is 1.",53,D,C,B,A
15,LLM_Gemini_3_Flash,22,-1,1,1,1,C,1,exploit,0,"In my history, button 1 has shown a strong positive correlation with Nobelium (1) when Krypton is (1). Specifically, in trials 9, 12, 15, and 19 where Krypton=1 and Nobelium=1, the rewards were consistently high (76, 81, 74, 78). Since the current context is Krypton=1 and Nobelium=1, button 1 remains the optimal choice.",97,D,C,B,A
15,LLM_Gemini_3_Flash,23,1,-1,-1,0,D,0,exploit,0,"Button 0 shows consistent performance for the context (Mercury: 1, Krypton: -1, Nobelium: -1), with previous rewards ranging around 49-61. Button 1 performs best when Krypton is 1, but for this specific context where Krypton is -1, Button 0 has historically yielded more stable and higher rewards.",55,D,C,B,A
15,LLM_Gemini_3_Flash,24,1,-1,-1,0,D,0,exploit,0,"Based on the history, Button 0 consistently returns rewards in the 49-61 range when the context is Mercury: 1, Krypton: -1, Nobelium: -1. In contrast, Button 1 shows higher variance depending on other signals and has performed less optimally for this specific signal configuration.",38,D,C,B,A
15,LLM_Gemini_3_Flash,25,-1,1,-1,1,C,0,exploit,0,"Based on the historical data, button 1 consistently performs well when Krypton is 1, yielding high rewards (ranging from 47 to 97). In the current context (Mercury: -1, Krypton: 1, Nobelium: -1), button 1 is the strongest choice compared to button 0, which performs best when Mercury is 1 and Krypton is -1.",53,D,C,B,A
15,LLM_Gemini_3_Flash,26,-1,1,1,1,C,1,exploit,0,"Button 1 has consistently shown high returns when Krypton is 1, particularly when Nobelium is also 1 (average reward in trials 9, 12, 15, 19, 22 is significantly high). Given current context Mercury -1, Krypton 1, Nobelium 1, Button 1 is the optimal choice.",82,D,C,B,A
15,LLM_Gemini_3_Flash,27,-1,-1,1,1,C,1,exploit,0,"Button 1 has consistently shown high returns when Krypton is 1, regardless of the Nobelium state, especially compared to Button 0. Given the current context, I will exploit the strong performance of Button 1.",82,D,C,B,A
15,LLM_Gemini_3_Flash,28,1,-1,1,1,C,0,exploit,0,"Button 1 has consistently shown high returns when Nobelium is 1 (trials 9, 12, 15, 19, 22, 26, 27). Even when Mercury is 1 and Krypton is -1 (as in trial 10 and 18), Button 1 performed well compared to Button 0. Given the current context (Mercury: 1, Krypton: -1, Nobelium: 1), Button 1 remains the most reliable performer.",56,D,C,B,A
15,LLM_Gemini_3_Flash,29,-1,-1,1,1,C,1,exploit,0,"Button 1 has consistently shown high returns when Nobelium is 1, particularly when Krypton is 1 but also showing strong potential in the most recent trial (trial 27) where Nobelium was 1 and Krypton was -1, resulting in a reward of 82. Given the current context (Mercury: -1, Krypton: -1, Nobelium: 1), Button 1 remains the strongest candidate based on historical performance.",89,D,C,B,A
15,LLM_Gemini_3_Flash,30,-1,1,-1,1,C,0,exploit,0,"Button 1 has consistently shown high rewards when Krypton is 1, and it also appears to be highly responsive to the Nobelium signal, providing the best expected return for the current context where Krypton is 1.",52,D,C,B,A
15,LLM_Gemini_3_Flash,31,1,1,-1,0,D,0,exploit,0,"Based on the history, button 1 rewards are highly dependent on Krypton being 1, and show significant variance. Button 0 has shown consistent performance in this specific context (Mercury 1, Krypton 1, Nobelium -1). Since I have tried button 1 in this context before with low results, I am exploiting button 0.",56,D,C,B,A
15,LLM_Gemini_3_Flash,32,-1,-1,1,1,C,1,exploit,0,"Button 1 consistently yields high rewards when Nobelium is 1, regardless of Mercury or Krypton states. Specifically, with Nobelium=1, it has shown rewards significantly higher than button 0, making it the optimal choice for the current context (Mercury=-1, Krypton=-1, Nobelium=1).",80,D,C,B,A
15,LLM_Gemini_3_Flash,33,1,-1,-1,0,D,0,exploit,0,"Based on historical data, button 0 consistently provides rewards in the 40-60 range when the context is Mercury: 1, Krypton: -1, Nobelium: -1, while button 1's performance is significantly lower in these specific conditions (around 50-51). Given the current context, button 0 is the reliable choice for this specific signal configuration.",50,D,C,B,A
15,LLM_Gemini_3_Flash,34,-1,1,-1,1,C,0,exploit,0,"Based on the history, button 1 consistently yields higher rewards when Krypton is 1 or Nobelium is 1, particularly when Mercury is -1. Even in the current context (Mercury: -1, Krypton: 1, Nobelium: -1), button 1 has shown reliable performance compared to button 0.",44,D,C,B,A
15,LLM_Gemini_3_Flash,35,1,-1,1,1,C,0,exploit,0,"Based on historical data, button 1 consistently yields higher rewards (often 50+) and performs significantly better than button 0, especially when Nobelium is 1. Even with Krypton being -1, button 1 has demonstrated robust performance in similar contexts.",44,D,C,B,A
15,LLM_Gemini_3_Flash,36,1,-1,1,1,C,0,exploit,0,"Button 1 consistently yields higher rewards when Nobelium is 1 (as seen in trials 9, 12, 15, 19, 22, 26, 27, 29, 32). In the current context where Nobelium is 1, button 1 remains the best option.",48,D,C,B,A
15,LLM_Gemini_3_Flash,37,-1,-1,1,1,C,1,exploit,0,"Button 1 consistently yields high rewards (70-90 range) when Nobelium is 1, regardless of the Mercury or Krypton values, as evidenced by trials 27, 29, and 32. Given the current context (Mercury -1, Krypton -1, Nobelium 1), Button 1 is the most reliable choice for maximizing profit.",73,D,C,B,A
15,LLM_Gemini_3_Flash,38,1,-1,1,1,C,0,exploit,0,"Button 1 has consistently shown higher reward potential than button 0, especially when Nobelium is 1, despite some variance. Since current context is (1, -1, 1), and button 1 has performed better in similar contexts (e.g., trial 28, 35, 36), it is the optimal choice.",50,D,C,B,A
15,LLM_Gemini_3_Flash,39,-1,1,1,1,C,1,exploit,0,"Based on the history, button 1 shows strong, consistent rewards when the context includes Nobelium: 1 (especially when Mercury is -1), yielding rewards often between 70 and 97. Given the current context of Mercury: -1, Krypton: 1, Nobelium: 1, button 1 is the statistically superior choice based on past observations.",95,D,C,B,A
15,LLM_Gemini_3_Flash,40,-1,1,1,1,C,1,exploit,0,"Button 1 has consistently yielded high rewards (ranging from 74 to 97) when the Nobelium signal is 1, regardless of the Krypton signal. Given the current context of Nobelium: 1, Button 1 is the statistically superior choice based on historical performance.",79,D,C,B,A
15,LLM_Gemini_3_Flash,41,-1,1,-1,1,C,0,exploit,0,"Button 1 has consistently shown high performance across various contexts, especially when Nobelium is 1 (averaging well above 70-80). Even when Nobelium is -1, it remains a reliable choice compared to Button 0 which has yielded lower returns in recent trials.",46,D,C,B,A
15,LLM_Gemini_3_Flash,42,1,-1,1,1,C,0,exploit,0,"Based on historical data, button 1 consistently yields higher rewards when Nobelium is 1, regardless of Mercury's state. Button 1 is the most profitable choice in this context.",50,D,C,B,A
15,LLM_Gemini_3_Flash,43,-1,1,1,1,C,1,exploit,0,"Button 1 consistently yields high rewards when Nobelium is 1, regardless of the Mercury or Krypton state, with reward values often exceeding 75 in those conditions. In the current context (Mercury: -1, Krypton: 1, Nobelium: 1), Button 1 is the highest performing option based on the history.",87,D,C,B,A
15,LLM_Gemini_3_Flash,44,1,1,-1,0,D,0,exploit,0,"Based on historical data, Button 1 yields significantly higher rewards when Krypton is 1 or Nobelium is 1, but it performs poorly when Mercury=1 and Krypton=1. Since the current context has Mercury=1, Krypton=1, and Nobelium=-1, Button 1 is expected to yield low rewards. Button 0 has shown more consistent results for Mercury=1, making it the safer exploit choice here.",47,D,C,B,A
15,LLM_Gemini_3_Flash,45,1,-1,1,1,C,0,exploit,0,"Based on historical data, button 1 consistently yields higher rewards than button 0, especially when Nobelium is 1. Although button 1 shows some variance, it remains the most reliable performer in this context (Mercury=1, Krypton=-1, Nobelium=1).",47,D,C,B,A
15,LLM_Gemini_3_Flash,46,-1,-1,1,1,C,1,exploit,0,"Button 1 has consistently shown high reward potential when Nobelium is 1, particularly when Krypton is -1 or 1. Given the context (Mercury: -1, Krypton: -1, Nobelium: 1), Button 1 has performed very strongly in similar configurations (trial 27, 29, 32, 37).",89,D,C,B,A
15,LLM_Gemini_3_Flash,47,1,1,-1,0,D,0,exploit,0,"Historically, Button 1 performs best when Krypton is 1 or Nobelium is 1. Button 0 has shown higher consistency when Mercury is 1 and Krypton is 1. Given the current context (Mercury: 1, Krypton: 1, Nobelium: -1), Button 0 has historically yielded reasonable returns compared to Button 1, which performs poorly under these specific conditions (Trial 11 reward of 26).",52,D,C,B,A
15,LLM_Gemini_3_Flash,48,-1,1,1,1,C,1,exploit,0,"Based on the historical data, Button 1 consistently provides high rewards when Nobelium is 1, regardless of the Mercury or Krypton signals. Since the current context has Nobelium = 1, Button 1 is the most reliable choice for maximizing reward.",78,D,C,B,A
15,LLM_Gemini_3_Flash,49,-1,1,1,1,C,1,exploit,0,"Based on the history, button 1 consistently yields high rewards when Nobelium is 1, regardless of the other signals, especially compared to button 0 which has shown lower average returns. Given the current context (Mercury: -1, Krypton: 1, Nobelium: 1), button 1 is the statistically superior choice.",85,D,C,B,A
15,LLM_Gemini_3_Flash,50,-1,1,-1,1,C,0,exploit,0,"Based on the historical data, button 1 consistently yields higher rewards when the context involves Krypton or Nobelium, particularly when Nobelium is 1. Button 1 has consistently outperformed button 0 across various contexts. In the current context (Mercury -1, Krypton 1, Nobelium -1), button 1 has historically shown stable and competitive performance.",43,D,C,B,A
16,LLM_Gemini_3_Flash,1,-1,1,1,0,C,1,explore,1,"Since there is no prior history, I have no information about the reward functions of the buttons. I am choosing button 0 to establish a baseline for the current context (Mercury: -1, Krypton: 1, Nobelium: 1).",77,C,A,D,B
16,LLM_Gemini_3_Flash,2,1,-1,1,1,A,1,explore,1,"I have only tested button 0 once. To determine which button offers the highest reward for the current context (Mercury 1, Krypton -1, Nobelium 1), I need to explore other buttons to gather data on their reward functions.",74,C,A,D,B
16,LLM_Gemini_3_Flash,3,-1,1,1,0,C,1,exploit,0,"In trial 1, with the same context (-1, 1, 1), button 0 returned a high reward of 77. Given that this is a repeated context, exploiting button 0 is the most logical strategy to maximize profit.",89,C,A,D,B
16,LLM_Gemini_3_Flash,4,1,1,-1,0,C,0,exploit,0,"Button 0 has consistently yielded high rewards (77 and 89) in previous trials. Even though the context is different, I will exploit button 0 to capitalize on its high historical performance while I continue to observe its sensitivity to context signals.",10,C,A,D,B
16,LLM_Gemini_3_Flash,5,-1,-1,1,1,A,0,explore,1,"Button 0 has shown high volatility, yielding 77 and 89 when Krypton and Nobelium are high, but crashing to 10 when Krypton is 1 and Nobelium is -1. Button 1 performed decently (74) in its only trial. I need to explore Button 1 or others to find a more stable or higher-reward option, especially since the current context (Mercury -1, Krypton -1, Nobelium 1) is significantly different from previous states.",49,C,A,D,B
16,LLM_Gemini_3_Flash,6,1,1,-1,1,A,0,explore,1,"Button 0 performed poorly in the current context (Mercury:1, Krypton:1, Nobelium:-1) with a reward of only 10, whereas Button 1 yielded 74 and 49 in other contexts. Since I have not tested Buttons 2 or 3 yet, and the performance on 1 has been relatively stable, I will explore Button 1 to further compare it against the previously identified low-performing Button 0.",54,C,A,D,B
16,LLM_Gemini_3_Flash,7,-1,-1,1,2,D,0,explore,1,"Button 0 has shown high rewards with Krypton/Nobelium active but poor rewards when they are off. Button 1 has a moderate baseline. Since I haven't tested buttons 2 and 3 at all, I am exploring button 2 to gather data on its reward distribution.",56,C,A,D,B
16,LLM_Gemini_3_Flash,8,1,-1,1,1,A,1,exploit,0,"In trial 2, the exact same context (Mercury 1, Krypton -1, Nobelium 1) was observed, and button 1 yielded a reward of 74, which is a relatively strong performance compared to other observations. Given the lack of data for button 3 and the mediocre results for 0 and 2 in similar contexts, exploiting button 1 is the most rational choice.",75,C,A,D,B
16,LLM_Gemini_3_Flash,9,-1,1,1,0,C,1,exploit,0,"Button 0 has shown high rewards (77 and 89) under the exact same context (Mercury: -1, Krypton: 1, Nobelium: 1) compared to other buttons, suggesting it is the optimal choice for this specific signal configuration.",91,C,A,D,B
16,LLM_Gemini_3_Flash,10,1,-1,1,1,A,1,exploit,0,"In trial 2 and trial 8, the context (Mercury: 1, Krypton: -1, Nobelium: 1) yielded reward values of 74 and 75 for button 1. Button 0 showed poor performance when Krypton was 1, and button 2 has limited data, making button 1 the most reliable choice for this specific context.",79,C,A,D,B
16,LLM_Gemini_3_Flash,11,1,1,-1,1,A,0,exploit,0,"Button 1 has consistently yielded higher rewards in contexts involving Mercury = 1. Specifically, in trials 6, 8, and 10, Button 1 performed well when Mercury was 1, significantly outperforming Button 0 in similar scenarios like trial 4.",48,C,A,D,B
16,LLM_Gemini_3_Flash,12,-1,1,-1,1,A,0,exploit,0,"Button 1 has consistently shown strong performance (rewards 74, 49, 54, 75, 79, 48) across varying contexts. Given the current context (Mercury: -1, Krypton: 1, Nobelium: -1), button 1 is the most reliable choice based on historical data patterns.",21,C,A,D,B
16,LLM_Gemini_3_Flash,13,1,1,-1,1,A,0,exploit,0,"In trials 6 and 11, with the context (Mercury: 1, Krypton: 1, Nobelium: -1), button 1 yielded consistent rewards (54 and 48), whereas button 0 yielded a very low reward (10) in trial 4 under the same context. Button 1 is the most reliable option for this context.",50,C,A,D,B
16,LLM_Gemini_3_Flash,14,1,-1,-1,1,A,1,exploit,0,"Button 1 has consistently shown strong performance across varied contexts, particularly when Mercury is 1, yielding high rewards (74, 75, 79). Button 0 has shown high variance and poor performance in contexts where Mercury and Krypton are 1 (reward 10). Given the current context (Mercury: 1, Krypton: -1, Nobelium: -1), Button 1 is the most reliable choice based on the observed data.",80,C,A,D,B
16,LLM_Gemini_3_Flash,15,-1,-1,1,2,D,0,exploit,0,"In trial 7, with the same context (-1, -1, 1), button 2 yielded a reward of 56. Button 1 has shown a strong preference for Mercury=1 or Krypton=-1, but performed poorly (49) in this specific context in trial 5. Button 0 performs best when Krypton is 1. Given the limited data and the moderate success of button 2 in this context, it appears to be the safest choice while button 3 remains untested.",50,C,A,D,B
16,LLM_Gemini_3_Flash,16,1,-1,1,1,A,1,exploit,0,"In trials 2, 8, and 10 with the context Mercury=1, Krypton=-1, Nobelium=1, button 1 yielded high rewards of 74, 75, and 79. Given the current context matches this pattern, button 1 is the most reliable choice.",78,C,A,D,B
16,LLM_Gemini_3_Flash,17,-1,1,-1,1,A,0,exploit,0,"Button 1 has consistently yielded high rewards when Krypton is -1, regardless of other factors, reaching rewards as high as 80. Given the current context (Mercury: -1, Krypton: 1, Nobelium: -1), I acknowledge Button 1 performed poorly (21) when Mercury and Nobelium were -1 previously, but it remains the most reliable performer in my history compared to the others.",21,C,A,D,B
16,LLM_Gemini_3_Flash,18,-1,-1,1,2,D,0,exploit,0,"In trials 7 and 15, button 2 was tested with the current context (Mercury -1, Krypton -1, Nobelium 1) and yielded reasonable rewards (56 and 50). Button 1 performs significantly worse when Nobelium is 1 and Krypton/Mercury are -1 compared to when Krypton is -1 or Mercury is 1. Button 2 remains the most consistent choice identified so far for this specific state.",51,C,A,D,B
16,LLM_Gemini_3_Flash,19,-1,1,1,0,C,1,exploit,0,"Button 0 has demonstrated very high rewards (77, 89, 91) in the current context (Mercury: -1, Krypton: 1, Nobelium: 1), making it the optimal choice for exploitation.",82,C,A,D,B
16,LLM_Gemini_3_Flash,20,-1,1,1,0,C,1,exploit,0,"Button 0 has consistently delivered high rewards (77, 89, 91, 82) whenever the context matches the current one (Mercury: -1, Krypton: 1, Nobelium: 1). This suggests it is the optimal choice for this specific signal configuration.",78,C,A,D,B
16,LLM_Gemini_3_Flash,21,1,1,-1,1,A,0,exploit,0,"Looking at the history, button 1 consistently yields higher rewards (around 50) when Mercury=1 and Krypton=1, whereas button 0 performs poorly in this specific context (trial 4, reward 10). Button 1 has shown reliable performance across varied conditions, and given the current context of (1, 1, -1), it remains the most stable choice compared to the others observed.",46,C,A,D,B
16,LLM_Gemini_3_Flash,22,-1,1,1,0,C,1,exploit,0,"Button 0 has consistently produced high rewards (ranging from 77 to 91) whenever the context matches Mercury: -1, Krypton: 1, Nobelium: 1. This current context matches those signals exactly, making button 0 the clear choice for exploitation.",82,C,A,D,B
16,LLM_Gemini_3_Flash,23,-1,-1,1,2,D,0,explore,1,"Button 0 performs well when Krypton is 1. Button 1 performs well when Krypton is -1 or Mercury is 1. With context M=-1, K=-1, N=1, Button 1 yielded 49 and Button 2 yielded 56 and 51 in the same context previously. I will explore Button 2 further as it currently holds the highest observed reward for this specific context.",59,C,A,D,B
16,LLM_Gemini_3_Flash,24,-1,-1,1,2,D,0,exploit,0,"Based on the trials where the context was Mercury=-1, Krypton=-1, Nobelium=1, Button 2 consistently yielded rewards around 55, while Button 1 in the same context yielded 49. As Button 2 is the most promising for this specific context, I am exploiting it.",42,C,A,D,B
16,LLM_Gemini_3_Flash,25,1,-1,-1,1,A,1,exploit,0,"Based on historical data (trial 14), button 1 yields a high reward of 80 when the context is Mercury: 1, Krypton: -1, Nobelium: -1, which matches the current context.",80,C,A,D,B
16,LLM_Gemini_3_Flash,26,1,1,-1,1,A,0,exploit,0,"Based on the observed history, Button 1 shows consistently high performance (rewards 46-80) when Mercury is 1 and Krypton is 1, even when Nobelium is -1 (rewards observed were 54, 48, 50, 46). Button 0 performs poorly in this context (reward 10 in trial 4). Button 2 appears linked to the (Mercury: -1, Krypton: -1, Nobelium: 1) context. Therefore, choosing Button 1 is the most reliable strategy for the current context.",50,C,A,D,B
16,LLM_Gemini_3_Flash,27,-1,1,-1,1,A,0,exploit,0,"Button 1 has shown a strong correlation with low Krypton signals (-1), consistently yielding rewards around 75-80 when Krypton is -1, regardless of Mercury. Given the current context has Krypton -1, choosing button 1 is the most reliable strategy based on past performance.",14,C,A,D,B
16,LLM_Gemini_3_Flash,28,1,-1,1,1,A,1,exploit,0,"Button 1 has consistently yielded high rewards (74, 75, 79, 78, 80) when Mercury is 1, regardless of Krypton, and it is currently the best performing option for this context.",81,C,A,D,B
16,LLM_Gemini_3_Flash,29,-1,1,-1,1,A,0,exploit,0,"Based on historical data, button 1 consistently yields high rewards when Krypton is -1, regardless of the Mercury value, averaging around 75-80. Given the current context where Krypton is 1, however, button 1 has consistently shown low rewards (around 14-21) when Nobelium is -1. Button 3 has never been tried and could be an exploratory target, but given the strong performance of button 1 in previous contexts where Krypton was -1, I will continue to exploit the established patterns for this context.",28,C,A,D,B
16,LLM_Gemini_3_Flash,30,-1,-1,1,2,D,0,exploit,0,"Button 2 has consistently provided moderate rewards in the specific context where Mercury=-1, Krypton=-1, and Nobelium=1. Button 0 is strong when Krypton=1, and Button 1 is strong when Mercury=1, but neither has performed optimally in the current specific configuration. Therefore, exploiting the observed trend for Button 2 is the best strategy.",60,C,A,D,B
16,LLM_Gemini_3_Flash,31,-1,1,-1,1,A,0,exploit,0,"Button 1 consistently performs well when Mercury is 1 (average ~75-80), but poorly when Mercury is -1 (average ~20). Given that Button 0 performs best with Mercury -1/Krypton 1/Nobelium 1, and Button 2 is moderate with Mercury -1/Krypton -1/Nobelium 1, I am checking the performance of Button 1 for context (-1, 1, -1) to see if it remains poor, but historically it has been consistently high for positive Mercury contexts. Since Mercury is -1 here, I am exploring Button 1's behavior again under this negative Mercury condition to verify if it is indeed low or if there's an interaction I missed.",24,C,A,D,B
16,LLM_Gemini_3_Flash,32,-1,-1,1,2,D,0,exploit,0,"Based on previous trials (5, 7, 15, 18, 23, 24, 30), button 2 consistently yields rewards between 42-60 when Mercury=-1, Krypton=-1, and Nobelium=1. Button 1 is highly context-dependent (rewards 75-81 when Mercury=1, but 14-28 when Mercury=-1, Krypton=1), suggesting it is not optimal for this context. Button 2 remains the most reliable performer in this specific signal configuration.",41,C,A,D,B
16,LLM_Gemini_3_Flash,33,-1,-1,1,2,D,0,exploit,0,"Based on historical data, button 2 consistently performs better than other options when the context is Mercury -1, Krypton -1, and Nobelium 1 (trials 7, 15, 18, 23, 24, 30, 32). In this context, it is the most reliable choice.",49,C,A,D,B
16,LLM_Gemini_3_Flash,34,-1,-1,1,2,D,0,exploit,0,"Button 2 has been consistently tested in the context Mercury: -1, Krypton: -1, Nobelium: 1, yielding moderate to high rewards (41-60). Given that button 1 performed poorly (49) in this same context in trial 5 and button 0 is highly dependent on Krypton being 1, button 2 remains the most reliable choice for this specific context.",51,C,A,D,B
16,LLM_Gemini_3_Flash,35,-1,1,-1,1,A,0,exploit,0,"Button 1 is highly sensitive to Mercury and Krypton. It consistently provides high rewards when Mercury is 1 and Krypton is -1 (averaging ~78). Although the current context (Mercury: -1, Krypton: 1, Nobelium: -1) has been poor for Button 1 in previous tests (averaging ~23), the historical data suggests Button 0 is linked to Nobelium: 1 and Button 2 is linked to Nobelium: 1. With the current context lacking a strong candidate, and Button 1 having the most data, I am choosing the action that aligns with the current observations.",24,C,A,D,B
16,LLM_Gemini_3_Flash,36,1,-1,1,1,A,1,exploit,0,"Looking at the historical data, button 1 consistently yields high rewards (around 75-81) when Mercury is 1 and Krypton is -1, regardless of Nobelium. Since the current context has Mercury: 1 and Krypton: -1, button 1 is the statistically optimal choice.",84,C,A,D,B
16,LLM_Gemini_3_Flash,37,1,-1,-1,1,A,1,exploit,0,"Based on historical data (trials 14, 25, 28, 36), button 1 consistently yields high rewards (approx 80-84) when Mercury is 1 and Krypton is -1, regardless of the Nobelium value.",81,C,A,D,B
16,LLM_Gemini_3_Flash,38,1,-1,-1,1,A,1,exploit,0,"Based on the history, button 1 consistently yields high rewards (around 80) when Mercury is 1 and Krypton is -1, regardless of the Nobelium signal. In trial 14, 25, and 37, button 1 gave approximately 80-81 when Mercury=1, Krypton=-1, and Nobelium=-1. Therefore, button 1 is the optimal choice.",89,C,A,D,B
16,LLM_Gemini_3_Flash,39,-1,1,1,0,C,1,exploit,0,"Based on the historical data for the context (Mercury -1, Krypton 1, Nobelium 1), Button 0 consistently provides high rewards (averaging ~81.5), significantly outperforming Button 1 in this specific state.",86,C,A,D,B
16,LLM_Gemini_3_Flash,40,-1,-1,1,2,D,0,exploit,0,"Button 2 consistently performs better than Button 1 when Mercury is -1 and Krypton is -1. While Button 0 is strong when Nobelium is 1 and Krypton is 1, the evidence shows Button 2 is the reliable choice for the current -1, -1, 1 context.",47,C,A,D,B
16,LLM_Gemini_3_Flash,41,-1,-1,1,2,D,0,exploit,0,"Based on historical data for the context (Mercury: -1, Krypton: -1, Nobelium: 1), Button 2 has consistently provided moderate rewards, whereas Button 1 and Button 0 are clearly optimized for other contexts (e.g., Button 1 is best when Mercury is 1 and Krypton is -1; Button 0 is best when Krypton is 1 and Nobelium is 1). I am exploiting the consistent performance of Button 2 for this specific context.",57,C,A,D,B
16,LLM_Gemini_3_Flash,42,1,-1,1,1,A,1,exploit,0,"Based on historical data, button 1 consistently yields high rewards (~75-89) when Mercury is 1 and Krypton is -1, regardless of Nobelium. The current context matches this condition perfectly.",81,C,A,D,B
16,LLM_Gemini_3_Flash,43,1,-1,-1,1,A,1,exploit,0,"Based on historical data, button 1 consistently yields high rewards (around 80-90) when the Mercury signal is 1 and the Krypton signal is -1, regardless of the Nobelium signal. The current context (Mercury: 1, Krypton: -1, Nobelium: -1) fits this high-performance pattern for button 1.",80,C,A,D,B
16,LLM_Gemini_3_Flash,44,-1,1,-1,1,A,0,exploit,0,"Based on historical data, button 1 shows high performance (70-90 range) specifically when Krypton is -1, regardless of the values of Mercury or Nobelium. Since the current context has Krypton = -1, button 1 is the most reliable choice for maximizing the expected reward.",22,C,A,D,B
16,LLM_Gemini_3_Flash,45,1,-1,-1,1,A,1,exploit,0,"Based on historical data, button 1 yields high rewards (around 80) consistently when Mercury is 1 and Krypton is -1, regardless of the Nobelium signal. Since the current context is Mercury: 1, Krypton: -1, Nobelium: -1, button 1 is the optimal choice.",74,C,A,D,B
16,LLM_Gemini_3_Flash,46,-1,1,1,0,C,1,exploit,0,"Based on historical data, button 0 consistently provides high rewards (averaging ~83) when Mercury is -1, Krypton is 1, and Nobelium is 1. This matches the current context.",79,C,A,D,B
16,LLM_Gemini_3_Flash,47,1,-1,-1,1,A,1,exploit,0,"Based on the historical data, Button 1 consistently yields high rewards (70s-80s) when Mercury is 1 and Krypton is -1, regardless of the Nobelium signal. The current context (Mercury: 1, Krypton: -1, Nobelium: -1) perfectly matches this high-performing profile for Button 1.",76,C,A,D,B
16,LLM_Gemini_3_Flash,48,1,-1,1,1,A,1,exploit,0,"Button 1 consistently yields high rewards (70-80+) when Krypton is -1, regardless of the Mercury or Nobelium state. Since the current context has Krypton: -1, Button 1 is the statistically optimal choice.",80,C,A,D,B
16,LLM_Gemini_3_Flash,49,-1,1,1,0,C,1,exploit,0,"Based on historical data, Button 0 consistently provides high rewards (77-91) when Mercury is -1, Krypton is 1, and Nobelium is 1. All previous trials with this context resulted in significant payouts for Button 0.",80,C,A,D,B
16,LLM_Gemini_3_Flash,50,1,-1,1,1,A,1,exploit,0,"Based on historical data, button 1 consistently yields high rewards (70-80+) when Krypton is -1, regardless of the Mercury or Nobelium signals, outperforming other buttons under this specific condition.",83,C,A,D,B
17,LLM_Gemini_3_Flash,1,-1,-1,1,0,D,0,explore,1,"This is the first trial, so I have no prior history to determine the reward functions. I am starting by exploring button 0 to establish a baseline for the reward in the current context.",41,D,C,B,A
17,LLM_Gemini_3_Flash,2,-1,1,-1,1,C,0,explore,1,"Since I only have one data point from trial 1, I have insufficient information to determine the reward functions. I am choosing button 1 to begin mapping the rewards for the current context.",51,D,C,B,A
17,LLM_Gemini_3_Flash,3,1,1,-1,2,B,1,explore,1,"I have limited data from only two trials on buttons 0 and 1. I need to explore button 2 to begin establishing its performance profile relative to the Mercury, Krypton, and Nobelium signals.",75,D,C,B,A
17,LLM_Gemini_3_Flash,4,1,1,-1,2,B,1,exploit,0,"In trial 3, with the same context (Mercury: 1, Krypton: 1, Nobelium: -1), button 2 provided a high reward of 75. Given this success, I am choosing to exploit this known high-performing arm for the current context.",78,D,C,B,A
17,LLM_Gemini_3_Flash,5,1,-1,1,3,A,1,explore,1,"Button 2 showed high performance when Mercury and Krypton were 1, but this context has Krypton as -1. Previous trials haven't sampled Button 3, so exploring it is necessary to identify if it performs better under the current (1, -1, 1) context.",85,D,C,B,A
17,LLM_Gemini_3_Flash,6,-1,-1,1,0,D,0,exploit,0,"In Trial 1, button 0 returned a reward of 41 in the current context (Mercury -1, Krypton -1, Nobelium 1). Given limited information on others in this specific context, I am choosing the known baseline for this configuration to maximize potential gain.",50,D,C,B,A
17,LLM_Gemini_3_Flash,7,-1,1,1,1,C,1,exploit,0,"Button 1 yielded a reward of 51 when Krypton was 1 and Mercury/Nobelium were -1. Given the current context where Krypton is 1, choosing button 1 appears to be a strong candidate for exploitation based on the observed correlation between Krypton and reward magnitude.",80,D,C,B,A
17,LLM_Gemini_3_Flash,8,1,-1,-1,3,A,1,explore,1,"Button 3 showed a high reward of 85 in trial 5 when Mercury=1 and Nobelium=1. Since the current context (Mercury=1, Krypton=-1, Nobelium=-1) is different, but Button 3 has not been tested enough under various contexts, I am selecting it to gather more data on its potential performance.",79,D,C,B,A
17,LLM_Gemini_3_Flash,9,1,-1,-1,3,A,1,exploit,0,"In trial 8, with the same context (Mercury: 1, Krypton: -1, Nobelium: -1), button 3 yielded a reward of 79. This is the highest reward observed for this specific context, suggesting button 3 is optimized for this configuration.",83,D,C,B,A
17,LLM_Gemini_3_Flash,10,-1,1,1,1,C,1,exploit,0,"Button 1 showed a reward of 80 in trial 7 with the same context as the current one (-1, 1, 1). This is significantly higher than other buttons in similar contexts, suggesting it is the optimal choice for this specific signal configuration.",78,D,C,B,A
17,LLM_Gemini_3_Flash,11,-1,-1,1,0,D,0,exploit,0,"In trials 1 and 6, when Mercury and Krypton were both -1 and Nobelium was 1, button 0 returned rewards of 41 and 50. Given the current context is identical (M:-1, K:-1, N:1), and comparing this against previous results for other buttons in different contexts, I am prioritizing exploiting the known consistent performance of button 0 in this specific signal configuration.",48,D,C,B,A
17,LLM_Gemini_3_Flash,12,1,-1,-1,3,A,1,exploit,0,"Button 3 has consistently yielded high rewards (79, 83, 85) in contexts where Mercury is 1, regardless of the other signals. Given the current context (Mercury: 1, Krypton: -1, Nobelium: -1), choosing button 3 is the most reliable strategy based on past performance.",97,D,C,B,A
17,LLM_Gemini_3_Flash,13,1,-1,-1,3,A,1,exploit,0,"Button 3 has consistently yielded high rewards (79, 83, 97) in contexts where Mercury is 1, Krypton is -1, and Nobelium is -1. Given the current context matches these parameters perfectly, exploiting button 3 is the most profitable strategy.",76,D,C,B,A
17,LLM_Gemini_3_Flash,14,-1,1,-1,1,C,0,exploit,0,"Based on the trial history, button 1 shows high performance when Krypton is 1. Specifically, in trials 2, 7, and 10, button 1 yielded consistent, strong rewards (51, 80, 78) when Krypton was 1, regardless of the other signals. Given the current context where Krypton is 1, button 1 remains the optimal choice.",52,D,C,B,A
17,LLM_Gemini_3_Flash,15,-1,-1,1,0,D,0,exploit,0,"Based on historical data for context (Mercury: -1, Krypton: -1, Nobelium: 1), Button 0 has consistently yielded rewards in the 41-50 range. While this is lower than the rewards seen for other buttons in different contexts, it is the only arm tested repeatedly for this specific context, and I am exploiting that known baseline.",52,D,C,B,A
17,LLM_Gemini_3_Flash,16,1,-1,1,3,A,1,exploit,0,"Trial 5 with context Mercury:1, Krypton:-1, Nobelium:1 resulted in a high reward (85) for button 3. My analysis shows button 3 performs exceptionally well when Mercury is 1 and Krypton is -1, regardless of Nobelium. Since the current context matches this high-performing state, I am exploiting this observation.",76,D,C,B,A
17,LLM_Gemini_3_Flash,17,-1,-1,1,0,D,0,exploit,0,"Based on the trials where context was (-1, -1, 1), button 0 consistently yielded rewards in the 40-50 range, while other options have historically underperformed or shown lower potential for this specific combination. I am exploiting the established baseline for button 0 in this context.",48,D,C,B,A
17,LLM_Gemini_3_Flash,18,1,-1,-1,3,A,1,exploit,0,"Button 3 has consistently yielded high rewards (76-97) when Mercury is 1 and Krypton is -1, regardless of the Nobelium signal. The historical performance for button 3 under this context is superior to the other buttons.",77,D,C,B,A
17,LLM_Gemini_3_Flash,19,-1,1,-1,1,C,0,exploit,0,"Button 1 has consistently yielded rewards when Krypton is 1, even if they are lower than the performance of button 3 in other contexts. Since Mercury is -1 and Krypton is 1, button 1 is the most historically validated option for this specific configuration.",47,D,C,B,A
17,LLM_Gemini_3_Flash,20,1,1,-1,2,B,1,exploit,0,"Based on trials 3 and 4, button 2 yielded high rewards (75 and 78) when the context was Mercury: 1, Krypton: 1, Nobelium: -1. This matches the current context perfectly, and it is the only button tested under these specific conditions so far, showing strong potential compared to other alternatives.",69,D,C,B,A
17,LLM_Gemini_3_Flash,21,1,1,-1,2,B,1,exploit,0,"Based on historical data, button 2 has consistently provided high rewards (around 70-78) when Mercury and Krypton are 1 and Nobelium is -1. This specific context was observed in trials 3, 4, and 20, confirming that button 2 is the most effective choice under these conditions.",76,D,C,B,A
17,LLM_Gemini_3_Flash,22,1,-1,1,3,A,1,exploit,0,"Button 3 has consistently provided high rewards when Mercury is 1 and Krypton is -1, regardless of Nobelium. In trial 5 and 16, with the current context (Mercury: 1, Krypton: -1, Nobelium: 1), button 3 yielded 85 and 76 respectively, which is significantly better than other options observed under similar conditions.",83,D,C,B,A
17,LLM_Gemini_3_Flash,23,-1,1,-1,1,C,0,exploit,0,"Based on historical data (Trial 2, 14, 19), button 1 has been consistently tested when the context is Mercury -1, Krypton 1, Nobelium -1. While the rewards have been moderate (ranging from 47 to 52), it is the only button for which we have established a pattern for this specific context.",55,D,C,B,A
17,LLM_Gemini_3_Flash,24,-1,1,1,1,C,1,exploit,0,"Based on historical data (Trials 7, 10), Button 1 consistently performs well (averaging ~79) when Mercury is -1, Krypton is 1, and Nobelium is 1. The current context matches this configuration perfectly.",76,D,C,B,A
17,LLM_Gemini_3_Flash,25,1,-1,-1,3,A,1,exploit,0,"Button 3 has consistently yielded high rewards (averaging around 80+) when Mercury is 1 and Krypton is -1, regardless of Nobelium. The current context matches this profile (Mercury=1, Krypton=-1, Nobelium=-1).",78,D,C,B,A
17,LLM_Gemini_3_Flash,26,-1,1,1,1,C,1,exploit,0,"Looking at the history, button 1 consistently yields high rewards (78, 80, 76) when Krypton and Nobelium are both 1 (Mercury: -1, Krypton: 1, Nobelium: 1). This is the best performing button for the current context.",78,D,C,B,A
17,LLM_Gemini_3_Flash,27,1,-1,-1,3,A,1,exploit,0,"In the current context (Mercury: 1, Krypton: -1, Nobelium: -1), button 3 has consistently provided high rewards (averaging around 80) across multiple trials with identical or very similar context signals. No other button shows higher performance for these specific conditions.",82,D,C,B,A
17,LLM_Gemini_3_Flash,28,-1,-1,1,0,D,0,exploit,0,"Based on historical data, button 0 is consistently chosen when the context is Mercury -1, Krypton -1, Nobelium 1, yielding consistent rewards around 45-50. Since this configuration matches the current context, and exploration of other buttons in this context hasn't been prioritized yet, I am choosing the most reliable option identified for these conditions.",41,D,C,B,A
17,LLM_Gemini_3_Flash,29,1,-1,-1,3,A,1,exploit,0,"Based on the historical data, button 3 consistently yields high rewards (ranging from 76 to 97) when the context is Mercury: 1, Krypton: -1, regardless of the Nobelium value. This matches the current context.",79,D,C,B,A
17,LLM_Gemini_3_Flash,30,1,1,-1,2,B,1,exploit,0,"Based on historical data for context (Mercury=1, Krypton=1, Nobelium=-1), button 2 consistently yields rewards in the 69-78 range, which is superior to the performance of other buttons under these specific conditions.",81,D,C,B,A
17,LLM_Gemini_3_Flash,31,1,-1,1,3,A,1,exploit,0,"Button 3 has consistently performed well when Mercury is 1 and Krypton is -1, regardless of Nobelium. Given the current context (1, -1, 1), Button 3 is the most reliable choice based on historical rewards.",78,D,C,B,A
17,LLM_Gemini_3_Flash,32,-1,-1,1,0,D,0,exploit,0,"Based on the history, button 0 has consistently been the only option tried when the context is Mercury: -1, Krypton: -1, Nobelium: 1. While its observed rewards are lower than other buttons in different contexts, it is the established choice for this specific context configuration.",51,D,C,B,A
17,LLM_Gemini_3_Flash,33,1,-1,1,3,A,1,exploit,0,"Based on the history, button 3 consistently yields high rewards (76-97) when the context includes Mercury=1 and Krypton=-1, regardless of Nobelium. In the current context (Mercury: 1, Krypton: -1, Nobelium: 1), button 3 has historically performed very well.",85,D,C,B,A
17,LLM_Gemini_3_Flash,34,1,-1,1,3,A,1,exploit,0,"Based on historical data, button 3 consistently yields high rewards (76-97 range) when Mercury is 1 and Nobelium is 1, regardless of Krypton's state. Button 3 remains the optimal choice for the current context (Mercury: 1, Krypton: -1, Nobelium: 1).",82,D,C,B,A
17,LLM_Gemini_3_Flash,35,-1,1,-1,1,C,0,exploit,0,"Based on historical data, button 1 consistently yields rewards in the 47-55 range when Mercury=-1 and Krypton=1, regardless of Nobelium. While this isn't as high as button 3's performance in other contexts, it is the highest performing and most frequent button choice observed in the specific context Mercury=-1, Krypton=1, Nobelium=-1.",54,D,C,B,A
17,LLM_Gemini_3_Flash,36,1,1,-1,2,B,1,exploit,0,"Historical data for context (Mercury: 1, Krypton: 1, Nobelium: -1) consistently shows that Button 2 provides strong rewards (75, 78, 69, 76, 81), significantly outperforming other buttons under this specific set of signals.",76,D,C,B,A
17,LLM_Gemini_3_Flash,37,-1,1,-1,1,C,0,exploit,0,"Based on historical data, button 1 consistently yields rewards in the range of 47-55 when Krypton is 1 and Mercury is -1, regardless of Nobelium. Since Button 3 performs poorly when Mercury is -1, and Button 2 is correlated with Mercury=1, Button 1 is the optimal choice for the current context.",36,D,C,B,A
17,LLM_Gemini_3_Flash,38,-1,1,1,1,C,1,exploit,0,"Based on historical data, button 1 consistently yields higher rewards (~76-80) when Krypton=1 and Nobelium=1, regardless of the Mercury signal. With the current context being Mercury=-1, Krypton=1, Nobelium=1, button 1 is the most reliable choice.",76,D,C,B,A
17,LLM_Gemini_3_Flash,39,1,-1,-1,3,A,1,exploit,0,"Based on the history, button 3 consistently yields high rewards (76-97 range) whenever Mercury is 1, regardless of the other signals. Since the current context has Mercury at 1, choosing button 3 is the most reliable strategy for maximizing profit.",77,D,C,B,A
17,LLM_Gemini_3_Flash,40,1,-1,-1,3,A,1,exploit,0,"The current context is Mercury: 1, Krypton: -1, Nobelium: -1. In previous trials with this exact context (trials 8, 9, 12, 13, 18, 25, 27, 29, 39), button 3 has consistently yielded high rewards ranging from 76 to 97, which is significantly higher than the average rewards observed for the other buttons in their respective contexts.",79,D,C,B,A
17,LLM_Gemini_3_Flash,41,1,1,-1,2,B,1,exploit,0,"Based on historical data, button 2 consistently yields high rewards (mid-70s to low-80s) when the context is (Mercury=1, Krypton=1, Nobelium=-1). Since the current context matches this, I am exploiting this known optimal choice.",80,D,C,B,A
17,LLM_Gemini_3_Flash,42,1,-1,-1,3,A,1,exploit,0,"The current context is Mercury: 1, Krypton: -1, Nobelium: -1. Based on historical data, button 3 consistently yields high rewards (averaging ~80) when Mercury is 1 and Krypton is -1, regardless of Nobelium. Button 3 has been the most reliable performer in this context.",80,D,C,B,A
17,LLM_Gemini_3_Flash,43,1,-1,1,3,A,1,exploit,0,"Based on historical data, button 3 consistently yields high rewards (76-97 range) when Mercury is 1 and Krypton is -1, regardless of the Nobelium value. This context (1, -1, 1) aligns perfectly with the optimal performance profile of button 3.",77,D,C,B,A
17,LLM_Gemini_3_Flash,44,-1,1,-1,1,C,0,exploit,0,"Based on historical data, button 1 rewards are high when Krypton is 1 (around 50-80). Specifically, for context Mercury -1, Krypton 1, Nobelium -1, button 1 has been consistently chosen and produces rewards in the 36-55 range. Given the current context matches this specific scenario, exploiting button 1 is the most consistent strategy based on the learned mapping.",41,D,C,B,A
17,LLM_Gemini_3_Flash,45,1,1,-1,2,B,1,exploit,0,"Based on historical data, button 2 consistently yields high rewards (typically 70-80+) when Mercury=1 and Krypton=1. The current context (Mercury: 1, Krypton: 1, Nobelium: -1) matches these conditions perfectly.",80,D,C,B,A
17,LLM_Gemini_3_Flash,46,-1,1,1,1,C,1,exploit,0,"Based on historical data for context (Mercury: -1, Krypton: 1, Nobelium: 1), button 1 consistently yields rewards in the 76-80 range. Since this context perfectly matches trial 7, 10, 24, 26, 38 where button 1 was successful, I will exploit this pattern.",76,D,C,B,A
17,LLM_Gemini_3_Flash,47,-1,1,-1,1,C,0,exploit,0,"Based on historical data, button 1 consistently yields higher rewards (mid-70s) when Krypton is 1, regardless of Nobelium, but rewards drop significantly (mid-40s) when Nobelium is -1. However, since the other buttons are consistently lower in this context (Mercury=-1, Krypton=1, Nobelium=-1) or have not shown superiority here, I am exploiting button 1.",56,D,C,B,A
17,LLM_Gemini_3_Flash,48,-1,1,1,1,C,1,exploit,0,"Button 1 has consistently yielded high rewards (mid to high 70s) when Mercury is -1 and Nobelium is 1, regardless of the Krypton signal status, whereas other buttons perform worse under these specific context conditions.",81,D,C,B,A
17,LLM_Gemini_3_Flash,49,1,-1,-1,3,A,1,exploit,0,"Button 3 has consistently provided high rewards (typically 76-97) whenever Mercury is 1, regardless of the other signals. Given the current context (Mercury: 1, Krypton: -1, Nobelium: -1), Button 3 is the historically highest-performing option for these signals.",81,D,C,B,A
17,LLM_Gemini_3_Flash,50,1,-1,-1,3,A,1,exploit,0,"Based on the historical data, button 3 consistently yields high rewards (typically 76-97) when Mercury is 1 and Krypton is -1, regardless of Nobelium. Given the current context (Mercury: 1, Krypton: -1, Nobelium: -1), button 3 is the historically optimal choice.",79,D,C,B,A
18,LLM_Gemini_3_Flash,1,-1,1,1,0,A,0,explore,1,"Since there is no previous history to deduce the reward functions, I am choosing button 0 to begin gathering data on the relationship between the context signals and the rewards.",15,A,D,C,B
18,LLM_Gemini_3_Flash,2,1,-1,-1,1,D,0,explore,1,"Since only one trial has been performed (button 0 yielded a reward of 15), there is insufficient data to map the reward functions for all buttons. I am choosing button 1 to gather information on its response to the current context signals (Mercury: 1, Krypton: -1, Nobelium: -1).",40,A,D,C,B
18,LLM_Gemini_3_Flash,3,1,-1,1,1,D,0,exploit,0,"In trial 2, the context was (1, -1, -1) and button 1 yielded a high reward of 40. Given the current context of (1, -1, 1), button 1 appears to be strongly positively correlated with Mercury (1) and negatively correlated with Krypton (-1), suggesting it is likely to remain high-performing.",62,A,D,C,B
18,LLM_Gemini_3_Flash,4,1,-1,1,1,D,0,exploit,0,"Button 1 has shown a strong positive correlation with Mercury=1 and Krypton=-1, yielding 40 and 62 in similar contexts. Given the current context (Mercury: 1, Krypton: -1, Nobelium: 1), Button 1 is the most promising candidate based on observed performance.",60,A,D,C,B
18,LLM_Gemini_3_Flash,5,-1,-1,1,1,D,0,exploit,0,"Button 1 has shown consistently high performance in trials 2, 3, and 4. Specifically, when Mercury is 1 and Krypton is -1, it yields high rewards. Given the current context where Krypton is -1 and Mercury is -1, I am choosing Button 1 to exploit its potential while continuing to gather data on the influence of Mercury on this button.",45,A,D,C,B
18,LLM_Gemini_3_Flash,6,-1,1,-1,1,D,0,exploit,0,"Button 1 has consistently yielded high rewards (40, 62, 60, 45) across various contexts, suggesting it may have a strong baseline or positive correlation with the signals. Given the limited history, it remains the most reliable option compared to the single trial result of 15 for button 0.",44,A,D,C,B
18,LLM_Gemini_3_Flash,7,1,1,-1,1,D,0,exploit,0,"Button 1 has consistently yielded the highest rewards across multiple contexts compared to the limited data on other buttons. Given the current context, I am choosing to exploit this known high-performing button.",58,A,D,C,B
18,LLM_Gemini_3_Flash,8,1,1,-1,1,D,0,exploit,0,"Button 1 has consistently yielded high rewards (40-62) across various contexts in trials 2 through 7. Specifically, in trial 7, which had the same Mercury and Krypton signals as the current context, Button 1 returned a reward of 58, indicating it is the optimal choice.",50,A,D,C,B
18,LLM_Gemini_3_Flash,9,1,-1,1,1,D,0,exploit,0,"Button 1 has consistently yielded high rewards across various contexts in the history, significantly outperforming the initial trial on Button 0. Given the consistent performance of Button 1 regardless of context fluctuations, it remains the statistically superior choice for the current context.",47,A,D,C,B
18,LLM_Gemini_3_Flash,10,1,-1,-1,1,D,0,exploit,0,"Button 1 has been consistently yielding high rewards (average 49-60 range) across various context combinations, including the current context (Trial 2). Since it performs well consistently, I am choosing to exploit it.",50,A,D,C,B
18,LLM_Gemini_3_Flash,11,-1,-1,1,1,D,0,exploit,0,"Button 1 has consistently yielded the highest rewards across various contexts in the history provided, appearing to be the most reliable option overall, including when the current context signals match previously observed settings.",51,A,D,C,B
18,LLM_Gemini_3_Flash,12,1,-1,1,1,D,0,exploit,0,"Button 1 has consistently yielded high rewards across a variety of contexts, suggesting it is a high-performing or potentially constant-high-reward option. Given the consistent performance observed in previous trials, I will continue to exploit button 1.",46,A,D,C,B
18,LLM_Gemini_3_Flash,13,1,-1,-1,1,D,0,exploit,0,"Button 1 has consistently yielded high rewards (40-62) across various context combinations, including the current context (Mercury: 1, Krypton: -1, Nobelium: -1), where it previously returned 50. Given the high performance and low variance, I will continue to exploit button 1.",54,A,D,C,B
18,LLM_Gemini_3_Flash,14,1,-1,1,1,D,0,exploit,0,"Button 1 has consistently yielded the highest rewards (ranging from 40-62) across a variety of contexts throughout the history, making it the most reliable choice given the current context of Mercury: 1, Krypton: -1, Nobelium: 1.",48,A,D,C,B
18,LLM_Gemini_3_Flash,15,1,-1,-1,1,D,0,exploit,0,"Button 1 has consistently yielded rewards around 40-60 regardless of the signals. In Trial 10, with the exact same context (1, -1, -1), Button 1 provided a reward of 50. Given it is the most reliable button explored so far, I am choosing to exploit it.",46,A,D,C,B
18,LLM_Gemini_3_Flash,16,1,-1,-1,1,D,0,exploit,0,"Button 1 has consistently yielded rewards around 40-60 regardless of the context fluctuations, suggesting it is a reliable choice for the current context (1, -1, -1) where it has already returned 50, 54, and 46 in similar scenarios.",47,A,D,C,B
18,LLM_Gemini_3_Flash,17,1,-1,1,1,D,0,exploit,0,"Button 1 has been consistently yielding high rewards (ranging from 40-62) across various contexts in the history. Given the current context (Mercury: 1, Krypton: -1, Nobelium: 1) is similar to previous trials where Button 1 was effective, I am exploiting this known performer.",51,A,D,C,B
18,LLM_Gemini_3_Flash,18,-1,1,-1,1,D,0,exploit,0,"Button 1 has shown consistent and high performance across all observed contexts throughout the trial history, consistently providing the highest baseline returns compared to the single attempt on button 0.",57,A,D,C,B
18,LLM_Gemini_3_Flash,19,-1,1,-1,1,D,0,exploit,0,"Button 1 has been tested extensively across various context combinations and consistently yields reliable positive rewards regardless of the input signals, making it the most statistically sound choice based on historical performance.",43,A,D,C,B
18,LLM_Gemini_3_Flash,20,1,1,-1,1,D,0,exploit,0,"Button 1 has been consistently yielding high rewards (typically between 40 and 60) across a variety of contexts in the historical data, making it the most reliable performer found so far.",44,A,D,C,B
18,LLM_Gemini_3_Flash,21,1,-1,-1,1,D,0,exploit,0,"Button 1 has been consistently tested and provides stable, high rewards across various context configurations, making it the most reliable choice given the current evidence.",54,A,D,C,B
18,LLM_Gemini_3_Flash,22,-1,-1,1,1,D,0,exploit,0,"Button 1 has consistently yielded relatively high rewards across a wide variety of contexts in the historical data, appearing to be the most reliable option despite the variations, so I am continuing to exploit this choice.",39,A,D,C,B
18,LLM_Gemini_3_Flash,23,-1,-1,1,1,D,0,exploit,0,"Button 1 has consistently yielded moderate-to-high rewards across various context combinations, and while I have limited data on buttons 0, 2, and 3, button 1's performance is stable enough to serve as the baseline for exploitation in this context.",58,A,D,C,B
18,LLM_Gemini_3_Flash,24,-1,1,1,1,D,0,exploit,0,"Button 1 has consistently provided stable, relatively high rewards across all observed contexts throughout the 23 trials, whereas Button 0 performed poorly in the only trial it was tested. Given the current context of Mercury=-1, Krypton=1, Nobelium=1, Button 1 remains the most reliable option.",46,A,D,C,B
18,LLM_Gemini_3_Flash,25,-1,1,-1,1,D,0,exploit,0,"Button 1 has consistently delivered strong rewards (averaging close to 50) across almost all observed context combinations, regardless of the variations in the Mercury, Krypton, and Nobelium signals, suggesting it is a robust and reliable choice compared to the limited data on other buttons.",53,A,D,C,B
18,LLM_Gemini_3_Flash,26,1,1,-1,1,D,0,exploit,0,"Button 1 has consistently provided decent rewards across various contexts in the history. Given the current context (Mercury: 1, Krypton: 1, Nobelium: -1), I have seen Button 1 return 58, 50, and 44, suggesting it is a reliable choice for this specific signal set.",49,A,D,C,B
18,LLM_Gemini_3_Flash,27,-1,-1,1,1,D,0,exploit,0,"Button 1 has consistently yielded competitive rewards across various contexts. Given that other buttons have been sparsely tested and showed lower performance in initial trials, continuing to exploit Button 1 is the most reliable strategy to maintain a high average reward.",53,A,D,C,B
18,LLM_Gemini_3_Flash,28,-1,-1,1,1,D,0,exploit,0,"Button 1 has consistently yielded moderate-to-high rewards (average around 50) across all variations of context signals observed so far. Given that I have almost exclusively tested button 1 throughout the history, I am exploiting this known reliable performer as there is no evidence that other buttons perform better.",53,A,D,C,B
18,LLM_Gemini_3_Flash,29,-1,-1,1,1,D,0,exploit,0,"Button 1 has consistently yielded relatively high rewards across various context combinations throughout the game. Since it appears to have a stable or high-base reward structure, exploiting button 1 is the most reliable strategy given the current context.",45,A,D,C,B
18,LLM_Gemini_3_Flash,30,1,-1,1,1,D,0,exploit,0,"Button 1 has been consistently yielding reliable returns (averaging around 50) across almost all observed context combinations, making it the most stable and high-performing option based on the history provided.",59,A,D,C,B
18,LLM_Gemini_3_Flash,31,1,-1,-1,1,D,0,exploit,0,"Button 1 has consistently yielded reliable rewards throughout the history across various contexts, suggesting it is a high-performing button. Given the current context (1, -1, -1), I will exploit this known reliable option.",51,A,D,C,B
18,LLM_Gemini_3_Flash,32,-1,1,-1,1,D,0,exploit,0,"Button 1 has consistently yielded solid returns across diverse context combinations throughout the game history. Given that it has performed reliably and the current context has been seen before (with button 1 yielding good results), I will continue to exploit it.",41,A,D,C,B
18,LLM_Gemini_3_Flash,33,-1,1,1,1,D,0,exploit,0,"Button 1 has consistently provided stable, moderate to high rewards across a wide range of context variations in the history. While Button 0 was tested once with a poor result, Button 1 has served as a reliable baseline with an average reward consistently near or above 50, making it the most logical choice for exploitation.",56,A,D,C,B
18,LLM_Gemini_3_Flash,34,-1,1,-1,1,D,0,exploit,0,"Button 1 has consistently yielded high rewards (averaging around 50) across all variations of context signals in the previous 33 trials, making it the most reliable choice. I am exploiting the consistent performance of Button 1.",44,A,D,C,B
18,LLM_Gemini_3_Flash,35,1,1,-1,1,D,0,exploit,0,"Based on the extensive history of trials where button 1 consistently returned stable rewards across various contexts, it remains the most reliable option while other buttons remain largely untested.",46,A,D,C,B
18,LLM_Gemini_3_Flash,36,-1,1,1,1,D,0,exploit,0,"Button 1 has consistently yielded reliable rewards (mostly in the 40-60 range) across various contexts throughout the 35 trials. Given the limited data on other buttons, it remains the most stable and high-performing option identified so far.",51,A,D,C,B
18,LLM_Gemini_3_Flash,37,1,-1,-1,1,D,0,exploit,0,"Button 1 has been consistently chosen throughout the trials and has provided reliable rewards regardless of the context fluctuations, suggesting it is likely the most stable or highest-performing arm overall.",51,A,D,C,B
18,LLM_Gemini_3_Flash,38,1,-1,-1,1,D,0,exploit,0,"Button 1 has consistently provided rewards in the 40-60 range across all context combinations, suggesting it has a stable and relatively high average reward. Given the successful history with button 1, I am exploiting this known performer for the current context.",56,A,D,C,B
18,LLM_Gemini_3_Flash,39,1,-1,-1,1,D,0,exploit,0,"Button 1 has consistently yielded reliable rewards throughout the history across various contexts. Given that it is the only button I have tested extensively, and it maintains a strong average performance, it is the safest and most logical choice to exploit for maximizing rewards.",53,A,D,C,B
18,LLM_Gemini_3_Flash,40,-1,1,-1,1,D,0,exploit,0,"Button 1 has been consistently yielding reliable rewards across various contexts throughout the trial history, suggesting it is a high-performing or potentially the optimal arm. Given the current context signals, I will continue to exploit this button as it has established itself as the most profitable choice so far.",48,A,D,C,B
18,LLM_Gemini_3_Flash,41,1,1,-1,1,D,0,exploit,0,"Throughout the history, button 1 has consistently provided stable, reliable rewards across all varied context signals, averaging significantly higher than the initial attempt at button 0. Given the consistent performance of button 1, it remains the optimal choice for exploitation in the current context.",54,A,D,C,B
18,LLM_Gemini_3_Flash,42,-1,1,-1,1,D,0,exploit,0,"Button 1 has been consistently yielding reliable, positive rewards across various contexts throughout the 41 trials. Given the current context (Mercury: -1, Krypton: 1, Nobelium: -1), and Button 1's demonstrated performance in similar configurations (e.g., trials 6, 18, 19, 25, 32, 34, 40), it remains the most robust choice for maximizing expected reward.",48,A,D,C,B
18,LLM_Gemini_3_Flash,43,-1,-1,1,1,D,0,exploit,0,"Button 1 has been consistently yielding reliable rewards (averaging around 50) across almost all historical trials regardless of the context fluctuations, suggesting it is a robust or high-performing option. Since I have limited data on buttons 2 and 3 and button 1 has proven to be a safe and high-yielding choice, I will continue to exploit this reliable button.",51,A,D,C,B
18,LLM_Gemini_3_Flash,44,1,-1,-1,1,D,0,exploit,0,"Button 1 has consistently yielded high, stable rewards across various contexts throughout the history, with average returns consistently in the 40-60 range. Given that it is the only button I have heavily sampled, it remains the most reliable choice for maximizing expected profit.",48,A,D,C,B
18,LLM_Gemini_3_Flash,45,-1,-1,1,1,D,0,exploit,0,"Throughout the history, button 1 has consistently provided stable, high rewards across all combinations of context signals, while the only trial exploring another option (button 0) resulted in a significantly lower reward. Given the current context of Mercury -1, Krypton -1, Nobelium 1, button 1 is the most reliable choice to maximize returns.",56,A,D,C,B
18,LLM_Gemini_3_Flash,46,-1,-1,1,1,D,0,exploit,0,"Button 1 has consistently yielded reliable rewards throughout the history, averaging in the 45-55 range across all context combinations. Given that I have almost exclusively sampled Button 1 and it consistently performs well, I will continue to exploit this choice to maximize the remaining profit.",49,A,D,C,B
18,LLM_Gemini_3_Flash,47,1,1,-1,1,D,0,exploit,0,"Button 1 has consistently yielded reliable rewards throughout the history regardless of context, suggesting it is a high-performing button. Given the limited history with buttons 2 and 3 and the high variance, continuing to exploit the known performance of button 1 is the safest strategy to maximize cumulative reward.",51,A,D,C,B
18,LLM_Gemini_3_Flash,48,1,-1,-1,1,D,0,exploit,0,"Button 1 has been consistently chosen throughout the 47 trials and has returned solid, stable rewards regardless of the context fluctuations, suggesting it is a high-performing or potentially the optimal button.",52,A,D,C,B
18,LLM_Gemini_3_Flash,49,1,-1,1,1,D,0,exploit,0,"Button 1 has been consistently yielding high rewards across diverse contexts throughout the trial history, suggesting it is the most reliable button for maximizing expected returns in this environment.",61,A,D,C,B
18,LLM_Gemini_3_Flash,50,-1,-1,1,1,D,0,exploit,0,"Button 1 has consistently yielded reliable rewards throughout all previous trials across various context combinations. Since I have observed it perform consistently well regardless of the specific signal configuration, it remains the most reliable option to maximize expected reward in the current context.",44,A,D,C,B
19,LLM_Gemini_3_Flash,1,-1,1,-1,0,D,0,explore,1,"Since this is the first trial and there is no prior history to inform the reward functions of the buttons, I am choosing button 0 as an initial exploratory step to begin collecting data on the reward landscape.",50,D,B,C,A
19,LLM_Gemini_3_Flash,2,1,1,-1,1,B,1,explore,1,"Since I only have one data point from trial 1 (where button 0 returned 50 with context -1, 1, -1), I lack sufficient information to determine the optimal button for the current context (1, 1, -1). I am choosing button 1 to begin gathering comparative data.",91,D,B,C,A
19,LLM_Gemini_3_Flash,3,1,-1,1,1,B,0,explore,1,"Button 1 yielded a high reward of 91 in trial 2 with Mercury=1 and Krypton=1. Given the current context of Mercury=1 and Nobelium=1, I will test if Button 1 maintains high performance across different signal combinations.",19,D,B,C,A
19,LLM_Gemini_3_Flash,4,1,1,-1,1,B,1,exploit,0,"In trial 2, the exact same context (Mercury 1, Krypton 1, Nobelium -1) resulted in a reward of 91 for button 1, which is the highest reward observed so far.",86,D,B,C,A
19,LLM_Gemini_3_Flash,5,1,-1,1,0,D,0,explore,1,"Button 1 has shown a high reward when Krypton is 1, but a very low reward (19) when Krypton is -1. Given the current context has Krypton at -1, Button 1 is likely suboptimal. Since I have no data on Button 0 in this specific context (only when Mercury=-1), and no data on Button 2 or 3 at all, I am choosing Button 0 to explore its potential performance under these conditions.",52,D,B,C,A
19,LLM_Gemini_3_Flash,6,1,-1,1,0,D,0,exploit,0,"In trial 5, button 0 yielded 52 under the current context, while button 1 yielded 19 in trial 3 under the same context. Button 0 appears more profitable for the (1, -1, 1) context.",50,D,B,C,A
19,LLM_Gemini_3_Flash,7,-1,1,1,0,D,0,exploit,0,"Button 1 shows a strong positive correlation with Krypton (high reward at 91/86) and a negative impact when Krypton is off (19). Button 0 has shown consistent mid-range performance (50-52). Given that Krypton is 1 but Mercury is -1 (a combination not heavily tested for Button 1), and Button 0 has been stable, I will rely on Button 0 as the safer, higher-performing choice under these conditions.",49,D,B,C,A
19,LLM_Gemini_3_Flash,8,-1,1,1,1,B,0,explore,1,"Button 0 has consistently yielded around 50 points regardless of context. Button 1 showed high variance (91 and 86 when Mercury and Krypton were 1) compared to a low reward (19) when Krypton was -1. Given the current context (Krypton=1, Nobelium=1), testing Button 1 again helps verify if Krypton being on is the primary driver for high rewards on that arm.",42,D,B,C,A
19,LLM_Gemini_3_Flash,9,1,-1,1,0,D,0,exploit,0,"Button 0 has consistently yielded rewards around 50 regardless of the signals, while Button 1 showed high sensitivity to the Krypton signal, dropping significantly when Krypton is -1. Given the current context (Mercury: 1, Krypton: -1, Nobelium: 1), Button 0 is the safest and most reliable performer.",63,D,B,C,A
19,LLM_Gemini_3_Flash,10,1,-1,1,0,D,0,exploit,0,"Button 0 has consistently yielded rewards around 50-63 in the current context (Mercury: 1, Krypton: -1, Nobelium: 1), while Button 1 performed poorly (19) in the same context. Based on historical data, Button 0 is the most reliable option for this context.",53,D,B,C,A
19,LLM_Gemini_3_Flash,11,1,-1,-1,0,D,0,exploit,0,"Button 0 has consistently yielded rewards around 50 when tested, whereas Button 1 shows high variance depending on the Krypton signal. Given the current context (Mercury:1, Krypton:-1, Nobelium:-1), Button 0 is the safest performer compared to previous results.",51,D,B,C,A
19,LLM_Gemini_3_Flash,12,-1,1,-1,0,D,0,exploit,0,"Button 0 has shown a consistent average return of around 50-53 regardless of signals, while Button 1 showed significantly higher rewards when Mercury=1 and Krypton=1 but performed poorly when Krypton=-1. In the current context (Mercury=-1, Krypton=1, Nobelium=-1), Button 0 is the safest choice based on previous performance in this context.",50,D,B,C,A
19,LLM_Gemini_3_Flash,13,-1,1,-1,0,D,0,exploit,0,"Button 0 has consistently yielded rewards around 50 regardless of the context, suggesting it might be a baseline arm. Button 1 showed high variance (86-91 when Mercury=1, Krypton=1 and lower when other signals were present). Given the current context (Mercury=-1, Krypton=1, Nobelium=-1), and having observed a reward of 50 for button 0 in trial 1 and trial 12 under similar conditions, I am exploiting button 0 as a stable option.",41,D,B,C,A
19,LLM_Gemini_3_Flash,14,-1,1,-1,1,B,1,exploit,0,"Button 1 has shown significantly higher rewards when Krypton is 1 compared to other buttons, specifically achieving rewards of 91 and 86 when Mercury is 1 and Krypton is 1. Although the current context has Mercury at -1, Button 1 remains a strong candidate for testing based on previous high-performance signals.",82,D,B,C,A
19,LLM_Gemini_3_Flash,15,-1,1,1,1,B,0,exploit,0,"Button 1 has shown a strong correlation with high rewards when Krypton is 1, particularly when Mercury is -1 (Trial 14). Given the current context (Mercury: -1, Krypton: 1, Nobelium: 1), Button 1 is the most promising candidate based on observed past performance.",55,D,B,C,A
19,LLM_Gemini_3_Flash,16,-1,-1,1,0,D,0,exploit,0,"Based on the history, button 0 consistently provides a steady reward around 50 regardless of the signals (Mercury, Krypton, Nobelium). In contrast, button 1 shows high variance, providing high rewards when Krypton is 1 but lower rewards when Krypton is -1. Since the current context has Krypton at -1, button 0 remains the more stable and reliable choice for this specific configuration.",34,D,B,C,A
19,LLM_Gemini_3_Flash,17,1,1,-1,1,B,1,exploit,0,"In trials 2 and 4, the context (Mercury: 1, Krypton: 1, Nobelium: -1) yielded high rewards (91 and 86) when choosing button 1. Since this matches the current context, choosing button 1 maximizes the expected reward.",73,D,B,C,A
19,LLM_Gemini_3_Flash,18,1,-1,-1,0,D,0,exploit,0,"Button 0 has demonstrated a consistent baseline reward around 50 across various conditions, whereas Button 1 shows high volatility based on context (Mercury:1, Krypton:1 yielding high rewards, while Mercury:1, Krypton:-1 yielded poor results). Given the current context (1, -1, -1), Button 0 is the safer, more reliable choice.",51,D,B,C,A
19,LLM_Gemini_3_Flash,19,-1,1,-1,1,B,1,exploit,0,"Looking at the history for the context (Mercury: -1, Krypton: 1, Nobelium: -1), button 1 has shown a strong preference for this configuration, yielding high rewards (82 in trial 14), while button 0 has consistently yielded lower, baseline rewards around 40-50 for the same context.",84,D,B,C,A
19,LLM_Gemini_3_Flash,20,-1,-1,1,2,C,1,explore,1,"Button 0 has a consistent, moderate reward around 50 regardless of context. Button 1 performs well when Krypton is 1 but poorly when Krypton is -1. Since I have not explored buttons 2 and 3 at all, and the current context (M:-1, K:-1, N:1) is not ideal for button 1 (based on previous K:-1 trials), I will explore button 2 to determine its potential performance.",84,D,B,C,A
19,LLM_Gemini_3_Flash,21,-1,1,1,2,C,1,explore,1,"Button 0 consistently yields around 50 points regardless of context. Button 1 performs well when Krypton is 1 but varies when Mercury is -1. Button 2 was tested once in trial 20 (Mercury -1, Krypton -1, Nobelium 1) and yielded a high reward of 84. Since I have limited data on Button 2 and 3, and the current context (Mercury -1, Krypton 1, Nobelium 1) has been inconsistent for Button 1, exploring Button 2 is a strategic move to see if it provides better returns.",86,D,B,C,A
19,LLM_Gemini_3_Flash,22,-1,1,-1,1,B,1,exploit,0,"Button 1 has shown a strong preference for the context where Krypton is 1, yielding high rewards (91, 86, 82, 84). Given the current context has Krypton=1 and Mercury=-1, Button 1 is the statistically most promising choice for a high reward.",82,D,B,C,A
19,LLM_Gemini_3_Flash,23,-1,-1,1,2,C,1,exploit,0,"Button 2 has shown strong performance (reward 84) in the previous instance of the current context (Mercury: -1, Krypton: -1, Nobelium: 1) during trial 20. Given the history of high rewards for Button 2 in similar contexts, it is the optimal choice to exploit.",71,D,B,C,A
19,LLM_Gemini_3_Flash,24,-1,1,1,2,C,1,exploit,0,"Button 2 showed a strong reward (86) in trial 21 under the same context (Mercury: -1, Krypton: 1, Nobelium: 1). Button 0 and 1 have historically underperformed compared to this value in the current context.",75,D,B,C,A
19,LLM_Gemini_3_Flash,25,-1,-1,1,2,C,1,exploit,0,"Button 2 has consistently provided high rewards (71, 75, 84, 86) when Mercury is -1. Specifically, in the current context where Mercury is -1, Krypton is -1, and Nobelium is 1, Button 2 has demonstrated superior performance compared to Button 0 and Button 1.",88,D,B,C,A
19,LLM_Gemini_3_Flash,26,-1,1,1,2,C,1,exploit,0,"Button 2 has consistently provided high rewards (71, 75, 86, 88) across trials 20-25 when Nobelium is 1, regardless of other signals. Given the current context (Mercury: -1, Krypton: 1, Nobelium: 1), Button 2 is the most promising choice.",78,D,B,C,A
19,LLM_Gemini_3_Flash,27,1,-1,1,2,C,0,exploit,0,"Button 2 has consistently provided high rewards in previous trials when the context signals are active (especially when Krypton is 1 or Nobelium is 1), outperforming Button 0 and Button 1 in recent trials with similar configurations. I will exploit this high-reward button.",51,D,B,C,A
19,LLM_Gemini_3_Flash,28,-1,1,1,2,C,1,exploit,0,"Button 2 has consistently provided high rewards when Mercury is -1 and Nobelium is 1 (Trials 21, 24, 26). Given the current context (Mercury: -1, Krypton: 1, Nobelium: 1), Button 2 is the most reliable high-reward option observed so far.",76,D,B,C,A
19,LLM_Gemini_3_Flash,29,1,-1,1,2,C,0,exploit,0,"Button 2 has consistently provided high rewards in various contexts (averaging ~75-80) compared to Button 0 (~50) and the inconsistent performance of Button 1. Given the current context (Mercury:1, Krypton:-1, Nobelium:1), Button 2 remains the strongest performer based on previous trials.",43,D,B,C,A
19,LLM_Gemini_3_Flash,30,1,1,-1,1,B,1,exploit,0,"Button 1 has consistently shown high rewards (86, 91, 73, 82, 84) when the context is Mercury=1, Krypton=1, Nobelium=-1. In contrast, Button 2 performs better when Krypton=1 and Nobelium=1, and Button 0 typically yields around 50 points regardless of the context.",92,D,B,C,A
19,LLM_Gemini_3_Flash,31,1,-1,1,0,D,0,explore,1,"Button 0 has shown consistent base rewards around 50, whereas Button 1 performs well when Krypton is 1, and Button 2 showed potential in certain conditions but performed poorly when Mercury=1 and Nobelium=1. Since Button 3 is largely unexplored and I want to verify if it has a better yield in the current context (1, -1, 1), I am choosing 0 to establish a baseline or testing 3 to gather more information on its performance.",44,D,B,C,A
19,LLM_Gemini_3_Flash,32,-1,1,1,2,C,1,exploit,0,"Based on the history, Button 2 has shown strong performance (rewards 75-86) when Mercury is -1 and Krypton is 1, regardless of Nobelium. In the current context (Mercury: -1, Krypton: 1, Nobelium: 1), Button 2 has consistently provided high rewards, outperforming Button 1 and Button 0 in this specific signal configuration.",78,D,B,C,A
19,LLM_Gemini_3_Flash,33,-1,1,-1,1,B,1,exploit,0,"Looking at the context (Mercury: -1, Krypton: 1, Nobelium: -1), button 1 has consistently shown strong performance in trials 14, 19, and 22, yielding rewards of 82, 84, and 82, respectively. Button 0 has historically yielded lower rewards around 40-50, and while button 2 performs well when Nobelium is 1, button 1 appears to be the optimal choice for the current signal configuration.",83,D,B,C,A
19,LLM_Gemini_3_Flash,34,1,1,-1,1,B,1,exploit,0,"Based on the history, button 1 shows high rewards (91, 86, 73, 92) when Mercury is 1, Krypton is 1, and Nobelium is -1. Other buttons (like 0 and 2) have performed worse under these specific context conditions.",86,D,B,C,A
19,LLM_Gemini_3_Flash,35,1,-1,1,3,A,1,explore,1,"Button 0 has low consistent rewards, Button 1 performs well when Krypton is 1, and Button 2 performs well when Mercury is -1 and Krypton is 1. With the current context (Mercury: 1, Krypton: -1, Nobelium: 1), none of the known high-performing patterns for Buttons 1 or 2 are triggered. Button 3 remains largely unexplored, making it the optimal choice to test for a better reward function under these specific conditions.",73,D,B,C,A
19,LLM_Gemini_3_Flash,36,1,-1,-1,3,A,1,explore,1,"Button 1 performs well when Krypton is 1. Button 2 performs well when Nobelium is 1. Button 0 seems to be a low-reward baseline. Button 3 was only tested once (trial 35) in a different context, so exploring it further in this context (M=1, K=-1, N=-1) is appropriate to see if it yields higher potential than the other buttons.",73,D,B,C,A
19,LLM_Gemini_3_Flash,37,-1,1,1,2,C,1,exploit,0,"Based on the historical data, Button 2 has consistently yielded high rewards (75-88 range) when Mercury is -1 and Krypton is 1, regardless of Nobelium. Button 1 performs well when Krypton is 1 but Mercury is 1, and Button 3 has been tested less but shows promise. Given the current context (Mercury: -1, Krypton: 1, Nobelium: 1), Button 2 is the most statistically reliable choice for high performance.",95,D,B,C,A
19,LLM_Gemini_3_Flash,38,-1,1,1,2,C,1,exploit,0,"Based on the history, button 2 consistently yields high rewards (70s-90s) when the Nobelium context is 1, regardless of the Mercury or Krypton signals. Since the current context has Nobelium=1, button 2 remains the most reliable high-reward choice.",83,D,B,C,A
19,LLM_Gemini_3_Flash,39,-1,1,1,2,C,1,exploit,0,"Based on the history, button 2 consistently yields high rewards (75-95) when Mercury is -1, Krypton is 1, and Nobelium is 1, significantly outperforming button 1 (42, 55) and button 0 (49) in this specific context.",75,D,B,C,A
19,LLM_Gemini_3_Flash,40,-1,1,-1,1,B,1,exploit,0,"Based on the history, button 1 consistently yields high rewards (80s range) when Mercury is -1 and Krypton is 1, regardless of Nobelium. Button 2 performs best when Nobelium is 1, and button 3 has shown high rewards in other configurations. Given the current context (Mercury: -1, Krypton: 1, Nobelium: -1), button 1 is the statistically superior choice for this specific signal combination.",78,D,B,C,A
19,LLM_Gemini_3_Flash,41,1,-1,1,3,A,1,exploit,0,"Based on the recent history, Button 3 has demonstrated consistently strong rewards when Mercury is 1 and Krypton is -1, which matches the current context. Other options (0, 1, 2) have performed poorly or inconsistently under these specific signal conditions.",89,D,B,C,A
19,LLM_Gemini_3_Flash,42,-1,1,-1,1,B,1,exploit,0,"Based on the history, button 1 consistently yields high rewards (78-92) when Mercury is -1 and Krypton is 1, regardless of Nobelium. Button 2 performs well when Nobelium is 1, but for this specific context (Mercury: -1, Krypton: 1, Nobelium: -1), button 1 is the most reliable choice.",80,D,B,C,A
19,LLM_Gemini_3_Flash,43,1,-1,-1,3,A,1,exploit,0,"Button 3 has shown strong performance (reward ~73-89) in contexts where Mercury=1 and Krypton=-1, which matches the current context. Other buttons have proven less effective or volatile under these specific conditions.",73,D,B,C,A
19,LLM_Gemini_3_Flash,44,-1,1,-1,1,B,1,exploit,0,"Based on historical data for context (Mercury -1, Krypton 1, Nobelium -1), button 1 consistently yields high rewards (e.g., 82, 84, 82, 83, 78, 80). Button 0 and other options have significantly lower performance in this specific context.",86,D,B,C,A
19,LLM_Gemini_3_Flash,45,1,-1,1,3,A,1,exploit,0,"Based on historical trials 35, 41, and 43, button 3 has shown consistent high performance when Mercury is 1 and Krypton is -1, regardless of Nobelium. Since the current context matches these parameters (Mercury=1, Krypton=-1), button 3 is the predicted optimal choice.",81,D,B,C,A
19,LLM_Gemini_3_Flash,46,1,-1,-1,3,A,1,exploit,0,"Button 3 has shown strong performance (73, 89, 73, 81) when Mercury is 1 and Krypton is -1, regardless of the Nobelium signal. Since the current context has Mercury=1 and Krypton=-1, Button 3 appears to be the most consistent high-performing option.",81,D,B,C,A
19,LLM_Gemini_3_Flash,47,1,-1,-1,3,A,1,exploit,0,"Button 3 has shown high rewards (73, 89, 73, 81, 81) when Mercury is 1 and Krypton is -1, regardless of Nobelium. In this context (Mercury 1, Krypton -1, Nobelium -1), Button 3 has consistently performed well.",84,D,B,C,A
19,LLM_Gemini_3_Flash,48,1,-1,-1,3,A,1,exploit,0,"Button 3 has shown consistently high rewards (73-89) in the recent trials when Mercury is 1 and Krypton is -1, regardless of the Nobelium signal. Given the current context (Mercury: 1, Krypton: -1, Nobelium: -1), Button 3 appears to be the most reliable high-performing choice.",81,D,B,C,A
19,LLM_Gemini_3_Flash,49,-1,1,1,2,C,1,exploit,0,"Based on the history, button 2 has shown strong performance when the context involves Krypton=1 and Nobelium=1, consistently yielding high rewards (often > 75). Button 1 performs well when Mercury=-1 and Krypton=1, but button 2 is preferred for the specific current context of (Mercury=-1, Krypton=1, Nobelium=1).",84,D,B,C,A
19,LLM_Gemini_3_Flash,50,1,-1,-1,3,A,1,exploit,0,"Button 3 has shown strong, consistent performance (rewards consistently in the 70s and 80s) when the Mercury signal is 1 and the Krypton signal is -1, regardless of the Nobelium signal. This matches the current context, making it the highest expected reward arm.",83,D,B,C,A
