simulation_id,agent_name,trial,context_mercury,context_krypton,context_nobelium,choice_arm_index,choice_planet_label,is_optimal,intent,exploration,explanation,reward_received,mapping_arm_0,mapping_arm_1,mapping_arm_2,mapping_arm_3
0,LLM_Gemini_3_Flash,1,-1,-1,1,0,A,0,explore,1,"This is the first trial of the game with no prior data available, so I will select button 0 to begin collecting information on the reward landscape across the different mining locations.",52,A,C,D,B
0,LLM_Gemini_3_Flash,2,1,-1,-1,1,C,0,explore,1,"As it is only the second trial and buttons 1, 2, and 3 have no history, I am exploring button 1 to begin mapping the reward landscape across different context combinations.",24,A,C,D,B
0,LLM_Gemini_3_Flash,3,1,-1,1,2,D,0,explore,1,"Since buttons 2 and 3 have not been sampled at all, it is necessary to explore them to map their reward functions relative to the current context (M=1, K=-1, N=1), which is entirely new.",44,A,C,D,B
0,LLM_Gemini_3_Flash,4,1,1,-1,3,B,1,explore,1,"Button 3 has not been sampled yet; exploring it now provides critical information to narrow down the reward functions, which outweighs the low-confidence exploitation of the previously sampled buttons.",75,A,C,D,B
0,LLM_Gemini_3_Flash,5,-1,1,1,0,A,0,explore,1,"All four buttons have been tested exactly once under different contexts, leaving significant uncertainty about their performance in the current context (M=-1, K=1, N=1). I am choosing button 0 to expand the data set, as it has not been tested under these specific conditions yet.",18,A,C,D,B
0,LLM_Gemini_3_Flash,6,1,-1,1,2,D,0,exploit,0,"In the current context (M=1, K=-1, N=1), button 2 is the only option that has yielded a successful positive reward in this specific configuration, making it the most reliable choice for this trial with medium confidence.",54,A,C,D,B
0,LLM_Gemini_3_Flash,7,-1,-1,1,0,A,0,exploit,0,"Button 0 yielded the highest reward of 52 in this specific context (M=-1, K=-1, N=1) during the first trial, making it the clear candidate for exploitation given the evidence.",49,A,C,D,B
0,LLM_Gemini_3_Flash,8,-1,1,1,3,B,0,explore,1,"Button 0 has a low mean of 18 in this context, while buttons 1, 2, and 3 remain entirely unobserved in the current context (M=-1, K=1, N=1). I am choosing button 3 to explore its potential, as it has demonstrated high performance in other contexts.",50,A,C,D,B
0,LLM_Gemini_3_Flash,9,1,-1,1,2,D,0,exploit,0,"Button 2 has performed consistently well (mean 49) under the current Mercury=1, Krypton=-1, Nobelium=1 context. Given that Button 2 is the only option with data for this specific context and it has shown reliable results, I am choosing it to exploit the observed reward signal.",47,A,C,D,B
0,LLM_Gemini_3_Flash,10,1,-1,-1,1,C,0,explore,1,"I am choosing button 1 to explore its performance in this specific context (M=1, K=-1, N=-1), as it is the only button currently observed for this condition, despite the single sample size. This is a low-confidence exploration to establish a better baseline for this context compared to relying on other under-tested options.",25,A,C,D,B
0,LLM_Gemini_3_Flash,11,1,-1,1,2,D,0,exploit,0,"Button 2 has consistently shown strong, stable performance in the current Mercury=1, Nobelium=1 configuration, making it the highest expected value choice for the current context.",58,A,C,D,B
0,LLM_Gemini_3_Flash,12,-1,-1,1,0,A,0,exploit,0,"Button 0 has been tested twice in this specific context (M=-1,K=-1,N=1) and yielded an average reward of 50.5, which is the best observed performance for this context. High confidence in this selection given the observed consistency.",52,A,C,D,B
0,LLM_Gemini_3_Flash,13,1,-1,-1,1,C,0,explore,1,"Button 1 is the only arm associated with the current context (M=1, K=-1, N=-1) based on limited history, so I am choosing it to gather more data and confirm its performance under these specific conditions.",27,A,C,D,B
0,LLM_Gemini_3_Flash,14,-1,-1,1,0,A,0,exploit,0,"In the current context (M=-1, K=-1, N=1), Button 0 has been tested 3 times with a strong mean reward of 51, making it the most reliable choice given the historical performance data.",44,A,C,D,B
0,LLM_Gemini_3_Flash,15,-1,1,1,3,B,0,exploit,0,"In the current context (M=-1, K=1, N=1), button 3 has demonstrated a significantly higher reward (50) compared to button 0 (18), providing high confidence in selecting the superior option based on prior observations.",46,A,C,D,B
0,LLM_Gemini_3_Flash,16,1,-1,-1,1,C,0,exploit,0,"The current context (M=1, K=-1, N=-1) has been explicitly associated with button 1 in all three previous observations (mean 25.33). While the reward for button 1 is lower than other buttons in different contexts, it is the only option with established performance for this specific configuration.",21,A,C,D,B
0,LLM_Gemini_3_Flash,17,-1,1,1,3,B,0,exploit,0,"In the current context (M=-1, K=1, N=1), button 3 has shown a significantly higher mean reward (48) compared to button 0 (18), making button 3 the clear optimal choice for exploitation.",46,A,C,D,B
0,LLM_Gemini_3_Flash,18,-1,1,-1,3,B,1,exploit,0,"Button 3 has been tested in the current context (M=-1, K=1) with positive results, while Button 0 performed poorly in this same context. I am exploiting the evidence that Button 3 is the superior performer for this context configuration.",76,A,C,D,B
0,LLM_Gemini_3_Flash,19,-1,-1,1,0,A,0,exploit,0,"In the current context (M=-1, K=-1, N=1), button 0 has been consistently tested and shows a strong mean reward of 49.25, while no other buttons have been sampled in this context to suggest a better alternative.",52,A,C,D,B
0,LLM_Gemini_3_Flash,20,-1,-1,1,0,A,0,exploit,0,"Button 0 has a consistent mean reward of 49.8 in the current context (M=-1, K=-1, N=1) based on 5 samples, which is the strongest performance seen for this specific configuration.",50,A,C,D,B
0,LLM_Gemini_3_Flash,21,-1,-1,1,0,A,0,exploit,0,"In the current context (M=-1, K=-1, N=1), Button 0 has a consistent record with a mean reward of 49.83 across 6 trials, significantly outperforming other buttons under this specific configuration.",50,A,C,D,B
0,LLM_Gemini_3_Flash,22,-1,1,-1,3,B,1,exploit,0,"In the current context (M=-1, K=1, N=-1), button 3 previously yielded a high reward of 76. While data is limited, button 3 is consistently the top performer for K=1 configurations, and no other button has demonstrated comparable potential for this specific context.",83,A,C,D,B
0,LLM_Gemini_3_Flash,23,1,-1,1,2,D,0,exploit,0,"The current context (M=1, K=-1, N=1) has a clearly defined best button, Button 2, which has shown consistent high performance (mean 50.75) across 4 trials with no evidence of competition from other buttons in this specific context.",52,A,C,D,B
0,LLM_Gemini_3_Flash,24,1,1,-1,3,B,1,exploit,0,"In the current context (M=1, K=1, N=-1), Button 3 is the only button with recorded performance (mean 75), making it the high-confidence choice for exploitation based on available data.",83,A,C,D,B
0,LLM_Gemini_3_Flash,25,-1,1,-1,3,B,1,exploit,0,"Button 3 is the only button observed in context M=-1, K=1, N=-1, and it consistently produces high rewards, making it the statistically dominant choice for this configuration.",75,A,C,D,B
0,LLM_Gemini_3_Flash,26,-1,1,1,3,B,0,exploit,0,"In the current context (M=-1, K=1, N=1), button 3 consistently outperforms button 0 (47.33 vs 18.0 mean reward) with high confidence, making it the clear optimal choice.",57,A,C,D,B
0,LLM_Gemini_3_Flash,27,-1,1,-1,3,B,1,exploit,0,"The current context (M=-1, K=1, N=-1) matches historical data where button 3 yielded high rewards (mean 78) across three trials, significantly outperforming other buttons in similar contexts.",81,A,C,D,B
0,LLM_Gemini_3_Flash,28,1,-1,-1,1,C,0,explore,1,"The current context (M=1, K=-1, N=-1) has only been observed with Button 1 so far, and while we have high confidence it is the best for this specific context, the sample size (4) is still small enough that exploring to confirm the mean reward remains a high-value strategy.",14,A,C,D,B
0,LLM_Gemini_3_Flash,29,-1,1,-1,3,B,1,exploit,0,"In the current context (M=-1, K=1, N=-1), button 3 has consistently provided high rewards with a mean of 78.75 across 4 samples, making it the statistically optimal choice compared to others.",79,A,C,D,B
0,LLM_Gemini_3_Flash,30,1,1,-1,3,B,1,exploit,0,"Button 3 shows consistent high performance in contexts involving M=1 and K=1, and current context M=1, K=1, N=-1 matches the pattern where button 3 has historically yielded high rewards (avg ~79). Given strong historical evidence for button 3 in this state, exploitation is the optimal choice.",78,A,C,D,B
0,LLM_Gemini_3_Flash,31,1,1,-1,3,B,1,exploit,0,"In the current context (M=1, K=1, N=-1), button 3 has consistently performed well with high rewards, and previous data shows it is the dominant performer for this specific configuration with high confidence.",81,A,C,D,B
0,LLM_Gemini_3_Flash,32,1,-1,1,2,D,0,explore,1,"The current context (M=1, K=-1, N=1) has been consistently associated with Button 2 in previous trials, yielding an average reward of 51, making it the highest-performing option identified for this specific context.",45,A,C,D,B
0,LLM_Gemini_3_Flash,33,1,-1,1,2,D,0,exploit,0,"The current context (M=1, K=-1, N=1) has a clear, established performance for button 2, which has a mean reward of 50 based on 6 consistent samples, whereas other buttons have either proven inferior or lack evidence for this specific context.",53,A,C,D,B
0,LLM_Gemini_3_Flash,34,-1,1,-1,3,B,1,exploit,0,"In the current context (M=-1, K=1, N=-1), button 3 has a proven track record with a high mean reward based on 5 observed trials (avg 78.8), which is significantly higher than other buttons' performance in similar states. I am confident in exploiting this strong signal as it remains the best-performing option for this specific context.",71,A,C,D,B
0,LLM_Gemini_3_Flash,35,1,-1,1,2,D,0,exploit,0,"The current context (M=1, K=-1, N=1) has strong empirical evidence that Button 2 consistently provides a high reward, with 7 samples averaging 50.43 compared to other buttons which are poorly matched to this specific context.",61,A,C,D,B
0,LLM_Gemini_3_Flash,36,1,-1,1,3,B,0,exploit,0,"In the current context (M=1, K=-1, N=1), the historical data shows button 2 has been consistently performed, but button 3 has shown strong performance in similar high-Krypton or Nobelium-modified contexts. Given button 3's high mean reward (70.07) and proven adaptability across various context states, it is the most robust choice to exploit.",19,A,C,D,B
0,LLM_Gemini_3_Flash,37,-1,-1,1,0,A,0,exploit,0,"In the current context (M=-1, K=-1, N=1), button 0 is the only option with empirical support, maintaining a high mean reward across multiple trials. Other buttons have no successful history in this specific configuration, making button 0 the clear exploitative choice with medium-high confidence.",58,A,C,D,B
0,LLM_Gemini_3_Flash,38,1,-1,1,2,D,0,exploit,0,"In the current context (M=1, K=-1, N=1), Button 2 has consistently provided the highest average rewards (mean 51.75) compared to Button 3 (mean 19), making Button 2 the clearly superior choice with high confidence.",42,A,C,D,B
0,LLM_Gemini_3_Flash,39,-1,-1,1,0,A,0,exploit,0,"In the current context (M=-1, K=-1, N=1), button 0 is the clear performer with a consistent mean reward around 50.88 based on 8 observations, whereas other options have either not been tested or performed significantly worse in this specific context.",50,A,C,D,B
0,LLM_Gemini_3_Flash,40,-1,-1,1,0,A,0,exploit,0,"In the current context (M=-1, K=-1, N=1), button 0 is the only option with strong empirical evidence, consistently yielding around 50-58 reward, whereas other buttons have not been tested in this specific context or have performed poorly in similar scenarios.",52,A,C,D,B
0,LLM_Gemini_3_Flash,41,1,-1,1,2,D,0,exploit,0,"In the current context (M=1, K=-1, N=1), historical data strongly indicates button 2 is the optimal choice with a reliable mean reward of approximately 50.67, significantly outperforming the alternative of button 3 in this specific configuration.",60,A,C,D,B
0,LLM_Gemini_3_Flash,42,-1,-1,1,0,A,0,exploit,0,"In the current context (M=-1, K=-1, N=1), button 0 has consistently demonstrated the highest performance (mean ~50.9) over 10 trials with relatively low variance, while other buttons have not been tested or have shown poor performance in this specific context.",47,A,C,D,B
0,LLM_Gemini_3_Flash,43,-1,1,1,3,B,0,exploit,0,"In the current context (M=-1, K=1, N=1), button 3 has a significantly higher mean reward (49.75) compared to button 0 (18.0) based on previous trials, making it the clear choice.",46,A,C,D,B
0,LLM_Gemini_3_Flash,44,1,-1,1,2,D,0,exploit,0,"In the current context (M=1, K=-1, N=1), Button 2 has consistently provided a higher mean reward (51.6) compared to the single trial outcome of Button 3 (19). Based on historical performance for this specific context, Button 2 is the most reliable choice.",47,A,C,D,B
0,LLM_Gemini_3_Flash,45,1,1,-1,3,B,1,exploit,0,"The current context (M=1, K=1, N=-1) matches historical observations where button 3 yielded high rewards (mean 79.25), and there is no evidence that other buttons perform better under these specific conditions.",78,A,C,D,B
0,LLM_Gemini_3_Flash,46,1,-1,1,2,D,0,exploit,0,"In the current context (M=1, K=-1, N=1), historical data strongly indicates button 2 is the most reliable choice with a consistent mean reward of 51.18, significantly outperforming button 3 in this specific configuration.",57,A,C,D,B
0,LLM_Gemini_3_Flash,47,-1,1,1,3,B,0,exploit,0,"In the current context (M=-1, K=1, N=1), button 3 consistently outperforms button 0 (mean 49 vs 18 based on historical trials), making it the clear choice for exploitation with high confidence.",43,A,C,D,B
0,LLM_Gemini_3_Flash,48,-1,-1,1,0,A,0,exploit,0,"In the current context (M=-1, K=-1, N=1), Button 0 has consistently delivered a mean reward near 50 over 11 trials with low variance, whereas other options have not shown superior performance or have insufficient data for this specific state. Given the high sample count and stable historical outcomes for this specific context, exploiting Button 0 is the optimal strategy.",51,A,C,D,B
0,LLM_Gemini_3_Flash,49,-1,1,-1,3,B,1,exploit,0,"In the current context (M=-1, K=1, N=-1), button 3 consistently yields high rewards (average 77.5) and is the proven optimal choice compared to others, justifying exploitation with high confidence.",76,A,C,D,B
0,LLM_Gemini_3_Flash,50,-1,1,1,3,B,0,exploit,0,"In the current context (M=-1, K=1, N=1), Button 3 has consistently outperformed Button 0 (48 vs 18) based on historical evidence. Given the limited number of trials remaining, exploiting the observed superior performance of Button 3 is the most logical strategy.",56,A,C,D,B
1,LLM_Gemini_3_Flash,1,-1,1,1,0,D,0,explore,1,"Since this is the first trial and all buttons have no prior data, I am selecting button 0 to begin gathering baseline reward information across the active context.",56,D,A,C,B
1,LLM_Gemini_3_Flash,2,-1,1,-1,1,A,0,explore,1,"Since only button 0 has been tested, I am choosing button 1 to begin exploring the action space and reducing uncertainty, as the current history provides no data on the remaining buttons.",21,D,A,C,B
1,LLM_Gemini_3_Flash,3,-1,1,1,2,C,1,explore,1,"Button 0 has demonstrated high returns for this context, but with only 3 trials completed, exploring button 2 allows for gathering critical baseline information on an untested arm.",85,D,A,C,B
1,LLM_Gemini_3_Flash,4,1,1,-1,3,B,1,explore,1,"Since buttons 0, 1, and 2 have been sampled with different contexts and button 3 remains completely untested, I am choosing button 3 to gather data and assess its performance in the current context.",85,D,A,C,B
1,LLM_Gemini_3_Flash,5,-1,1,1,2,C,1,exploit,0,"Button 2 has demonstrated the highest mean reward (85) in the current context (M=-1, K=1, N=1), significantly outperforming button 0 (56). Given the consistent performance observed, I am choosing to exploit this superior option.",79,D,A,C,B
1,LLM_Gemini_3_Flash,6,-1,-1,1,2,C,1,exploit,0,"Button 2 has consistently provided the highest returns for the current context (M=-1, K=1, N=1) compared to button 0, making it the highest value option.",82,D,A,C,B
1,LLM_Gemini_3_Flash,7,-1,1,-1,0,D,0,explore,1,"Button 1 has performed poorly in the current context (M=-1, K=1, N=-1), and Button 2's high performance is associated with different contexts. I am choosing Button 0 to test its performance in this specific context, as there is high uncertainty regarding the optimal choice here.",45,D,A,C,B
1,LLM_Gemini_3_Flash,8,1,-1,-1,3,B,0,explore,1,"Button 3 yielded 85 in the only sample available for M=1, K=1, N=-1, and given the current context is M=1, K=-1, N=-1, this represents a new state; exploring other buttons (0, 1, 2) which have shown lower or context-dependent performance is lower priority.",49,D,A,C,B
1,LLM_Gemini_3_Flash,9,-1,1,-1,0,D,0,exploit,0,"In the current context (M=-1, K=1, N=-1), button 0 has outperformed button 1 significantly (mean 45 vs 21). While uncertainty remains, button 0 is the strongest candidate identified for this specific context.",54,D,A,C,B
1,LLM_Gemini_3_Flash,10,1,-1,1,2,C,0,explore,1,"Button 2 has shown strong performance in contexts involving Nobelium=1, and I need to explore whether its high rewards hold steady in the current context (M=1, K=-1, N=1) compared to the less tested Button 3.",55,D,A,C,B
1,LLM_Gemini_3_Flash,11,-1,-1,1,2,C,1,exploit,0,"Button 2 has consistently demonstrated the highest performance (mean 82) in contexts involving Nobelium=1, and current data shows it remains the strongest option for the current configuration despite limited trials in this specific context combination.",81,D,A,C,B
1,LLM_Gemini_3_Flash,12,-1,1,-1,0,D,0,exploit,0,"In the current context (M=-1, K=1, N=-1), button 0 has a significantly higher mean reward (49.5) compared to the only other sampled button (button 1, mean 21). I have medium confidence that button 0 is the optimal choice for this specific context based on the observed data.",45,D,A,C,B
1,LLM_Gemini_3_Flash,13,1,1,-1,3,B,1,exploit,0,"In the current context (M=1, K=1, N=-1), button 3 yielded 85 in the only trial it was tested, which significantly outperforms the historical performance of other buttons under similar configurations. Given the evidence, I am choosing the highest-performing option for this context with medium confidence.",79,D,A,C,B
1,LLM_Gemini_3_Flash,14,1,-1,-1,3,B,0,exploit,0,"Given the current context (M=1, K=-1, N=-1), button 3 is the most promising candidate based on historical performance in similar configurations (M=1, K=1/ -1, N=-1), demonstrating a strong mean reward in related contexts.",50,D,A,C,B
1,LLM_Gemini_3_Flash,15,1,-1,1,2,C,0,exploit,0,"Button 2 has consistently outperformed other buttons in contexts involving Nobelium=1, with an average reward of 76.4. Given the current context (M=1, K=-1, N=1) matches this successful pattern, exploiting button 2 is the most robust choice with medium-high confidence.",47,D,A,C,B
1,LLM_Gemini_3_Flash,16,-1,1,1,2,C,1,exploit,0,"Button 2 has consistently yielded high rewards in the current context (M=-1, K=1, N=1), with a mean of 82 compared to 56 for button 0. I am confident in exploiting this strong performance as it is the clear superior option in the existing data.",81,D,A,C,B
1,LLM_Gemini_3_Flash,17,1,-1,1,2,C,0,exploit,0,"Button 2 has consistently provided the highest observed rewards in contexts involving Nobelium=1 (including the current context M=1, K=-1, N=1), making it the most reliable choice with high confidence.",53,D,A,C,B
1,LLM_Gemini_3_Flash,18,1,-1,-1,3,B,0,exploit,0,"In the current context (M=1, K=-1, N=-1), button 3 has shown the highest performance and is the most consistent option based on observed data for similar contexts, while button 2's performance in this specific context has been significantly lower.",46,D,A,C,B
1,LLM_Gemini_3_Flash,19,-1,1,1,2,C,1,exploit,0,"Button 2 has consistently outperformed Button 0 in the current context (M=-1, K=1, N=1), with a mean reward of 81.67 versus 56. I am exploiting this established advantage as the data shows high confidence in Button 2's superiority for this context.",74,D,A,C,B
1,LLM_Gemini_3_Flash,20,-1,-1,1,2,C,1,exploit,0,"Button 2 has been consistently effective in contexts with Nobelium=1, showing a strong mean reward of 81.5 in M=-1, K=-1, N=1. Given the high consistency and the lack of strong competing evidence for other buttons in this context, exploiting button 2 is the most rational choice.",76,D,A,C,B
1,LLM_Gemini_3_Flash,21,-1,-1,1,2,C,1,exploit,0,"Button 2 consistently performs well in contexts where Nobelium is 1, showing an average reward near 80 compared to other buttons, and it is the most empirically supported choice for this specific context (M=-1, K=-1, N=1).",81,D,A,C,B
1,LLM_Gemini_3_Flash,22,1,-1,-1,3,B,0,explore,1,"Button 3 is the best performer under the current Mercury=1, Krypton=-1, Nobelium=-1 context based on historical data, whereas Button 2 and others have low performance or no data in this specific context.",52,D,A,C,B
1,LLM_Gemini_3_Flash,23,-1,1,-1,2,C,0,explore,1,"Although button 0 has been tested in this specific context (M=-1,K=1,N=-1), its mean reward is low (48). Button 2 consistently provides higher rewards across other contexts and remains an under-tested candidate for this specific configuration, so I will explore it to see if it outperforms button 0.",53,D,A,C,B
1,LLM_Gemini_3_Flash,24,-1,-1,1,2,C,1,exploit,0,"Button 2 has consistently provided high rewards in contexts involving Nobelium=1, with an average reward of approximately 79.75 in this specific context (M=-1, K=1, N=1), making it the clear choice.",71,D,A,C,B
1,LLM_Gemini_3_Flash,25,-1,-1,1,2,C,1,exploit,0,"Button 2 has consistently provided the highest observed rewards for the context M=-1, K=-1, N=1, with an average reward of 78.2 from 5 trials, making it the most statistically sound choice.",83,D,A,C,B
1,LLM_Gemini_3_Flash,26,1,-1,1,2,C,0,exploit,0,"Button 2 has consistently performed well across various contexts and is the only button with significant interaction data for contexts similar to the current one. Given its high mean reward and relatively low uncertainty in related conditions, it remains the most reliable choice.",47,D,A,C,B
1,LLM_Gemini_3_Flash,27,1,-1,-1,3,B,0,exploit,0,"In context (M=1, K=-1, N=-1), button 3 has consistently outperformed other options with a mean of 49.25, while button 2 shows weaker performance in this specific context.",55,D,A,C,B
1,LLM_Gemini_3_Flash,28,1,-1,-1,3,B,0,explore,1,"The current context (M=1, K=-1, N=-1) has consistently yielded the best performance with Button 3 based on past trials, despite limited exploration. I am choosing Button 3 to exploit this pattern while acknowledging that more data is needed for other buttons in this specific context.",56,D,A,C,B
1,LLM_Gemini_3_Flash,29,1,-1,-1,3,B,0,exploit,0,"The current context (M=1, K=-1, N=-1) strongly correlates with button 3, which has consistently returned rewards in the 50s in this configuration. Given the history, button 3 is the most reliable option for this context, while others show insufficient evidence for this specific signal set.",43,D,A,C,B
1,LLM_Gemini_3_Flash,30,-1,1,-1,2,C,0,exploit,0,"In the current context (M=-1, K=1, N=-1), button 2 has the highest observed mean reward of 53 compared to 48 for button 0 and 21 for button 1, making it the most statistically sound choice despite the limited samples.",48,D,A,C,B
1,LLM_Gemini_3_Flash,31,-1,1,-1,2,C,0,exploit,0,"In the current context (M=-1, K=1, N=-1), button 2 has demonstrated the highest mean reward of 50.5 compared to 48 for button 0 and 21 for button 1, making it the most reliable choice with high confidence.",56,D,A,C,B
1,LLM_Gemini_3_Flash,32,1,-1,1,2,C,0,exploit,0,"Button 2 has consistently outperformed other buttons in similar contexts where Nobelium is 1, and it currently holds the highest historical mean reward for this specific configuration.",50,D,A,C,B
1,LLM_Gemini_3_Flash,33,-1,1,1,2,C,1,exploit,0,"In the current context (M=-1, K=1, N=1), button 2 consistently shows a significantly higher mean reward (79.75) compared to button 0 (56.0) across multiple trials, providing strong evidence to exploit button 2 with high confidence.",86,D,A,C,B
1,LLM_Gemini_3_Flash,34,1,-1,-1,3,B,0,exploit,0,"In the current context (M=1, K=-1, N=-1), button 3 consistently yields the best performance with an average reward around 50-57, while button 2 has performed poorly in similar contexts. Given the strong historical evidence in the M=1, K=-1, N=-1 context for button 3, I am exploiting this established pattern.",58,D,A,C,B
1,LLM_Gemini_3_Flash,35,1,-1,1,2,C,0,exploit,0,"In the current context (M=1, K=-1, N=1), button 2 is the most reliable option, showing a consistent mean reward of 50.4 across 5 samples, while other buttons have either been ineffective or are not as well-supported in this context.",53,D,A,C,B
1,LLM_Gemini_3_Flash,36,-1,1,-1,2,C,0,exploit,0,"In the current context (M=-1, K=1, N=-1), button 2 has the highest observed mean reward (52.33) compared to button 0 (48) and button 1 (21). Given the historical performance, button 2 remains the most consistent choice despite some noise.",59,D,A,C,B
1,LLM_Gemini_3_Flash,37,-1,-1,1,2,C,1,exploit,0,"Button 2 consistently yields high rewards across multiple contexts, including the current one (M=-1, K=-1, N=1), where it is the only sampled arm and shows a strong mean performance. Given the historical data, Button 2 is the clear high-reward choice for this configuration.",86,D,A,C,B
1,LLM_Gemini_3_Flash,38,1,1,-1,3,B,1,exploit,0,"In the current context (M=1, K=1, N=-1), button 3 has a high historical mean reward (82) compared to other buttons, and the evidence from trial 4 and 13 confirms its effectiveness in this specific configuration.",89,D,A,C,B
1,LLM_Gemini_3_Flash,39,-1,-1,1,2,C,1,exploit,0,"Button 2 has consistently demonstrated strong performance in contexts involving Nobelium=1, with a high mean reward across multiple trials, while other buttons lack sufficient evidence or show lower expected values in this specific context.",79,D,A,C,B
1,LLM_Gemini_3_Flash,40,1,-1,-1,3,B,0,exploit,0,"In the current context (M=1, K=-1, N=-1), button 3 consistently yields higher rewards than other alternatives based on historical performance, making it the most reliable choice.",52,D,A,C,B
1,LLM_Gemini_3_Flash,41,1,1,-1,3,B,1,exploit,0,"In the current context (M=1, K=1, N=-1), button 3 has shown high performance with a mean reward of 84.33, significantly outperforming other options based on historical evidence for this specific context.",73,D,A,C,B
1,LLM_Gemini_3_Flash,42,1,-1,-1,3,B,0,exploit,0,"The current context (M=1, K=-1, N=-1) consistently points to button 3 as the highest performing option based on the observed history of 9 samples, significantly outperforming other buttons for these specific signal settings.",49,D,A,C,B
1,LLM_Gemini_3_Flash,43,1,-1,1,2,C,0,exploit,0,"Based on the context M=1, K=-1, N=1, button 2 is the only option with empirical data, yielding a mean reward of 50.83. As other buttons have no observed performance in this specific context, exploiting button 2 is the most statistically sound choice.",57,D,A,C,B
1,LLM_Gemini_3_Flash,44,1,1,-1,3,B,1,exploit,0,"In the current context (M=1, K=1, N=-1), button 3 has consistently yielded high rewards (mean 81.5), significantly outperforming other buttons when K=1 and N=-1.",72,D,A,C,B
1,LLM_Gemini_3_Flash,45,1,-1,-1,2,C,0,exploit,0,"Given the current context (Mercury=1, Krypton=-1, Nobelium=-1), Button 3 has performed consistently well (avg ~51), but Button 2 has demonstrated much higher potential across multiple contexts, making it the highest expected value choice despite the specific context match for Button 3.",28,D,A,C,B
1,LLM_Gemini_3_Flash,46,-1,1,-1,2,C,0,exploit,0,"In the current context (M=-1, K=1, N=-1), Button 2 has demonstrated the highest observed mean reward of 54 compared to Button 0 (48) and Button 1 (21). Based on the available historical data for this specific context, Button 2 remains the most reliable choice with high confidence.",47,D,A,C,B
1,LLM_Gemini_3_Flash,47,-1,1,1,2,C,1,exploit,0,"In the current context (M=-1, K=1, N=1), Button 2 has a high observed mean reward of 81.0 compared to Button 0's mean of 56.0, making it the statistically dominant choice with high confidence.",73,D,A,C,B
1,LLM_Gemini_3_Flash,48,-1,1,1,2,C,1,exploit,0,"In the current context (Mercury=-1, Krypton=1, Nobelium=1), Button 2 has consistently yielded high rewards (mean 79.67) compared to Button 0 (mean 56), making it the optimal choice with high confidence.",87,D,A,C,B
1,LLM_Gemini_3_Flash,49,1,-1,-1,2,C,0,exploit,0,"In the current context (M=1, K=-1, N=-1), button 2 is the most robust choice based on historical performance despite high noise; although button 3 has been used in this context, button 2 has shown higher potential and consistency under varying conditions.",21,D,A,C,B
1,LLM_Gemini_3_Flash,50,1,1,-1,2,C,0,exploit,0,"Button 2 consistently performs as the best option in the current context (M=1, K=1, N=-1, though data for this specific context suggests Button 3, our historical model shows Button 2 is highly robust across most configurations), making it the optimal exploitation choice with high confidence.",26,D,A,C,B
2,LLM_Gemini_3_Flash,1,-1,1,1,0,A,0,explore,1,"Since this is the first trial and there is zero data, I am selecting button 0 to establish an initial performance baseline for this context.",20,A,D,C,B
2,LLM_Gemini_3_Flash,2,-1,1,-1,1,D,0,explore,1,"Since only button 0 has been tested, I am choosing button 1 to begin mapping the reward landscape across different buttons, as there is currently high uncertainty regarding the performance of all buttons except 0.",51,A,D,C,B
2,LLM_Gemini_3_Flash,3,1,-1,1,2,C,0,explore,1,"Buttons 0 and 1 have been tested, but buttons 2 and 3 remain completely unexplored. Choosing button 2 allows me to gather information on a new option with low confidence in current reward estimates.",48,A,D,C,B
2,LLM_Gemini_3_Flash,4,1,1,-1,3,B,1,explore,1,"Button 3 has not been sampled yet, making it a high-uncertainty option that needs to be evaluated to compare against the known rewards of buttons 0, 1, and 2.",80,A,D,C,B
2,LLM_Gemini_3_Flash,5,-1,1,1,3,B,0,explore,1,"With very limited data, I am exploring Button 3 in the current context to see if it performs better than the previously sampled Button 0, as Button 3 has demonstrated high performance in other contexts.",58,A,D,C,B
2,LLM_Gemini_3_Flash,6,1,-1,-1,3,B,0,explore,1,"Button 3 has shown the highest average performance across the most trials, and given that the current context (M=1, K=-1, N=-1) has not been explored for any button, choosing the most promising arm overall is the best strategy to maximize reward while gathering data.",43,A,D,C,B
2,LLM_Gemini_3_Flash,7,1,-1,-1,3,B,0,exploit,0,"Button 3 has demonstrated the highest average return and has consistently performed well across various contexts, making it the most reliable choice given the current data.",54,A,D,C,B
2,LLM_Gemini_3_Flash,8,-1,1,-1,1,D,0,exploit,0,"The current context (M=-1, K=1, N=-1) has been observed once, and Button 1 provided a reward of 51 in that instance. Since there is direct evidence confirming Button 1 is effective for this specific context, I will exploit it.",62,A,D,C,B
2,LLM_Gemini_3_Flash,9,-1,1,-1,1,D,0,exploit,0,"Button 1 has shown a strong and consistent performance in the current context (M=-1, K=1, N=-1) with a mean reward of 56.5 over two trials, making it the highest-confidence choice for this specific condition.",51,A,D,C,B
2,LLM_Gemini_3_Flash,10,1,1,-1,3,B,1,exploit,0,"Button 3 has demonstrated the highest historical performance in this specific context (M=1, K=1, N=-1), achieving a reward of 80 previously. While sample size is limited, it is the most promising candidate for the current context.",75,A,D,C,B
2,LLM_Gemini_3_Flash,11,1,-1,1,2,C,0,explore,1,"Button 2 has been observed only once in a different context and its performance in this specific context (M=1, K=-1, N=1) remains completely unknown, warranting an exploration to determine if it is the optimal choice under these signals.",38,A,D,C,B
2,LLM_Gemini_3_Flash,12,1,-1,-1,3,B,0,explore,1,"Button 3 has demonstrated the highest variability and is the only button to show high performance in context M=1, K=-1, N=-1 (partially matching current K=-1, N=-1). Since I lack sufficient samples for all buttons in this specific context, choosing button 3 balances exploiting the highest-performing arm overall while continuing to explore its response to this specific context.",46,A,D,C,B
2,LLM_Gemini_3_Flash,13,-1,1,1,3,B,0,exploit,0,"In the current context (M=-1, K=1, N=1), button 3 has shown a higher average reward (58) compared to button 0 (20) in the only trial where both were tested in this state, suggesting it is the superior choice.",55,A,D,C,B
2,LLM_Gemini_3_Flash,14,1,1,-1,3,B,1,exploit,0,"In the current context (M=1, K=1, N=-1), Button 3 has consistently performed very well, yielding an average reward of 77.5 across two trials, which is the strongest signal available for this specific configuration.",84,A,D,C,B
2,LLM_Gemini_3_Flash,15,1,-1,-1,3,B,0,exploit,0,"Button 3 is the only option that has been tested in a variety of contexts and has demonstrated the highest potential for consistent rewards, especially under Mercury=1 conditions; despite the current specific context (M=1, K=-1, N=-1) yielding variable results for button 3, it remains the most robust choice based on accumulated data.",50,A,D,C,B
2,LLM_Gemini_3_Flash,16,-1,1,-1,1,D,0,exploit,0,"In the current context (M=-1, K=1, N=-1), Button 1 has a strong empirical mean reward of 54.67 based on 3 samples, making it the most reliable choice among the options observed in this state.",44,A,D,C,B
2,LLM_Gemini_3_Flash,17,1,1,-1,3,B,1,exploit,0,"Button 3 has demonstrated a strong, consistent performance in the current context (M=1, K=1, N=-1), with a mean reward of ~79.67 across three trials. Given the significant lead over other buttons in this context, exploiting button 3 is the most rational choice to maximize profit.",74,A,D,C,B
2,LLM_Gemini_3_Flash,18,1,-1,1,2,C,0,explore,1,"Button 2 is the most promising alternative for the current context (M=1, K=-1, N=1), but has only been tested twice. Exploring button 2 is necessary because current data is too limited to confirm if button 3—which performs inconsistently across various contexts—is truly the best choice for this specific signal combination.",54,A,D,C,B
2,LLM_Gemini_3_Flash,19,1,-1,1,2,C,0,exploit,0,"Button 2 has been consistently effective for the current context (Mercury=1, Krypton=-1, Nobelium=1) with a mean reward of 46.67. While button 3 shows high variance, button 2 is the most reliable performer identified for this specific environmental state.",55,A,D,C,B
2,LLM_Gemini_3_Flash,20,1,-1,-1,3,B,0,explore,1,"Button 3 is the most versatile arm with high performance across multiple contexts, but it has not been tested in the current context (M=1, K=-1, N=-1). I am choosing it to gather information for this specific configuration where other arms have insufficient data.",55,A,D,C,B
2,LLM_Gemini_3_Flash,21,1,-1,1,3,B,0,explore,1,"Button 3 is the most versatile arm with high performance across multiple contexts, but it has not been tested in the current (M=1, K=-1, N=1) context. Given that Button 2 only shows moderate performance here, exploring Button 3 is a high-value strategic move with medium confidence.",27,A,D,C,B
2,LLM_Gemini_3_Flash,22,1,1,-1,3,B,1,exploit,0,"Button 3 has demonstrated a very strong performance (mean 78.25) in the current context (M=1, K=1, N=-1) across four trials, making it the clear optimal choice for exploitation.",79,A,D,C,B
2,LLM_Gemini_3_Flash,23,-1,-1,1,3,B,0,explore,1,"The current context (M=-1, K=-1, N=1) has not been observed before in the history, representing a significant knowledge gap. Since button 3 has shown the most versatility across various contexts and high reward potential, I am selecting it to gain more information under this specific configuration.",24,A,D,C,B
2,LLM_Gemini_3_Flash,24,1,-1,-1,3,B,0,exploit,0,"Button 3 is the only option with data in the current context (M=1, K=-1, N=-1), and it has shown high rewards in similar conditions (M=1, K=1/ -1, N=-1), making it the most robust choice despite the variance.",46,A,D,C,B
2,LLM_Gemini_3_Flash,25,1,-1,-1,3,B,0,exploit,0,"Button 3 is the only option with consistent performance in contexts where Mercury=1 and Krypton=-1, making it the highest value choice despite its variance.",51,A,D,C,B
2,LLM_Gemini_3_Flash,26,-1,1,-1,1,D,0,exploit,0,"In the current context (M=-1, K=1, N=-1), Button 1 has a consistent mean reward of 52 based on 4 samples, which significantly outperforms the available historical data for other buttons in this specific context configuration.",50,A,D,C,B
2,LLM_Gemini_3_Flash,27,-1,1,-1,1,D,0,exploit,0,"In the current context (M=-1, K=1, N=-1), button 1 has consistently performed well across 5 trials with a mean reward of 51.6, making it the highest-performing and most reliable option for this specific context based on historical data.",48,A,D,C,B
2,LLM_Gemini_3_Flash,28,1,-1,-1,3,B,0,exploit,0,"In the current context (M=1, K=-1, N=-1), button 3 is the only option with established performance data, showing a mean reward of 49.29 across 7 trials. While the variance is significant, other buttons have no recorded success in this specific context.",54,A,D,C,B
2,LLM_Gemini_3_Flash,29,-1,-1,1,3,B,0,exploit,0,"In the current context (M=-1, K=-1, N=1), button 3 is the only arm tested historically with a mean reward of 24, and given its strong performance across other diverse contexts, it remains the most reliable option despite the low sample count here.",23,A,D,C,B
2,LLM_Gemini_3_Flash,30,1,1,-1,3,B,1,exploit,0,"In the current context (M=1, K=1, N=-1), button 3 has a high mean reward of 78.4 across 5 samples, significantly outperforming other buttons in this specific configuration.",80,A,D,C,B
2,LLM_Gemini_3_Flash,31,1,1,-1,3,B,1,exploit,0,"In the current context (M=1, K=1, N=-1), button 3 has a high mean reward of 78.67 across 6 samples and has consistently outperformed other buttons, making it the clear choice.",77,A,D,C,B
2,LLM_Gemini_3_Flash,32,-1,-1,1,3,B,0,exploit,0,"In the current context (M=-1, K=-1, N=1), button 3 is the only option with observed data, albeit with low returns; I will exploit it to continue gathering data and test if its performance improves.",18,A,D,C,B
2,LLM_Gemini_3_Flash,33,-1,1,-1,1,D,0,exploit,0,"In the current context (M=-1, K=1, N=-1), button 1 has been consistently tested 6 times with a stable mean reward of 51, while button 3 has only been tested in other contexts. Exploiting button 1 is the most reliable strategy based on historical performance in this specific condition.",47,A,D,C,B
2,LLM_Gemini_3_Flash,34,-1,-1,1,3,B,0,exploit,0,"In the current context (M=-1, K=-1, N=1), button 3 is the only option with observed rewards, and it has consistently outperformed other buttons in similar contexts where information is limited, justifying a high-confidence exploit choice.",19,A,D,C,B
2,LLM_Gemini_3_Flash,35,-1,1,-1,1,D,0,exploit,0,"In the current context (M=-1, K=1, N=-1), button 1 consistently yields a mean reward around 50.43 across 7 samples with low variance, making it the highest-performing and most stable choice compared to the limited data on other buttons.",46,A,D,C,B
2,LLM_Gemini_3_Flash,36,-1,1,1,3,B,0,exploit,0,"In the current context (M=-1, K=1, N=1), button 3 has shown a significantly higher mean reward (56.5) compared to button 0 (20.0), making it the optimal choice based on historical performance in this specific context.",51,A,D,C,B
2,LLM_Gemini_3_Flash,37,-1,-1,1,3,B,0,exploit,0,"In the current context (M=-1, K=-1, N=1), button 3 is the only button with recorded performance data, and although the mean reward is low, it remains the most reliable choice given the lack of alternatives in this specific context.",23,A,D,C,B
2,LLM_Gemini_3_Flash,38,-1,1,-1,1,D,0,exploit,0,"In the current context (M=-1, K=1, N=-1), button 1 has consistently yielded an average reward of ~49.88 across 8 trials, making it the most reliable choice compared to the limited data for other buttons in this specific context.",51,A,D,C,B
2,LLM_Gemini_3_Flash,39,-1,1,-1,1,D,0,exploit,0,"In the current context (M=-1, K=1, N=-1), button 1 has consistently yielded a mean reward of 50 over 9 trials, significantly outperforming other buttons under this specific condition; therefore, exploiting this established pattern is the optimal choice.",57,A,D,C,B
2,LLM_Gemini_3_Flash,40,1,-1,1,2,C,0,explore,1,"In the current context (M=1, K=-1, N=1), button 2 is the only option with a positive mean reward (48.75) compared to button 3, which performed poorly (27.0) in this specific configuration, making it the superior choice to exploit and refine.",61,A,D,C,B
2,LLM_Gemini_3_Flash,41,1,1,-1,3,B,1,exploit,0,"In the current context (M=1, K=1, N=-1), button 3 consistently yields high rewards (mean of 78.43), significantly outperforming other buttons, which makes exploitation the most profitable strategy.",84,A,D,C,B
2,LLM_Gemini_3_Flash,42,1,1,-1,3,B,1,exploit,0,"In the current context (Mercury=1, Krypton=1, Nobelium=-1), Button 3 has consistently yielded very high rewards with a mean of approximately 79.12, making it the statistically optimal choice.",81,A,D,C,B
2,LLM_Gemini_3_Flash,43,1,-1,-1,3,B,0,exploit,0,"The current context (M=1, K=-1, N=-1) matches situations where button 3 has shown moderate performance, and given the lack of superior alternatives for this specific configuration, exploiting button 3 is the most logical path based on historical data.",43,A,D,C,B
2,LLM_Gemini_3_Flash,44,-1,-1,1,3,B,0,explore,1,"Current context M=-1, K=-1, N=1 has very limited data, mostly from button 3 with poor results; choosing button 3 to gather more information, as other buttons have not been tested in this specific configuration.",16,A,D,C,B
2,LLM_Gemini_3_Flash,45,1,1,-1,3,B,1,exploit,0,"The current context (Mercury=1, Krypton=1, Nobelium=-1) strongly aligns with Button 3, which consistently provides high rewards (average ~79.33) compared to other buttons in this specific context.",79,A,D,C,B
2,LLM_Gemini_3_Flash,46,-1,-1,1,3,B,0,exploit,0,"In the current context (M=-1, K=-1, N=1), button 3 is the only option with empirical history, and despite its lower average reward in this specific state, other buttons have shown no efficacy here, making it the most reliable choice to exploit.",23,A,D,C,B
2,LLM_Gemini_3_Flash,47,1,-1,1,3,B,0,exploit,0,"In the current context (M=1, K=-1, N=1), Button 2 has a high mean from limited samples, but Button 3 consistently provides high rewards in similar positive Mercury contexts, and choosing it continues to optimize for the strongest known performance under this signal profile.",11,A,D,C,B
2,LLM_Gemini_3_Flash,48,1,-1,-1,3,B,0,exploit,0,"Current context (M=1, K=-1, N=-1) has been frequently tested with button 3, and while it has variance, it remains the most reliable performer in this specific context compared to others which have lower expected values or no data for this specific configuration.",54,A,D,C,B
2,LLM_Gemini_3_Flash,49,1,1,-1,3,B,1,exploit,0,"In the current context (M=1, K=1, N=-1), Button 3 has consistently yielded very high rewards, averaging approximately 79.3 across 10 samples, making it the clear optimal choice for exploitation.",82,A,D,C,B
2,LLM_Gemini_3_Flash,50,-1,1,1,3,B,0,exploit,0,"In the current context (M=-1, K=1, N=1), button 3 has shown a significantly higher mean reward (54.67) compared to the limited data for button 0 (20), making it the clear choice for exploitation.",43,A,D,C,B
3,LLM_Gemini_3_Flash,1,-1,-1,1,0,D,0,explore,1,"Since this is the first trial and all buttons have no history, I am selecting button 0 to establish an initial performance baseline for the current context.",48,D,C,B,A
3,LLM_Gemini_3_Flash,2,1,-1,-1,1,C,0,explore,1,"Since only button 0 has been tested, I need to explore the remaining buttons (1, 2, and 3) to establish baselines for their performance under the current context. Choosing button 1 to begin this exploration phase, as there is currently zero data on its performance.",25,D,C,B,A
3,LLM_Gemini_3_Flash,3,-1,1,1,2,B,0,explore,1,"Since buttons 2 and 3 have not been tested at all, I am choosing button 2 to gather initial data in this context, as my current knowledge is insufficient to identify the optimal choice.",50,D,C,B,A
3,LLM_Gemini_3_Flash,4,1,-1,1,3,A,1,explore,1,"Button 3 has not been sampled yet; exploring it now provides critical information to build a model for the current context (M=1, K=-1, N=1), which is currently under-sampled.",72,D,C,B,A
3,LLM_Gemini_3_Flash,5,1,-1,-1,0,D,0,explore,1,"With very limited data, I am testing button 0 again in a new context to gather more observations, as my current knowledge is insufficient to confidently identify the optimal arm for the M=1, K=-1, N=-1 pattern.",51,D,C,B,A
3,LLM_Gemini_3_Flash,6,-1,1,1,2,B,0,exploit,0,"Button 2 has already demonstrated a strong reward of 50 in the current context (M=-1, K=1, N=1), and it remains the most promising option for this specific context based on available evidence.",56,D,C,B,A
3,LLM_Gemini_3_Flash,7,1,-1,1,3,A,1,exploit,0,"Button 3 yielded the highest observed reward (72) for the current context (M=1, K=-1, N=1) in trial 4, making it the clear choice to exploit given the evidence.",85,D,C,B,A
3,LLM_Gemini_3_Flash,8,1,1,-1,0,D,0,explore,1,"With the current context (M=1, K=1, N=-1) being unseen for all buttons, I am choosing button 0 to explore its potential, as it has shown consistent returns in other contexts while the other buttons have either been tested elsewhere or underperformed.",55,D,C,B,A
3,LLM_Gemini_3_Flash,9,-1,-1,1,0,D,0,explore,1,"Button 0 is the only option tested in the current context (M=-1, K=-1, N=1), but the estimate is based on only one sample. Further exploration of all buttons in this context is necessary to reduce uncertainty and identify the highest-yielding option.",46,D,C,B,A
3,LLM_Gemini_3_Flash,10,1,-1,-1,0,D,0,exploit,0,"In the current context (M=1, K=-1, N=-1), button 0 has a confirmed mean reward of 51 from previous trials, significantly outperforming button 1 (mean 25) for this specific configuration.",47,D,C,B,A
3,LLM_Gemini_3_Flash,11,1,-1,1,3,A,1,exploit,0,"Button 3 has demonstrated a significantly higher mean reward (78.5) compared to other buttons in the current context (M=1, K=-1, N=1), making it the optimal choice for exploitation.",84,D,C,B,A
3,LLM_Gemini_3_Flash,12,-1,1,-1,1,C,0,explore,1,"Current data for the context M=-1, K=1, N=-1 is sparse across all arms. Since Button 1 has only been sampled once (under a different context) and other buttons haven't been tested in this specific context, exploring Button 1 provides necessary information to characterize its performance.",45,D,C,B,A
3,LLM_Gemini_3_Flash,13,-1,1,1,2,B,0,exploit,0,"Button 2 has consistently provided the best reward (mean of 53) in the current context (M=-1, K=1, N=1), making it the optimal choice based on available historical data.",48,D,C,B,A
3,LLM_Gemini_3_Flash,14,-1,1,1,2,B,0,exploit,0,"In the current context (M=-1, K=1, N=1), button 2 is the clear performer with a mean reward of 51.33 across 3 consistent samples, while other buttons have not been tested in this specific context.",45,D,C,B,A
3,LLM_Gemini_3_Flash,15,1,1,-1,0,D,0,exploit,0,"Button 0 has a known mean reward of 55 for the current context (M=1, K=1, N=-1), which is the only empirical evidence we have for this specific configuration, making it the highest confidence exploit choice.",67,D,C,B,A
3,LLM_Gemini_3_Flash,16,-1,1,-1,1,C,0,explore,1,"The current context (M=-1, K=1, N=-1) has limited data, with button 1 being the only arm tested so far (reward 45). Since other buttons have not been explored in this specific context, I am choosing button 1 to continue gathering information with medium confidence.",61,D,C,B,A
3,LLM_Gemini_3_Flash,17,1,1,-1,0,D,0,exploit,0,"In the current context (M=1, K=1, N=-1), button 0 has demonstrated a consistent performance with a high observed mean reward of 61 across two trials. Given that other options like buttons 1, 2, and 3 have not shown evidence of superior performance in this specific context, exploiting button 0 is the optimal strategy.",52,D,C,B,A
3,LLM_Gemini_3_Flash,18,1,-1,1,3,A,1,exploit,0,"Button 3 shows a strong, consistent reward pattern specifically for the context (M=1, K=-1, N=1), with a mean reward of 80.33 based on 3 samples, making it the clear high-performing choice for this specific context.",84,D,C,B,A
3,LLM_Gemini_3_Flash,19,1,1,-1,0,D,0,exploit,0,"In the current context (M=1, K=1, N=-1), button 0 has been tested three times with a consistent mean of 58, which is the highest observed performance for this specific configuration among the available buttons.",49,D,C,B,A
3,LLM_Gemini_3_Flash,20,1,-1,1,3,A,1,exploit,0,"Button 3 shows a strong, consistent, and significantly higher mean reward (81.25) specifically when Mercury=1 and Nobelium=1, matching the current context perfectly. With high confidence, this button is the optimal choice for this context.",81,D,C,B,A
3,LLM_Gemini_3_Flash,21,-1,-1,1,0,D,0,exploit,0,"In the current context (M=-1, K=-1, N=1), button 0 is the only option with empirical data showing a consistent, positive mean reward, making it the most reliable choice.",40,D,C,B,A
3,LLM_Gemini_3_Flash,22,-1,-1,1,0,D,0,explore,1,"Button 0 is currently the only observed option for this specific context (M=-1, K=-1, N=1), but the confidence is medium due to a limited sample size. I am exploiting the current best observed mean while remaining open to refining this estimate as more data is collected.",44,D,C,B,A
3,LLM_Gemini_3_Flash,23,1,-1,-1,0,D,0,exploit,0,"In the current context (M=1, K=-1, N=-1), Button 0 has the highest observed mean reward (49) compared to Button 1 (25). While Button 3 performs well in other contexts, it has not been tested in this specific context, making Button 0 the most reliable choice based on existing data.",46,D,C,B,A
3,LLM_Gemini_3_Flash,24,-1,1,-1,1,C,0,exploit,0,"Button 1 is the only button observed in this context (M=-1, K=1, N=-1) with a positive mean reward of 53, suggesting it is the best fit for this specific set of conditions.",49,D,C,B,A
3,LLM_Gemini_3_Flash,25,-1,1,1,2,B,0,exploit,0,"Button 2 has been consistently effective for the current context (Mercury=-1, Krypton=1, Nobelium=1) with a mean reward of 49.75, which is clearly superior to other options based on current available history.",48,D,C,B,A
3,LLM_Gemini_3_Flash,26,-1,1,-1,1,C,0,exploit,0,"In the current context (M=-1, K=1, N=-1), button 1 has been observed as the highest performing button with a mean reward of 51.67, significantly outperforming other options in this specific context.",46,D,C,B,A
3,LLM_Gemini_3_Flash,27,-1,-1,1,0,D,0,exploit,0,"In the current context (M=-1, K=-1, N=1), Button 0 is the only option with empirical data, yielding an average reward of 44.5, making it the rational choice for exploitation despite the modest yield.",44,D,C,B,A
3,LLM_Gemini_3_Flash,28,1,1,-1,0,D,0,exploit,0,"In the current context (M=1, K=1, N=-1), Button 0 has a strong historical performance with a mean reward of 55.75, which is significantly higher than other options tested in this specific context, making it the most reliable choice.",48,D,C,B,A
3,LLM_Gemini_3_Flash,29,-1,1,-1,1,C,0,exploit,0,"In the current context (M=-1, K=1, N=-1), button 1 has been the only button tested with a mean reward of 50.25, significantly outperforming its average in other contexts, making it the highest expected value option for this specific scenario.",55,D,C,B,A
3,LLM_Gemini_3_Flash,30,1,-1,-1,0,D,0,exploit,0,"In the current context (M=1, K=-1, N=-1), button 0 has the highest empirical mean reward (48) compared to the only other sampled alternative, button 1 (25). Confidence is medium as we are exploiting the best performing option observed for this specific context.",50,D,C,B,A
3,LLM_Gemini_3_Flash,31,-1,1,1,2,B,0,exploit,0,"In the current context (M=-1, K=1, N=1), button 2 is the only option with established positive performance history, yielding a consistent mean reward of 49.4 over 5 trials.",53,D,C,B,A
3,LLM_Gemini_3_Flash,32,1,-1,-1,0,D,0,exploit,0,"In the current context (M=1, K=-1, N=-1), button 0 is the only option with sufficient evidence, showing a consistent mean reward of 48.5, while button 1 yielded a very low return of 25 in this context. I am exploiting button 0 as it is the most reliable performer for this specific signal set.",54,D,C,B,A
3,LLM_Gemini_3_Flash,33,1,1,-1,0,D,0,exploit,0,"In the current context (M=1, K=1, N=-1), button 0 is the only button with observed performance history, showing a strong mean reward of 54.2 over 5 trials, making it the highest-value exploitation choice.",48,D,C,B,A
3,LLM_Gemini_3_Flash,34,-1,1,1,2,B,0,exploit,0,"In the current context (M=-1, K=1, N=1), button 2 is the only option with sufficient evidence, consistently yielding a mean reward of 50 across 6 trials, whereas other buttons have not been tested in this specific context.",47,D,C,B,A
3,LLM_Gemini_3_Flash,35,1,1,-1,0,D,0,exploit,0,"In the current context (M=1, K=1, N=-1), button 0 has been consistently tested 6 times with a stable mean reward of 53.17 and is the only button with significant performance data for this context.",51,D,C,B,A
3,LLM_Gemini_3_Flash,36,-1,-1,1,0,D,0,exploit,0,"In the current context (M=-1, K=-1, N=1), button 0 is the only option with empirical data showing a mean reward of 44.4; given no other buttons have been tested in this specific context, sticking with the established choice is the most rational approach.",54,D,C,B,A
3,LLM_Gemini_3_Flash,37,1,1,-1,0,D,0,exploit,0,"In the current context (M=1, K=1, N=-1), Button 0 has the highest observed mean reward of 52.86 based on 7 samples with consistent results, and there is no evidence that any other button performs better in this specific configuration.",49,D,C,B,A
3,LLM_Gemini_3_Flash,38,1,-1,-1,0,D,0,exploit,0,"In the current context (M=1, K=-1, N=-1), button 0 has been consistently tested and provides a stable mean reward of 49.6, outperforming the only other tested option, button 1, by a significant margin. Given the data, button 0 is the highest expected value choice for this specific context.",51,D,C,B,A
3,LLM_Gemini_3_Flash,39,-1,1,1,2,B,0,exploit,0,"In the current context (M=-1, K=1, N=1), historical data strongly indicates that Button 2 is the most rewarding option with a consistent performance, while other buttons either underperform or have not been tested in this specific configuration.",47,D,C,B,A
3,LLM_Gemini_3_Flash,40,-1,1,-1,1,C,0,exploit,0,"In the current context (M=-1, K=1, N=-1), button 1 has been consistently tested and shows the highest mean reward (51.2) compared to other buttons, which are either suboptimal or untested in this specific context.",43,D,C,B,A
3,LLM_Gemini_3_Flash,41,-1,1,1,2,B,0,exploit,0,"In the current context (M=-1, K=1, N=1), button 2 is the empirically proven best performer with 8 consistent samples showing a mean reward of 49.25, significantly outperforming other buttons under this specific condition.",52,D,C,B,A
3,LLM_Gemini_3_Flash,42,-1,1,1,2,B,0,exploit,0,"In the current context (M=-1, K=1, N=1), Button 2 is the only option with established positive performance, showing consistent rewards across multiple trials with low uncertainty.",51,D,C,B,A
3,LLM_Gemini_3_Flash,43,1,-1,-1,0,D,0,exploit,0,"In the current context (M=1, K=-1, N=-1), Button 0 has the highest observed mean reward (49.83) compared to Button 1 (25). Confidence is high as Button 0 has been tested multiple times in this specific context with consistent results.",43,D,C,B,A
3,LLM_Gemini_3_Flash,44,-1,1,1,2,B,0,exploit,0,"Button 2 has been consistently effective for the context M=-1, K=1, N=1, with 10 samples confirming a stable mean reward of 49.7, which is the best-observed performance for this specific configuration.",50,D,C,B,A
3,LLM_Gemini_3_Flash,45,1,-1,1,0,D,0,exploit,0,"In the current context (M=1, K=-1, N=1), the historical data shows that button 3 is the clear optimal performer, but the context provided is M=1, K=-1, N=1 which indicates button 3 should be selected. Wait, looking at the history for M=1, K=-1, N=1, button 3 has a mean reward of 81.2. I will choose button 3.",50,D,C,B,A
3,LLM_Gemini_3_Flash,46,1,1,-1,0,D,0,exploit,0,"In the current context (M=1, K=1, N=-1), button 0 is the only button with significant historical evidence, consistently yielding a mean reward of 52.38, whereas other buttons have either shown poor performance or lack sufficient data for this specific context.",56,D,C,B,A
3,LLM_Gemini_3_Flash,47,1,-1,-1,0,D,0,exploit,0,"In the current context (M=1, K=-1, N=-1), Button 0 is the established reliable performer based on historical data, while Button 3 is clearly identified as the optimal choice specifically for the (M=1, K=-1, N=1) context only. Since current context does not match Button 3's high-reward profile, exploiting the consistent performance of Button 0 is the most logical strategy.",46,D,C,B,A
3,LLM_Gemini_3_Flash,48,1,1,-1,0,D,0,exploit,0,"In the current context (M=1, K=1, N=-1), button 0 has a consistent mean reward of approximately 52.78 across 9 trials, which significantly outperforms the limited or zero data for other buttons in this specific context.",46,D,C,B,A
3,LLM_Gemini_3_Flash,49,-1,1,-1,1,C,0,exploit,0,"In the current context (M=-1, K=1, N=-1), button 1 has been tested 6 times and consistently yields the highest observed mean reward of 49.83, significantly outperforming other buttons under these specific signals.",60,D,C,B,A
3,LLM_Gemini_3_Flash,50,-1,1,-1,1,C,0,exploit,0,"Given the current context (M=-1, K=1, N=-1), button 1 is the established optimal choice with a mean reward of 51.29 based on 7 samples, significantly outperforming others in this specific context.",49,D,C,B,A
4,LLM_Gemini_3_Flash,1,1,1,-1,0,C,0,explore,1,"This is the first trial with no history, so I am choosing button 0 to initiate data collection across the available options. My confidence is low, and the primary uncertainty is the underlying reward function for all buttons.",22,C,D,B,A
4,LLM_Gemini_3_Flash,2,1,-1,1,1,D,0,explore,1,"Since only button 0 has been tested, I need to explore the other buttons to map their reward potential across different context signals. Button 1 is chosen to start gathering data on the remaining arms.",56,C,D,B,A
4,LLM_Gemini_3_Flash,3,-1,-1,1,2,B,0,explore,1,"With very limited data, I need to explore unexplored arms (buttons 2 and 3) to build a robust reward model. Button 2 is chosen to gather information on its performance in the current context (M=-1, K=-1, N=1), which is currently unknown.",10,C,D,B,A
4,LLM_Gemini_3_Flash,4,1,1,-1,3,A,0,explore,1,"Button 0 has a mean reward of 22 in this context, but Button 3 remains completely untested; given the early stage of the game, exploring Button 3 to gather data has high information value.",52,C,D,B,A
4,LLM_Gemini_3_Flash,5,-1,1,-1,0,C,0,explore,1,"Since I have only sampled each button once or twice, I have low confidence in the underlying reward functions. I am choosing button 0 to gather data on a new context (M=-1, K=1, N=-1) to better understand its performance compared to other buttons.",38,C,D,B,A
4,LLM_Gemini_3_Flash,6,-1,1,1,3,A,0,explore,1,"Button 3 yielded the highest reward (52) among all options tested so far, and this context (M=-1, K=1, N=1) has not been explored. I am choosing 3 to see if it remains a high-value option in this new context, balancing exploitation of its strong performance with information gathering.",10,C,D,B,A
4,LLM_Gemini_3_Flash,7,-1,-1,1,0,C,1,explore,1,"Button 0 has not been tested in the current context (M=-1, K=-1, N=1), and while Button 2 yielded 10, it is necessary to gather more data on other buttons to determine the optimal arm for this specific context.",84,C,D,B,A
4,LLM_Gemini_3_Flash,8,-1,1,-1,0,C,0,exploit,0,"Button 0 showed strong performance in this specific context (M=-1, K=1, N=-1) during trial 5, and it has generally demonstrated the highest potential reward across various contexts, making it the most reliable choice.",53,C,D,B,A
4,LLM_Gemini_3_Flash,9,-1,1,-1,0,C,0,exploit,0,"Button 0 has demonstrated consistent performance in the current context (M=-1, K=1, N=-1) across two previous trials, yielding an average reward of 45.5, which is the best-supported option for this specific configuration.",46,C,D,B,A
4,LLM_Gemini_3_Flash,10,1,-1,1,1,D,0,explore,1,"Button 1 yielded a high reward of 56 in this specific context (M=1, K=-1, N=1) during trial 2, and since other buttons have not been tested under these specific signals, exploring it further offers the highest potential for maximizing profit given the current uncertainty.",44,C,D,B,A
4,LLM_Gemini_3_Flash,11,1,1,-1,3,A,0,exploit,0,"In the current context (M=1, K=1, N=-1), button 3 has a significantly higher mean reward (52) compared to button 0 (22), justifying an exploit strategy with high confidence.",48,C,D,B,A
4,LLM_Gemini_3_Flash,12,1,1,-1,3,A,0,exploit,0,"In the current context (M=1, K=1, N=-1), button 3 consistently yields higher rewards (mean 50) compared to button 0 (mean 22), indicating a clear preference based on available evidence.",45,C,D,B,A
4,LLM_Gemini_3_Flash,13,1,-1,1,1,D,0,exploit,0,"Button 1 has shown a strong performance in the current context (M=1, K=-1, N=1) with a mean reward of 50. While samples are limited, it is the only button explicitly associated with this specific context configuration, making it the most logical choice for exploitation.",50,C,D,B,A
4,LLM_Gemini_3_Flash,14,1,-1,1,1,D,0,exploit,0,"Button 1 has consistently yielded an average reward of 50 in the current context (M=1, K=-1, N=1), making it the most reliable and high-performing option observed so far for these specific signals.",49,C,D,B,A
4,LLM_Gemini_3_Flash,15,1,-1,-1,0,C,0,explore,1,"The current context (M=1, K=-1, N=-1) has not been observed for any button yet, making this an exploration phase; button 0 has shown high versatility across other contexts and is a strong candidate to test in this new configuration.",27,C,D,B,A
4,LLM_Gemini_3_Flash,16,1,-1,1,1,D,0,exploit,0,"Button 1 has shown a strong, consistent performance (mean 49.75) specifically in contexts where Mercury is 1, and despite the current context (M=1, K=-1, N=1) matching its primary performance profile, I will choose it to exploit its high demonstrated value.",55,C,D,B,A
4,LLM_Gemini_3_Flash,17,1,-1,1,1,D,0,exploit,0,"Button 1 has shown a strong, consistent performance (mean 50.8) under the M=1, K=-1, N=1 context across 5 samples, while other buttons have not been tested under these specific conditions or have lower historical performance.",52,C,D,B,A
4,LLM_Gemini_3_Flash,18,1,-1,1,1,D,0,exploit,0,"Button 1 has consistently performed very well (mean 51) specifically under the condition M=1, K=-1 (the same Krypton state as current context), whereas other buttons have high uncertainty or lower performance in this context.",47,C,D,B,A
4,LLM_Gemini_3_Flash,19,1,-1,-1,0,C,0,explore,1,"Given the current context (M=1, K=-1, N=-1), button 0 is the only arm with prior data points in this context. Although the sample size is small (n=1), it is the most logical choice to continue exploring this configuration while maintaining a baseline expectation, as buttons 1, 2, and 3 have no evidence for this specific context.",14,C,D,B,A
4,LLM_Gemini_3_Flash,20,-1,1,1,3,A,0,explore,1,"Button 3 was previously tested in this context (M=-1,K=1,N=1) and yielded only 10, but other buttons (0, 1, 2) have either no data or poor historical performance in this specific context, making further exploration necessary to determine the optimal arm.",26,C,D,B,A
4,LLM_Gemini_3_Flash,21,-1,-1,1,0,C,1,exploit,0,"In the current context (M=-1, K=-1, N=1), button 0 has a strong observed mean reward of 84 compared to button 2's mean of 10. Given the established data pattern for this specific context, exploiting button 0 offers the highest expected value with high confidence.",81,C,D,B,A
4,LLM_Gemini_3_Flash,22,1,1,-1,3,A,0,exploit,0,"In the current context (M=1, K=1, N=-1), Button 3 has consistently outperformed Button 0 with a mean reward of 48.33 compared to 22.0, providing high confidence for this exploitation choice.",44,C,D,B,A
4,LLM_Gemini_3_Flash,23,1,1,-1,3,A,0,exploit,0,"In the current context (M=1, K=1, N=-1), button 3 consistently yields higher rewards (avg 47.25) compared to button 0 (avg 22.0), providing strong evidence that button 3 is the optimal choice for this specific context.",49,C,D,B,A
4,LLM_Gemini_3_Flash,24,1,-1,-1,0,C,0,explore,1,"Button 0 has previously shown performance in this context (M=1, K=-1, N=-1) with a mean of 20.5, but data is limited for this specific configuration. Given that buttons 1, 2, and 3 have not shown favorable performance in this specific context and Button 0 remains the only tested option with potential for higher returns, I am exploring Button 0 to gain more data.",21,C,D,B,A
4,LLM_Gemini_3_Flash,25,1,-1,1,1,D,0,explore,1,"Current context (M=1, K=-1, N=1) has been heavily tested on Button 1 with a high mean, but since I have not tested other buttons in this specific context, there is a small chance they could perform better; however, I will exploit the high performance of Button 1 given the strong evidence.",50,C,D,B,A
4,LLM_Gemini_3_Flash,26,-1,-1,1,0,C,1,exploit,0,"In the current context (M=-1, K=-1, N=1), button 0 has a significantly higher observed mean reward of 82.5 compared to button 2's mean of 10, providing high confidence for exploitation.",80,C,D,B,A
4,LLM_Gemini_3_Flash,27,-1,1,-1,0,C,0,exploit,0,"In the current context (M=-1, K=1, N=-1), button 0 has a mean reward of 45.67 over 3 samples, which is the best-performing option observed for this specific context.",57,C,D,B,A
4,LLM_Gemini_3_Flash,28,-1,-1,1,0,C,1,exploit,0,"In the current context (M=-1, K=-1, N=1), Button 0 has a strong empirical mean of 81.67 over 3 trials, significantly outperforming Button 2. I am choosing to exploit this high-reward signal as the historical data strongly favors Button 0 for this specific context.",82,C,D,B,A
4,LLM_Gemini_3_Flash,29,1,-1,1,0,C,0,explore,1,"The current context (M=1, K=-1, N=1) has not been explicitly tested for button 0, and button 1 is the known performer here. I am choosing button 0 to explore its potential performance in this specific context, as its global mean reward is high and it remains under-tested in this configuration.",55,C,D,B,A
4,LLM_Gemini_3_Flash,30,1,1,-1,3,A,0,exploit,0,"In the current context (M=1, K=1, N=-1), button 3 consistently outperforms button 0 with a mean reward of 47.6 compared to 22.0, making it the clear choice based on historical evidence.",62,C,D,B,A
4,LLM_Gemini_3_Flash,31,-1,1,1,3,A,0,exploit,0,"In the current context (M=-1, K=1, N=1), button 3 is the only option with evidence and consistently performs better than alternative choices here, warranting exploitation based on the limited data available.",27,C,D,B,A
4,LLM_Gemini_3_Flash,32,-1,1,-1,0,C,0,exploit,0,"In the current context (M=-1, K=1, N=-1), button 0 has been tested 4 times with a consistent mean reward of 48.5, which is the best observed option for this specific context based on available data.",55,C,D,B,A
4,LLM_Gemini_3_Flash,33,1,-1,-1,0,C,0,exploit,0,"In the current context (M=1, K=-1, N=-1), button 0 is the only option with empirical data, yielding a mean of 20.67, whereas other buttons have either no context-specific data or are known to perform poorly based on the history.",17,C,D,B,A
4,LLM_Gemini_3_Flash,34,1,-1,-1,0,C,0,exploit,0,"In the current context (M=1, K=-1, N=-1), Button 0 is the only button with a sufficient sample size of observations, and although its mean reward is lower than other contexts, it remains the most reliable option based on historical performance for this specific configuration.",24,C,D,B,A
4,LLM_Gemini_3_Flash,35,1,-1,1,0,C,0,exploit,0,"In the current context (M=1, K=-1, N=1), Button 0 has an observed mean of 55 across several trials, which is superior to Button 1's mean of 50.38, warranting an exploitation strategy with high confidence.",45,C,D,B,A
4,LLM_Gemini_3_Flash,36,-1,1,-1,0,C,0,exploit,0,"In the current context (M=-1, K=1, N=-1), button 0 is the only option with established performance, showing a consistent mean reward of 49.8 across 5 previous trials, making it the statistically optimal choice.",51,C,D,B,A
4,LLM_Gemini_3_Flash,37,-1,1,-1,0,C,0,exploit,0,"In the current context (M=-1, K=1, N=-1), Button 0 is the only button with a history of performance, showing a consistent mean reward of 50. Since other buttons either have no history in this context or have performed poorly in similar conditions, exploiting Button 0 is the highest value strategy with high confidence.",56,C,D,B,A
4,LLM_Gemini_3_Flash,38,1,-1,1,1,D,0,exploit,0,"In the current context (M=1, K=-1, N=1), button 1 has consistently demonstrated a superior and stable mean reward (50.38) across 8 trials, compared to button 0 which is significantly less reliable in this specific context.",46,C,D,B,A
4,LLM_Gemini_3_Flash,39,-1,1,-1,0,C,0,exploit,0,"In the current context (M=-1, K=1, N=-1), button 0 has been tested 7 times with a consistent mean reward of 50.86, which is the only reliable option observed for this context configuration.",45,C,D,B,A
4,LLM_Gemini_3_Flash,40,1,1,-1,3,A,0,exploit,0,"In the current context (M=1, K=1, N=-1), button 3 consistently yields a significantly higher mean reward (~50) compared to button 0 (~22), with strong evidence from 6 trials.",60,C,D,B,A
4,LLM_Gemini_3_Flash,41,1,-1,-1,0,C,0,exploit,0,"In the current context (M=1, K=-1, N=-1), button 0 is the only button with observed data, showing a mean reward of 20.6; button 1 performs well only when N=1 and button 3 performs best when K=1, making button 0 the most rational exploit choice.",12,C,D,B,A
4,LLM_Gemini_3_Flash,42,1,-1,1,1,D,0,exploit,0,"In the current context (M=1, K=-1, N=1), button 1 has shown a consistent mean reward (approx. 49.9) across 9 samples with very low variance (std 3.75), making it the most reliable performer compared to button 0, which has higher volatility and a similar mean in this specific context.",50,C,D,B,A
4,LLM_Gemini_3_Flash,43,-1,1,-1,0,C,0,exploit,0,"Button 0 has been consistently tested in the context (M=-1, K=1, N=-1) with a reliable mean reward of approximately 50, whereas other buttons have either shown lower performance or lack sufficient data in this specific context.",50,C,D,B,A
4,LLM_Gemini_3_Flash,44,1,-1,1,1,D,0,exploit,0,"Button 1 has consistently delivered rewards around 50 when Mercury=1, Krypton=-1, Nobelium=1, matching the current context perfectly with low variance. Button 0 also has a similar mean in this context but Button 1's performance is more stable and established.",39,C,D,B,A
4,LLM_Gemini_3_Flash,45,1,-1,-1,0,C,0,exploit,0,"Button 0 has the highest observed mean reward (19.17) in this specific context (M=1, K=-1, N=-1), whereas button 1 and 3 are either suboptimal or lack direct evidence in this context.",18,C,D,B,A
4,LLM_Gemini_3_Flash,46,-1,-1,1,0,C,1,exploit,0,"In the current context (M=-1, K=-1, N=1), Button 0 has demonstrated a significantly higher mean reward (81.75) across multiple trials compared to the poorly performing Button 2 (10). I am choosing to exploit this reliable pattern as the evidence for Button 0 in this specific context is robust.",80,C,D,B,A
4,LLM_Gemini_3_Flash,47,1,-1,1,1,D,0,exploit,0,"In the current context (M=1, K=-1, N=1), Button 1 has shown consistent performance (mean 48.91) compared to the more variable Button 0 (mean 50 across 13 samples), and exploiting Button 1 provides a reliable reward based on established historical data.",47,C,D,B,A
4,LLM_Gemini_3_Flash,48,-1,1,-1,0,C,0,exploit,0,"In the current context (Mercury=-1, Krypton=1, Nobelium=-1), Button 0 has been consistently tested 9 times with a solid mean reward of 50.11, while other buttons have either shown poor performance or have no data for this specific context, making Button 0 the clear exploit choice with high confidence.",55,C,D,B,A
4,LLM_Gemini_3_Flash,49,1,-1,-1,0,C,0,exploit,0,"In the current context (M=1, K=-1, N=-1), button 0 is the only option with empirical data, having been sampled 7 times with a mean reward of 19. While button 0 shows high variance, there is no evidence suggesting other buttons perform better in this specific configuration, making it the rational choice for exploitation.",21,C,D,B,A
4,LLM_Gemini_3_Flash,50,-1,-1,1,0,C,1,exploit,0,"In the current context (M=-1, K=-1, N=1), button 0 has consistently delivered high rewards with a mean of 81.4 over 6 samples, far outperforming the only other tested option, button 2, which yielded only 10.",75,C,D,B,A
5,LLM_Gemini_3_Flash,1,-1,1,-1,0,A,0,explore,1,"Since no data has been collected across any of the buttons yet, I will start by exploring button 0 to establish a baseline for this context.",23,A,C,B,D
5,LLM_Gemini_3_Flash,2,1,-1,-1,1,C,0,explore,1,"Since only button 0 has been tested and we are only on trial 2, it is strategically optimal to explore button 1 to begin mapping the reward space. The confidence is low, as the reward functions remain largely unknown.",25,A,C,B,D
5,LLM_Gemini_3_Flash,3,-1,1,-1,2,B,1,explore,1,"With very limited data, I am exploring unvisited buttons (2 and 3) to gather information for the current context, as the current evidence is insufficient to reliably differentiate between options.",72,A,C,B,D
5,LLM_Gemini_3_Flash,4,-1,-1,1,3,D,0,explore,1,Button 3 has not been tested in any context yet; exploring it now provides high information value while we have low overall knowledge of the reward landscape.,50,A,C,B,D
5,LLM_Gemini_3_Flash,5,1,-1,1,0,A,1,explore,1,"With very limited data, I am exploring button 0 in the current context (M=1, K=-1, N=1) to differentiate its performance from the known baseline of other buttons and improve my model.",83,A,C,B,D
5,LLM_Gemini_3_Flash,6,-1,1,1,1,C,1,explore,1,"Button 1 has only been tested once in a completely different context, and it has high uncertainty compared to others; exploring it now helps map its reward function against the current context M=-1, K=1, N=1.",84,A,C,B,D
5,LLM_Gemini_3_Flash,7,-1,1,-1,2,B,1,exploit,0,"Button 2 has already demonstrated a significantly higher reward of 72 in the current M=-1, K=1, N=-1 context compared to button 0, which only yielded 23 in the same conditions.",82,A,C,B,D
5,LLM_Gemini_3_Flash,8,1,-1,1,0,A,1,exploit,0,"Button 0 showed a high reward of 83 in the only trial where the context matched the current M=1, K=-1, N=1 configuration, suggesting it is highly effective under these specific conditions.",77,A,C,B,D
5,LLM_Gemini_3_Flash,9,-1,1,1,1,C,1,exploit,0,"Button 1 has already demonstrated a high reward (84) in this exact context (M=-1, K=1, N=1), making it the most reliable choice for current conditions based on the limited data available.",88,A,C,B,D
5,LLM_Gemini_3_Flash,10,1,1,-1,1,C,0,explore,1,"With the current context (M=1, K=1, N=-1) unobserved for all buttons, I am choosing button 1 as it has demonstrated high volatility and potential, and exploring it here helps build the model for this specific state. I chose button 1 over 0 and 2 because it has shown high rewards in other contexts, reflecting a medium confidence in its capability to perform well here.",16,A,C,B,D
5,LLM_Gemini_3_Flash,11,1,-1,1,0,A,1,exploit,0,"Button 0 has a strong historical performance in the current context (M=1, K=-1, N=1) with an average of 80 across two trials, making it the most reliable choice compared to others which have not been tested or performed poorly in this state.",78,A,C,B,D
5,LLM_Gemini_3_Flash,12,-1,1,1,1,C,1,exploit,0,"Button 1 has shown a strong performance (mean 86) in the current context of M=-1, K=1, N=1, making it the highest value option with medium-high confidence.",75,A,C,B,D
5,LLM_Gemini_3_Flash,13,-1,1,1,1,C,1,exploit,0,"Button 1 has demonstrated a high mean reward (82.33) specifically for the current context (M=-1, K=1, N=1) across multiple trials, making it the most reliable choice based on current data.",74,A,C,B,D
5,LLM_Gemini_3_Flash,14,1,-1,1,0,A,1,exploit,0,"In the current context (M=1, K=-1, N=1), button 0 has been tested 3 times with a strong consistent mean reward of 79.33, while other buttons have not been tested in this specific context or have shown significantly lower performance in other conditions. I am exploiting button 0 due to the high confidence in its performance for this context.",97,A,C,B,D
5,LLM_Gemini_3_Flash,15,1,-1,-1,1,C,0,explore,1,"Button 0 has been strong in M=1,K=-1,N=1 but the current context is M=1,K=-1,N=-1 where Button 1 has only been tested once with a low reward; since the available data is sparse for this specific context, I am exploring Button 1 to test its performance.",11,A,C,B,D
5,LLM_Gemini_3_Flash,16,-1,1,-1,2,B,1,exploit,0,"In the current context (M=-1, K=1, N=-1), button 2 has demonstrated a strong mean reward of 77 across two trials, significantly outperforming button 0 which only yielded 23 in this specific context. I am choosing to exploit this superior observed performance.",82,A,C,B,D
5,LLM_Gemini_3_Flash,17,-1,1,-1,2,B,1,exploit,0,"Button 2 has a high observed mean reward of 78.67 and low variance specifically for the current context (M=-1, K=1, N=-1), where it has significantly outperformed Button 0 in previous trials.",74,A,C,B,D
5,LLM_Gemini_3_Flash,18,-1,1,-1,2,B,1,exploit,0,"In the current context (M=-1, K=1, N=-1), Button 2 has demonstrated a strong and consistent mean reward (77.5) across multiple trials, significantly outperforming Button 0, which yielded a very low reward in this specific context.",83,A,C,B,D
5,LLM_Gemini_3_Flash,19,1,-1,1,0,A,1,exploit,0,"Button 0 has a strong established pattern for the current context (M=1, K=-1, N=1) with a high observed mean reward (83.75) across 4 samples, making it the clear choice for exploitation.",75,A,C,B,D
5,LLM_Gemini_3_Flash,20,-1,1,1,1,C,1,exploit,0,"Button 1 is the established high-performing arm for the current context (M=-1, K=1, N=1), supported by 4 samples with a high mean of 80.25; other buttons lack evidence for this specific context, making button 1 the optimal exploit choice.",68,A,C,B,D
5,LLM_Gemini_3_Flash,21,1,1,-1,3,D,0,explore,1,"Button 3 has almost no data points across the history and remains a significant uncertainty; testing it now provides necessary information to see if it performs better than the known low-reward outputs of buttons 0, 1, or 2 in the current M=1, K=1, N=-1 context.",47,A,C,B,D
5,LLM_Gemini_3_Flash,22,-1,1,1,1,C,1,exploit,0,"In the current context (M=-1, K=1, N=1), button 1 has consistently yielded high rewards (mean 77.8 across 5 trials) compared to other options. I am exploiting this strong pattern as it is the most well-supported strategy for this specific context.",75,A,C,B,D
5,LLM_Gemini_3_Flash,23,-1,-1,1,3,D,0,explore,1,"Button 3 has been tested in this specific context (M=-1,K=-1,N=1) once before with a reward of 50, but given the limited data for this context across all buttons, exploring Button 3 further is necessary to verify its potential compared to the other less-tested options.",54,A,C,B,D
5,LLM_Gemini_3_Flash,24,-1,1,1,1,C,1,exploit,0,"The current context (M=-1, K=1, N=1) has been explicitly associated with button 1 in 6 trials with a consistent high mean reward of 77.33, making it the clear optimal choice.",84,A,C,B,D
5,LLM_Gemini_3_Flash,25,1,1,-1,3,D,0,explore,1,"In the current context (M=1, K=1, N=-1), button 3 has been tested once with a reward of 47, while button 1 yielded 16. With high uncertainty and limited samples for this specific state, choosing button 3 is a reasonable exploration to see if it remains the superior performer here compared to the others.",52,A,C,B,D
5,LLM_Gemini_3_Flash,26,1,-1,1,0,A,1,exploit,0,"In the current context (M=1, K=-1, N=1), button 0 has a consistently high observed mean of 82 across 5 samples, making it the statistically dominant choice for this specific context.",84,A,C,B,D
5,LLM_Gemini_3_Flash,27,-1,1,-1,2,B,1,exploit,0,"In the current context (M=-1, K=1, N=-1), button 2 has consistently provided high rewards with a high mean of 78.6, significantly outperforming button 0, making this a clear exploitation choice.",82,A,C,B,D
5,LLM_Gemini_3_Flash,28,1,-1,-1,1,C,0,explore,1,"Current context (1, -1, -1) has only 2 samples for button 1 (mean 18) and no history for other buttons. I am choosing button 1 to gather more data on this under-sampled state, as other buttons have not been tested in this specific context yet.",21,A,C,B,D
5,LLM_Gemini_3_Flash,29,1,1,-1,3,D,0,exploit,0,"In the current context (M=1, K=1, N=-1), Button 3 has been tested twice with a mean reward of 49.5, outperforming Button 1, which only yielded 16 in this same context. While Button 3 has high uncertainty, it is currently the statistically superior option for this specific context based on available data.",49,A,C,B,D
5,LLM_Gemini_3_Flash,30,-1,-1,1,3,D,0,exploit,0,"In the context M=-1, K=-1, N=1, button 3 is the only option observed with a mean reward of 52. Given the scarcity of data for this specific context, I am exploiting the best-known option for this configuration.",51,A,C,B,D
5,LLM_Gemini_3_Flash,31,1,-1,-1,0,A,1,explore,1,"In the current context (M=1, K=-1, N=-1), button 1 has shown poor results (mean 19) and other buttons remain untested, making button 0 a reasonable exploration choice despite its higher performance in other contexts, as no button has a strong, reliable mean for this specific state.",79,A,C,B,D
5,LLM_Gemini_3_Flash,32,-1,-1,1,3,D,0,exploit,0,"In the current context (M=-1, K=-1, N=1), button 3 is the only option with established positive performance history. Since button 0, 1, and 2 have not been tested in this specific context or have significantly lower expected values, I am exploiting the evidence for button 3 with high confidence.",51,A,C,B,D
5,LLM_Gemini_3_Flash,33,1,1,-1,3,D,0,explore,1,"In the current context (M=1, K=1, N=-1), Button 3 has outperformed Button 1 in the few instances observed, though both have limited data for this specific configuration. I am choosing Button 3 with medium confidence to further stabilize its performance estimate compared to the unreliable Button 1.",50,A,C,B,D
5,LLM_Gemini_3_Flash,34,1,1,-1,3,D,0,exploit,0,"In the current context (M=1, K=1, N=-1), button 3 consistently yields rewards around 50, whereas button 1 has shown significantly lower performance in this specific context based on previous trials (16 average). Button 3 is the highest-performing option with medium-high confidence for this specific state.",46,A,C,B,D
5,LLM_Gemini_3_Flash,35,-1,1,1,1,C,1,exploit,0,"The current context (M=-1, K=1, N=1) matches the historical data where button 1 has consistently delivered high rewards with a strong mean (78.29). Given the high number of samples (7) confirming this pattern, this is the most reliable choice.",73,A,C,B,D
5,LLM_Gemini_3_Flash,36,-1,1,-1,2,B,1,exploit,0,"Button 2 has a high observed mean reward of 79.17 in the current M=-1, K=1, N=-1 context, based on 6 consistent trials, and significantly outperforms other options in this specific state.",81,A,C,B,D
5,LLM_Gemini_3_Flash,37,1,-1,-1,0,A,1,exploit,0,"In the current context (M=1, K=-1, N=-1), Button 0 has an observed mean of 79 based on previous trials, significantly outperforming Button 1 (mean 19) in this specific setting; I choose Button 0 with high confidence.",75,A,C,B,D
5,LLM_Gemini_3_Flash,38,-1,1,1,1,C,1,exploit,0,"In the current context (Mercury=-1, Krypton=1, Nobelium=1), button 1 has consistently delivered high rewards (mean of 77.62 over 8 samples), making it the clearly superior choice over other buttons given the available historical data.",75,A,C,B,D
5,LLM_Gemini_3_Flash,39,-1,1,1,1,C,1,exploit,0,"The context M=-1, K=1, N=1 has been observed 9 times exclusively with button 1, yielding a high and consistent average reward of 77.33, making it the clear optimal choice for this specific context.",79,A,C,B,D
5,LLM_Gemini_3_Flash,40,1,-1,-1,0,A,1,exploit,0,"Button 0 has demonstrated a consistently high reward in the current context (M=1, K=-1, N=-1) based on 5 observations, significantly outperforming other buttons in this state, making it the clear choice to exploit.",89,A,C,B,D
5,LLM_Gemini_3_Flash,41,-1,1,-1,2,B,1,exploit,0,"In the current context (M=-1, K=1, N=-1), Button 2 has consistently provided high rewards (mean 79.43) across 7 samples compared to Button 0, which performs poorly in this specific context.",76,A,C,B,D
5,LLM_Gemini_3_Flash,42,-1,-1,1,3,D,0,exploit,0,"Given the current context (M=-1, K=-1, N=1), the only arm with established performance history is button 3, which consistently provides moderate rewards, whereas other buttons lack data for this specific configuration.",43,A,C,B,D
5,LLM_Gemini_3_Flash,43,1,-1,1,0,A,1,exploit,0,"In the current context (M=1, K=-1, N=1), Button 0 has consistently demonstrated a high mean reward (82.33) over multiple trials compared to other buttons, making it the clear choice.",80,A,C,B,D
5,LLM_Gemini_3_Flash,44,-1,1,1,1,C,1,exploit,0,"The current context (M=-1, K=1, N=1) has a clear history of high performance for button 1 (mean reward of 77.5 across 10 samples), making it the optimal choice for exploitation.",75,A,C,B,D
5,LLM_Gemini_3_Flash,45,1,-1,1,0,A,1,exploit,0,"In the current context (M=1, K=-1, N=1), button 0 consistently provides high rewards (average ~82) and has been tested 7 times with high confidence, making it the clear optimal choice.",78,A,C,B,D
5,LLM_Gemini_3_Flash,46,1,-1,-1,0,A,1,exploit,0,"In the current context (M=1, K=-1, N=-1), button 0 has shown a consistent and high mean reward (81.0) across multiple samples, significantly outperforming button 1, which has performed poorly in this specific context.",76,A,C,B,D
5,LLM_Gemini_3_Flash,47,-1,1,-1,2,B,1,exploit,0,"The current context (M=-1, K=1, N=-1) strongly correlates with button 2, which has a consistent high mean reward of 79 with low standard deviation across 8 trials, making it the statistically optimal choice.",82,A,C,B,D
5,LLM_Gemini_3_Flash,48,1,1,-1,0,A,0,exploit,0,"In the current context (M=1, K=1, N=-1), button 0 has shown strong performance compared to others, and based on the current context mapping, button 0 remains the most reliable option despite the sparse samples for this specific configuration.",51,A,C,B,D
5,LLM_Gemini_3_Flash,49,1,-1,1,0,A,1,exploit,0,"Button 0 has demonstrated a strong and consistent high reward in the current context (M=1, K=-1, N=1), with 8 samples yielding a high mean and low uncertainty.",75,A,C,B,D
5,LLM_Gemini_3_Flash,50,1,1,-1,0,A,0,exploit,0,"Button 0 is the strongest performer for the context M=1, K=1, N=-1, having achieved a mean of 51 compared to alternatives which yielded lower or inconsistent results. The evidence supports button 0 as the optimal choice for this specific context, with high confidence.",44,A,C,B,D
6,LLM_Gemini_3_Flash,1,1,1,-1,0,B,1,explore,1,"This is the first trial of the session, so no prior data is available. I will begin by selecting button 0 to initiate data collection across the action space, which is necessary to build an empirical model of the rewards.",76,B,A,C,D
6,LLM_Gemini_3_Flash,2,1,-1,1,1,A,1,explore,1,"Since only button 0 has been tested, I am choosing button 1 to begin mapping the rewards for the other arms, as the current data is insufficient to establish a reliable strategy.",83,B,A,C,D
6,LLM_Gemini_3_Flash,3,-1,1,-1,2,C,0,explore,1,"Since buttons 2 and 3 have no prior samples, exploring them now is essential to characterize their performance across the context space and minimize long-term uncertainty.",52,B,A,C,D
6,LLM_Gemini_3_Flash,4,-1,-1,1,3,D,0,explore,1,Button 3 has not been sampled yet; exploring it now is essential to gather information about its reward function and potentially identify the optimal choice for the current context.,51,B,A,C,D
6,LLM_Gemini_3_Flash,5,1,-1,1,1,A,1,exploit,0,"Button 1 has already demonstrated the highest reward (83) for the current context (M=1, K=-1, N=1) in previous trials. Since this matches the current context, I am exploiting this known strong performer.",81,B,A,C,D
6,LLM_Gemini_3_Flash,6,-1,-1,1,3,D,0,explore,1,"With the current context (M=-1, K=-1, N=1), button 3 is the only one observed to perform reasonably well. I am choosing it to exploit the known reward while acknowledging that other buttons are largely untested in this specific state, requiring further exploration to confirm the reward structure.",50,B,A,C,D
6,LLM_Gemini_3_Flash,7,1,-1,1,1,A,1,exploit,0,"Button 1 has shown a strong and consistent performance (mean 82) in the current context (M=1, K=-1, N=1), making it the statistically optimal choice compared to others with lower observed rewards.",79,B,A,C,D
6,LLM_Gemini_3_Flash,8,1,-1,1,1,A,1,exploit,0,"Button 1 has shown a strong, consistent mean reward of 81 in the current context (M=1, K=-1, N=1) across three trials, significantly outperforming other buttons.",83,B,A,C,D
6,LLM_Gemini_3_Flash,9,-1,1,-1,2,C,0,explore,1,"Button 2 showed moderate performance in the current context (M=-1, K=1, N=-1), but it only has one sample so far. Choosing button 2 allows me to gain more information about its reward potential in this context while still targeting a reasonable return.",48,B,A,C,D
6,LLM_Gemini_3_Flash,10,1,-1,1,1,A,1,exploit,0,"Button 1 has consistently high rewards (mean 81.5) specifically under the current context (M=1, K=-1, N=1), making it the clear choice with high confidence based on the available data.",84,B,A,C,D
6,LLM_Gemini_3_Flash,11,1,1,-1,0,B,1,exploit,0,"Button 0 is the only button observed in this specific context (M=1, K=1, N=-1) with a solid reward of 76, making it the most reliable choice for this configuration.",72,B,A,C,D
6,LLM_Gemini_3_Flash,12,1,-1,-1,0,B,0,explore,1,"Current context (M=1, K=-1, N=-1) has not been tested on any button, so I am choosing button 0 to explore its performance in this configuration, as it has shown higher relative rewards in other high-Mercury contexts.",46,B,A,C,D
6,LLM_Gemini_3_Flash,13,-1,1,1,0,B,0,explore,1,"With the current context (M=-1, K=1, N=1) being completely unobserved, I am choosing button 0 to explore its performance in this state, as it has shown the highest reward variance and potential outside of the established (M=1, K=-1, N=1) cluster for button 1.",46,B,A,C,D
6,LLM_Gemini_3_Flash,14,-1,1,-1,2,C,0,explore,1,"I am choosing button 2 again because the current context (M=-1, K=1, N=-1) matches the historical context for button 2, and while button 2 has performed modestly, it is the most reliable option identified for this specific context state.",43,B,A,C,D
6,LLM_Gemini_3_Flash,15,1,-1,-1,0,B,0,explore,1,"Button 0 has been tested in the current context (M=1, K=-1, N=-1) only once with a reward of 46, which is lower than other buttons in their respective favorable contexts; further exploration is needed to determine if its potential mean is higher or if another button performs better in this specific configuration.",55,B,A,C,D
6,LLM_Gemini_3_Flash,16,-1,1,1,0,B,0,explore,1,"Button 0 has previously demonstrated success under various conditions and showed moderate performance in the current context (M=-1, K=1, N=1), but there is still high uncertainty for buttons 1, 2, and 3 in this specific context.",51,B,A,C,D
6,LLM_Gemini_3_Flash,17,1,-1,1,1,A,1,explore,1,"Button 1 has shown a strong, stable mean reward (82) in the current context (M=1, K=-1, N=1) with very low standard deviation. Although I have not tested other buttons in this specific context, Button 1's historical performance makes it the most promising option, while other buttons have significantly lower means elsewhere.",74,B,A,C,D
6,LLM_Gemini_3_Flash,18,-1,1,1,0,B,0,explore,1,"Button 0 has shown potential for higher rewards than buttons 2 and 3 in the current context (M=-1, K=1, N=1), but previous data for this specific configuration is limited to two samples. Further exploration of Button 0 in this context is warranted to verify if it outperforms the other available options.",57,B,A,C,D
6,LLM_Gemini_3_Flash,19,1,-1,1,0,B,0,explore,1,"With the current context (M=1, K=-1, N=1) being new, I am selecting button 0 to explore its performance, as button 1 has been consistently high in M=1, K=-1, N=1 while button 0 has not yet been tested in this specific configuration.",31,B,A,C,D
6,LLM_Gemini_3_Flash,20,-1,-1,1,3,D,0,exploit,0,"Button 3 has performed consistently in the current context (M=-1, K=-1, N=1) in previous trials (mean 50.5), and no other button has demonstrated superior performance under these specific signals.",51,B,A,C,D
6,LLM_Gemini_3_Flash,21,1,-1,-1,0,B,0,exploit,0,"In the current context (M=1, K=-1, N=-1), button 0 is the only option with empirical data showing a mean reward of 50.5, while other buttons remain untested in this specific context.",51,B,A,C,D
6,LLM_Gemini_3_Flash,22,-1,-1,1,3,D,0,exploit,0,"Button 3 has consistently provided a reward of ~50.67 in this specific context (M=-1, K=-1, N=1), and while we have limited samples, it remains the only button directly associated with this context with high confidence.",48,B,A,C,D
6,LLM_Gemini_3_Flash,23,-1,1,-1,2,C,0,explore,1,"The current context (M=-1, K=1, N=-1) has limited historical data (only button 2 has been tested with low samples). I am choosing button 2 to refine the estimate of its mean reward, as current performance data is sparse for this specific configuration.",62,B,A,C,D
6,LLM_Gemini_3_Flash,24,1,-1,1,1,A,1,exploit,0,"Button 1 has consistently yielded high rewards (mean 80.67) in the current context of M=1, K=-1, N=1, making it the clear optimal choice for exploitation with high confidence.",85,B,A,C,D
6,LLM_Gemini_3_Flash,25,1,-1,1,1,A,1,exploit,0,"Button 1 has shown a strong, consistent mean reward of 81.29 across 7 trials for the current context (M=1, K=-1, N=1), while all other buttons have demonstrated significantly lower average performance in this context.",74,B,A,C,D
6,LLM_Gemini_3_Flash,26,1,-1,1,1,A,1,exploit,0,"Button 1 has consistently high performance (mean reward ~80) in the current context (M=1, K=-1, N=1) compared to the limited data for other buttons, making it the clear optimal choice.",83,B,A,C,D
6,LLM_Gemini_3_Flash,27,1,-1,1,1,A,1,exploit,0,"Button 1 has consistently shown a high mean reward (approx. 80.67) in the current context (M=1, K=-1, N=1) compared to other options, making it the clear choice for exploitation.",79,B,A,C,D
6,LLM_Gemini_3_Flash,28,-1,1,1,0,B,0,exploit,0,"In the current context (M=-1, K=1, N=1), button 0 is the only option with empirical data, yielding a mean reward of 51.33. Since other buttons have no observed performance in this specific context, exploiting button 0 is the most reliable strategy given the available information.",58,B,A,C,D
6,LLM_Gemini_3_Flash,29,1,-1,-1,0,B,0,explore,1,"Button 0 has been tested in the current M=1, K=-1, N=-1 context with a mean of 50.67, while other buttons have no data for this specific configuration. I am choosing button 0 to refine my estimate for this context, as my confidence is medium given the limited samples for this specific state.",50,B,A,C,D
6,LLM_Gemini_3_Flash,30,1,-1,1,1,A,1,exploit,0,"Button 1 has consistently demonstrated a high mean reward (80.5) in the current context (M=1, K=-1, N=1) across 10 trials, significantly outperforming all other options; I am confident in this choice as the optimal action for the current state.",76,B,A,C,D
6,LLM_Gemini_3_Flash,31,-1,1,-1,2,C,0,explore,1,"Button 2 has been the best performer in the current context (M=-1, K=1, N=-1) based on limited samples, and further exploration is required to confirm if it remains superior to button 0 under these specific signal conditions.",48,B,A,C,D
6,LLM_Gemini_3_Flash,32,-1,1,-1,2,C,0,exploit,0,"In the current context (M=-1, K=1, N=-1), button 2 is the only option with empirical data, yielding a mean reward of 50.6 across 5 trials; given that other buttons have no history in this context, exploiting button 2 is the most rational choice.",54,B,A,C,D
6,LLM_Gemini_3_Flash,33,1,1,-1,0,B,1,exploit,0,"In the current context (M=1, K=1, N=-1), button 0 is the only arm with observed performance (mean 74), significantly outperforming other buttons which are poorly suited to this context. I will exploit this established preference with high confidence.",79,B,A,C,D
6,LLM_Gemini_3_Flash,34,-1,-1,1,3,D,0,exploit,0,"In the current context (M=-1, K=-1, N=1), button 3 is the only option with established positive evidence, yielding a consistent mean reward of 50. While other buttons are more profitable in different contexts, button 3 remains the best-performing and most stable choice for this specific configuration.",56,B,A,C,D
6,LLM_Gemini_3_Flash,35,-1,1,1,0,B,0,exploit,0,"In the current context (M=-1, K=1, N=1), button 0 has been observed 4 times with an average reward of 53, which is the highest observed mean for this specific context, making it the most reliable choice.",53,B,A,C,D
6,LLM_Gemini_3_Flash,36,-1,-1,1,3,D,0,exploit,0,"In the current context (M=-1, K=-1, N=1), button 3 is the only option with evidence (mean 51.2), and it has been consistently sampled in this specific context with low reward variance.",54,B,A,C,D
6,LLM_Gemini_3_Flash,37,-1,-1,1,3,D,0,exploit,0,"The current context (M=-1, K=-1, N=1) aligns perfectly with the historical pattern observed for button 3, which consistently provides a stable reward in this specific context.",55,B,A,C,D
6,LLM_Gemini_3_Flash,38,-1,1,-1,2,C,0,exploit,0,"In the current context (M=-1, K=1, N=-1), button 2 is the only option with empirical data showing a mean reward of 51.17, while other buttons have not been tested in this specific configuration.",47,B,A,C,D
6,LLM_Gemini_3_Flash,39,-1,1,1,0,B,0,exploit,0,"In the current context (M=-1, K=1, N=1), Button 0 is the only option tested with a mean reward of 53, which is stronger than the performance of other buttons in their specific, different contexts, making it the most reliable choice.",53,B,A,C,D
6,LLM_Gemini_3_Flash,40,-1,-1,1,3,D,0,exploit,0,"Button 3 has been consistently reliable for the context M=-1, K=-1, N=1, with a high degree of certainty observed across multiple trials, whereas other buttons have not been tested in this specific configuration.",55,B,A,C,D
6,LLM_Gemini_3_Flash,41,1,-1,1,0,B,0,exploit,0,"Button 0 has demonstrated the highest historical reward (mean 75.67) in the M=1, K=1, N=-1 context, and although the current context M=1, K=-1, N=1 has historically favored Button 1, Button 0 represents the best strategic exploit given the current context is not perfectly matched to the strong prior for button 1.",27,B,A,C,D
6,LLM_Gemini_3_Flash,42,-1,-1,1,3,D,0,exploit,0,"In the current context (M=-1, K=-1, N=1), button 3 is the only option with established positive evidence, consistently yielding around 53 points, making it the most reliable choice compared to the others which have performed poorly or lack relevant context.",56,B,A,C,D
6,LLM_Gemini_3_Flash,43,1,1,-1,0,B,1,exploit,0,"In the current context (M=1, K=1, N=-1), button 0 has a strong historical average of 75.67 across three trials, significantly outperforming other buttons which have either never been tested in this specific context or have lower reward histories.",83,B,A,C,D
6,LLM_Gemini_3_Flash,44,1,1,-1,0,B,1,exploit,0,"In the current context (M=1, K=1, N=-1), button 0 has a strong historical mean reward of 77.5 across 4 samples, making it the highest-performing option for this specific scenario with high confidence.",78,B,A,C,D
6,LLM_Gemini_3_Flash,45,1,-1,-1,0,B,0,exploit,0,"In the current context (M=1, K=-1, N=-1), Button 0 has the highest observed mean reward of 50.5, and there is no strong evidence that other buttons perform better under these specific conditions.",47,B,A,C,D
6,LLM_Gemini_3_Flash,46,1,-1,-1,0,B,0,exploit,0,"In the current context (M=1, K=-1, N=-1), Button 0 has the highest observed mean reward and is the only button with sufficient historical data for this specific configuration.",51,B,A,C,D
6,LLM_Gemini_3_Flash,47,-1,-1,1,3,D,0,exploit,0,"In the current context (M=-1, K=-1, N=1), Button 3 has consistently provided the highest observed mean reward across 9 trials with very low variance, making it the statistically dominant choice for this specific context.",54,B,A,C,D
6,LLM_Gemini_3_Flash,48,-1,1,-1,2,C,0,exploit,0,"In the current context (M=-1, K=1, N=-1), Button 2 has been the consistently observed best option over 7 samples with a mean reward of 50.57, making it the highest value choice.",55,B,A,C,D
6,LLM_Gemini_3_Flash,49,-1,1,1,0,B,0,exploit,0,"In the current context (M=-1, K=1, N=1), button 0 is the observed historical performer with a consistent mean reward of 53 compared to other buttons which are less suited to this specific configuration, justifying an exploitation strategy.",44,B,A,C,D
6,LLM_Gemini_3_Flash,50,-1,1,1,0,B,0,exploit,0,"In the current context (M=-1, K=1, N=1), Button 0 is the only option with a history of positive performance, consistently yielding higher rewards than any other button, despite moderate variability.",50,B,A,C,D
7,LLM_Gemini_3_Flash,1,1,-1,1,0,D,0,explore,1,"This is the first trial with no history, so I must explore to begin mapping the reward functions for each button, starting with button 0.",48,D,C,B,A
7,LLM_Gemini_3_Flash,2,1,1,-1,1,C,0,explore,1,"Since only button 0 has been tested, I am choosing button 1 to begin mapping the reward landscape across the different buttons while uncertainty remains high for all options other than button 0.",21,D,C,B,A
7,LLM_Gemini_3_Flash,3,1,-1,1,2,B,0,explore,1,"Button 0 has demonstrated a high reward of 48 in this specific context, but I have not explored buttons 2 or 3 at all. I am choosing button 2 to gather data and resolve uncertainty, as relying on a single observation is premature.",21,D,C,B,A
7,LLM_Gemini_3_Flash,4,1,-1,1,0,D,0,exploit,0,"Button 0 has demonstrated a significantly higher reward (48) in the current context (M=1, K=-1, N=1) compared to button 2 (21), indicating it is the optimal choice based on available data.",41,D,C,B,A
7,LLM_Gemini_3_Flash,5,-1,1,-1,3,A,0,explore,1,"With very few samples collected across all buttons and no data for button 3, exploring button 3 is necessary to determine if it offers a higher reward than the under-sampled buttons 1 or 2 in the current context.",14,D,C,B,A
7,LLM_Gemini_3_Flash,6,1,-1,-1,0,D,0,explore,1,"Button 0 has demonstrated the highest potential reward in the limited data seen, but it has only been tested in one context; I am choosing to explore it again to verify if its performance holds in the current context or if other buttons show higher variance.",55,D,C,B,A
7,LLM_Gemini_3_Flash,7,-1,1,1,0,D,0,explore,1,"Button 0 has demonstrated the highest potential across multiple contexts despite current uncertainty, and since it has not been tested in the specific context M=-1, K=1, N=1, I will explore it to refine my reward model for this state.",54,D,C,B,A
7,LLM_Gemini_3_Flash,8,-1,1,-1,3,A,0,explore,1,"Button 0 has demonstrated high returns, but it has not been tested in the current context (M=-1, K=1, N=-1). Button 3 was previously sampled in this exact context yielding 14, but given the limited data, I am exploring to confirm if Button 0 or other alternatives outperform it under these specific conditions.",23,D,C,B,A
7,LLM_Gemini_3_Flash,9,-1,-1,1,0,D,0,exploit,0,"Button 0 has consistently demonstrated the highest average rewards (around 49.5) across multiple context variations and has proven superior whenever it was tested, suggesting it is likely the most reliable source of income despite the current unexplored context combination.",58,D,C,B,A
7,LLM_Gemini_3_Flash,10,-1,1,1,0,D,0,exploit,0,"Button 0 has demonstrated consistently higher rewards across multiple contexts compared to other buttons, and it has already shown a strong mean of 54 in this specific context (M=-1, K=1, N=1), making it the most reliable choice.",49,D,C,B,A
7,LLM_Gemini_3_Flash,11,-1,-1,1,0,D,0,exploit,0,"Button 0 has demonstrated significantly higher and more consistent rewards (mean ~50.8) compared to other buttons, and in the current context (M=-1, K=-1, N=1), it has already produced a high reward of 58 in a previous trial.",56,D,C,B,A
7,LLM_Gemini_3_Flash,12,1,1,-1,1,C,0,explore,1,"Button 1 previously yielded a reward of 21 in this exact context, but the data is extremely limited. Given that button 0 has shown strong performance across other contexts but not this specific one, exploring button 1 further to refine its potential is justified.",20,D,C,B,A
7,LLM_Gemini_3_Flash,13,1,-1,1,0,D,0,exploit,0,"Button 0 has consistently demonstrated a significantly higher mean reward across multiple contexts compared to other buttons, including in the current context where it has a mean of 44.5 versus 21 for button 2.",52,D,C,B,A
7,LLM_Gemini_3_Flash,14,-1,1,1,0,D,0,exploit,0,"Button 0 has demonstrated consistently high performance in the current context (M=-1, K=1, N=1) and across most contexts tested so far. With a mean reward of 51.5 in this specific context, it is the most reliable option compared to the limited data available for other buttons.",53,D,C,B,A
7,LLM_Gemini_3_Flash,15,-1,1,-1,0,D,0,exploit,0,"Button 0 has demonstrated consistently higher rewards across multiple contexts compared to other buttons, and while it has not been tested specifically in the M=-1, K=1, N=-1 context, its overall mean performance is significantly stronger than the limited data for Button 3 in this context.",44,D,C,B,A
7,LLM_Gemini_3_Flash,16,1,-1,-1,0,D,0,exploit,0,"Button 0 has consistently outperformed all other options across multiple contexts, including the current context (M=1, K=-1, N=-1), where it achieved a mean reward of 55, providing high confidence for continued exploitation.",49,D,C,B,A
7,LLM_Gemini_3_Flash,17,-1,1,1,0,D,0,exploit,0,"Button 0 has shown consistently high performance across almost all contexts, including the current one, with a mean reward significantly outperforming other buttons. Given that button 0 has a strong track record of success in this specific context (M=-1, K=1, N=1), exploitation is the optimal strategy.",46,D,C,B,A
7,LLM_Gemini_3_Flash,18,1,-1,1,0,D,0,exploit,0,"Button 0 has consistently outperformed other buttons in the current context (M=1, K=-1, N=1), with a mean reward of 47 compared to button 2's mean of 21. High confidence in this choice as button 0 is clearly the optimal arm based on extensive historical sampling.",54,D,C,B,A
7,LLM_Gemini_3_Flash,19,-1,1,1,0,D,0,exploit,0,"Button 0 has consistently outperformed other buttons in nearly all contexts, including the current one, with a mean reward of 50.5 under the current context. Given its established dominance in the history, exploitation is the optimal strategy.",53,D,C,B,A
7,LLM_Gemini_3_Flash,20,1,-1,1,0,D,0,exploit,0,"Button 0 has consistently demonstrated a high reward mean (approx 48.75 in this context) compared to other options like button 2, which yielded a significantly lower reward in the same context; therefore, exploiting button 0 is the optimal strategy with high confidence.",52,D,C,B,A
7,LLM_Gemini_3_Flash,21,-1,1,-1,0,D,0,exploit,0,"Button 0 has consistently demonstrated significantly higher mean rewards across various contexts compared to other buttons, and specifically maintains a strong record in the current context (M=-1, K=1, N=-1).",43,D,C,B,A
7,LLM_Gemini_3_Flash,22,-1,1,1,0,D,0,exploit,0,"Button 0 has consistently demonstrated high performance across multiple contexts, including the current one, with a mean reward of 51 in the current (M=-1, K=1, N=1) context. Given the strong evidence relative to other arms, exploiting Button 0 is the most reliable strategy.",55,D,C,B,A
7,LLM_Gemini_3_Flash,23,1,-1,1,0,D,0,exploit,0,"Button 0 has consistently demonstrated a high average reward across multiple contexts including the current one, significantly outperforming all other buttons in this context (M=1, K=-1, N=1) with high confidence.",55,D,C,B,A
7,LLM_Gemini_3_Flash,24,1,-1,-1,0,D,0,exploit,0,"Button 0 has consistently delivered the highest rewards across multiple contexts, including the current one (M=1, K=-1, N=-1), with a mean reward of 52 in this specific state. Given the strong evidence, exploiting button 0 is the highest-value strategy.",50,D,C,B,A
7,LLM_Gemini_3_Flash,25,-1,-1,1,0,D,0,exploit,0,"Button 0 has consistently outperformed all other options in this context (M=-1, K=-1, N=1), yielding a mean reward of 57 across multiple samples. With high confidence based on existing data, button 0 is the optimal choice.",48,D,C,B,A
7,LLM_Gemini_3_Flash,26,1,-1,1,0,D,0,exploit,0,"Button 0 has demonstrated significantly higher and more consistent rewards across all contexts, including the current one (M=1, K=-1, N=1), compared to the limited samples of other buttons. Given the strong evidence, exploiting button 0 is the optimal strategy for maximizing profit.",45,D,C,B,A
7,LLM_Gemini_3_Flash,27,-1,1,-1,0,D,0,exploit,0,"Button 0 has consistently demonstrated a significantly higher reward mean across multiple contexts compared to other buttons, and it has already been observed performing well in the current context (M=-1, K=1, N=-1). With high confidence, Button 0 is the optimal choice for exploitation.",45,D,C,B,A
7,LLM_Gemini_3_Flash,28,-1,-1,1,0,D,0,exploit,0,"Button 0 has demonstrated consistently high performance across almost all observed contexts, including the current one (M=-1, K=-1, N=1), where it is the only arm tested and shows a strong mean reward of 54. Given the high sample size and clear dominance, exploiting button 0 is the optimal strategy.",45,D,C,B,A
7,LLM_Gemini_3_Flash,29,-1,-1,1,0,D,0,exploit,0,"Button 0 has consistently delivered the highest rewards across multiple contexts, including the current one, with a high degree of confidence and statistical evidence compared to other under-tested buttons.",50,D,C,B,A
7,LLM_Gemini_3_Flash,30,-1,1,1,0,D,0,exploit,0,"Button 0 has consistently delivered high rewards across various contexts including the current one, and it is clearly the dominant arm based on current evidence.",47,D,C,B,A
7,LLM_Gemini_3_Flash,31,-1,1,1,0,D,0,exploit,0,"Button 0 has demonstrated a consistently high mean reward across all contexts and remains the statistically dominant choice based on 25 samples, significantly outperforming other buttons.",50,D,C,B,A
7,LLM_Gemini_3_Flash,32,1,1,-1,0,D,0,exploit,0,"Button 0 has demonstrated consistent, high performance across almost every context observed so far. While current context M=1, K=1, N=-1 has been previously sampled for Button 1 (yielding low rewards), Button 0 remains the most statistically robust choice based on its overall mean reward and broad historical dominance.",47,D,C,B,A
7,LLM_Gemini_3_Flash,33,1,1,-1,0,D,0,exploit,0,"Button 0 has consistently demonstrated a significantly higher mean reward across all contexts compared to the other buttons, which perform poorly. With 27 samples confirming this dominance, the evidence is strong enough to justify continued exploitation of Button 0.",43,D,C,B,A
7,LLM_Gemini_3_Flash,34,-1,-1,1,0,D,0,exploit,0,"Button 0 has consistently demonstrated high performance across all observed contexts, including the current one, with a mean reward significantly higher than any other option; further exploration is unnecessary given the strong evidence.",46,D,C,B,A
7,LLM_Gemini_3_Flash,35,1,1,-1,0,D,0,exploit,0,"Button 0 has consistently outperformed all other buttons across every context encountered, including the current one, providing a high-confidence mean reward significantly above the others.",46,D,C,B,A
7,LLM_Gemini_3_Flash,36,1,1,-1,0,D,0,exploit,0,"Button 0 has consistently demonstrated high rewards across all observed contexts, including the current M=1, K=1, N=-1 configuration where it significantly outperforms all other options. Given the strong evidence accumulated over 30 trials, the choice to exploit is high confidence.",44,D,C,B,A
7,LLM_Gemini_3_Flash,37,-1,1,1,0,D,0,exploit,0,"Button 0 has consistently demonstrated the highest mean reward across all observed contexts, including the current context (M=-1, K=1, N=1), where it maintains an average reward of approximately 50.88 based on 8 samples.",52,D,C,B,A
7,LLM_Gemini_3_Flash,38,1,-1,1,0,D,0,exploit,0,"Button 0 has demonstrated a significantly higher mean reward across all observed contexts compared to buttons 1, 2, and 3, and continues to be the most reliable performer for the current context (M=1, K=-1, N=1).",54,D,C,B,A
7,LLM_Gemini_3_Flash,39,-1,1,-1,0,D,0,exploit,0,"Button 0 consistently delivers the highest rewards across all tested contexts and has significantly more samples than other buttons, making it the statistically optimal choice with high confidence.",52,D,C,B,A
7,LLM_Gemini_3_Flash,40,1,-1,1,0,D,0,exploit,0,"Button 0 has consistently outperformed all other buttons across every context observed, including the current context (M=1, K=-1, N=1), with a high sample size and high mean reward, making it the clear optimal choice.",44,D,C,B,A
7,LLM_Gemini_3_Flash,41,1,1,-1,0,D,0,exploit,0,"Button 0 consistently demonstrates the highest mean reward across all contexts and significantly outperforms the other buttons, which have shown poor results in limited testing. Given the high confidence in Button 0's superiority, exploiting this choice is the optimal strategy.",47,D,C,B,A
7,LLM_Gemini_3_Flash,42,-1,1,1,0,D,0,exploit,0,"Button 0 has consistently outperformed all other options across nearly every context, and with 36 samples, it provides high confidence for the current context (M=-1, K=1, N=1), where it has a mean reward of 51.",54,D,C,B,A
7,LLM_Gemini_3_Flash,43,1,-1,1,0,D,0,exploit,0,"Button 0 consistently demonstrates the highest performance across all contexts, significantly outperforming other buttons where sampled; given the strong evidence, exploitation is the rational strategy.",49,D,C,B,A
7,LLM_Gemini_3_Flash,44,-1,-1,1,0,D,0,exploit,0,"Button 0 consistently delivers a high reward mean across all contexts, significantly outperforming other buttons; given the sample size for button 0 and the lack of evidence for better performance elsewhere, exploitation is the optimal strategy.",51,D,C,B,A
7,LLM_Gemini_3_Flash,45,1,-1,1,0,D,0,exploit,0,"Button 0 consistently delivers the highest rewards across all tested contexts and has significantly more data than other options, making it the statistically optimal choice with high confidence.",53,D,C,B,A
7,LLM_Gemini_3_Flash,46,-1,-1,1,0,D,0,exploit,0,"Button 0 has consistently demonstrated the highest average rewards across all observed contexts, including the current one, with high confidence based on 40 samples.",56,D,C,B,A
7,LLM_Gemini_3_Flash,47,1,-1,1,0,D,0,exploit,0,"Button 0 has consistently outperformed all other buttons across every context observed, including the current M=1, K=-1, N=1 configuration, with high confidence.",53,D,C,B,A
7,LLM_Gemini_3_Flash,48,-1,1,-1,0,D,0,exploit,0,"Button 0 has consistently demonstrated high rewards across all observed contexts, with a significant amount of data confirming its superiority over other buttons. Given the high mean reward and reliable performance, exploiting Button 0 is the most effective strategy at this stage of the game.",43,D,C,B,A
7,LLM_Gemini_3_Flash,49,1,-1,-1,0,D,0,exploit,0,"Button 0 has consistently demonstrated the highest mean rewards across almost all observed contexts with a large sample size, making it the statistically optimal choice for the final stages.",55,D,C,B,A
7,LLM_Gemini_3_Flash,50,-1,1,-1,0,D,0,exploit,0,"Button 0 has consistently demonstrated the highest mean rewards across all observed contexts, and the current context (M=-1, K=1, N=-1) has shown it to be superior to the limited data on button 3. With high confidence, button 0 remains the optimal choice for maximizing total profit.",45,D,C,B,A
8,LLM_Gemini_3_Flash,1,-1,-1,1,0,A,0,explore,1,"Since this is the first trial and all buttons have no history, I am selecting button 0 as an initial exploratory step to begin gathering data on reward distributions.",49,A,D,B,C
8,LLM_Gemini_3_Flash,2,-1,1,-1,1,D,0,explore,1,"Since I have only tested button 0, I need to explore the other buttons to determine their potential rewards in this new context. Choosing button 1 provides information to expand my knowledge base for future trials.",47,A,D,B,C
8,LLM_Gemini_3_Flash,3,-1,1,1,2,B,0,explore,1,"Since buttons 0 and 1 have only been tested in different contexts, I am choosing button 2 to explore its potential performance in the current context (M=-1, K=1, N=1) where it has no prior data.",48,A,D,B,C
8,LLM_Gemini_3_Flash,4,1,-1,-1,3,C,0,explore,1,"Buttons 0, 1, and 2 have been sampled once in different contexts, but Button 3 remains completely untested. I am choosing Button 3 to gather data and resolve initial uncertainty regarding its potential reward function.",21,A,D,B,C
8,LLM_Gemini_3_Flash,5,1,-1,1,0,A,1,explore,1,"Since all buttons have only been sampled once under different contexts, there is significant uncertainty regarding their performance in the current context (M=1, K=-1, N=1). I am choosing button 0 to test its performance in this specific context while gathering more data to refine the model.",84,A,D,B,C
8,LLM_Gemini_3_Flash,6,1,-1,-1,0,A,1,exploit,0,"Button 0 has demonstrated significantly higher performance (mean of 84) when the Mercury signal is 1 compared to button 3 (mean of 21) in the same condition. Given the consistency of button 0 in the context M=1, K=-1, N=1, I am exploiting this observation for the current M=1, K=-1, N=-1 context, as it is the most promising lead.",87,A,D,B,C
8,LLM_Gemini_3_Flash,7,-1,1,-1,1,D,0,exploit,0,"I have previously sampled button 1 in this exact context (M=-1, K=1, N=-1) with a reward of 47. Given the limited data and the fact that other buttons have not been tested in this specific configuration, exploiting the known positive outcome for this context is the most reliable strategy.",50,A,D,B,C
8,LLM_Gemini_3_Flash,8,1,1,-1,0,A,0,exploit,0,"Button 0 has demonstrated the highest rewards (84 and 87) in contexts where Mercury is 1, suggesting it is a strong performer in this context despite the Nobelium change, while other buttons have significantly lower observed means.",57,A,D,B,C
8,LLM_Gemini_3_Flash,9,-1,-1,1,0,A,0,exploit,0,"Button 0 has demonstrated consistent high performance across multiple contexts, including this one where it yielded 49 in the past, making it the most reliable choice with high confidence.",52,A,D,B,C
8,LLM_Gemini_3_Flash,10,-1,1,1,2,B,0,explore,1,"Button 2 previously yielded a decent reward in this exact context, and further exploration is needed to determine if it outperforms the other options given our limited sampling in this state.",45,A,D,B,C
8,LLM_Gemini_3_Flash,11,1,1,-1,0,A,0,exploit,0,"Button 0 has demonstrated significantly higher performance across various contexts, including the current one, and remains the strongest candidate based on all available data.",56,A,D,B,C
8,LLM_Gemini_3_Flash,12,1,-1,1,0,A,1,exploit,0,"Button 0 has demonstrated significantly higher rewards in contexts where Mercury is 1, yielding an average of 84 in the current context (M=1, K=-1, N=1), whereas other buttons have not been tested in this specific context.",85,A,D,B,C
8,LLM_Gemini_3_Flash,13,1,1,-1,0,A,0,exploit,0,"Button 0 is the only button sampled in the current context (M=1, K=1, N=-1) and has consistently shown a solid performance compared to other options, justifying exploitation with high confidence.",53,A,D,B,C
8,LLM_Gemini_3_Flash,14,1,-1,-1,0,A,1,exploit,0,"Button 0 has demonstrated a significantly higher mean reward for the current context (M=1, K=-1, N=-1) compared to button 3, which yielded poor results. I have medium confidence that button 0 is the optimal choice in this state given the historical data.",79,A,D,B,C
8,LLM_Gemini_3_Flash,15,1,-1,-1,0,A,1,exploit,0,"Button 0 is clearly the best performer in the current context (M=1, K=-1, N=-1), consistently yielding high rewards compared to button 3 in previous trials. I have high confidence in this choice as button 0 is highly effective across multiple contexts.",82,A,D,B,C
8,LLM_Gemini_3_Flash,16,1,1,-1,0,A,0,exploit,0,"Button 0 has consistently demonstrated the highest average reward across multiple context scenarios, including the current one, and shows significantly higher potential than the under-explored options.",47,A,D,B,C
8,LLM_Gemini_3_Flash,17,1,1,-1,0,A,0,exploit,0,"Button 0 is clearly the optimal choice for the current context (M=1, K=1, N=-1), as it is the only button with observed rewards in this context and has a solid mean reward, making it the highest-value option with high confidence.",58,A,D,B,C
8,LLM_Gemini_3_Flash,18,-1,-1,1,0,A,0,exploit,0,"Button 0 has consistently demonstrated the highest mean rewards across multiple contexts and is the only arm tested for the current (M=-1, K=-1, N=1) context, making it the most reliable choice.",53,A,D,B,C
8,LLM_Gemini_3_Flash,19,1,-1,1,0,A,1,exploit,0,"Button 0 has demonstrated the highest average rewards in the current context (M=1, K=-1, N=1) with a mean of 84.5 and is the most reliable option for this context type based on past performance.",86,A,D,B,C
8,LLM_Gemini_3_Flash,20,-1,1,1,2,B,0,explore,1,"Button 2 has been observed twice in the current context (M=-1, K=1, N=1) with a mean reward of 46.5. Since I have very limited data for this specific context, further exploration of button 2 is warranted to refine its reward estimate compared to other buttons.",53,A,D,B,C
8,LLM_Gemini_3_Flash,21,-1,-1,1,0,A,0,exploit,0,"Button 0 is the only option tested for the current context (M=-1, K=-1, N=1) and has shown consistent, positive performance in this setting across multiple trials. Given the lack of data for other buttons in this context, exploiting the known reliable option is the most rational path.",40,A,D,B,C
8,LLM_Gemini_3_Flash,22,1,1,-1,0,A,0,exploit,0,"Button 0 is the only option tested in the current context (M=1, K=1, N=-1) with a reliable mean reward of 54.2, and no other buttons have shown competitive potential under these specific conditions.",54,A,D,B,C
8,LLM_Gemini_3_Flash,23,-1,-1,1,0,A,0,exploit,0,"In the current context (M=-1, K=-1, N=1), Button 0 is the only option with empirical data showing a consistent, albeit moderate, reward, whereas other buttons have not been tested in this specific context.",52,A,D,B,C
8,LLM_Gemini_3_Flash,24,-1,1,-1,1,D,0,exploit,0,"In the current context (M=-1, K=1, N=-1), button 1 has been tested twice with consistent results (mean 48.5). While this mean is lower than some other buttons in different contexts, it is the highest observed mean for this specific context, justifying exploitation.",43,A,D,B,C
8,LLM_Gemini_3_Flash,25,1,1,-1,0,A,0,exploit,0,"Button 0 is the only option with data for the current context (M=1, K=1, N=-1), showing a consistent mean reward of approximately 54.17 across 6 trials, which outweighs the limited or absent data for other buttons in this context.",52,A,D,B,C
8,LLM_Gemini_3_Flash,26,-1,1,1,2,B,0,explore,1,"The current context (M=-1, K=1, N=1) has only been tested with button 2, which yielded a solid mean reward of 48.67. Given limited data for this specific state across other buttons, continuing with button 2 is the most robust choice while maintaining medium confidence.",57,A,D,B,C
8,LLM_Gemini_3_Flash,27,-1,-1,1,0,A,0,exploit,0,"In the current context (M=-1, K=-1, N=1), button 0 is the only option that has been tested and provides a stable, positive reward mean of 49.2, making it the most reliable choice.",53,A,D,B,C
8,LLM_Gemini_3_Flash,28,-1,1,1,2,B,0,exploit,0,"Button 2 has been consistently effective for the current context (M=-1, K=1, N=1) with a mean reward of 50.75, which is the best observed performance for this specific configuration.",57,A,D,B,C
8,LLM_Gemini_3_Flash,29,1,1,-1,0,A,0,exploit,0,"Button 0 is the only button observed in the current context (M=1, K=1, N=-1), and it has consistently yielded moderate positive rewards across 7 samples with high confidence.",43,A,D,B,C
8,LLM_Gemini_3_Flash,30,-1,1,-1,1,D,0,exploit,0,"In the current context (M=-1, K=1, N=-1), button 1 has been consistently observed as the best performer with a mean reward of 46.67, significantly outperforming the limited or non-existent data for other buttons in this specific context.",49,A,D,B,C
8,LLM_Gemini_3_Flash,31,-1,-1,1,0,A,0,exploit,0,"Button 0 is the only option with evidence for the current context (M=-1, K=-1, N=1) and has a consistent mean reward across previous trials for this state.",55,A,D,B,C
8,LLM_Gemini_3_Flash,32,-1,-1,1,0,A,0,exploit,0,"In the current context (M=-1, K=-1, N=1), Button 0 is the only button with observed rewards, yielding a consistent mean reward of approximately 50.57 across seven samples. As other buttons have not been tested in this specific context and lack data to suggest superior performance, exploiting Button 0 remains the most reliable strategy.",45,A,D,B,C
8,LLM_Gemini_3_Flash,33,1,-1,1,0,A,1,exploit,0,"Button 0 has demonstrated the highest reward performance in the current context (M=1, K=-1, N=1), with an observed mean of 85 across multiple trials, significantly outperforming other buttons under this signal profile.",69,A,D,B,C
8,LLM_Gemini_3_Flash,34,1,1,-1,0,A,0,exploit,0,"Button 0 has been the most consistent performer in the current M=1, K=1, N=-1 context with 8 trials and a mean reward of 52.5, which is significantly more reliable than the under-tested or low-reward options.",53,A,D,B,C
8,LLM_Gemini_3_Flash,35,-1,1,1,2,B,0,exploit,0,"In the current context (M=-1, K=1, N=1), historical performance strongly favors button 2 (mean reward 52.0) over other buttons, which have either not been tested in this context or showed lower rewards in other contexts.",44,A,D,B,C
8,LLM_Gemini_3_Flash,36,1,-1,1,0,A,1,exploit,0,"In the current context (M=1, K=-1, N=1), button 0 has a strong established mean reward of 81 based on 4 samples, making it the clear optimal choice compared to alternatives.",83,A,D,B,C
8,LLM_Gemini_3_Flash,37,1,-1,-1,0,A,1,exploit,0,"In the current context (M=1, K=-1, N=-1), button 0 has a strong historical performance with an average reward of 82.67 compared to button 3's poor performance, making button 0 the clear choice based on high confidence data.",78,A,D,B,C
8,LLM_Gemini_3_Flash,38,-1,1,1,2,B,0,explore,1,"The current context (M=-1, K=1, N=1) has been consistently associated with button 2 in past trials. While button 0 is our primary workhorse in other contexts, button 2 is the clear high-performing specialist here, and I will continue to exploit this pattern.",59,A,D,B,C
8,LLM_Gemini_3_Flash,39,1,-1,1,0,A,1,exploit,0,"Button 0 shows high, consistent performance in contexts where Mercury=1, averaging over 80 in this specific context (M=1, K=-1, N=1), significantly outperforming all other options with high confidence.",86,A,D,B,C
8,LLM_Gemini_3_Flash,40,1,-1,-1,0,A,1,exploit,0,"In the current context (M=1, K=-1, N=-1), button 0 has a significantly higher mean reward (81.5) compared to button 3 (21.0), with strong evidence supporting button 0 as the superior choice for this specific context.",78,A,D,B,C
8,LLM_Gemini_3_Flash,41,-1,-1,1,0,A,0,exploit,0,"Button 0 is the only button observed for the current context (M=-1, K=-1, N=1) and has a consistent mean reward of approximately 49.88, making it the highest value choice.",54,A,D,B,C
8,LLM_Gemini_3_Flash,42,-1,1,1,0,A,0,exploit,0,"The current context (M=-1, K=1, N=1) has been consistently associated with Button 2 in the past, but the sample size is small and Button 0 demonstrates high adaptability across various contexts; I will choose Button 0 to test its performance in this specific context while maintaining confidence in its broader reward profile.",10,A,D,B,C
8,LLM_Gemini_3_Flash,43,1,1,-1,0,A,0,exploit,0,"Button 0 is the only option that has been tested in the current context (M=1, K=1, N=-1), consistently yielding a mean reward of 52.56, and there is no evidence suggesting other buttons would outperform it.",56,A,D,B,C
8,LLM_Gemini_3_Flash,44,-1,-1,1,0,A,0,exploit,0,"In the current context (M=-1, K=-1, N=1), button 0 is the only option with empirical data showing a consistent performance, while other buttons have either failed to perform or remain unexplored in this specific context.",53,A,D,B,C
8,LLM_Gemini_3_Flash,45,1,-1,1,0,A,1,exploit,0,"Button 0 has demonstrated the highest and most consistent reward for this specific context (M=1, K=-1, N=1), and while other buttons have seen very little testing, Button 0 remains the statistically superior choice based on all historical trials.",76,A,D,B,C
8,LLM_Gemini_3_Flash,46,1,1,-1,0,A,0,exploit,0,"Button 0 has been consistently tested in the current context (M=1, K=1, N=-1) with a reliable mean reward, and no other buttons show potential for higher returns in this specific state.",44,A,D,B,C
8,LLM_Gemini_3_Flash,47,-1,1,-1,1,D,0,exploit,0,"In the current context (M=-1, K=1, N=-1), Button 1 has a mean reward of 47.25 based on 4 samples, which is the only data available for this specific context, making it the highest confidence exploitation choice.",48,A,D,B,C
8,LLM_Gemini_3_Flash,48,1,-1,1,0,A,1,exploit,0,"Button 0 has demonstrated significantly higher rewards in the current context (M=1, K=-1, N=1), with a mean reward of approximately 81, making it the statistically optimal choice for exploitation.",77,A,D,B,C
8,LLM_Gemini_3_Flash,49,1,-1,-1,0,A,1,exploit,0,"Button 0 has consistently performed well across various contexts and significantly outperforms other buttons in the current (M=1, K=-1, N=-1) state based on historical data.",73,A,D,B,C
8,LLM_Gemini_3_Flash,50,1,-1,1,0,A,1,exploit,0,"In the current context (M=1, K=-1, N=1), button 0 has a very high established mean reward of approximately 80.75 based on 8 observations, making it the clearly superior choice compared to other options.",80,A,D,B,C
9,LLM_Gemini_3_Flash,1,1,-1,-1,0,D,0,explore,1,"Since this is the first trial and no data is available for any button, I am choosing button 0 to initiate exploration and begin gathering baseline reward data for this context.",43,D,A,C,B
9,LLM_Gemini_3_Flash,2,-1,-1,1,1,A,0,explore,1,"Since only button 0 has been tested, exploring button 1 is necessary to gather baseline information and reduce uncertainty across the button set in the current context.",49,D,A,C,B
9,LLM_Gemini_3_Flash,3,1,1,-1,2,C,0,explore,1,"Since buttons 2 and 3 have not been tested yet, I am prioritizing exploration to gather data on their potential rewards, as current history is too limited to identify a high-performing button for this specific context.",18,D,A,C,B
9,LLM_Gemini_3_Flash,4,-1,1,1,3,B,0,explore,1,"With no data on button 3 and limited exploration of other buttons in this context, choosing button 3 is necessary to gather baseline information and resolve uncertainty.",42,D,A,C,B
9,LLM_Gemini_3_Flash,5,-1,-1,1,1,A,0,exploit,0,"Button 1 has already demonstrated a high reward of 49 in the current context of M=-1, K=-1, N=1, which is significantly better than other observed context rewards.",52,D,A,C,B
9,LLM_Gemini_3_Flash,6,-1,1,-1,0,D,0,explore,1,"Button 0 has not been tested in the current context (M=-1, K=1, N=-1), and with only 1 sample total, it remains a high-uncertainty option that needs to be evaluated against the current state to refine the reward model.",53,D,A,C,B
9,LLM_Gemini_3_Flash,7,1,-1,1,0,D,0,explore,1,"With the current context (M=1, K=-1, N=1) being completely unexplored, I am choosing button 0 to gather data, as it has shown the most consistent high performance across varied conditions and is a plausible candidate for this state.",46,D,A,C,B
9,LLM_Gemini_3_Flash,8,1,1,-1,1,A,0,explore,1,"Button 1 has only been tested in one context type (M=-1,K=-1,N=1) and shows high performance, so I am choosing it to gather more data on its sensitivity to the current context (M=1,K=1,N=-1) while maintaining a high baseline reward expectation.",39,D,A,C,B
9,LLM_Gemini_3_Flash,9,-1,1,-1,0,D,0,exploit,0,"In the current context (M=-1, K=1, N=-1), button 0 has previously returned a reward of 53, making it the most promising option compared to limited alternatives. I am exploiting this observation as it yielded the highest return in this specific context so far.",51,D,A,C,B
9,LLM_Gemini_3_Flash,10,-1,1,1,3,B,0,explore,1,"Button 3 yielded 42 in this exact context previously, but it only has one sample. Given the high variance and limited data, exploring button 3 again is necessary to determine if it is better than button 0 or 1 in this specific context.",44,D,A,C,B
9,LLM_Gemini_3_Flash,11,-1,1,1,3,B,0,exploit,0,"Button 3 is the only option that has been explicitly tested in the current context (M=-1, K=1, N=1) with a consistent mean reward of 43, making it the most reliable choice.",52,D,A,C,B
9,LLM_Gemini_3_Flash,12,1,-1,1,0,D,0,exploit,0,"Button 0 has demonstrated the highest observed reward in the current context (M=1, K=-1, N=1) with a mean of 46, and it remains the most reliable option compared to other buttons that have performed poorly in similar high-mercury conditions.",51,D,A,C,B
9,LLM_Gemini_3_Flash,13,1,-1,-1,0,D,0,exploit,0,"Button 0 has the highest observed mean reward (43) for the current context (M=1, K=-1, N=-1) and has demonstrated consistent, high-reward performance in similar settings. Confidence is medium, as Button 0 remains the most reliable performer in this context compared to limited data for other buttons.",49,D,A,C,B
9,LLM_Gemini_3_Flash,14,-1,1,-1,0,D,0,exploit,0,"In the current context (M=-1, K=1, N=-1), button 0 has a strong observed mean of 52 based on 2 prior trials, significantly outperforming other buttons in this specific context.",54,D,A,C,B
9,LLM_Gemini_3_Flash,15,-1,1,-1,0,D,0,exploit,0,"In the current context (M=-1, K=1, N=-1), button 0 has a strong historical performance with a mean reward of 52.67 across 3 trials, making it the highest-performing option with sufficient confidence.",44,D,A,C,B
9,LLM_Gemini_3_Flash,16,-1,1,-1,0,D,0,exploit,0,"Button 0 is clearly the best performer for the current context (M=-1, K=1, N=-1) based on four trials with a strong mean reward of 50.5, representing a high-confidence exploitation strategy.",51,D,A,C,B
9,LLM_Gemini_3_Flash,17,1,-1,-1,0,D,0,exploit,0,"Button 0 has the strongest track record for the current context (M=1, K=-1, N=-1), showing a consistent mean reward across previous trials under these conditions. While uncertainty exists, Button 0 is the most reliable option based on historical performance.",49,D,A,C,B
9,LLM_Gemini_3_Flash,18,-1,1,-1,0,D,0,exploit,0,"Button 0 has demonstrated the highest and most consistent performance for the current context (M=-1, K=1, N=-1) across five trials, yielding an average reward of 50.6, which makes it the optimal choice for exploitation.",46,D,A,C,B
9,LLM_Gemini_3_Flash,19,1,-1,1,0,D,0,exploit,0,"Button 0 has the highest observed mean reward (48.5) in the current context (M=1, K=-1, N=1) based on two previous trials, making it the most reliable choice for this specific context.",45,D,A,C,B
9,LLM_Gemini_3_Flash,20,1,-1,1,0,D,0,exploit,0,"Button 0 has demonstrated consistent performance across the current context (M=1, K=-1, N=1) and other similar contexts, making it the most reliable choice with high confidence.",41,D,A,C,B
9,LLM_Gemini_3_Flash,21,1,1,-1,1,A,0,explore,1,"In the current context (M=1, K=1, N=-1), button 1 has a low sample size but outperformed button 2 significantly (39 vs 18). Choosing button 1 again allows for better estimation of its potential reward compared to button 0, which has performed inconsistently in this context.",52,D,A,C,B
9,LLM_Gemini_3_Flash,22,-1,1,1,3,B,0,exploit,0,"In the current context (M=-1, K=1, N=1), button 3 has been tested three times with a consistent mean of 46, whereas no other button has any data for this context. I will exploit button 3 as it is the current optimal choice based on available history.",54,D,A,C,B
9,LLM_Gemini_3_Flash,23,-1,-1,1,1,A,0,exploit,0,"In the current context (M=-1, K=-1, N=1), Button 1 is the only button with observed rewards, yielding an average of 50.5. Given the high performance observed in previous trials for this context, I am exploiting this option with high confidence.",47,D,A,C,B
9,LLM_Gemini_3_Flash,24,1,1,-1,1,A,0,exploit,0,"In the current context (M=1, K=1, N=-1), Button 1 has shown stronger performance (mean 45.5) compared to Button 2 (mean 18), making it the optimal choice based on the available history.",41,D,A,C,B
9,LLM_Gemini_3_Flash,25,-1,1,1,3,B,0,exploit,0,"Button 3 has a high mean reward (48) and is confirmed as the best performer for the current context (M=-1, K=1, N=1), supported by 4 samples.",52,D,A,C,B
9,LLM_Gemini_3_Flash,26,1,-1,-1,0,D,0,exploit,0,"Button 0 has the highest observed mean reward (47.0) for this specific context (M=1, K=-1, N=-1) based on three trials, outperforming other buttons under these conditions.",45,D,A,C,B
9,LLM_Gemini_3_Flash,27,1,-1,1,0,D,0,exploit,0,"Button 0 is the only arm tested in the current context (M=1, K=-1, N=1) and has shown a consistent performance, making it the highest expected reward choice with medium-high confidence.",56,D,A,C,B
9,LLM_Gemini_3_Flash,28,1,1,-1,1,A,0,exploit,0,"In the current context (M=1, K=1, N=-1), button 1 has shown a higher average reward (44) compared to button 2 (18) and button 0, making it the most reliable choice among the options tested for this specific context.",55,D,A,C,B
9,LLM_Gemini_3_Flash,29,1,1,-1,1,A,0,exploit,0,"In the current context (M=1, K=1, N=-1), button 1 has shown a higher average reward (46.75) compared to button 2, which yielded a significantly lower reward (18) in a previous trial, making button 1 the clear optimal choice based on available data.",47,D,A,C,B
9,LLM_Gemini_3_Flash,30,-1,-1,1,1,A,0,exploit,0,"The current context (M=-1, K=-1, N=1) has been previously associated with Button 1 yielding the highest consistent performance with a mean of 49.33, while other buttons have not been tested in this specific context.",53,D,A,C,B
9,LLM_Gemini_3_Flash,31,1,-1,1,0,D,0,exploit,0,"In the current context (M=1, K=-1, N=1), button 0 has been consistently tested and provides the highest average reward of 47.8, while other buttons have either been tested less or performed poorly in this configuration.",48,D,A,C,B
9,LLM_Gemini_3_Flash,32,-1,1,-1,0,D,0,exploit,0,"In the current context (M=-1, K=1, N=-1), button 0 has a consistent track record with 6 samples and a high mean reward of 49.83, making it the clear optimal choice based on available history.",41,D,A,C,B
9,LLM_Gemini_3_Flash,33,1,1,-1,1,A,0,exploit,0,"In the current context (M=1, K=1, N=-1), button 1 has shown a solid performance with a mean reward of 46.8 across 6 trials, significantly outperforming the only other tested option, button 2, which yielded a very low reward.",55,D,A,C,B
9,LLM_Gemini_3_Flash,34,-1,-1,1,1,A,0,exploit,0,"Button 1 is the established best performer for the current context (M=-1, K=-1, N=1), with a mean reward of 50.25 based on 4 samples, significantly outperforming other buttons under these specific conditions.",48,D,A,C,B
9,LLM_Gemini_3_Flash,35,-1,1,1,3,B,0,exploit,0,"Button 3 has a high mean reward of 48.8 specifically associated with this context (M=-1, K=1, N=1) and has consistently performed well in previous trials, making it the most reliable choice.",53,D,A,C,B
9,LLM_Gemini_3_Flash,36,-1,1,1,3,B,0,exploit,0,"Button 3 has consistently performed well in this context (M=-1, K=1, N=1), with a mean reward of 49.5 over 6 samples, making it the highest expected value option by a significant margin.",47,D,A,C,B
9,LLM_Gemini_3_Flash,37,-1,1,-1,0,D,0,exploit,0,"In the current context (M=-1, K=1, N=-1), button 0 is the only option with established positive performance history, yielding a mean reward of 48.57 across 7 trials, while other buttons have not been tested or have poor history in this specific context.",49,D,A,C,B
9,LLM_Gemini_3_Flash,38,-1,1,-1,0,D,0,exploit,0,"In the current context (M=-1, K=1, N=-1), button 0 is the most tested and reliable option with a mean reward of 48.62, representing the best historical performance compared to other buttons in this specific context.",50,D,A,C,B
9,LLM_Gemini_3_Flash,39,1,1,-1,1,A,0,exploit,0,"Button 1 is the established best option for the context M=1, K=1, N=-1 based on its superior mean performance compared to button 2, which has a very low mean in this context.",57,D,A,C,B
9,LLM_Gemini_3_Flash,40,1,1,-1,1,A,0,exploit,0,"In the current context (M=1, K=1, N=-1), Button 1 has consistently outperformed Button 2 with a higher mean reward and stronger sample size, indicating it is the optimal choice for this specific context.",46,D,A,C,B
9,LLM_Gemini_3_Flash,41,1,1,-1,1,A,0,exploit,0,"Button 1 is the clear performer for the current context (M=1, K=1, N=-1), with a mean reward of 49.0 compared to button 2's poor performance (18.0) and other buttons being contextually unsuitable.",49,D,A,C,B
9,LLM_Gemini_3_Flash,42,-1,1,-1,0,D,0,exploit,0,"In the current context (M=-1, K=1, N=-1), button 0 has been tested 9 times with a consistent mean reward of 48.78, making it the highest-performing and most reliable option among tested buttons for this specific context.",60,D,A,C,B
9,LLM_Gemini_3_Flash,43,-1,1,-1,0,D,0,exploit,0,"The current context (M=-1, K=1, N=-1) strongly favors button 0, which has a mean reward of 49.9 across 10 trials in this specific context; button 0 is clearly the optimal choice based on consistent historical performance.",46,D,A,C,B
9,LLM_Gemini_3_Flash,44,1,-1,1,0,D,0,exploit,0,"In the current context (M=1, K=-1, N=1), Button 0 has the highest observed mean reward (47.83) based on 6 trials. While Button 1 performs well in other contexts, Button 0 is the strongest candidate for this specific configuration based on historical performance data.",48,D,A,C,B
9,LLM_Gemini_3_Flash,45,1,1,-1,1,A,0,exploit,0,"In the current context (M=1, K=1, N=-1), button 1 has been consistently tested and demonstrated a strong mean reward of approximately 49, significantly outperforming the single observation of 18 for button 2, which makes button 1 the clear choice for exploitation.",62,D,A,C,B
9,LLM_Gemini_3_Flash,46,1,-1,1,0,D,0,exploit,0,"In the current context (M=1, K=-1, N=1), button 0 is the only option with empirical data, having been tested 7 times with a stable mean of 47.86. Other buttons have no data for this specific context, making button 0 the highest-confidence choice for maximizing reward.",55,D,A,C,B
9,LLM_Gemini_3_Flash,47,1,-1,-1,0,D,0,exploit,0,"Given the current context (M=1, K=-1, N=-1), Button 0 is the only button with recorded performance data, and historically it maintains a steady mean in this state. Button 1 and 3 lack sufficient evidence for this context, and Button 2 has shown very poor performance overall.",62,D,A,C,B
9,LLM_Gemini_3_Flash,48,-1,-1,1,1,A,0,exploit,0,"Based on the observed context M=-1, K=-1, N=1, button 1 is the only option with reliable evidence for this specific context (mean reward of 49.8 across 5 samples), significantly outperforming other buttons under these conditions.",52,D,A,C,B
9,LLM_Gemini_3_Flash,49,-1,1,1,3,B,0,exploit,0,"In the current context (M=-1, K=1, N=1), Button 3 has consistently provided high rewards with a mean of 49.14 across 7 samples, making it the most reliable choice for this specific context.",52,D,A,C,B
9,LLM_Gemini_3_Flash,50,1,1,-1,1,A,0,exploit,0,"In the current context (M=1, K=1, N=-1), button 1 has consistently shown the highest mean reward of 50.3 compared to the poor performance of button 2, making it the clear choice.",43,D,A,C,B
10,LLM_Gemini_3_Flash,1,-1,1,-1,0,D,0,explore,1,"Since this is the first trial and all buttons have no data, I am selecting button 0 to establish a baseline reward observation. This is an initial exploration step to begin building a performance model for the mining locations.",50,D,B,A,C
10,LLM_Gemini_3_Flash,2,1,1,-1,1,B,1,explore,1,"With only one trial completed, I am currently exploring unexplored buttons to gather data; choosing button 1 to begin mapping its reward function under the current context of M=1, K=1, N=-1.",85,D,B,A,C
10,LLM_Gemini_3_Flash,3,1,-1,1,2,A,1,explore,1,"Since buttons 2 and 3 have not been tested yet, exploring them is essential to gather information. I am choosing button 2 to begin reducing uncertainty about its performance under the current context.",75,D,B,A,C
10,LLM_Gemini_3_Flash,4,-1,1,1,3,C,1,explore,1,"Button 3 has not been sampled yet, making it a high-priority target for exploration in this early stage of the game to determine if it offers superior rewards compared to the existing options.",79,D,B,A,C
10,LLM_Gemini_3_Flash,5,1,-1,-1,0,D,0,explore,1,"Since all buttons currently show zero samples for the context M=1, K=-1, N=-1, I am exploring button 0 to gather data under this specific context and reduce my uncertainty.",45,D,B,A,C
10,LLM_Gemini_3_Flash,6,-1,-1,1,0,D,0,explore,1,"Since all buttons have only been sampled once and none have been tested in the current context (M=-1,K=-1,N=1), I am choosing button 0 to expand my coverage of the action space and reduce uncertainty.",41,D,B,A,C
10,LLM_Gemini_3_Flash,7,-1,-1,1,1,B,0,explore,1,"Button 1 has only been tested once, yielding the highest observed reward of 85. Given the limited data on other buttons for the current context (M=-1, K=-1, N=1), exploring Button 1 to assess its performance across different contexts is a high-value strategy.",15,D,B,A,C
10,LLM_Gemini_3_Flash,8,-1,-1,1,1,B,0,explore,1,"Button 1 has high uncertainty in the current context (M=-1, K=-1, N=1) after a low-reward observation, so I am exploring it further to determine if its potential remains higher than the baseline established by Button 0.",22,D,B,A,C
10,LLM_Gemini_3_Flash,9,1,-1,1,2,A,1,exploit,0,"In the current context (M=1, K=-1, N=1), button 2 is the only one observed to provide a high reward (75) while other options (0, 1, 3) have lower means or have not been tested in this specific context.",83,D,B,A,C
10,LLM_Gemini_3_Flash,10,1,1,-1,1,B,1,exploit,0,"Button 1 yielded a high reward of 85 in this specific context (M=1, K=1, N=-1) during trial 2, which is significantly better than the other options that have not been tested in this specific context. I am exploiting this positive evidence to maximize profit.",80,D,B,A,C
10,LLM_Gemini_3_Flash,11,-1,1,1,3,C,1,exploit,0,"Button 3 yielded a high reward of 79 in the only trial where this specific context (M=-1, K=1, N=1) occurred, providing strong evidence of its effectiveness in this state compared to other options.",81,D,B,A,C
10,LLM_Gemini_3_Flash,12,-1,-1,1,0,D,0,explore,1,"In the current context M=-1, K=-1, N=1, button 0 has shown a higher average reward (41) compared to button 1 (18.5) based on multiple samples; I am choosing button 0 again with medium confidence to confirm its reliability over button 1 while acknowledging the high variance in previous outcomes for this context.",48,D,B,A,C
10,LLM_Gemini_3_Flash,13,-1,1,1,3,C,1,exploit,0,"Button 3 has been tested twice in the current context (M=-1, K=1, N=1) and yielded highly consistent rewards of 79 and 81. Given this strong performance, it is the clear optimal choice for the current context.",83,D,B,A,C
10,LLM_Gemini_3_Flash,14,-1,-1,1,0,D,0,exploit,0,"In the current context (M=-1, K=-1, N=1), button 0 has consistently outperformed button 1 based on available samples (mean 44.5 vs 18.5), making it the optimal choice for exploitation.",46,D,B,A,C
10,LLM_Gemini_3_Flash,15,-1,1,1,3,C,1,exploit,0,"Button 3 has a high mean reward of 81 with low variance and has been explicitly tested three times in this exact context (M=-1, K=1, N=1), yielding consistently high rewards. Given the strong evidence, exploitation is the optimal strategy.",76,D,B,A,C
10,LLM_Gemini_3_Flash,16,-1,1,-1,0,D,0,exploit,0,"In the current context (M=-1, K=1, N=-1), button 0 is the only option with a verified positive reward history, yielding 50 in the only previous trial with these identical context conditions.",42,D,B,A,C
10,LLM_Gemini_3_Flash,17,1,1,-1,1,B,1,exploit,0,"In the current context (M=1, K=1, N=-1), button 1 has been tested twice with high rewards (85, 80), providing a strong evidence-based preference over other buttons for this specific configuration.",85,D,B,A,C
10,LLM_Gemini_3_Flash,18,1,-1,1,2,A,1,exploit,0,"In the current context (M=1, K=-1, N=1), button 2 is the only option with empirical testing, showing a strong mean reward of 79 compared to other buttons that are either low-performing or context-mismatched. While the sample size is small, the current evidence strongly favors exploiting this button based on historical performance for this specific context.",78,D,B,A,C
10,LLM_Gemini_3_Flash,19,-1,1,-1,0,D,0,explore,1,"While button 0 has a moderate observed mean of 46 in this specific context, the sample size is very low (2). Given that no other button has sufficient exploration in this M=-1, K=1, N=-1 state, I am choosing button 0 to refine the estimate of its reward potential here.",45,D,B,A,C
10,LLM_Gemini_3_Flash,20,1,-1,-1,1,B,0,explore,1,"Button 1 has shown high rewards in contexts involving Mercury=1, but its performance in the current context (M=1, K=-1, N=-1) is untested; given Button 0's low mean and the lack of data for others in this context, exploration of Button 1 is warranted to test if it yields high rewards here as well.",50,D,B,A,C
10,LLM_Gemini_3_Flash,21,-1,1,1,3,C,1,exploit,0,"Button 3 has been consistently high-performing in the current context (M=-1, K=1, N=1), with a mean reward of 79.75 and low standard deviation, making it the clear choice.",84,D,B,A,C
10,LLM_Gemini_3_Flash,22,-1,1,1,3,C,1,exploit,0,"Button 3 has been consistently tested in the current context (M=-1, K=1, N=1) with a high and stable mean reward of 80.6, making it the clear optimal choice for exploitation.",78,D,B,A,C
10,LLM_Gemini_3_Flash,23,1,-1,-1,1,B,0,exploit,0,"In the current context (M=1, K=-1, N=-1), button 1 has outperformed button 0 in the previous trials (mean 50 vs 45), and it has previously shown very high potential in similar context configurations, suggesting it is the optimal choice.",46,D,B,A,C
10,LLM_Gemini_3_Flash,24,1,-1,-1,1,B,0,exploit,0,"In the current context (M=1, K=-1, N=-1), button 1 has been observed to return a mean of 48, outperforming button 0 which averages 45, making it the most reliable choice based on the available data.",43,D,B,A,C
10,LLM_Gemini_3_Flash,25,-1,1,-1,0,D,0,exploit,0,"In the current context (M=-1, K=1, N=-1), Button 0 is the only option with empirical data, having been tested three times with a consistent mean reward of approximately 45.67. Other buttons have no history in this specific context, and historical data suggests Button 0 is the reliable choice for these signal configurations.",55,D,B,A,C
10,LLM_Gemini_3_Flash,26,-1,1,1,3,C,1,exploit,0,"Button 3 has consistently yielded high rewards (mean ~80) in the current context (M=-1, K=1, N=1) across six trials, making it the clear optimal choice for exploitation.",83,D,B,A,C
10,LLM_Gemini_3_Flash,27,-1,1,-1,0,D,0,exploit,0,"In the current context (M=-1, K=1, N=-1), button 0 is the only option with empirical history and a consistent mean reward of 46.5, suggesting it is the optimal choice for this specific context.",46,D,B,A,C
10,LLM_Gemini_3_Flash,28,-1,1,-1,1,B,1,explore,1,"Button 0 has been consistently tested in this context (M=-1, K=1, N=-1) with a mean reward of 47.6, but Button 1 has only been tested in other contexts and shows higher performance potential elsewhere. Choosing Button 1 to explore its performance in this specific context is justified given the high variance in Button 1's historical rewards.",83,D,B,A,C
10,LLM_Gemini_3_Flash,29,1,-1,-1,1,B,0,exploit,0,"In the current context (M=1, K=-1, N=-1), Button 1 has shown a higher average return (46.33) compared to Button 0 (45) across multiple trials, indicating it is the most reliable choice despite the moderate variance.",54,D,B,A,C
10,LLM_Gemini_3_Flash,30,-1,1,1,3,C,1,exploit,0,"Button 3 has consistently provided high rewards (mean ~80.6) specifically under the current context (M=-1, K=1, N=1), making it the clear optimal choice based on strong historical performance.",79,D,B,A,C
10,LLM_Gemini_3_Flash,31,1,-1,-1,1,B,0,exploit,0,"In the current context (M=1, K=-1, N=-1), Button 1 has a higher mean reward (48.25) compared to Button 0 (45) based on observed historical data, suggesting it is the optimal choice despite the inherent noise.",43,D,B,A,C
10,LLM_Gemini_3_Flash,32,-1,1,1,3,C,1,exploit,0,"Button 3 has consistently yielded high rewards (mean ~80) in the current context of M=-1, K=1, N=1 across 8 trials, showing significantly higher and more stable performance than other options in this specific context.",81,D,B,A,C
10,LLM_Gemini_3_Flash,33,1,1,-1,1,B,1,exploit,0,"The current context (M=1, K=1, N=-1) has been explicitly observed to yield high rewards (mean 83.33) when choosing button 1, making it the highest expected value choice for this specific configuration.",87,D,B,A,C
10,LLM_Gemini_3_Flash,34,1,-1,1,2,A,1,exploit,0,"In the current context (M=1, K=-1, N=1), button 2 is the clear performer with a mean reward of 78.67 based on 3 samples, while button 1 performs poorly in this specific context and button 0 shows consistently low rewards across all conditions.",80,D,B,A,C
10,LLM_Gemini_3_Flash,35,-1,1,-1,1,B,1,exploit,0,"In the current context (M=-1, K=1, N=-1), Button 1 has a high observed mean reward of 83 compared to Button 0's mean of 47.6, making it the clear choice for exploitation.",78,D,B,A,C
10,LLM_Gemini_3_Flash,36,1,1,-1,1,B,1,exploit,0,"In the current context (M=1, K=1, N=-1), button 1 has consistently yielded high rewards (mean 84.25 over 4 samples) compared to other options. There is strong evidence that button 1 is the optimal choice for this specific context, providing high confidence.",79,D,B,A,C
10,LLM_Gemini_3_Flash,37,1,-1,-1,1,B,0,exploit,0,"In the current context (M=1, K=-1, N=-1), button 1 has consistently outperformed button 0 based on multiple trials, indicating it is the superior choice for this specific configuration.",53,D,B,A,C
10,LLM_Gemini_3_Flash,38,-1,1,-1,1,B,1,exploit,0,"In the current context (M=-1, K=1, N=-1), button 1 has a significantly higher mean reward (80.5) based on observed trials compared to button 0 (47.6), making it the clear choice for exploitation.",80,D,B,A,C
10,LLM_Gemini_3_Flash,39,-1,-1,1,0,D,0,explore,1,"In the current context (M=-1, K=-1, N=1), historical data shows Button 0 has a higher mean (45) compared to Button 1 (18.5). Since Button 1 has only been tested twice in this context, I am choosing Button 0 to exploit the current best, though the sample size remains low.",52,D,B,A,C
10,LLM_Gemini_3_Flash,40,-1,1,1,3,C,1,exploit,0,"The current context (M=-1, K=1, N=1) has been consistently associated with Button 3, which has a strong, stable mean reward of approximately 80.4 over 9 trials, making it the clear optimal choice.",88,D,B,A,C
10,LLM_Gemini_3_Flash,41,-1,-1,1,0,D,0,exploit,0,"In the current context (M=-1, K=-1, N=1), historical data indicates that Button 0 consistently provides superior rewards compared to Button 1, which has shown low performance in this specific context.",45,D,B,A,C
10,LLM_Gemini_3_Flash,42,-1,-1,1,0,D,0,exploit,0,"In the current context (M=-1, K=-1, N=1), Button 0 has significantly outperformed Button 1 with a consistent mean reward of approximately 46.4 compared to Button 1's 18.5, making Button 0 the established optimal choice for this specific condition.",48,D,B,A,C
10,LLM_Gemini_3_Flash,43,-1,1,1,3,C,1,exploit,0,"Button 3 has a high, consistent mean reward of approximately 81.2 based on 10 samples specifically for the current context (Mercury=-1, Krypton=1, Nobelium=1). Given the high confidence and strong historical performance in this exact context, exploiting Button 3 is the optimal strategy.",92,D,B,A,C
10,LLM_Gemini_3_Flash,44,-1,-1,1,0,D,0,exploit,0,"In the context M=-1, K=-1, N=1, Button 0 consistently outperforms Button 1 based on historical data (46.67 vs 18.5), making it the optimal choice for this specific context.",49,D,B,A,C
10,LLM_Gemini_3_Flash,45,1,-1,1,2,A,1,exploit,0,"The current context (M=1, K=-1, N=1) matches the historical data for button 2, which has shown a high consistent mean reward of 79 compared to other buttons that have performed poorly or have no data in this specific context.",82,D,B,A,C
10,LLM_Gemini_3_Flash,46,1,1,-1,1,B,1,exploit,0,"The current context (M=1, K=1, N=-1) matches historical observations where button 1 consistently yields high rewards (mean 83.2) compared to other buttons in this context. I am confident in exploiting button 1 as it has been the top performer in this specific state across multiple trials.",80,D,B,A,C
10,LLM_Gemini_3_Flash,47,1,1,-1,1,B,1,exploit,0,"The current context (Mercury=1, Krypton=1, Nobelium=-1) strongly maps to button 1, which has consistently yielded high rewards (mean 82.67) in this configuration; other buttons have either lower mean performance or are contextually irrelevant.",75,D,B,A,C
10,LLM_Gemini_3_Flash,48,-1,1,-1,1,B,1,exploit,0,"In the current context (M=-1, K=1, N=-1), Button 1 has demonstrated a high mean reward of approximately 80.33, significantly outperforming Button 0 in this specific scenario, and I have high confidence in this preference based on historical performance.",80,D,B,A,C
10,LLM_Gemini_3_Flash,49,1,1,-1,1,B,1,exploit,0,"The current context (Mercury=1, Krypton=1, Nobelium=-1) has consistently yielded high rewards from button 1, which averages 81.57 across 7 observations, making it the clear optimal choice for this state.",80,D,B,A,C
10,LLM_Gemini_3_Flash,50,1,-1,1,2,A,1,exploit,0,"In the current context (M=1, K=-1, N=1), button 2 has consistently provided high rewards averaging 79.6, significantly outperforming other buttons under this specific condition.",71,D,B,A,C
11,LLM_Gemini_3_Flash,1,1,-1,1,0,D,0,explore,1,"Since this is the first trial and there is no prior data, I am choosing button 0 to initiate the data collection process and establish a baseline for reward estimation across the different contexts.",49,D,B,A,C
11,LLM_Gemini_3_Flash,2,-1,1,1,1,B,0,explore,1,"Since only button 0 has been tested, I need to explore the remaining options (1, 2, and 3) to establish their baseline rewards and identify if any perform better under the current context of M=-1, K=1, N=1. I am choosing button 1 to initiate this information gathering phase with low confidence.",50,D,B,A,C
11,LLM_Gemini_3_Flash,3,-1,-1,1,2,A,0,explore,1,"Since buttons 2 and 3 have not been tested yet, exploring them is essential to gather information about their reward potential in the current context. Choosing button 2 allows us to diversify our exploration strategy early in the game.",56,D,B,A,C
11,LLM_Gemini_3_Flash,4,-1,1,-1,3,C,0,explore,1,"Button 3 has not been sampled yet, so I am choosing it to resolve uncertainty regarding its performance in the current context (M=-1, K=1, N=-1) compared to the known buttons.",53,D,B,A,C
11,LLM_Gemini_3_Flash,5,-1,-1,1,2,A,0,exploit,0,"The current context (M=-1, K=-1, N=1) matches exactly with the history of trial 3, where button 2 yielded a reward of 56, which is the highest observed mean so far for this specific state. I am choosing to exploit this known high-performing arm.",54,D,B,A,C
11,LLM_Gemini_3_Flash,6,1,1,-1,0,D,0,explore,1,"This specific context (M=1, K=1, N=-1) has not been observed yet across any buttons. Since previous data shows Button 0 performing well in different conditions and I need to gather initial samples for this context, I am exploring Button 0 to build out the reward model.",51,D,B,A,C
11,LLM_Gemini_3_Flash,7,1,1,-1,0,D,0,exploit,0,"Button 0 is the only arm tested in the current context (M=1, K=1, N=-1), yielding a reward of 51, making it the most reliable choice for this specific condition based on the available data.",59,D,B,A,C
11,LLM_Gemini_3_Flash,8,-1,1,1,1,B,0,explore,1,"Button 1 has only been tested once in this context, and while Button 3 showed decent results in a similar context (M=-1, K=1, N=-1), further exploration of Button 1 is needed to determine if it is the optimal choice under current signals (M=-1, K=1, N=1) given the limited data.",55,D,B,A,C
11,LLM_Gemini_3_Flash,9,1,-1,1,0,D,0,exploit,0,"Button 0 is the only button with observed interaction in the current context (M=1, K=-1, N=1), and while previous performance was moderate, its current mean is the most informed estimate available for this specific configuration.",52,D,B,A,C
11,LLM_Gemini_3_Flash,10,1,1,-1,0,D,0,exploit,0,"Button 0 has a mean reward of 55 in the current context (M=1, K=1, N=-1), which is the highest observed among all buttons. Confidence is medium as we have limited samples, but current data strongly supports exploiting this observed lead.",56,D,B,A,C
11,LLM_Gemini_3_Flash,11,-1,1,-1,3,C,0,exploit,0,"Button 3 is the highest performing option specifically observed for the current context (M=-1, K=1, N=-1), and while the sample size is small, it remains the most reliable choice among the buttons relative to the current context signals.",53,D,B,A,C
11,LLM_Gemini_3_Flash,12,-1,1,1,1,B,0,explore,1,"With the current context M=-1, K=1, N=1, button 1 is the only option tested, but with only two samples, uncertainty remains significant. Choosing button 1 continues to refine the estimate for this specific context-arm pair.",53,D,B,A,C
11,LLM_Gemini_3_Flash,13,-1,1,-1,3,C,0,exploit,0,"Current context (M=-1, K=1, N=-1) matches trial 4 and 11, where button 3 yielded a consistent reward of 53, making it the most reliable choice for this specific context.",51,D,B,A,C
11,LLM_Gemini_3_Flash,14,1,-1,-1,0,D,0,explore,1,"I am choosing button 0 to gather more data for the context (M=1, K=-1, N=-1), as it has shown strong performance in similar M=1 contexts despite high variance, and I need more information on how it performs outside of the K=1 or N=1 conditions.",40,D,B,A,C
11,LLM_Gemini_3_Flash,15,1,-1,1,0,D,0,exploit,0,"Button 0 has the highest observed mean reward (50.5) for the current context (M=1, K=-1, N=1) with a decent sample size, making it the most reliable choice.",45,D,B,A,C
11,LLM_Gemini_3_Flash,16,1,-1,1,0,D,0,exploit,0,"Button 0 has been the most tested option for the current M=1, K=-1, N=1 context, consistently yielding decent returns while other buttons lack evidence for this specific context. Exploiting button 0 is the most reliable strategy given existing data for this state.",53,D,B,A,C
11,LLM_Gemini_3_Flash,17,-1,1,1,1,B,0,exploit,0,"Button 1 is the established best performer for this specific context (M=-1, K=1, N=1) based on consistent previous trials, yielding an average reward of 52.67 with high confidence.",55,D,B,A,C
11,LLM_Gemini_3_Flash,18,-1,1,1,1,B,0,exploit,0,"Button 1 has strong empirical performance in the current context (M=-1, K=1, N=1) with a mean reward of 53.25 over 4 trials, making it the most reliable choice among tested options for this context.",47,D,B,A,C
11,LLM_Gemini_3_Flash,19,1,1,-1,0,D,0,exploit,0,"Button 0 has a clear positive correlation with the M=1, K=1 context, showing a strong mean reward of 55.33 in this specific setting, which outperforms the other buttons significantly based on the collected history.",46,D,B,A,C
11,LLM_Gemini_3_Flash,20,-1,-1,1,2,A,0,exploit,0,"Button 2 has been observed to yield the highest mean reward (55) in the current context (M=-1, K=-1, N=1), making it the optimal choice given the available historical evidence.",47,D,B,A,C
11,LLM_Gemini_3_Flash,21,-1,-1,1,2,A,0,exploit,0,"Button 2 has been consistently effective for the current context (Mercury=-1, Krypton=-1, Nobelium=1) with a high observed mean, and it remains the most suitable choice compared to other buttons that are specialized for different contexts.",56,D,B,A,C
11,LLM_Gemini_3_Flash,22,-1,-1,1,2,A,0,exploit,0,"The current context (M=-1, K=-1, N=1) aligns perfectly with the historical data for button 2, which has a mean reward of 53.25 and minimal uncertainty in this specific state.",62,D,B,A,C
11,LLM_Gemini_3_Flash,23,1,1,-1,0,D,0,exploit,0,"In the current context (M=1, K=1, N=-1), Button 0 has a strong historical performance with a mean reward of 53 from four samples, making it the highest-performing option for this specific state.",47,D,B,A,C
11,LLM_Gemini_3_Flash,24,1,1,-1,0,D,0,exploit,0,"Button 0 has been exclusively tested under the current context (M=1, K=1, N=-1) with a consistent mean reward of 51.8 across 5 trials, making it the most reliable choice for this specific context.",56,D,B,A,C
11,LLM_Gemini_3_Flash,25,-1,-1,1,2,A,0,exploit,0,"Button 2 has been highly successful in the current context (M=-1, K=-1, N=1), yielding a high average of 55 across 5 trials. Given this empirical success and the lack of alternative evidence for this specific context, exploiting Button 2 is the most reliable strategy with medium-to-high confidence.",52,D,B,A,C
11,LLM_Gemini_3_Flash,26,1,-1,1,0,D,0,exploit,0,"In the current context (M=1, K=-1, N=1), button 0 is the only button with observed samples, and its historical mean of 49.75 makes it the most reliable choice compared to others which have zero observed samples in this specific context.",45,D,B,A,C
11,LLM_Gemini_3_Flash,27,-1,-1,1,2,A,0,exploit,0,"The current context (M=-1, K=-1, N=1) matches the historical data where button 2 has consistently provided the highest average reward (54.5) with a good sample size, making it the clear optimal choice.",52,D,B,A,C
11,LLM_Gemini_3_Flash,28,1,-1,-1,0,D,0,exploit,0,"Button 0 is the only button with recorded history for the current context (M=1, K=-1, N=-1), and while previous performance was poor, it remains the most viable option given the lack of data for other buttons in this specific context configuration.",60,D,B,A,C
11,LLM_Gemini_3_Flash,29,-1,-1,1,2,A,0,exploit,0,"The current context (M=-1, K=-1, N=1) matches the historical context for Button 2, which has consistently yielded the highest rewards (mean 54.14) with seven samples. Exploiting this button is the optimal strategy as it provides a strong, established performance for this specific signal combination.",50,D,B,A,C
11,LLM_Gemini_3_Flash,30,-1,-1,1,2,A,0,exploit,0,"The current context (M=-1, K=-1, N=1) has a strong track record for button 2, which has consistently yielded high rewards across 8 trials. There is high confidence in this choice as it is the clear performer for this specific signal set.",48,D,B,A,C
11,LLM_Gemini_3_Flash,31,1,1,-1,0,D,0,exploit,0,"Button 0 has the highest observed mean reward (52.5) for the current context (M=1, K=1, N=-1) across 6 samples, indicating it is the most reliable choice for this specific environment state.",55,D,B,A,C
11,LLM_Gemini_3_Flash,32,1,-1,1,0,D,0,exploit,0,"Button 0 has the most consistent historical performance in the M=1 context group and is the only button with samples under the current M=1, K=-1, N=1 condition, confirming it as the primary option for this context.",53,D,B,A,C
11,LLM_Gemini_3_Flash,33,1,-1,-1,0,D,0,exploit,0,"Button 0 is the only button with observed outcomes in the current M=1, K=-1, N=-1 context, and it has consistently performed better in M=1 contexts compared to other buttons, justifying exploitation despite the limited sample size.",62,D,B,A,C
11,LLM_Gemini_3_Flash,34,1,-1,1,0,D,0,exploit,0,"In the current context (M=1, K=-1, N=1), button 0 is the only option with empirical data, having been tested 6 times with a consistent mean reward of 49.5, making it the most rational choice for exploitation.",49,D,B,A,C
11,LLM_Gemini_3_Flash,35,1,-1,1,0,D,0,exploit,0,"Button 0 is the only arm tested in this specific context (M=1, K=-1, N=1) with sufficient samples to establish a consistent, albeit modest, reward profile. Given the context, exploiting button 0 is the safest strategy as other arms have no historical data for this combination of signals.",53,D,B,A,C
11,LLM_Gemini_3_Flash,36,-1,-1,1,2,A,0,exploit,0,"In the current context (M=-1, K=-1, N=1), button 2 is the only option with established, high-performing data points, averaging a reward of 53 across 9 trials. Given the consistency of this button in this specific context, it is the most reliable choice for maximizing profit.",46,D,B,A,C
11,LLM_Gemini_3_Flash,37,-1,1,-1,3,C,0,exploit,0,"In the current context (M=-1, K=1, N=-1), button 3 is the historically strongest performer with a mean reward of 52.33 from its limited samples, outperforming alternatives in this specific context space.",58,D,B,A,C
11,LLM_Gemini_3_Flash,38,1,-1,1,0,D,0,exploit,0,"Button 0 is the only button with significant observation data for the current context (M=1, K=-1, N=1), yielding a stable mean reward over 8 trials. Given the lack of data for other buttons in this context and the established performance of button 0 here, it remains the optimal choice.",40,D,B,A,C
11,LLM_Gemini_3_Flash,39,-1,1,-1,3,C,0,exploit,0,"The current context (M=-1, K=1, N=-1) has been consistently associated with button 3, which has shown the highest average performance (53.75) for this specific signal combination.",59,D,B,A,C
11,LLM_Gemini_3_Flash,40,-1,1,-1,3,C,0,exploit,0,"In the current context (M=-1, K=1, N=-1), Button 3 has consistently performed well with a mean reward of 54.8, which is higher than the performance of other buttons observed under similar conditions. I am exploiting this option as it has the strongest empirical support for this specific configuration.",50,D,B,A,C
11,LLM_Gemini_3_Flash,41,-1,-1,1,2,A,0,exploit,0,"In the current context (M=-1, K=-1, N=1), Button 2 is the only option tested, and it has a solid mean reward of 52.3 based on 10 samples, making it the highest confidence choice.",53,D,B,A,C
11,LLM_Gemini_3_Flash,42,1,-1,-1,0,D,0,exploit,0,"In the current context (M=1, K=-1, N=-1), button 0 has demonstrated the highest performance, including a reward of 62 in trial 33, confirming it is the optimal choice for this specific context.",47,D,B,A,C
11,LLM_Gemini_3_Flash,43,-1,1,1,1,B,0,explore,1,"The current context (M=-1, K=1, N=1) has only been sampled for Button 1. Given the limited sample size of 5 for this context, I am exploring Button 1 to solidify the estimate against other potential candidates.",55,D,B,A,C
11,LLM_Gemini_3_Flash,44,1,-1,1,0,D,0,exploit,0,"Button 0 is the only button with significant interaction data for the current context (M=1, K=-1, N=1), and while its mean reward is lower than others, it is the only one empirically validated for this specific signal combination.",51,D,B,A,C
11,LLM_Gemini_3_Flash,45,1,1,-1,0,D,0,exploit,0,"In the current context (M=1, K=1, N=-1), button 0 has been tested 7 times with a strong mean reward of 52.86. Given the historical performance in this specific context, it is the highest performing option with sufficient evidence.",46,D,B,A,C
11,LLM_Gemini_3_Flash,46,-1,1,-1,3,C,0,exploit,0,"The current context (M=-1, K=1, N=-1) matches the historical profile for button 3, which has consistently yielded high rewards (mean 54) in this specific configuration, making it the most reliable choice.",46,D,B,A,C
11,LLM_Gemini_3_Flash,47,-1,-1,1,2,A,0,exploit,0,"Button 2 is strongly associated with the current context (M=-1, K=-1, N=1) based on 11 historical samples with a solid mean reward, making it the most reliable choice.",39,D,B,A,C
11,LLM_Gemini_3_Flash,48,1,-1,-1,0,D,0,exploit,0,"The current context (M=1, K=-1, N=-1) aligns with Button 0, which has demonstrated superior performance in this specific context across multiple trials with a mean reward of 52.25, making it the most reliable choice.",46,D,B,A,C
11,LLM_Gemini_3_Flash,49,1,-1,-1,0,D,0,exploit,0,"Button 0 is the only button that has been tested in the current context (M=1, K=-1, N=-1), showing a mean reward of 51 across 5 trials. Given the limited history with this specific context, exploiting the known signal for Button 0 is the most statistically sound choice.",48,D,B,A,C
11,LLM_Gemini_3_Flash,50,1,1,-1,0,D,0,exploit,0,"The current context (M=1, K=1, N=-1) has been explicitly tested with button 0 in the past, showing a solid mean reward of 52.0 across 8 samples, which is the most reliable option for this state.",50,D,B,A,C
12,LLM_Gemini_3_Flash,1,-1,1,-1,0,A,0,explore,1,"Since all buttons have zero samples, I am initiating an exploration phase starting with button 0 to establish a baseline reward estimate for the current context.",24,A,B,D,C
12,LLM_Gemini_3_Flash,2,1,1,-1,1,B,1,explore,1,"Since limited data exists (only one trial), I am exploring button 1 to begin mapping its reward function under the current context, as no buttons other than 0 have been tested.",85,A,B,D,C
12,LLM_Gemini_3_Flash,3,-1,1,-1,2,D,0,explore,1,"Button 0 has a low mean reward in this context, and Buttons 2 and 3 have not been tested yet. Exploring Button 2 provides information to improve the reward model under current signal conditions.",49,A,B,D,C
12,LLM_Gemini_3_Flash,4,1,1,-1,1,B,1,exploit,0,"Button 1 has already demonstrated a high reward (85) in the current context (M=1, K=1, N=-1), making it the optimal choice for exploitation while uncertainty remains low for this context pattern.",70,A,B,D,C
12,LLM_Gemini_3_Flash,5,-1,1,1,3,C,1,explore,1,"Button 3 has not been tested in any context yet; exploring it now is essential to determine if it offers a higher reward than the known buttons in the current context (M=-1, K=1, N=1).",76,A,B,D,C
12,LLM_Gemini_3_Flash,6,-1,-1,1,0,A,0,explore,1,"I have not yet tested any buttons for the context M=-1, K=-1, N=1. I am choosing button 0 to gather baseline information for this state, as all other buttons have higher uncertainty for this specific context.",51,A,B,D,C
12,LLM_Gemini_3_Flash,7,1,-1,1,0,A,1,explore,1,"With the current context (M=1, K=-1, N=1) being completely unexplored, I am choosing button 0 to gather data; button 1 has shown high performance in a different context but no data exists for this specific combination across all arms, necessitating exploration.",83,A,B,D,C
12,LLM_Gemini_3_Flash,8,-1,-1,1,0,A,0,explore,1,"Button 0 has been tested in this specific context once with a reward of 51, while buttons 1, 2, and 3 have not been tested in this context at all. Since I have low confidence in the relative value of buttons in this state, exploring button 0 again helps refine its estimate compared to the others.",56,A,B,D,C
12,LLM_Gemini_3_Flash,9,-1,1,1,3,C,1,exploit,0,"Button 3 has a high mean reward of 76 observed specifically in the current context (M=-1, K=1, N=1), making it the strongest candidate for exploitation compared to other buttons whose performance in this context is either lower or untested.",92,A,B,D,C
12,LLM_Gemini_3_Flash,10,1,1,-1,1,B,1,exploit,0,"Button 1 has shown a strong mean reward of 77.5 for the current context (M=1, K=1, N=-1) across two trials, making it the most statistically supported choice for this specific context.",74,A,B,D,C
12,LLM_Gemini_3_Flash,11,1,1,-1,1,B,1,exploit,0,"Button 1 has shown a strong, consistent performance in this specific context (M=1, K=1, N=-1) across three trials, with a high mean reward and relatively low standard deviation, making it the most reliable choice.",93,A,B,D,C
12,LLM_Gemini_3_Flash,12,-1,1,-1,2,D,0,explore,1,"In the current context (M=-1, K=1, N=-1), Button 2 has shown higher rewards (49) than Button 0 (24) based on limited data, making it the most promising option to explore further.",51,A,B,D,C
12,LLM_Gemini_3_Flash,13,-1,1,-1,2,D,0,exploit,0,"In the current context (M=-1, K=1, N=-1), button 2 is the observed optimal choice with a mean reward of 50 compared to button 0's mean of 24. I am exploiting this known superior performance for the current context.",55,A,B,D,C
12,LLM_Gemini_3_Flash,14,1,-1,-1,0,A,1,explore,1,"Current context (1,-1,-1) has not been tested on any button, and Button 0 has shown potential for high rewards in similar (1,-1,N) configurations, warranting exploration to map its performance under these specific conditions.",75,A,B,D,C
12,LLM_Gemini_3_Flash,15,1,-1,1,0,A,1,exploit,0,"In the current context (M=1, K=-1, N=1), button 0 is the only arm tested and showed a strong reward of 83, making it the most reliable choice for this specific condition.",76,A,B,D,C
12,LLM_Gemini_3_Flash,16,-1,1,-1,2,D,0,exploit,0,"In the current context (M=-1, K=1, N=-1), button 2 is the most tested and reliable option compared to button 0, which previously yielded a low reward of 24 in this specific context. I am exploiting the evidence that button 2 consistently outperforms button 0 for this configuration.",55,A,B,D,C
12,LLM_Gemini_3_Flash,17,1,-1,1,0,A,1,exploit,0,"Button 0 has a strong historical performance in this specific context (M=1, K=-1, N=1), yielding a mean reward of 79.5 across two samples, which is the highest confidence choice for these conditions.",77,A,B,D,C
12,LLM_Gemini_3_Flash,18,-1,1,-1,2,D,0,exploit,0,"In the current context (M=-1, K=1, N=-1), button 2 is the most tested and verified option with a mean reward of 52.5, significantly outperforming button 0 (24) in this specific state.",47,A,B,D,C
12,LLM_Gemini_3_Flash,19,-1,-1,1,0,A,0,exploit,0,"Button 0 is the only button observed in this context (M=-1, K=-1, N=1), and while its reward is moderate, it has consistently outperformed other buttons under similar conditions in our history, making it the highest expected value choice for the current trial.",44,A,B,D,C
12,LLM_Gemini_3_Flash,20,1,1,-1,1,B,1,exploit,0,"Button 1 has shown a strong and consistent high-reward pattern specifically for the current context (M=1, K=1, N=-1), achieving a mean reward of 80.5 over 4 samples. I have high confidence in this choice as other options demonstrate lower performance or are incompatible with the current context.",80,A,B,D,C
12,LLM_Gemini_3_Flash,21,-1,1,-1,2,D,0,exploit,0,"In the current context (M=-1, K=1, N=-1), Button 2 is the most reliable performer, consistently yielding rewards around 51, while Button 0 has historically performed poorly (mean 24) in this specific context.",42,A,B,D,C
12,LLM_Gemini_3_Flash,22,-1,-1,1,0,A,0,exploit,0,"In the current context (M=-1, K=-1, N=1), button 0 is the only option with empirical data, having been tested three times with a mean reward of 50.33. Other buttons lack any samples in this context, and based on existing data, button 0 is the most reliable choice for this specific signal configuration.",60,A,B,D,C
12,LLM_Gemini_3_Flash,23,1,-1,-1,0,A,1,exploit,0,"In the current context (M=1, K=-1, N=-1), button 0 is the only option with empirical data showing a consistent performance of 75, making it the most reliable choice for this specific signal combination.",79,A,B,D,C
12,LLM_Gemini_3_Flash,24,-1,-1,1,1,B,0,explore,1,"Button 0 has low performance in the current context (M=-1, K=-1, N=1), and while Button 3 has performed well in other contexts, Button 1 is under-explored in the current state, necessitating further testing to confirm if it outperforms Button 0.",19,A,B,D,C
12,LLM_Gemini_3_Flash,25,-1,1,-1,2,D,0,exploit,0,"In the current context (M=-1, K=1, N=-1), button 2 is the best performer with a mean reward of 49.83 across 6 trials, significantly outperforming button 0 which only yielded 24. My confidence is high that button 2 is the optimal choice for this specific context.",48,A,B,D,C
12,LLM_Gemini_3_Flash,26,-1,1,1,3,C,1,exploit,0,"Button 3 is the only arm tested in this specific context (M=-1, K=1, N=1), yielding a high mean reward of 84 over 2 samples, making it the clear choice for exploitation.",82,A,B,D,C
12,LLM_Gemini_3_Flash,27,1,-1,-1,0,A,1,exploit,0,"In the current context (M=1, K=-1, N=-1), button 0 has shown strong performance with a mean of 77 and limited competition, while other buttons either have lower means in this context or remain unverified; I have high confidence that button 0 is the optimal choice.",79,A,B,D,C
12,LLM_Gemini_3_Flash,28,1,-1,1,0,A,1,exploit,0,"In the current context (M=1, K=-1, N=1), button 0 has consistently performed well with a mean reward around 78 across multiple trials, providing strong evidence compared to other buttons which either have no data for this context or poor historical performance in similar conditions.",81,A,B,D,C
12,LLM_Gemini_3_Flash,29,1,1,-1,1,B,1,exploit,0,"In the current context (M=1, K=1, N=-1), Button 1 has a strong empirical mean of 80.4 across 5 trials with low relative variance, significantly outperforming other buttons in this context. Confidence is high as this pattern has been consistent across previous trials.",76,A,B,D,C
12,LLM_Gemini_3_Flash,30,-1,1,1,3,C,1,exploit,0,"Button 3 is highly specialized for the current context (M=-1, K=1, N=1), with all 3 previous trials yielding high rewards and no other button showing competitive performance in this specific context configuration. Confidence is high given the clear signal-to-noise ratio observed for this button in this specific context.",82,A,B,D,C
12,LLM_Gemini_3_Flash,31,1,-1,1,0,A,1,exploit,0,"In the current context (M=1, K=-1, N=1), Button 0 has a well-established track record with a high mean reward of 79.25 across 4 samples, making it the clear optimal choice for exploitation.",76,A,B,D,C
12,LLM_Gemini_3_Flash,32,-1,1,1,3,C,1,exploit,0,"The current context (M=-1, K=1, N=1) matches the historical data for button 3, which consistently provides high rewards averaging 83. The other buttons perform significantly worse in this specific context, making button 3 the clear choice with high confidence.",79,A,B,D,C
12,LLM_Gemini_3_Flash,33,1,1,-1,1,B,1,exploit,0,"The current context (M=1, K=1, N=-1) aligns perfectly with the historical pattern where button 1 has consistently delivered high mean rewards (79.67), making it the clear choice for exploitation.",69,A,B,D,C
12,LLM_Gemini_3_Flash,34,1,-1,-1,0,A,1,exploit,0,"Button 0 has demonstrated a strong, consistent mean reward in the M=1, K=-1 context (mean 77.67) and is the only button with recorded history for the current context (M=1, K=-1, N=-1), making it the optimal exploitation choice.",83,A,B,D,C
12,LLM_Gemini_3_Flash,35,-1,1,1,3,C,1,exploit,0,"Button 3 has consistently yielded high rewards (mean 82.2) specifically for the current context (M=-1, K=1, N=1), making it the optimal choice based on strong historical evidence.",71,A,B,D,C
12,LLM_Gemini_3_Flash,36,-1,-1,1,0,A,0,exploit,0,"In the current context (M=-1, K=-1, N=1), button 0 is the only option with positive historical data, yielding a mean reward of 52.75 compared to button 1's poor performance of 19. While the reward is lower than other contexts, it is the clear choice based on available evidence for this specific context.",61,A,B,D,C
12,LLM_Gemini_3_Flash,37,-1,1,-1,2,D,0,exploit,0,"In the current context (M=-1, K=1, N=-1), button 2 is the most reliable option with a mean reward of 49.57 and low variance compared to other alternatives which have performed poorly or lack relevant context exposure.",46,A,B,D,C
12,LLM_Gemini_3_Flash,38,-1,-1,1,0,A,0,exploit,0,"In the current context (M=-1, K=-1, N=1), button 0 is the only option with reliable positive evidence compared to button 1, which yielded a very low reward when tested in this specific context.",44,A,B,D,C
12,LLM_Gemini_3_Flash,39,1,1,-1,1,B,1,exploit,0,"The current context (M=1, K=1, N=-1) strongly matches the historical profile of button 1, which consistently yields high rewards in this specific configuration.",73,A,B,D,C
12,LLM_Gemini_3_Flash,40,-1,1,1,3,C,1,exploit,0,"Button 3 has a high mean reward of 80.33 for the current context (M=-1, K=1, N=1), and historical data consistently shows it outperforms other options in this specific state with high confidence.",85,A,B,D,C
12,LLM_Gemini_3_Flash,41,1,-1,-1,0,A,1,exploit,0,"In the current context (M=1, K=-1, N=-1), Button 0 has demonstrated consistent high performance with a mean reward of 79 over 4 trials, making it the statistically optimal choice.",81,A,B,D,C
12,LLM_Gemini_3_Flash,42,1,1,-1,1,B,1,exploit,0,"The current context (M=1, K=1, N=-1) matches the historical preference for button 1, which has consistently yielded high rewards (mean 77.5) in this specific configuration, whereas other buttons have significantly lower performance in this context.",75,A,B,D,C
12,LLM_Gemini_3_Flash,43,1,-1,-1,0,A,1,exploit,0,"Button 0 has a consistent and high mean reward (approx 79.4) for the context M=1, K=-1, N=-1 based on 5 prior trials, making it the clear optimal choice for this context.",80,A,B,D,C
12,LLM_Gemini_3_Flash,44,1,-1,1,0,A,1,exploit,0,"The current context (M=1, K=-1, N=1) has strong empirical support for Button 0, which consistently yields high rewards compared to other available buttons in this specific configuration.",83,A,B,D,C
12,LLM_Gemini_3_Flash,45,-1,1,1,3,C,1,exploit,0,"The current context (M=-1, K=1, N=1) has been observed 7 times, consistently yielding high rewards (mean 81) specifically from button 3, while other buttons have not been tested or have performed poorly in this state.",87,A,B,D,C
12,LLM_Gemini_3_Flash,46,1,-1,1,0,A,1,exploit,0,"In the current context (M=1, K=-1, N=1), button 0 is the only option with established positive performance history, yielding a mean reward of 79.33 across 6 trials, while other buttons have not been tested or have poor outcomes in this state.",76,A,B,D,C
12,LLM_Gemini_3_Flash,47,-1,1,1,3,C,1,exploit,0,"In the current context (M=-1, K=1, N=1), button 3 consistently yields high rewards (mean 81.75) across multiple trials with low standard deviation. There is high confidence that button 3 is the optimal choice for this specific context.",77,A,B,D,C
12,LLM_Gemini_3_Flash,48,1,-1,-1,0,A,1,exploit,0,"In the current context (M=1, K=-1, N=-1), button 0 has a strong historical average of 79.5 from 6 samples, making it the clear optimal choice for exploitation.",78,A,B,D,C
12,LLM_Gemini_3_Flash,49,1,1,-1,1,B,1,exploit,0,"The current context (M=1, K=1, N=-1) strongly aligns with button 1, which has a mean reward of 77.22 across 9 observations in this specific context, compared to other buttons that are either lower-performing or not contextually suited.",80,A,B,D,C
12,LLM_Gemini_3_Flash,50,-1,1,-1,2,D,0,exploit,0,"The current context (M=-1, K=1, N=-1) is strongly associated with button 2 based on repeated trials, and while its mean reward is lower than other buttons, it is the highest performing option consistently seen for this specific context.",59,A,B,D,C
13,LLM_Gemini_3_Flash,1,-1,1,-1,0,C,0,explore,1,"Since this is the first trial and there is no prior data, I am initiating a systematic exploration by selecting button 0 to establish a baseline for reward distribution.",50,C,D,B,A
13,LLM_Gemini_3_Flash,2,1,-1,1,1,D,0,explore,1,"Since only button 0 has been tested and button 1 is currently unobserved in any context, choosing button 1 is a low-confidence exploration step to begin mapping the reward landscape across the action space.",54,C,D,B,A
13,LLM_Gemini_3_Flash,3,-1,1,1,2,B,0,explore,1,"Since buttons 0 and 1 have only been tested once each in different contexts, I have high uncertainty regarding their performance in this current context (M=-1, K=1, N=1). I am choosing button 2 to begin gathering data on unexplored arms to build a better reward model.",46,C,D,B,A
13,LLM_Gemini_3_Flash,4,-1,1,-1,3,A,0,explore,1,"Button 0 has a known reward of 50 in this specific context, but button 3 remains completely untested; exploring it now offers high information value to determine if it outperforms the known baseline.",19,C,D,B,A
13,LLM_Gemini_3_Flash,5,-1,1,-1,0,C,0,exploit,0,"In the current context (M=-1, K=1, N=-1), button 0 has already outperformed button 3 with a mean reward of 50 versus 19, indicating high confidence in button 0 as the optimal choice.",39,C,D,B,A
13,LLM_Gemini_3_Flash,6,-1,1,-1,0,C,0,exploit,0,"Button 0 has demonstrated significantly higher performance than Button 3 in the current context (M=-1, K=1, N=-1) across two trials, establishing it as the clear optimal choice for this state.",51,C,D,B,A
13,LLM_Gemini_3_Flash,7,-1,-1,1,0,C,1,explore,1,"Since I have not yet explored the current context (M=-1, K=-1, N=1) for any button, I will choose button 0 to start gathering data, as it has demonstrated the highest average performance across other contexts.",78,C,D,B,A
13,LLM_Gemini_3_Flash,8,1,-1,1,1,D,0,exploit,0,"Button 1 has already demonstrated a strong return of 54 in this specific context (M=1, K=-1, N=1), making it the most rational choice for exploitation compared to other buttons that have not been tested in this configuration.",51,C,D,B,A
13,LLM_Gemini_3_Flash,9,1,-1,1,1,D,0,exploit,0,"Button 1 has performed consistently in the current context (M=1, K=-1, N=1) with a mean reward of 52.5 and low variance, making it the highest expected value option despite limited trials.",48,C,D,B,A
13,LLM_Gemini_3_Flash,10,1,1,-1,0,C,0,explore,1,"Since the current context (M=1, K=1, N=-1) has not been observed yet, I am choosing button 0 to explore its potential, as it has shown high volatility and reasonable performance in other contexts while other buttons remain largely unproven in this specific scenario.",24,C,D,B,A
13,LLM_Gemini_3_Flash,11,1,-1,1,1,D,0,exploit,0,"Button 1 has shown a strong and consistent performance in the current context (M=1, K=-1, N=1) with a mean reward of 51 and low variance. While the current context is M=1, K=-1, N=1, I am exploiting the evidence that button 1 is the most reliable option for this specific context.",44,C,D,B,A
13,LLM_Gemini_3_Flash,12,1,1,-1,1,D,0,explore,1,"Button 1 has only been tested in one context (M=1, K=-1, N=1) and we lack data on how it performs in the current context (M=1, K=1, N=-1). I am choosing to explore button 1 to see if it remains high-performing compared to button 0, which showed low returns in this specific context.",45,C,D,B,A
13,LLM_Gemini_3_Flash,13,-1,1,-1,0,C,0,exploit,0,"In the current context (M=-1, K=1, N=-1), button 0 has a significantly higher observed mean reward (46.67) compared to button 3 (19) based on multiple samples, making it the clear choice for exploitation.",45,C,D,B,A
13,LLM_Gemini_3_Flash,14,-1,1,1,2,B,0,explore,1,"Button 2 previously yielded a reward of 46 in this specific context (M=-1,K=1,N=1), which is the highest observed value for this context; I am selecting it again to confirm its performance versus the under-tested alternatives.",51,C,D,B,A
13,LLM_Gemini_3_Flash,15,-1,-1,1,0,C,1,exploit,0,"In the current context (M=-1, K=-1, N=1), button 0 has previously demonstrated a high reward of 78, making it the most promising option based on historical evidence for this specific context.",82,C,D,B,A
13,LLM_Gemini_3_Flash,16,-1,1,-1,0,C,0,exploit,0,"In the current context (M=-1, K=1, N=-1), button 0 has a significantly higher observed mean reward (46.25) compared to button 3 (19) based on multiple samples, making it the most reliable choice.",51,C,D,B,A
13,LLM_Gemini_3_Flash,17,1,1,-1,1,D,0,exploit,0,"In the current context (M=1, K=1, N=-1), button 1 has shown a mean reward of 45 compared to button 0's 24. Given the limited data, button 1 is the most reliable performer in this specific context.",50,C,D,B,A
13,LLM_Gemini_3_Flash,18,1,1,-1,1,D,0,exploit,0,"In the current context (M=1, K=1, N=-1), button 1 has a significantly higher mean reward (47.5) than button 0 (24.0) based on previous trials, indicating it is the superior choice for this configuration.",55,C,D,B,A
13,LLM_Gemini_3_Flash,19,1,-1,-1,0,C,0,explore,1,"Since the current context (M=1, K=-1, N=-1) has never been observed for any button, I am choosing button 0 to gather data on its performance in this specific state, given it has shown high volatility and potential in other contexts.",24,C,D,B,A
13,LLM_Gemini_3_Flash,20,-1,1,-1,0,C,0,exploit,0,"In the current context (M=-1, K=1, N=-1), button 0 has a significantly higher observed mean reward (47.2) compared to the only other tested button, button 3 (19). Based on historical performance, button 0 is the clear choice for this context with high confidence.",52,C,D,B,A
13,LLM_Gemini_3_Flash,21,-1,1,-1,0,C,0,exploit,0,"In the current context (M=-1, K=1, N=-1), Button 0 has a significantly higher observed mean reward (48) compared to Button 3 (19) based on multiple samples, making it the clear choice to exploit.",41,C,D,B,A
13,LLM_Gemini_3_Flash,22,-1,1,-1,0,C,0,exploit,0,"In the current context (M=-1, K=1, N=-1), button 0 has a significantly higher mean reward (47) compared to the only other observed button 3 (19) and remains the most consistent choice based on historical performance in this specific context.",57,C,D,B,A
13,LLM_Gemini_3_Flash,23,1,-1,-1,0,C,0,explore,1,"With the current context (M=1, K=-1, N=-1), button 0 has a mean reward of 24, but other buttons remain largely untested in this specific scenario. I am choosing button 0 to gather more data on its performance in this context, acknowledging high uncertainty.",22,C,D,B,A
13,LLM_Gemini_3_Flash,24,1,-1,-1,1,D,0,explore,1,"Button 1 has shown strong performance in M=1 contexts, and while it has not been tested in this specific N=-1 variant, it remains the most promising candidate given button 0's low performance in M=1, K=-1 contexts; this is an exploratory move to verify if button 1 is the consistent high-performer for all M=1 scenarios.",47,C,D,B,A
13,LLM_Gemini_3_Flash,25,1,-1,-1,1,D,0,exploit,0,"In the current context (M=1, K=-1, N=-1), button 1 has shown a strong mean reward of 47 compared to button 0's poor mean of 23. Given the consistent performance of button 1 in contexts where Mercury is 1, it is the most reliable choice.",53,C,D,B,A
13,LLM_Gemini_3_Flash,26,-1,1,1,2,B,0,exploit,0,"In the current context (M=-1, K=1, N=1), button 2 is the only option with empirical support, yielding a mean reward of 48.5, which is significantly more attractive than the low-performing button 3 or the unverified buttons 0 and 1.",50,C,D,B,A
13,LLM_Gemini_3_Flash,27,-1,1,1,2,B,0,exploit,0,"Button 2 has consistently provided the best reward (mean 49) in the current context (M=-1, K=1, N=1) compared to other buttons, making it the most reliable choice for exploitation.",50,C,D,B,A
13,LLM_Gemini_3_Flash,28,1,-1,1,1,D,0,exploit,0,"Button 1 consistently provides high rewards (~50) in contexts where Mercury=1 and Nobelium=1 or -1, whereas Button 0 shows poor performance in this context. Given the strong historical mean and low variance for Button 1 in similar Mercury=1 conditions, I am confident it is the optimal choice.",52,C,D,B,A
13,LLM_Gemini_3_Flash,29,1,-1,1,1,D,0,exploit,0,"In the current context (M=1, K=-1, N=1), button 1 has consistently yielded high rewards (mean 49.8), making it the optimal choice based on available data.",50,C,D,B,A
13,LLM_Gemini_3_Flash,30,-1,-1,1,0,C,1,exploit,0,"In the current context (M=-1, K=-1, N=1), button 0 has previously demonstrated a strong mean reward of 80 based on two prior occurrences, making it the highest expected performer compared to the other buttons.",74,C,D,B,A
13,LLM_Gemini_3_Flash,31,1,-1,-1,1,D,0,exploit,0,"In the current context (M=1, K=-1, N=-1), button 1 has consistently yielded higher and more stable rewards (mean ~50) compared to button 0 (mean ~23) in similar contexts, making button 1 the clear optimal choice.",44,C,D,B,A
13,LLM_Gemini_3_Flash,32,1,-1,1,1,D,0,exploit,0,"In the current context (M=1, K=-1, N=1), button 1 has been consistently high-performing with a mean of 49.83 across 6 trials, significantly outperforming other buttons in this context. While other buttons have not been tested in this specific context, the evidence for button 1 is strong and reliable.",56,C,D,B,A
13,LLM_Gemini_3_Flash,33,1,-1,1,1,D,0,exploit,0,"In the current context (M=1, K=-1, N=1), Button 1 has a strong empirical track record with a mean reward of ~50 and low variance, making it the most reliable choice for maximizing profit compared to the limited data on other buttons.",51,C,D,B,A
13,LLM_Gemini_3_Flash,34,1,-1,-1,1,D,0,exploit,0,"In the current context (M=1, K=-1, N=-1), button 1 has shown a significantly higher and more stable mean reward (approx. 48-50) compared to button 0, which has performed poorly (approx. 22-24) in similar contexts. Therefore, exploiting button 1 is the most reliable strategy based on accumulated evidence.",41,C,D,B,A
13,LLM_Gemini_3_Flash,35,1,1,-1,1,D,0,exploit,0,"In the current context (M=1, K=1, N=-1), button 1 has consistently outperformed button 0 across multiple trials, yielding a mean reward of 50 compared to 24 for button 0. Given the established pattern and high confidence, exploiting button 1 is the optimal choice.",47,C,D,B,A
13,LLM_Gemini_3_Flash,36,-1,1,-1,0,C,0,exploit,0,"In the current context (M=-1, K=1, N=-1), Button 0 has a significantly higher empirical mean (48.25) compared to the only other observed button in this context, Button 3 (19). Given the sample size, Button 0 is the clearly superior choice for exploitation.",54,C,D,B,A
13,LLM_Gemini_3_Flash,37,-1,1,1,2,B,0,exploit,0,"In the current context (M=-1, K=1, N=1), button 2 is the only option with evidence of consistent performance, averaging 49.25 across 4 trials, making it the most reliable choice.",48,C,D,B,A
13,LLM_Gemini_3_Flash,38,-1,-1,1,0,C,1,exploit,0,"In the current context (M=-1, K=-1, N=1), Button 0 has historically yielded high rewards (mean 78) across all observations, making it the clear choice over other arms that have not been tested in this specific context.",81,C,D,B,A
13,LLM_Gemini_3_Flash,39,-1,1,-1,0,C,0,exploit,0,"In the current context (M=-1, K=1, N=-1), button 0 has been tested 9 times with a consistent mean reward around 50, whereas button 3 performed significantly worse in its single trial. I am exploiting button 0 as it is the best performing option observed for this specific context.",43,C,D,B,A
13,LLM_Gemini_3_Flash,40,-1,-1,1,0,C,1,exploit,0,"Button 0 has demonstrated a high mean reward of 78.75 specifically for the context M=-1, K=-1, N=1, which matches the current state. Based on previous observations for this context, button 0 is the clearly superior choice.",79,C,D,B,A
13,LLM_Gemini_3_Flash,41,-1,1,-1,0,C,0,exploit,0,"In the current context (M=-1, K=1, N=-1), Button 0 is the most tested and reliable option compared to Button 3, which has a very low mean reward and high uncertainty, making Button 0 the clear choice for exploitation.",53,C,D,B,A
13,LLM_Gemini_3_Flash,42,1,-1,-1,1,D,0,exploit,0,"In the current context (M=1, K=-1, N=-1), button 1 has consistently outperformed button 0 based on multiple trials, whereas button 0 has shown a significantly lower reward mean in this specific configuration.",51,C,D,B,A
13,LLM_Gemini_3_Flash,43,1,-1,-1,1,D,0,exploit,0,"In the current context (M=1, K=-1, N=-1), button 1 has consistently outperformed button 0 across 5 trials (mean 47.2 vs 23). Given the high confidence in button 1's performance in this specific context compared to button 0's poor performance, I am exploiting button 1.",40,C,D,B,A
13,LLM_Gemini_3_Flash,44,1,1,-1,1,D,0,exploit,0,"In the current context (M=1, K=1, N=-1), Button 1 has consistently outperformed Button 0, which only yielded a reward of 24 in a single trial compared to Button 1's mean of 49.25 across four samples.",51,C,D,B,A
13,LLM_Gemini_3_Flash,45,1,1,-1,1,D,0,exploit,0,"In the current context (M=1, K=1, N=-1), button 1 has a consistent mean reward of 49.6 based on 5 samples, significantly outperforming button 0 which only returns around 24, justifying an exploitation strategy with high confidence.",52,C,D,B,A
13,LLM_Gemini_3_Flash,46,1,-1,1,1,D,0,exploit,0,"In the current context (M=1, K=-1, N=1), Button 1 has consistently shown a high mean reward of approximately 50.75 across 8 samples, whereas Button 0 performed poorly in similar contexts; therefore, exploiting Button 1 is the most reliable strategy.",55,C,D,B,A
13,LLM_Gemini_3_Flash,47,-1,1,-1,0,C,0,exploit,0,"Button 0 has been the consistently best performer for the current context (M=-1, K=1, N=-1) across 11 trials, maintaining a significantly higher mean reward than the only alternative, button 3, which showed poor results in this context.",44,C,D,B,A
13,LLM_Gemini_3_Flash,48,-1,1,1,2,B,0,exploit,0,"In the current context (M=-1, K=1, N=1), button 2 is the clear choice with a mean reward of 49 based on 5 samples, while other buttons either yield lower rewards or have not been tested in this specific configuration.",45,C,D,B,A
13,LLM_Gemini_3_Flash,49,-1,1,-1,0,C,0,exploit,0,"In the current context (M=-1, K=1, N=-1), button 0 has a significantly higher mean reward (approx. 48.33) compared to the only other tested option, button 3 (19), based on 12 historical trials, making it the clear choice.",54,C,D,B,A
13,LLM_Gemini_3_Flash,50,-1,1,1,2,B,0,exploit,0,"In the current context (M=-1, K=1, N=1), Button 2 has been consistently performant with a mean reward of 48.33, whereas other options have either shown inferior results or lack evidence in this specific context.",58,C,D,B,A
14,LLM_Gemini_3_Flash,1,1,-1,1,0,C,0,explore,1,"As this is the first trial and all buttons have no history, I will choose button 0 to begin gathering baseline data for the current context.",44,C,A,B,D
14,LLM_Gemini_3_Flash,2,1,1,-1,1,A,0,explore,1,"Since only button 0 has been tested, I am choosing button 1 to begin mapping the reward landscape across buttons, as current evidence is insufficient to distinguish the optimal choice for the current context (M=1, K=1, N=-1).",43,C,A,B,D
14,LLM_Gemini_3_Flash,3,-1,1,1,2,B,0,explore,1,"Buttons 0 and 1 have been sampled once but are not relevant to the current context (Mercury: -1, Krypton: 1, Nobelium: 1). Button 2 is chosen to gather initial information about its performance in this context, as both it and button 3 remain completely untested.",52,C,A,B,D
14,LLM_Gemini_3_Flash,4,1,-1,1,3,D,0,explore,1,Button 3 has not been tested in any context yet; exploring it now minimizes uncertainty about its reward potential across all signal states.,51,C,A,B,D
14,LLM_Gemini_3_Flash,5,-1,-1,1,0,C,1,explore,1,"With very limited data (only 4 trials), button 0 has only been tested once in a different context. I am choosing button 0 to explore its potential performance in the current M=-1, K=-1, N=1 context, as we have not yet established a baseline for this specific scenario.",76,C,A,B,D
14,LLM_Gemini_3_Flash,6,1,-1,1,3,D,0,exploit,0,"In the current context (M=1, K=-1, N=1), button 3 has outperformed button 0 (51 vs 44 reward). I am choosing button 3 to exploit this observed advantage with medium confidence as it is the current best-known option for this specific context.",47,C,A,B,D
14,LLM_Gemini_3_Flash,7,-1,-1,1,0,C,1,exploit,0,"Button 0 yielded the highest reward of 76 in this exact context (M=-1,K=-1,N=1) previously, indicating it is likely the optimal choice. While data is limited, this high-performance signal makes exploitation the logical strategy.",77,C,A,B,D
14,LLM_Gemini_3_Flash,8,-1,1,1,2,B,0,exploit,0,"Button 2 has been tested in the current context (M=-1, K=1, N=1) and yielded a reward of 52, while other buttons have not been observed in this specific context or have lower historical averages in different contexts.",52,C,A,B,D
14,LLM_Gemini_3_Flash,9,1,-1,1,3,D,0,exploit,0,"In the current context (M=1, K=-1, N=1), button 3 has demonstrated a higher mean reward (49) compared to button 0 (44) based on multiple observations, making it the statistically stronger choice for exploitation.",49,C,A,B,D
14,LLM_Gemini_3_Flash,10,-1,1,-1,0,C,0,explore,1,"Button 0 has not been tested in the current context (M=-1, K=1, N=-1). Given it has shown the highest reward potential in other contexts, exploring it here provides valuable information with medium confidence in its underlying performance.",39,C,A,B,D
14,LLM_Gemini_3_Flash,11,-1,1,-1,3,D,0,explore,1,"Button 3 has been tested only in one context (M=1, K=-1, N=1), and while button 0 showed a mean reward of 39 in the current context (M=-1, K=1, N=-1), button 3's performance in other contexts suggests it may have higher potential. I am choosing button 3 to explore its performance in this specific context and reduce uncertainty.",55,C,A,B,D
14,LLM_Gemini_3_Flash,12,-1,1,-1,3,D,0,exploit,0,"In the current context (M=-1, K=1, N=-1), button 3 has a mean reward of 55 while button 0 has a mean of 39, providing strong empirical evidence to favor button 3 for this context.",49,C,A,B,D
14,LLM_Gemini_3_Flash,13,-1,1,1,2,B,0,exploit,0,"Button 2 has consistently provided a reward of 52 in the current context (M=-1, K=1, N=1), making it the optimal choice based on available data.",52,C,A,B,D
14,LLM_Gemini_3_Flash,14,-1,1,-1,3,D,0,exploit,0,"In the current context (M=-1, K=1, N=-1), button 3 has a mean reward of 52 based on two observations, which outperforms button 0's mean of 39. My confidence is medium, as the sample size is small, but button 3 is currently the empirically best-performing arm for this specific context.",45,C,A,B,D
14,LLM_Gemini_3_Flash,15,-1,-1,1,0,C,1,exploit,0,"In the current context (M=-1, K=-1, N=1), button 0 has been tested twice with a very high mean reward of 76.5, significantly outperforming other buttons in this context. Given the strong historical performance, I am exploiting this known high-value option with high confidence.",68,C,A,B,D
14,LLM_Gemini_3_Flash,16,-1,-1,1,0,C,1,exploit,0,"Button 0 has a strong, consistent positive performance in the current context (M=-1, K=-1, N=1) based on 3 samples with a high mean of 73.67, making it the clear optimal choice.",82,C,A,B,D
14,LLM_Gemini_3_Flash,17,-1,1,-1,3,D,0,exploit,0,"In the current context (M=-1, K=1, N=-1), button 3 has a consistently higher mean reward (49.67) compared to button 0 (39.0) based on three samples each, indicating it is the optimal choice with medium-to-high confidence.",47,C,A,B,D
14,LLM_Gemini_3_Flash,18,-1,-1,1,0,C,1,exploit,0,"Button 0 has demonstrated a very strong, consistent reward profile for the current context (M=-1, K=-1, N=1) compared to all other observed data, making it the high-confidence choice.",88,C,A,B,D
14,LLM_Gemini_3_Flash,19,1,1,-1,1,A,0,explore,1,"Button 1 has only been tested once in this exact context (M=1, K=1, N=-1), yielding a decent reward of 43. Given the limited data for this specific configuration compared to other buttons, further exploration of button 1 is warranted to determine its true potential relative to the other arms.",43,C,A,B,D
14,LLM_Gemini_3_Flash,20,-1,1,-1,3,D,0,exploit,0,"In the current context (M=-1, K=1, N=-1), button 3 has a mean reward of 49 based on 4 samples, significantly outperforming button 0 (mean of 39). My confidence is medium, as button 3 is the established best option for this specific context.",47,C,A,B,D
14,LLM_Gemini_3_Flash,21,-1,-1,1,0,C,1,exploit,0,"Button 0 has demonstrated a significantly higher mean reward (78.2) in the current context (M=-1, K=-1, N=1) across five trials compared to any other option, making it the clear optimal choice for exploitation.",78,C,A,B,D
14,LLM_Gemini_3_Flash,22,1,-1,-1,0,C,0,explore,1,"Current context (M=1, K=-1, N=-1) has not been explicitly seen for any button. I am choosing button 0 as it has shown the highest reward potential across other contexts and requires further exploration to verify if its high-reward mechanism persists here.",18,C,A,B,D
14,LLM_Gemini_3_Flash,23,-1,-1,1,0,C,1,exploit,0,"In the current context (M=-1, K=-1, N=1), button 0 has been tested 6 times with a consistent high mean reward of 78.17, while other buttons have no observed performance in this specific context.",82,C,A,B,D
14,LLM_Gemini_3_Flash,24,-1,1,-1,3,D,0,exploit,0,"In the current context (M=-1, K=1, N=-1), button 3 consistently outperforms button 0 with a mean reward of 48.6 versus 39.0 across multiple trials, providing high confidence to exploit this established advantage.",45,C,A,B,D
14,LLM_Gemini_3_Flash,25,-1,-1,1,0,C,1,exploit,0,"Button 0 has demonstrated a consistently high mean reward (approx. 78.7) specifically under the current context M=-1, K=-1, N=1, far outperforming all other options in this scenario.",78,C,A,B,D
14,LLM_Gemini_3_Flash,26,1,-1,-1,0,C,0,exploit,0,"Button 0 has shown high performance in similar context structures, and although data for the current M=1, K=-1, N=-1 context is sparse, it remains the most reliable option based on observed reward distribution patterns across the available history.",12,C,A,B,D
14,LLM_Gemini_3_Flash,27,-1,1,1,2,B,0,exploit,0,"In the current context (M=-1, K=1, N=1), Button 2 has been consistently tested and yielded a stable reward of 52, which is the best outcome observed for this specific context.",45,C,A,B,D
14,LLM_Gemini_3_Flash,28,-1,1,1,2,B,0,exploit,0,"In the current context (M=-1, K=1, N=1), Button 2 is the only option that has been explicitly tested, yielding a consistent mean reward of 50.25 over four trials. Given this history, Button 2 is the clear optimal choice for exploitation.",42,C,A,B,D
14,LLM_Gemini_3_Flash,29,-1,-1,1,0,C,1,exploit,0,"In the current context (M=-1, K=-1, N=1), Button 0 has been tested 8 times with a high and consistent average reward of 78.62, making it the clear optimal choice for exploitation.",78,C,A,B,D
14,LLM_Gemini_3_Flash,30,-1,-1,1,0,C,1,exploit,0,"Button 0 has demonstrated a strong, consistent high-reward pattern specifically for the current context (M=-1, K=-1, N=1), with a mean reward of 78.56 based on 9 observations, making it the clear choice.",80,C,A,B,D
14,LLM_Gemini_3_Flash,31,-1,-1,1,0,C,1,exploit,0,"In the current context (M=-1, K=-1, N=1), button 0 has a strong historical average of approximately 78.7 over 10 trials, making it significantly more profitable than any other option.",72,C,A,B,D
14,LLM_Gemini_3_Flash,32,-1,1,1,2,B,0,exploit,0,"In the current context (M=-1, K=1, N=1), Button 2 has been consistently tested and provides a solid mean reward of 48.6, representing the best-known option for this specific context.",51,C,A,B,D
14,LLM_Gemini_3_Flash,33,-1,1,1,2,B,0,exploit,0,"In the current context (M=-1, K=1, N=1), button 2 has a consistent observed mean of 49 from 6 samples, which is the best performing and most reliable option identified for this specific context.",48,C,A,B,D
14,LLM_Gemini_3_Flash,34,-1,-1,1,0,C,1,exploit,0,"Button 0 has consistently demonstrated the highest performance (mean ~78) for the specific context M=-1, K=-1, N=1 across multiple trials, providing strong evidence that it is the optimal choice.",75,C,A,B,D
14,LLM_Gemini_3_Flash,35,-1,1,-1,3,D,0,exploit,0,"In the current context (M=-1, K=1, N=-1), button 3 consistently yields higher rewards (mean 48) compared to button 0 (mean 39), which provides strong evidence that button 3 is the superior choice for this specific context.",47,C,A,B,D
14,LLM_Gemini_3_Flash,36,1,1,-1,1,A,0,explore,1,"In the current context (M=1, K=1, N=-1), button 1 is the only one with observed data showing a consistent reward of 43, while other buttons either have low performance in similar contexts or lack sufficient data for this specific state, making exploration of button 1's stability the most rational path.",44,C,A,B,D
14,LLM_Gemini_3_Flash,37,-1,1,1,2,B,0,exploit,0,"In the current context (M=-1, K=1, N=1), button 2 is the clear performer with a mean reward of 48.86 based on 7 samples and no significant competition.",46,C,A,B,D
14,LLM_Gemini_3_Flash,38,1,-1,1,3,D,0,exploit,0,"In the current context (M=1, K=-1, N=1), historical data indicates that button 3 consistently yields a higher mean reward (49) compared to button 0 (44), providing a reliable path for maximizing profit with high confidence.",59,C,A,B,D
14,LLM_Gemini_3_Flash,39,-1,1,-1,3,D,0,exploit,0,"In the current context (M=-1, K=1, N=-1), button 3 consistently outperforms button 0 based on 7 samples with a mean of 47.86 versus 39.0, making it the highest expected value choice.",46,C,A,B,D
14,LLM_Gemini_3_Flash,40,-1,1,1,2,B,0,exploit,0,"In the current context (M=-1, K=1, N=1), button 2 is the only option with empirical testing, showing a stable mean reward of 48.5, and is clearly the expected optimal choice.",55,C,A,B,D
14,LLM_Gemini_3_Flash,41,-1,1,1,2,B,0,exploit,0,"The current context (M=-1, K=1, N=1) has been explicitly associated with Button 2 in 9 historical trials with a stable mean reward of 49.22, making it the highest-performing option with low uncertainty for this specific context.",53,C,A,B,D
14,LLM_Gemini_3_Flash,42,1,1,-1,1,A,0,explore,1,"The current context (M=1, K=1, N=-1) has only been observed with Button 1 in the past; although the reward is moderate, exploring it further is necessary to confirm if its performance is consistent compared to the other buttons which are poorly performing or untested in this specific context.",50,C,A,B,D
14,LLM_Gemini_3_Flash,43,1,-1,-1,0,C,0,exploit,0,"Button 0 has demonstrated very high mean rewards in the context M=-1, K=-1, N=1, but for the current context (M=1, K=-1, N=-1), the empirical data shows button 0 has a mean of 15; however, given the limited samples for this specific context, I am choosing 0 to gather more data on this arm's performance under this specific signal configuration.",22,C,A,B,D
14,LLM_Gemini_3_Flash,44,1,-1,1,3,D,0,exploit,0,"In the current context (M=1, K=-1, N=1), historical data indicates that button 3 has a higher mean reward (51.5) compared to button 0 (44.0). Given this pattern has been consistent, exploiting the higher expected value of button 3 is the optimal choice.",54,C,A,B,D
14,LLM_Gemini_3_Flash,45,1,-1,1,3,D,0,exploit,0,"In the current context (M=1, K=-1, N=1), historical data indicates that Button 3 consistently outperforms Button 0, with Button 3 showing a mean reward of 52 versus Button 0's 44. I am choosing Button 3 to exploit this established advantage.",48,C,A,B,D
14,LLM_Gemini_3_Flash,46,1,-1,-1,0,C,0,exploit,0,"In the current context (M=1, K=-1, N=-1), button 0 is the only button with observed performance data (mean 17.33), while others lack direct context-specific evidence and have not outperformed button 0 in similar scenarios. Although the observed reward for button 0 is low, it remains the most reliable option for this context given existing historical data.",13,C,A,B,D
14,LLM_Gemini_3_Flash,47,1,-1,-1,0,C,0,exploit,0,"In the current context (M=1, K=-1, N=-1), button 0 is the only option with specific historical data, despite its poor performance; as other buttons have no observed performance in this context, button 0 is the safest exploitation choice based on the available data distribution.",19,C,A,B,D
14,LLM_Gemini_3_Flash,48,1,-1,-1,0,C,0,exploit,0,"In the current context (M=1, K=-1, N=-1), button 0 has been observed 5 times with a mean reward of 16.8, and while low, there are no other buttons with evidence suggesting they perform better in this specific context.",19,C,A,B,D
14,LLM_Gemini_3_Flash,49,-1,1,-1,3,D,0,exploit,0,"In the current context (M=-1, K=1, N=-1), button 3 consistently outperforms button 0 based on historical data (mean reward of 47.62 vs 39.0), making it the optimal exploitation choice.",46,C,A,B,D
14,LLM_Gemini_3_Flash,50,-1,-1,1,0,C,1,exploit,0,"Button 0 has demonstrated a significantly higher mean reward of ~77.8 in the current context (M=-1, K=-1, N=1) compared to all other observed buttons in their respective contexts. With 12 samples for this specific context, the evidence is highly reliable, making exploitation the optimal strategy.",88,C,A,B,D
15,LLM_Gemini_3_Flash,1,-1,1,1,0,B,0,explore,1,"This is the first trial of the game with no prior data available, so I will select button 0 to begin establishing a baseline reward estimate for the current context.",56,B,D,A,C
15,LLM_Gemini_3_Flash,2,1,-1,1,1,D,0,explore,1,"Since only button 0 has been tested, I am choosing button 1 to begin gathering data on the remaining arms to resolve initial uncertainty with low confidence.",44,B,D,A,C
15,LLM_Gemini_3_Flash,3,1,-1,1,2,A,1,explore,1,"With only two buttons tested, there is significant uncertainty regarding the performance of buttons 2 and 3; exploring button 2 provides information to build a better model.",84,B,D,A,C
15,LLM_Gemini_3_Flash,4,1,1,-1,3,C,0,explore,1,"With very limited data and no information on button 3's performance, exploring it is necessary to identify potential high-reward opportunities in the current context (M=1, K=1, N=-1).",14,B,D,A,C
15,LLM_Gemini_3_Flash,5,-1,1,1,0,B,0,exploit,0,"In the current context (M=-1, K=1, N=1), button 0 is the only option with a tested positive reward, and the historical data suggests it is the optimal choice for this specific context configuration.",50,B,D,A,C
15,LLM_Gemini_3_Flash,6,1,-1,-1,0,B,0,explore,1,"Since the current context (M=1, K=-1, N=-1) has not been observed for any button, I am choosing button 0 to start collecting baseline data for this specific configuration.",50,B,D,A,C
15,LLM_Gemini_3_Flash,7,-1,-1,1,1,D,0,explore,1,"With the current context (M=-1, K=-1, N=1) being completely unobserved for all buttons, I am choosing button 1 to gather new data, as buttons 0, 2, and 3 have shown performance linked to other contexts and I need to explore the performance space under this configuration.",51,B,D,A,C
15,LLM_Gemini_3_Flash,8,-1,-1,1,1,D,0,explore,1,"Button 1 showed a reward of 51 in the only sample of the current context (M=-1,K=-1,N=1), but since it has only been tested twice, additional exploration is necessary to confirm if it outperforms the other buttons in this context.",61,B,D,A,C
15,LLM_Gemini_3_Flash,9,1,-1,1,2,A,1,exploit,0,"Button 2 showed a significantly higher reward of 84 in the current context (M=1, K=-1, N=1) compared to button 1 (reward 44). I have medium confidence that button 2 is the optimal choice for this specific context.",80,B,D,A,C
15,LLM_Gemini_3_Flash,10,-1,-1,1,1,D,0,exploit,0,"Button 1 is the best-performing button for the current context (M=-1, K=-1, N=1), supported by two samples that consistently show higher returns than other tested buttons. I am confident in exploiting this signal as it is the only button with history in the current specific context.",53,B,D,A,C
15,LLM_Gemini_3_Flash,11,1,1,-1,3,C,0,explore,1,"Button 3 has been tested only once for the current context (M=1, K=1, N=-1) yielding 14, but there is high uncertainty due to the lack of sufficient sampling for this context-button pair compared to others. Since no other button has demonstrated high performance for this specific combination, exploring button 3 further is necessary to determine if it is indeed a low-performing arm or if the initial sample was an outlier.",21,B,D,A,C
15,LLM_Gemini_3_Flash,12,-1,1,1,0,B,0,exploit,0,"In the current context (M=-1, K=1, N=1), Button 0 has the highest observed mean reward of 53 from two samples, making it the most reliable choice to exploit at this time.",53,B,D,A,C
15,LLM_Gemini_3_Flash,13,1,-1,-1,2,A,1,explore,1,"Button 2 has shown the highest reward potential (mean 82), but hasn't been tested in this specific context (M=1, K=-1, N=-1). I am exploring it to see if it remains high-performing outside of the M=1, K=-1, N=1 context.",75,B,D,A,C
15,LLM_Gemini_3_Flash,14,1,-1,1,2,A,1,exploit,0,"Button 2 has consistently demonstrated the highest mean reward (82) in the current context (M=1, K=-1, N=1), significantly outperforming other buttons under these conditions.",78,B,D,A,C
15,LLM_Gemini_3_Flash,15,1,-1,1,2,A,1,exploit,0,"Button 2 has consistently yielded the highest rewards (mean ~80) in contexts where Mercury=1 and Nobelium=1, matching the current trial's conditions. I am confident in this choice as the data shows a strong correlation between Button 2 and this specific context.",85,B,D,A,C
15,LLM_Gemini_3_Flash,16,-1,-1,1,1,D,0,exploit,0,"Button 1 is the highest observed performer for the current context (M=-1, K=-1, N=1), with a mean reward of 55 over 3 trials. Since this context is well-established as yielding higher rewards on Button 1 compared to other options in the history, I am exploiting this empirical finding.",60,B,D,A,C
15,LLM_Gemini_3_Flash,17,1,-1,-1,2,A,1,exploit,0,"Button 2 has consistently provided the highest returns in the current context (M=1, K=-1) and has shown a strong performance of 75 in the specific M=1, K=-1, N=-1 context, significantly outperforming button 0.",84,B,D,A,C
15,LLM_Gemini_3_Flash,18,-1,1,1,0,B,0,exploit,0,"Button 0 is the most consistent and highest-performing option for the current M=-1, K=1, N=1 context based on the observed mean reward of 53, and I have sufficient samples to exploit this relationship.",50,B,D,A,C
15,LLM_Gemini_3_Flash,19,-1,1,1,0,B,0,exploit,0,"In the current context (M=-1, K=1, N=1), button 0 is the only button with observed samples, maintaining a consistent performance with a mean reward of 52.25. Given the high confidence in this specific context-button pairing compared to alternatives, I am exploiting button 0.",50,B,D,A,C
15,LLM_Gemini_3_Flash,20,1,1,-1,3,C,0,explore,1,"Button 3 is the only button associated with this specific context (M=1, K=1, N=-1), and while its reward is currently low, it remains the most relevant candidate to test to verify if it has conditional performance in this state, given that other buttons have shown no activity or very poor performance in this configuration.",19,B,D,A,C
15,LLM_Gemini_3_Flash,21,-1,-1,1,1,D,0,exploit,0,"In the current context (M=-1, K=-1, N=1), button 1 has been consistently tested and performs well, yielding an average of 56.25, while other buttons either have no history in this context or have shown inferior performance in other contexts.",52,B,D,A,C
15,LLM_Gemini_3_Flash,22,-1,1,1,0,B,0,exploit,0,"In the current context (M=-1, K=1, N=1), button 0 is the only button with empirical evidence, consistently yielding around 51-52 reward, making it the highest expected value choice.",42,B,D,A,C
15,LLM_Gemini_3_Flash,23,1,-1,-1,2,A,1,exploit,0,"In the current context (M=1, K=-1, N=-1), button 2 has a strong performance record with a mean reward of 79.5 from 2 samples, significantly outperforming button 0 which yielded 50 in this context. I am choosing button 2 because it consistently demonstrates the highest reward potential for this specific environmental configuration.",77,B,D,A,C
15,LLM_Gemini_3_Flash,24,1,-1,-1,2,A,1,exploit,0,"The current context (M=1, K=-1, N=-1) has been explicitly tested with button 2, which consistently yields rewards around 78, significantly outperforming button 0. I am choosing button 2 because the evidence strongly indicates it is the optimal arm for this specific context.",71,B,D,A,C
15,LLM_Gemini_3_Flash,25,1,-1,-1,2,A,1,exploit,0,"Button 2 has been consistently high-performing for the current context (M=1, K=-1) and has shown a clear reward advantage of approximately 76.75 in the current context setting.",89,B,D,A,C
15,LLM_Gemini_3_Flash,26,-1,1,-1,2,A,0,explore,1,"While button 2 has performed well in other contexts, it has not yet been tested in the current context (M=-1, K=1, N=-1). Given that the current context is unexplored across all buttons, choosing button 2 leverages its strong historical performance elsewhere to gather evidence on its performance here.",12,B,D,A,C
15,LLM_Gemini_3_Flash,27,1,1,-1,3,C,0,explore,1,"Given the current context (M=1, K=1, N=-1), button 3 has been consistently chosen for this state and shows an expected return near 18, while other buttons either have no history or extremely poor performance in this context; exploration is justified to confirm if button 3 is indeed the optimal choice here.",22,B,D,A,C
15,LLM_Gemini_3_Flash,28,1,1,-1,2,A,0,exploit,0,"Button 2 has consistently provided high rewards (mean ~79) when Mercury=1, which strongly correlates with this trial's context, significantly outperforming the alternatives.",48,B,D,A,C
15,LLM_Gemini_3_Flash,29,1,-1,-1,2,A,1,exploit,0,"In the current context (M=1, K=-1, N=-1), button 2 has consistently yielded high rewards (mean 79.2) across six samples compared to button 0, making it the statistically optimal choice with high confidence.",77,B,D,A,C
15,LLM_Gemini_3_Flash,30,-1,-1,1,1,D,0,exploit,0,"In the current context (M=-1, K=-1, N=1), Button 1 has a strong empirical mean of 55.4 from 5 trials, significantly outperforming other buttons under this specific configuration, so I will exploit this established performance.",50,B,D,A,C
15,LLM_Gemini_3_Flash,31,1,1,-1,2,A,0,exploit,0,"In the current context (M=1, K=1, N=-1), button 2 is the most promising option with a mean reward of 48, outperforming button 3 which has only yielded 19. My confidence is medium, but current evidence consistently identifies button 2 as the superior performer for this context.",49,B,D,A,C
15,LLM_Gemini_3_Flash,32,-1,1,-1,2,A,0,exploit,0,"Although the current context (M=-1, K=1, N=-1) yielded a low reward of 12 for button 2 in the only previous trial, button 2 is the most consistent performer across other contexts; exploration of other buttons in this context remains risky given their poor performance in similar settings, so I am choosing to exploit button 2 to refine the estimate.",24,B,D,A,C
15,LLM_Gemini_3_Flash,33,1,-1,1,2,A,1,exploit,0,"In the current context (M=1, K=-1, N=1), button 2 has consistently demonstrated the highest average reward (81.75 across 4 trials) compared to other options, making it the statistically optimal choice.",92,B,D,A,C
15,LLM_Gemini_3_Flash,34,-1,-1,1,1,D,0,exploit,0,"In the current context (M=-1, K=-1, N=1), button 1 has a well-established history of consistent performance with a mean reward of 54.5 across 6 trials, making it the clear optimal choice for this specific context.",54,B,D,A,C
15,LLM_Gemini_3_Flash,35,-1,-1,1,1,D,0,exploit,0,"Based on historical data for the context M=-1, K=-1, N=1, button 1 is the only button sampled, yielding a consistent mean reward around 53-54, making it the clear optimal choice for this specific context.",44,B,D,A,C
15,LLM_Gemini_3_Flash,36,-1,-1,1,1,D,0,exploit,0,"In the current context (M=-1, K=-1, N=1), button 1 has been consistently tested and shows a stable, high mean reward of approximately 53, whereas other options have not been tested in this specific context or have demonstrated significantly lower performance.",46,B,D,A,C
15,LLM_Gemini_3_Flash,37,1,1,-1,2,A,0,exploit,0,"In the current context (M=1, K=1, N=-1), Button 2 has a historical mean reward of 48.5 compared to 19 for Button 3, and no other button has demonstrated better performance under these specific conditions.",43,B,D,A,C
15,LLM_Gemini_3_Flash,38,1,-1,1,2,A,1,exploit,0,"In the current context (M=1, K=-1, N=1), Button 2 has demonstrated a strong and consistent performance with a high mean reward of 83.8 over multiple trials, far exceeding the performance of other available buttons.",76,B,D,A,C
15,LLM_Gemini_3_Flash,39,-1,1,-1,2,A,0,exploit,0,"In the current context (M=-1, K=1, N=-1), button 2 is the only option with empirical data, despite its poor previous performance in this specific context. Since other buttons have no data for this specific context, I am exploiting button 2's potential while acknowledging the high uncertainty in its performance.",27,B,D,A,C
15,LLM_Gemini_3_Flash,40,-1,1,1,0,B,0,exploit,0,"In the current context (M=-1, K=1, N=1), button 0 is the only option with established positive performance, having a mean reward of 50.17 compared to no data for other buttons in this specific configuration.",44,B,D,A,C
15,LLM_Gemini_3_Flash,41,1,-1,1,2,A,1,exploit,0,"In the current context (M=1, K=-1, N=1), button 2 has a high observed mean reward of 82.5 compared to button 1's mean of 44, making it the clear optimal choice based on consistent historical performance.",85,B,D,A,C
15,LLM_Gemini_3_Flash,42,-1,1,-1,2,A,0,exploit,0,"In the current context (M=-1, K=1, N=-1), button 2 is the only option with observed history (mean 21), and it significantly outperformed button 0 in similar historical contexts. Given the limited data for other buttons under this specific configuration, exploiting button 2 remains the most reliable strategy for maximizing expected yield.",18,B,D,A,C
15,LLM_Gemini_3_Flash,43,-1,1,-1,2,A,0,exploit,0,"In the current context (M=-1, K=1, N=-1), button 2 is the only option with data for this specific configuration, even though its reward is lower than in other contexts; it remains the most viable candidate given the limited exploration of other buttons.",14,B,D,A,C
15,LLM_Gemini_3_Flash,44,1,-1,1,2,A,1,exploit,0,"Button 2 has consistently yielded high rewards for the context M=1, K=-1, N=1, with an observed mean of 82.86 compared to Button 1's 44.0 in this context. I am highly confident that Button 2 is the optimal choice under current signals.",79,B,D,A,C
15,LLM_Gemini_3_Flash,45,-1,-1,1,1,D,0,exploit,0,"In the current context (M=-1, K=-1, N=1), Button 1 has been consistently tested and provides the highest observed mean reward, while other buttons either perform poorly or lack sufficient data for this specific context configuration.",52,B,D,A,C
15,LLM_Gemini_3_Flash,46,-1,1,-1,2,A,0,exploit,0,"Given the current context (M=-1, K=1, N=-1), button 2 is the only one observed with a performance history, although its performance in this specific context has been low (mean ~19); other buttons have no data for this specific context, making button 2 the most reliable choice despite the low expected reward.",12,B,D,A,C
15,LLM_Gemini_3_Flash,47,1,-1,1,2,A,1,exploit,0,"The current context (M=1, K=-1, N=1) has been consistently dominated by button 2 in the historical data, yielding high rewards significantly above other buttons in similar contexts. Given we are at trial 47, exploiting this high-performing button is the optimal strategy to maximize the final total reward.",76,B,D,A,C
15,LLM_Gemini_3_Flash,48,-1,1,1,0,B,0,exploit,0,"In the current context (M=-1, K=1, N=1), historical data consistently identifies button 0 as the best performer with a stable average reward near 50, whereas other buttons have not been tested or have poor performance in this specific context.",44,B,D,A,C
15,LLM_Gemini_3_Flash,49,-1,1,-1,2,A,0,exploit,0,"In the current context (M=-1, K=1, N=-1), button 2 is the only option with empirical data, despite its poor performance in this specific context compared to others. Since there are no other viable candidates for this context, exploiting button 2 is the logical choice to conclude the game.",13,B,D,A,C
15,LLM_Gemini_3_Flash,50,-1,-1,1,1,D,0,exploit,0,"In the current context (M=-1, K=-1, N=1), historical data consistently identifies Button 1 as the highest-performing option with a stable mean reward of approximately 52.3, compared to other buttons which either lack data for this context or perform poorly.",43,B,D,A,C
16,LLM_Gemini_3_Flash,1,1,-1,-1,0,D,0,explore,1,"Since this is the first trial and no data is available for any of the buttons, I will choose button 0 to start gathering data, following an exploration strategy with low confidence.",49,D,B,C,A
16,LLM_Gemini_3_Flash,2,1,-1,1,1,B,0,explore,1,"Since only button 0 has been tested, I am choosing button 1 to begin exploring the action space and reduce uncertainty regarding the other arms in this context.",22,D,B,C,A
16,LLM_Gemini_3_Flash,3,-1,1,-1,2,C,0,explore,1,"Since buttons 2 and 3 have not been tested, it is necessary to explore them to map the reward space effectively. Button 2 is selected to begin gathering information on these unknown options given the current low trial count.",46,D,B,C,A
16,LLM_Gemini_3_Flash,4,-1,1,-1,3,A,0,explore,1,Button 3 remains completely unexplored while the other buttons have demonstrated lower or context-specific performance; I am choosing Button 3 to gather data on its performance in the current context.,24,D,B,C,A
16,LLM_Gemini_3_Flash,5,-1,1,1,0,D,0,explore,1,"Button 0 has the highest observed reward overall, but has never been tested in the current context (M=-1, K=1, N=1). I am choosing button 0 to explore its potential, as other options have yielded significantly lower results in past observations.",50,D,B,C,A
16,LLM_Gemini_3_Flash,6,-1,-1,1,0,D,0,explore,1,"Button 0 has demonstrated the highest rewards overall and is the only button to perform well across multiple distinct contexts, making it the most promising choice for the current unknown state (M=-1, K=-1, N=1). Exploring button 0 provides the best opportunity to confirm if it acts as a high-reward, context-independent resource.",52,D,B,C,A
16,LLM_Gemini_3_Flash,7,1,1,-1,0,D,0,exploit,0,"Button 0 has consistently delivered the highest rewards across various contexts (mean 50.33), whereas other buttons have shown significantly lower performance; I am choosing to exploit this reliable performer with high confidence.",50,D,B,C,A
16,LLM_Gemini_3_Flash,8,-1,1,-1,2,C,0,exploit,0,"In the current context (M=-1, K=1, N=-1), button 2 has demonstrated a significantly higher mean reward (46) compared to button 3 (24) based on existing trial history, making it the clear choice for exploitation with high confidence.",51,D,B,C,A
16,LLM_Gemini_3_Flash,9,1,1,-1,0,D,0,exploit,0,"Button 0 has consistently demonstrated high returns across diverse contexts, including the current one where it yielded 50 in trial 7. Given its stable mean performance, it is the most reliable choice.",49,D,B,C,A
16,LLM_Gemini_3_Flash,10,1,1,-1,0,D,0,exploit,0,"Button 0 has demonstrated consistently high performance across multiple contexts, including the current one, with a mean reward near 50 and low standard deviation. Given that the current context (M=1, K=1, N=-1) has already been tested twice with consistent results on button 0, exploiting this known high-value option is the optimal strategy.",52,D,B,C,A
16,LLM_Gemini_3_Flash,11,-1,1,1,0,D,0,exploit,0,"Button 0 has demonstrated consistently high performance across various contexts, including those similar to the current one, making it the highest expected value choice with high confidence despite limited exploration of other buttons in this specific context.",52,D,B,C,A
16,LLM_Gemini_3_Flash,12,1,-1,-1,0,D,0,exploit,0,"Button 0 has demonstrated consistent high performance across multiple contexts, including the current one, and currently represents the most reliable option with the highest mean reward.",42,D,B,C,A
16,LLM_Gemini_3_Flash,13,1,-1,1,0,D,0,exploit,0,"Button 0 has demonstrated consistently high performance across multiple contexts, making it the most robust choice despite the current context being under-sampled; I am exploiting it because it is the most reliable performer in the current dataset.",50,D,B,C,A
16,LLM_Gemini_3_Flash,14,-1,-1,1,0,D,0,exploit,0,"Button 0 has consistently demonstrated high returns across diverse contexts, including the current one, and shows the highest reliability among all options; therefore, it is the optimal choice for this trial.",48,D,B,C,A
16,LLM_Gemini_3_Flash,15,-1,1,-1,2,C,0,exploit,0,"In the current context (M=-1, K=1, N=-1), button 2 has a high observed mean reward of 48.5, which is significantly better than the alternative button 3 (mean 24) and aligns with previous successful trials.",53,D,B,C,A
16,LLM_Gemini_3_Flash,16,1,-1,1,0,D,0,exploit,0,"Button 0 has consistently demonstrated high performance across various contexts and significantly outperformed Button 1 in the current context (M=1, K=-1, N=1) based on existing samples. Given the evidence, I am prioritizing the exploitation of Button 0 as the most reliable option.",53,D,B,C,A
16,LLM_Gemini_3_Flash,17,-1,1,-1,2,C,0,exploit,0,"In the current context (M=-1, K=1, N=-1), Button 2 has consistently yielded high rewards (mean of 50) compared to Button 3, which showed poor performance (mean of 24). Button 2 is clearly the superior choice based on the available history for this specific context.",41,D,B,C,A
16,LLM_Gemini_3_Flash,18,1,1,-1,0,D,0,exploit,0,"Button 0 has demonstrated consistent performance across various contexts, including this specific one, with a high mean reward and multiple successful trials. Current data strongly suggests it is the optimal choice for the current context (M=1, K=1, N=-1) with high confidence.",55,D,B,C,A
16,LLM_Gemini_3_Flash,19,1,-1,-1,0,D,0,exploit,0,"Button 0 has consistently performed well across diverse contexts, including the current one, with a high mean reward and a significant sample size, making it the most reliable choice.",45,D,B,C,A
16,LLM_Gemini_3_Flash,20,1,-1,1,0,D,0,exploit,0,"Button 0 consistently shows the highest mean rewards across almost all contexts, including the current one (M=1, K=-1, N=1), where it has significantly outperformed Button 1 with high confidence.",48,D,B,C,A
16,LLM_Gemini_3_Flash,21,-1,1,-1,2,C,0,exploit,0,"In the current context (M=-1, K=1, N=-1), button 2 has consistently outperformed button 3 with an average reward of 47.75 versus 24.0, indicating it is the optimal choice for this specific context.",49,D,B,C,A
16,LLM_Gemini_3_Flash,22,-1,1,-1,2,C,0,exploit,0,"In the current context (M=-1, K=1, N=-1), Button 2 has demonstrated a strong mean reward of 48 based on 5 samples, significantly outperforming the single observation of Button 3 (24), making it the optimal choice for exploitation.",53,D,B,C,A
16,LLM_Gemini_3_Flash,23,-1,1,1,0,D,0,exploit,0,"Button 0 has demonstrated consistently high performance (mean 51) in the context M=-1, K=1, N=1, and there is no evidence suggesting other buttons outperform it in this specific context.",56,D,B,C,A
16,LLM_Gemini_3_Flash,24,-1,1,-1,2,C,0,exploit,0,"In the current context (M=-1, K=1, N=-1), button 2 has consistently provided significantly higher rewards (mean ~48.83) compared to the limited data on button 3, making it the statistically superior choice for exploitation.",54,D,B,C,A
16,LLM_Gemini_3_Flash,25,-1,1,-1,2,C,0,exploit,0,"In the current context (M=-1, K=1, N=-1), button 2 has a high observed mean reward (49.57) compared to the clearly inferior button 3, making it the statistically dominant choice for this specific context.",55,D,B,C,A
16,LLM_Gemini_3_Flash,26,-1,-1,1,0,D,0,exploit,0,"Button 0 has demonstrated consistent, high performance across multiple contexts, including the current one, and is the only button with reliable evidence for this specific context (M=-1, K=-1, N=1) based on previous history.",53,D,B,C,A
16,LLM_Gemini_3_Flash,27,-1,1,-1,2,C,0,exploit,0,"In the current context (M=-1, K=1, N=-1), button 2 has a high observed mean reward of 50.25 based on 8 samples, significantly outperforming button 3 (mean 24) and providing higher confidence than any other button for this specific context.",46,D,B,C,A
16,LLM_Gemini_3_Flash,28,1,-1,-1,0,D,0,exploit,0,"Button 0 has demonstrated consistent, high-performing results across almost every context encountered, including the current M=1, K=-1, N=-1, whereas other buttons have shown significantly lower performance or lack sufficient data to challenge this reliability.",58,D,B,C,A
16,LLM_Gemini_3_Flash,29,1,-1,-1,0,D,0,exploit,0,"Button 0 is the most consistent performer across this context and consistently shows the highest mean reward, whereas buttons 1, 2, and 3 have performed poorly or lack sufficient data in this context.",45,D,B,C,A
16,LLM_Gemini_3_Flash,30,1,-1,1,0,D,0,exploit,0,"In the current context (M=1, K=-1, N=1), Button 0 has a strong established mean reward of 50.33 based on 4 samples, significantly outperforming the only other tested option, Button 1, which yielded only 22.",55,D,B,C,A
16,LLM_Gemini_3_Flash,31,-1,1,-1,2,C,0,exploit,0,"In the current context (M=-1, K=1, N=-1), button 2 has consistently provided significantly higher rewards (mean ~49.78) compared to button 3, making it the clear optimal choice based on extensive historical data.",53,D,B,C,A
16,LLM_Gemini_3_Flash,32,1,1,-1,0,D,0,exploit,0,"Button 0 has consistently performed well across nearly all contexts, including the current one (M=1, K=1, N=-1), where it shows a stable mean reward around 51.5 with no evidence that other buttons outperform it in this configuration.",59,D,B,C,A
16,LLM_Gemini_3_Flash,33,1,-1,1,0,D,0,exploit,0,"In the current context (M=1, K=-1, N=1), Button 0 has a strong historical mean reward of 51.5 compared to Button 1's 22, making Button 0 the clear choice based on accumulated evidence.",51,D,B,C,A
16,LLM_Gemini_3_Flash,34,1,-1,1,0,D,0,exploit,0,"In the current context (M=1, K=-1, N=1), button 0 has a significantly higher mean reward (51.4) compared to the single trial observation of button 1 (22), making button 0 the clear choice with high confidence.",40,D,B,C,A
16,LLM_Gemini_3_Flash,35,-1,-1,1,0,D,0,exploit,0,"In the current context (M=-1, K=-1, N=1), button 0 has a strong historical average of 51 with no credible evidence suggesting any other button would perform better. Given the consistency of button 0 across most contexts, exploiting this high-reward option is the optimal strategy.",48,D,B,C,A
16,LLM_Gemini_3_Flash,36,-1,1,-1,2,C,0,exploit,0,"In the current context (M=-1, K=1, N=-1), button 2 has consistently yielded a high mean reward (50.1) across 10 trials compared to the poorly performing button 3, making it the clear optimal choice.",52,D,B,C,A
16,LLM_Gemini_3_Flash,37,1,1,-1,0,D,0,exploit,0,"In the current context (M=1, K=1, N=-1), button 0 has a strong historical mean reward of 53, while other buttons have not been tested or have shown significantly lower performance in similar contexts.",52,D,B,C,A
16,LLM_Gemini_3_Flash,38,-1,-1,1,0,D,0,exploit,0,"Button 0 has demonstrated consistent performance across most contexts, including the current M=-1, K=-1, N=1 configuration where it maintains a stable mean reward above 50, whereas other options have shown poor performance or lack sufficient data.",54,D,B,C,A
16,LLM_Gemini_3_Flash,39,-1,1,1,2,C,1,exploit,0,"In the current context (Mercury=-1, Krypton=1, Nobelium=-1), Button 2 has established a consistently high mean reward (50.27) compared to Button 3, making it the statistically superior choice for exploitation.",78,D,B,C,A
16,LLM_Gemini_3_Flash,40,-1,1,1,2,C,1,exploit,0,"In the current context (M=-1, K=1, N=1), button 2 has demonstrated significantly higher reward potential (78) compared to button 0 (52.67), making it the clear choice to exploit.",85,D,B,C,A
16,LLM_Gemini_3_Flash,41,1,-1,1,0,D,0,exploit,0,"In the current context (M=1, K=-1, N=1), Button 0 has significantly more consistent performance and higher historical mean (49.5) compared to Button 1 (22), making Button 0 the clear choice based on accumulated evidence.",54,D,B,C,A
16,LLM_Gemini_3_Flash,42,1,-1,-1,0,D,0,exploit,0,"In the current context (M=1, K=-1, N=-1), button 0 is the only option with reliable evidence of consistent performance, making it the highest value choice.",52,D,B,C,A
16,LLM_Gemini_3_Flash,43,1,-1,1,0,D,0,exploit,0,"In the current context (M=1, K=-1, N=1), Button 0 has a stable average reward of 50.14 across 8 trials, significantly outperforming Button 1, which only yielded 22 in its single trial. I have high confidence in exploiting Button 0 as the optimal choice given the available data.",55,D,B,C,A
16,LLM_Gemini_3_Flash,44,-1,1,1,2,C,1,exploit,0,"In the current context (M=-1, K=1, N=1), button 2 has demonstrated significantly higher rewards compared to button 0, confirming it is the superior choice for this specific signal configuration with high confidence.",75,D,B,C,A
16,LLM_Gemini_3_Flash,45,-1,1,-1,2,C,0,exploit,0,"In the current context (M=-1, K=1, N=-1), button 2 is the most reliable option with a mean reward of 50.27 compared to button 3's 24.0. Given the consistent historical performance and the clear evidence for button 2 in this specific context, exploiting is the optimal strategy.",54,D,B,C,A
16,LLM_Gemini_3_Flash,46,-1,1,-1,2,C,0,exploit,0,"In the context M=-1, K=1, N=-1, button 2 has consistently outperformed button 3 with 12 samples and a higher mean reward, making it the statistically optimal choice.",52,D,B,C,A
16,LLM_Gemini_3_Flash,47,1,1,-1,0,D,0,exploit,0,"In the current context (M=1, K=1, N=-1), button 0 has a strong historical performance with a stable mean reward of approximately 52.8, while other buttons either lack data or perform poorly in this specific context.",59,D,B,C,A
16,LLM_Gemini_3_Flash,48,1,1,-1,0,D,0,exploit,0,"In the current context (M=1, K=1, N=-1), button 0 has a consistent record of high performance with a mean reward around 53.7, while button 2 has never been tested in this specific context and button 1 and 3 have shown significantly lower rewards in other contexts.",52,D,B,C,A
16,LLM_Gemini_3_Flash,49,-1,1,-1,2,C,0,exploit,0,"In the current context (M=-1, K=1, N=-1), button 2 consistently outperforms button 3 based on 14 trials of historical data. Button 2 has established a clear mean reward in this specific context, making it the superior choice with high confidence.",46,D,B,C,A
16,LLM_Gemini_3_Flash,50,1,-1,-1,0,D,0,exploit,0,"In the current context (M=1, K=-1, N=-1), Button 0 is the only option with empirical data and a consistent reward performance, whereas other buttons have either failed in this context or remain untested.",63,D,B,C,A
17,LLM_Gemini_3_Flash,1,-1,-1,1,0,C,1,explore,1,"This is the first trial with no history, so I am choosing button 0 as an initial exploratory step to begin collecting data for the reward model.",81,C,A,B,D
17,LLM_Gemini_3_Flash,2,-1,1,1,1,A,0,explore,1,"Since only button 0 has been tested, I am choosing button 1 to begin mapping the reward landscape across different mining locations with low confidence.",25,C,A,B,D
17,LLM_Gemini_3_Flash,3,-1,1,1,2,B,0,explore,1,"Since we have very limited data and buttons 2 and 3 have not been tested at all, exploring these options is necessary to build a model of the reward landscape despite the low initial mean for button 1.",58,C,A,B,D
17,LLM_Gemini_3_Flash,4,1,-1,-1,3,D,0,explore,1,"Button 3 has not been sampled yet; exploring it now is essential to determine its potential in the current context (M=1, K=-1, N=-1) before committing to a long-term strategy.",55,C,A,B,D
17,LLM_Gemini_3_Flash,5,1,1,-1,0,C,0,explore,1,"Since I have no samples for any button in the current context (M=1, K=1, N=-1), I will explore button 0 to begin establishing a baseline for this specific context, as my current knowledge is limited to other contexts.",16,C,A,B,D
17,LLM_Gemini_3_Flash,6,1,-1,1,0,C,0,explore,1,"Button 0 has the highest observed variance and has not been tested in the current context (M=1, K=-1, N=1), making it a valuable target for exploration to narrow down its reward function.",46,C,A,B,D
17,LLM_Gemini_3_Flash,7,1,1,-1,1,A,0,explore,1,"With the current context (M=1, K=1, N=-1) only tested on button 0 (yielding a low reward of 16), I am choosing button 1 to gather data on its performance in this specific context, as all other buttons have significantly higher potential based on other samples.",57,C,A,B,D
17,LLM_Gemini_3_Flash,8,-1,1,-1,0,C,0,explore,1,"This context (M=-1, K=1, N=-1) is entirely new; I am choosing button 0 to expand the coverage of under-tested arms, as current data is insufficient to reliably identify the optimal button for this specific context.",49,C,A,B,D
17,LLM_Gemini_3_Flash,9,1,-1,-1,3,D,0,exploit,0,"Button 3 yielded 55 in this exact context previously, making it the highest known value for M=1, K=-1, N=-1, and I am choosing to exploit this evidence while maintaining medium confidence.",53,C,A,B,D
17,LLM_Gemini_3_Flash,10,1,-1,-1,3,D,0,exploit,0,"Button 3 has been tested twice in the current context (M=1, K=-1, N=-1) with consistently high rewards (mean 54). Given the strong performance compared to other buttons, exploiting button 3 provides the most reliable expected reward.",59,C,A,B,D
17,LLM_Gemini_3_Flash,11,1,-1,-1,3,D,0,exploit,0,"Button 3 shows consistent, high performance in the current context (M=1, K=-1, N=-1) with a mean reward of 55.67 over three trials and low variance, making it the most reliable choice.",45,C,A,B,D
17,LLM_Gemini_3_Flash,12,1,-1,-1,3,D,0,exploit,0,"Button 3 has shown consistent high performance (mean 53) in the current context (M=1, K=-1, N=-1) across 4 trials, making it the most reliable choice compared to others which have either performed poorly or are untested in this configuration.",55,C,A,B,D
17,LLM_Gemini_3_Flash,13,-1,1,1,2,B,0,exploit,0,"In the current context (M=-1, K=1, N=1), button 2 has demonstrated a significantly higher reward (58) compared to button 1 (25) in limited testing. Given that button 2 is currently the best-performing option for this specific context, I am choosing to exploit this evidence.",59,C,A,B,D
17,LLM_Gemini_3_Flash,14,1,-1,1,0,C,0,explore,1,"Button 0 has not been tested in the current context (M=1, K=-1, N=1) with sufficient data compared to other buttons, and previous results show high variance, indicating a need for more exploration to map its performance in this specific condition.",44,C,A,B,D
17,LLM_Gemini_3_Flash,15,1,-1,-1,3,D,0,exploit,0,"Button 3 has been consistently tested in the current context (M=1, K=-1, N=-1) with a reliable mean reward of 53.4, making it the highest-performing and most stable choice for this specific condition.",52,C,A,B,D
17,LLM_Gemini_3_Flash,16,-1,1,-1,0,C,0,explore,1,"With the current context (M=-1, K=1, N=-1), button 0 has a mean of 49 from the only sample seen, while other buttons are either untested or have poor historical performance in similar configurations. Given the high uncertainty and the fact that button 0 performed adequately in this specific state previously, exploring it further remains the most strategic move.",49,C,A,B,D
17,LLM_Gemini_3_Flash,17,1,-1,1,0,C,0,explore,1,"Button 0 has been tested in the current context (M=1, K=-1, N=1) twice with a mean of 45, but uncertainty remains high as other buttons are unexplored in this specific context. I am choosing button 0 to refine my estimate, as no other option shows a significantly higher clear trend in this configuration.",49,C,A,B,D
17,LLM_Gemini_3_Flash,18,1,-1,1,0,C,0,exploit,0,"In the current context (M=1, K=-1, N=1), button 0 is the only option with empirical data showing a consistent performance, making it the most reliable choice for this specific context.",51,C,A,B,D
17,LLM_Gemini_3_Flash,19,1,-1,1,0,C,0,exploit,0,"In the current context (M=1, K=-1, N=1), button 0 is the only option with established history (4 samples) and a consistent mean of 47.5, whereas the other buttons have no samples in this specific context.",52,C,A,B,D
17,LLM_Gemini_3_Flash,20,1,1,-1,1,A,0,explore,1,"In the current context (M=1, K=1, N=-1), button 1 has shown a high mean reward of 57 compared to button 0's low mean of 16, but data is very sparse. Choosing button 1 exploits the best-observed option while simultaneously reducing uncertainty for this specific context.",48,C,A,B,D
17,LLM_Gemini_3_Flash,21,1,-1,-1,3,D,0,exploit,0,"In the current context (M=1, K=-1, N=-1), Button 3 has been consistently tested 6 times with a stable mean of 53.17, making it the most reliable choice. Other options have either yielded low rewards in this specific context or have insufficient data to justify a shift from the high-performing Button 3.",40,C,A,B,D
17,LLM_Gemini_3_Flash,22,-1,1,-1,0,C,0,exploit,0,"In the current context (M=-1, K=1, N=-1), button 0 is the only button with observed data (mean 49). While this sample size is small, it remains the most reliable indicator based on previous successful trials in this specific context.",52,C,A,B,D
17,LLM_Gemini_3_Flash,23,-1,-1,1,0,C,1,exploit,0,"In the current context (M=-1, K=-1, N=1), Button 0 has already yielded a reward of 81, significantly outperforming any other potential options in this specific context state.",77,C,A,B,D
17,LLM_Gemini_3_Flash,24,-1,1,-1,0,C,0,exploit,0,"In the current context (M=-1, K=1, N=-1), Button 0 has a consistent mean reward of 50 based on three trials, which is the best observed performance for this specific configuration among the tested options.",52,C,A,B,D
17,LLM_Gemini_3_Flash,25,1,-1,1,0,C,0,exploit,0,"In the current context (M=1, K=-1, N=1), button 0 is the only option with empirical data, maintaining a consistent mean reward of 48.4 over 5 trials, making it the most reliable choice.",49,C,A,B,D
17,LLM_Gemini_3_Flash,26,-1,1,-1,0,C,0,exploit,0,"In the current context (M=-1, K=1, N=-1), button 0 is the only option with empirical data and a consistent mean reward around 50, making it the most reliable choice for this specific context.",46,C,A,B,D
17,LLM_Gemini_3_Flash,27,-1,1,-1,0,C,0,exploit,0,"In the current context (M=-1, K=1, N=-1), button 0 has been tested 5 times with a consistent mean reward of approximately 49.6, and no other button has shown superior performance in this specific context.",50,C,A,B,D
17,LLM_Gemini_3_Flash,28,-1,-1,1,0,C,1,exploit,0,"In the current context (M=-1, K=-1, N=1), Button 0 has demonstrated a high mean reward (79) in previous trials, significantly outperforming any observed alternatives. Given the strong evidence, I am exploiting this option with high confidence.",83,C,A,B,D
17,LLM_Gemini_3_Flash,29,1,-1,1,0,C,0,exploit,0,"In the current context (M=1, K=-1, N=1), Button 0 has the most consistent evidence across multiple trials, yielding a stable mean reward, and there is no strong evidence that other buttons perform better in this specific configuration.",46,C,A,B,D
17,LLM_Gemini_3_Flash,30,-1,1,1,2,B,0,exploit,0,"The current context (M=-1, K=1, N=1) has only been observed 3 times, but button 2 yielded an average of 58.5 while button 1 yielded only 25, making button 2 the clear high-confidence choice for this specific context.",51,C,A,B,D
17,LLM_Gemini_3_Flash,31,1,1,-1,1,A,0,exploit,0,"In the current context (M=1, K=1, N=-1), button 1 has shown a superior mean reward of 52.5 compared to button 0 which yielded a very low reward of 16 in this same context.",48,C,A,B,D
17,LLM_Gemini_3_Flash,32,1,-1,-1,3,D,0,exploit,0,"In the current context (M=1, K=-1, N=-1), button 3 is the only option tested with a solid mean reward of 51.29 across 7 trials, while other options have no history or poor performance in this context, making exploitation the optimal strategy.",57,C,A,B,D
17,LLM_Gemini_3_Flash,33,1,-1,-1,3,D,0,exploit,0,"In the current context (M=1, K=-1, N=-1), button 3 is the only option tested with a solid sample size and a consistent mean reward of 52, making it the highest value choice.",57,C,A,B,D
17,LLM_Gemini_3_Flash,34,-1,1,1,2,B,0,exploit,0,"In the current context (M=-1, K=1, N=1), button 2 is the clear winner with a mean reward of 56 compared to button 1's 25, based on direct experience.",51,C,A,B,D
17,LLM_Gemini_3_Flash,35,1,1,-1,1,A,0,exploit,0,"In the current context (M=1, K=1, N=-1), button 1 has shown a significantly higher mean reward (51) compared to button 0 (16), confirming it as the optimal choice based on existing evidence.",49,C,A,B,D
17,LLM_Gemini_3_Flash,36,1,-1,-1,3,D,0,exploit,0,"In the current context (M=1, K=-1, N=-1), button 3 has been consistently tested 9 times with a solid mean reward of 52.56, making it the highest-performing option with medium-to-high confidence.",48,C,A,B,D
17,LLM_Gemini_3_Flash,37,-1,1,1,2,B,0,exploit,0,"In the current context (M=-1, K=1, N=1), button 2 has demonstrated a strong and consistent performance with a mean reward of 54.75, significantly outperforming button 1, which only yielded 25 in the one instance tested under this context.",54,C,A,B,D
17,LLM_Gemini_3_Flash,38,1,1,-1,1,A,0,exploit,0,"In the current context (M=1, K=1, N=-1), button 1 has consistently yielded higher rewards (mean 50.5) compared to button 0 (mean 16), making it the clear choice for exploitation with high confidence.",58,C,A,B,D
17,LLM_Gemini_3_Flash,39,-1,1,1,2,B,0,exploit,0,"In the current context (M=-1, K=1, N=1), button 2 is the clear performer with a mean reward of 54.6 compared to button 1's mean of 25.0 based on historical trials.",43,C,A,B,D
17,LLM_Gemini_3_Flash,40,1,-1,1,0,C,0,exploit,0,"In the current context (M=1, K=-1, N=1), Button 0 is the only option that has been tested and provides a consistent expected reward, making it the most reliable choice.",47,C,A,B,D
17,LLM_Gemini_3_Flash,41,1,1,-1,1,A,0,exploit,0,"In the current context (M=1, K=1, N=-1), button 1 has consistently shown significantly higher rewards (mean of 52) compared to button 0 (mean of 16) in previous trials, making it the clear choice.",42,C,A,B,D
17,LLM_Gemini_3_Flash,42,1,1,-1,1,A,0,exploit,0,"The current context (M=1, K=1, N=-1) is strongly associated with button 1, which has shown consistent performance in this specific context across multiple trials (mean reward ~50), while button 0 performed poorly here. Confidence is high.",45,C,A,B,D
17,LLM_Gemini_3_Flash,43,-1,1,1,2,B,0,exploit,0,"In the current context (M=-1, K=1, N=1), button 2 is the clear performer with a mean reward of 52.67 compared to button 1's mean of 25.0, making it the highest confidence exploit choice.",52,C,A,B,D
17,LLM_Gemini_3_Flash,44,-1,1,1,2,B,0,exploit,0,"Button 2 has consistently demonstrated strong performance in the context M=-1, K=1, N=1, and current evidence strongly favors it over other options for this specific condition.",52,C,A,B,D
17,LLM_Gemini_3_Flash,45,-1,1,-1,0,C,0,exploit,0,"In the current context (M=-1, K=1, N=-1), button 0 has been consistently tested across 6 trials with a mean reward of 49.67, representing the only reliable option available for this specific signal configuration.",45,C,A,B,D
17,LLM_Gemini_3_Flash,46,1,-1,1,0,C,0,exploit,0,"In the current context (M=1, K=-1, N=1), button 0 is the only option with empirical data, yielding a consistent mean reward of approximately 48-51, making it the clear choice over unknown alternatives.",53,C,A,B,D
17,LLM_Gemini_3_Flash,47,-1,-1,1,0,C,1,exploit,0,"Historical data for the current context (M=-1, K=-1, N=1) shows that button 0 consistently provides high rewards, with a mean of 80.33 based on 3 observations, making it the clear optimal choice.",86,C,A,B,D
17,LLM_Gemini_3_Flash,48,-1,-1,1,0,C,1,exploit,0,"In the current context (M=-1, K=-1, N=1), Button 0 has demonstrated a significantly higher mean reward (81.75) compared to all other options, which have no historical data for this specific configuration.",78,C,A,B,D
17,LLM_Gemini_3_Flash,49,-1,1,1,2,B,0,exploit,0,"The current context (M=-1, K=1, N=1) has been consistently associated with Button 2, which has a strong mean reward and low standard deviation across 8 trials. No other button shows evidence of outperforming Button 2 in this specific context.",46,C,A,B,D
17,LLM_Gemini_3_Flash,50,-1,1,1,2,B,0,exploit,0,"In the current context (M=-1, K=1, N=1), Button 2 has demonstrated a consistent mean reward of 51.78 across 9 samples, significantly outperforming the only other tested option, Button 1, in this specific environment.",60,C,A,B,D
18,LLM_Gemini_3_Flash,1,-1,-1,1,0,B,0,explore,1,"This is the first trial with no previous data, so I am choosing button 0 to establish a baseline for this context. Exploration is required across all buttons to learn the reward functions.",14,B,D,A,C
18,LLM_Gemini_3_Flash,2,-1,-1,1,1,D,0,explore,1,"Since only button 0 has been tested, I am choosing button 1 to explore its potential, as it is essential to gather information on other buttons to identify the optimal mining location across different contexts.",56,B,D,A,C
18,LLM_Gemini_3_Flash,3,1,-1,1,2,A,1,explore,1,"Buttons 0 and 1 have been sampled once each in a different context, but buttons 2 and 3 remain entirely untested. I am choosing button 2 to begin gathering information on the unexplored action space, which is necessary for effective strategy in the early stages of the game.",79,B,D,A,C
18,LLM_Gemini_3_Flash,4,1,-1,1,2,A,1,exploit,0,"Button 2 showed strong performance in the current context (M=1, K=-1, N=1) with a high reward of 79, while button 3 remains untested and buttons 0 and 1 have shown lower performance in different contexts.",83,B,D,A,C
18,LLM_Gemini_3_Flash,5,-1,1,1,3,C,1,explore,1,"Button 3 remains completely untested, and since my current context (M=-1, K=1, N=1) has not been explored by any arm, I must prioritize gathering information about its performance to identify if it is superior to existing options.",79,B,D,A,C
18,LLM_Gemini_3_Flash,6,-1,-1,1,1,D,0,exploit,0,"Button 1 is the best-performing option observed so far for the current context (M=-1, K=-1, N=1) with a mean reward of 56 compared to 14 for Button 0. I will continue to exploit this choice as the evidence strongly favors it over the other options in this specific context.",52,B,D,A,C
18,LLM_Gemini_3_Flash,7,1,1,-1,0,B,1,explore,1,"The current context (M=1, K=1, N=-1) has not been tested for any buttons, representing high uncertainty. I am choosing button 0 to gather data in this unexplored context space, as the other buttons have defined, though different, contextual patterns.",78,B,D,A,C
18,LLM_Gemini_3_Flash,8,1,-1,1,2,A,1,exploit,0,"Button 2 has demonstrated high and consistent performance (mean 81) in the current context (M=1, K=-1, N=1), making it the most reliable choice given the available data.",77,B,D,A,C
18,LLM_Gemini_3_Flash,9,-1,1,-1,0,B,1,explore,1,"With the current context (M=-1, K=1, N=-1) being completely unobserved for all buttons, I must explore to gather data; button 0 is chosen as it has shown potential in other high-Krypton contexts, but confidence remains low.",79,B,D,A,C
18,LLM_Gemini_3_Flash,10,-1,1,-1,0,B,1,exploit,0,"Button 0 was tested in this exact context (M=-1, K=1, N=-1) in trial 9 and yielded a high reward of 79, making it the most reliable choice based on the available data.",76,B,D,A,C
18,LLM_Gemini_3_Flash,11,1,-1,1,2,A,1,exploit,0,"Button 2 has consistently provided high rewards (mean ~79.7) for the specific context M=1, K=-1, N=1, which matches our current state. Since button 2 shows very low variance (std 2.49) in this condition and we have successfully sampled it three times, I am exploiting this high-reward pattern with high confidence.",89,B,D,A,C
18,LLM_Gemini_3_Flash,12,1,-1,1,2,A,1,exploit,0,"Button 2 has shown consistent high performance in the current context (M=1, K=-1, N=1) across four trials, making it the highest expected value choice with high confidence.",81,B,D,A,C
18,LLM_Gemini_3_Flash,13,1,-1,-1,0,B,0,explore,1,"The current context (M=1, K=-1, N=-1) has not been explored for any buttons yet. Button 0 has demonstrated versatility in other M=1 or N=-1 conditions, so I will explore it to gather information on its performance in this specific state.",48,B,D,A,C
18,LLM_Gemini_3_Flash,14,-1,1,1,3,C,1,exploit,0,"Button 3 yielded 79 in this exact context previously, making it the most promising option for the current M=-1, K=1, N=1 configuration.",76,B,D,A,C
18,LLM_Gemini_3_Flash,15,-1,1,1,3,C,1,exploit,0,"In the current context (M=-1, K=1, N=1), button 3 has a high mean reward of 77.5 with low variance observed in two previous trials, making it the most confident choice for maximizing reward.",80,B,D,A,C
18,LLM_Gemini_3_Flash,16,1,-1,-1,0,B,0,explore,1,"In the current context (M=1, K=-1, N=-1), button 0 has a mean of 48 based on one sample, while others have no data in this specific context; I am choosing button 0 to refine its performance estimate in this context while maintaining an exploratory stance.",51,B,D,A,C
18,LLM_Gemini_3_Flash,17,1,-1,1,2,A,1,exploit,0,"Button 2 has shown a very strong, consistent reward performance in the current context (M=1, K=-1, N=1), supported by five trials with low variance. Given the clear evidence for Button 2 in this specific context, I am exploiting this high-reward option.",86,B,D,A,C
18,LLM_Gemini_3_Flash,18,1,-1,-1,0,B,0,exploit,0,"Button 0 has the highest observed mean reward (49.5) for the current context (M=1, K=-1, N=-1) based on two previous trials, making it the best current choice while still remaining a candidate for further data collection.",54,B,D,A,C
18,LLM_Gemini_3_Flash,19,-1,1,1,3,C,1,exploit,0,"Button 3 has consistently yielded high rewards (mean 78.33) in the current context (M=-1, K=1, N=1), making it the optimal choice based on available historical data.",72,B,D,A,C
18,LLM_Gemini_3_Flash,20,1,-1,-1,0,B,0,explore,1,"Button 0 has been tested in the current context (M=1, K=-1, N=-1) three times with a mean reward of 51, but the variance is notable and no other buttons have been sampled in this context, making further exploration necessary to establish its reliability.",58,B,D,A,C
18,LLM_Gemini_3_Flash,21,1,1,-1,0,B,1,exploit,0,"In the current context (M=1, K=1, N=-1), button 0 is the only arm tested previously, yielding a reward of 78, making it the highest-confidence choice for exploitation compared to other buttons that have not been tested in this specific configuration.",78,B,D,A,C
18,LLM_Gemini_3_Flash,22,1,-1,1,2,A,1,exploit,0,"The current context (M=1, K=-1, N=1) matches the historical conditions where Button 2 has consistently provided the highest average reward (mean ~82.5) with low variance. Given the strong evidence for this specific context-button pairing, exploiting is the optimal strategy.",78,B,D,A,C
18,LLM_Gemini_3_Flash,23,1,-1,-1,0,B,0,exploit,0,"Button 0 has been consistently tested in the current context (M=1, K=-1, N=-1) with a mean reward of 52.75, which is the only data available for this specific context, making exploitation the rational choice.",50,B,D,A,C
18,LLM_Gemini_3_Flash,24,-1,1,1,3,C,1,exploit,0,"In the current context (M=-1, K=1, N=1), button 3 has been consistently tested and yields a strong mean reward of approximately 76.75, making it the highest-performing option identified for this specific condition.",82,B,D,A,C
18,LLM_Gemini_3_Flash,25,-1,1,1,3,C,1,exploit,0,"The current context (M=-1, K=1, N=1) aligns perfectly with the historical performance of button 3, which has consistently yielded high rewards (mean 77.8) in this specific configuration.",87,B,D,A,C
18,LLM_Gemini_3_Flash,26,-1,1,1,3,C,1,exploit,0,"The current context (M=-1, K=1, N=1) has been consistently associated with button 3, which has a strong historical mean reward of 79.33 across 6 trials, making it the clear optimal choice for this specific configuration.",84,B,D,A,C
18,LLM_Gemini_3_Flash,27,-1,-1,1,1,D,0,explore,1,"In the context M=-1, K=-1, N=1, button 1 is the most promising observed option with a mean reward of 54 compared to button 0's 14, but uncertainty remains high due to limited samples.",49,B,D,A,C
18,LLM_Gemini_3_Flash,28,-1,1,1,3,C,1,exploit,0,"In the current context (M=-1, K=1, N=1), button 3 has been tested 7 times with a very consistent mean reward of 80, making it the clear optimal choice for this context.",82,B,D,A,C
18,LLM_Gemini_3_Flash,29,-1,1,1,3,C,1,exploit,0,"The current context (M=-1, K=1, N=1) matches the historical data for button 3, which has consistently yielded high rewards (mean of 80.25) across 8 trials, making it the clear optimal choice.",77,B,D,A,C
18,LLM_Gemini_3_Flash,30,-1,1,1,3,C,1,exploit,0,"Button 3 has a very strong and consistent performance (mean reward ~79.9) in the current context (M=-1, K=1, N=1), supported by 9 samples. Given the high consistency and lack of better alternatives in the history for this specific context, exploiting is the optimal decision.",80,B,D,A,C
18,LLM_Gemini_3_Flash,31,1,-1,-1,0,B,0,exploit,0,"In the current context (M=1, K=-1, N=-1), button 0 is the only button with observed history and has consistently provided moderate rewards, making it the highest expected value choice.",44,B,D,A,C
18,LLM_Gemini_3_Flash,32,-1,-1,1,1,D,0,exploit,0,"In the current context (M=-1, K=-1, N=1), historical data indicates that Button 1 consistently outperforms Button 0, which has shown very low rewards in this specific configuration.",45,B,D,A,C
18,LLM_Gemini_3_Flash,33,1,-1,-1,0,B,0,exploit,0,"In the current context (M=1, K=-1, N=-1), button 0 is the only option with established history, showing a consistent mean reward around 50-58, making it the most reliable choice.",50,B,D,A,C
18,LLM_Gemini_3_Flash,34,1,-1,1,2,A,1,exploit,0,"The current context (M=1, K=-1, N=1) has consistently yielded high rewards from button 2, which has a mean reward of 81.86 based on 7 samples. Given the strong performance history for this specific context, exploiting button 2 is the most reliable strategy.",82,B,D,A,C
18,LLM_Gemini_3_Flash,35,1,-1,1,0,B,0,explore,1,"The current context (M=1, K=-1, N=1) matches the historical context for Button 2, which has a very high mean reward, but I am choosing Button 0 to continue gathering data on its performance in this specific, though previously unobserved, configuration for this button.",21,B,D,A,C
18,LLM_Gemini_3_Flash,36,-1,1,-1,0,B,1,exploit,0,"The current context (M=-1, K=1, N=-1) matches trial 9 and 10 where button 0 consistently yielded high rewards (avg 77.5), confirming it as the optimal choice for this specific context with high confidence.",81,B,D,A,C
18,LLM_Gemini_3_Flash,37,1,-1,-1,0,B,0,exploit,0,"Based on the observed history for the current context (M=1, K=-1, N=-1), button 0 is the only option with empirical data, yielding a mean reward around 50.71, and no other buttons have been tested in this specific configuration.",45,B,D,A,C
18,LLM_Gemini_3_Flash,38,-1,1,-1,0,B,1,exploit,0,"In the current context (M=-1, K=1, N=-1), button 0 has been tested 3 times with a strong mean reward of 78.67, making it the most reliable choice given the available data.",84,B,D,A,C
18,LLM_Gemini_3_Flash,39,1,-1,1,2,A,1,exploit,0,"In the current context (M=1, K=-1, N=1), Button 2 has a high observed mean reward of 81.88 across 8 samples, significantly outperforming Button 0 in this specific scenario. The evidence for Button 2 is strong, making it the clear choice for exploitation.",80,B,D,A,C
18,LLM_Gemini_3_Flash,40,-1,-1,1,1,D,0,explore,1,"In the current context (M=-1, K=-1, N=1), button 1 has shown a mean reward of 50.5 across 4 samples, significantly outperforming button 0 (mean 14 across 1 sample). I am choosing button 1 to continue gathering more data on this specific context-arm pairing, as the current evidence is still limited.",53,B,D,A,C
18,LLM_Gemini_3_Flash,41,-1,1,-1,0,B,1,exploit,0,"Based on historical data for context M=-1, K=1, N=-1, button 0 has consistently delivered a high average reward (approx 80), making it the optimal choice for the current context.",84,B,D,A,C
18,LLM_Gemini_3_Flash,42,-1,1,1,0,B,0,exploit,0,"The current context (M=-1, K=1, N=1) matches the historical profile for button 3, which has a consistent mean reward of 79.9. However, based on the provided data for context (M=-1, K=1, N=1), button 3 is the only reliably tested arm with a high mean, whereas button 0's history in this context is absent; choosing button 3 is the exploitation of the established best arm for this specific signal set.",51,B,D,A,C
18,LLM_Gemini_3_Flash,43,-1,1,1,3,C,1,exploit,0,"The current context (M=-1, K=1, N=1) has a strong historical preference for button 3, which consistently returns rewards near 80, outperforming other buttons under this specific condition.",81,B,D,A,C
18,LLM_Gemini_3_Flash,44,-1,1,-1,0,B,1,exploit,0,"In the current context (M=-1, K=1, N=-1), button 0 is the only button with a strong historical performance, showing a mean reward of approximately 80.8 based on 5 observed trials, making it the most confident choice for exploitation.",83,B,D,A,C
18,LLM_Gemini_3_Flash,45,-1,-1,1,1,D,0,exploit,0,"Based on historical data for the context M=-1, K=-1, N=1, Button 1 consistently outperforms Button 0, which only yielded a reward of 14 in the single trial it was tested in this specific context.",52,B,D,A,C
18,LLM_Gemini_3_Flash,46,1,1,-1,0,B,1,exploit,0,"In the current context (M=1, K=1, N=-1), button 0 is the only option with empirical data showing a consistent performance (mean 78). While data is limited, button 0 is the strongest candidate given historical performance patterns across various contexts.",80,B,D,A,C
18,LLM_Gemini_3_Flash,47,1,-1,-1,0,B,0,exploit,0,"In the current context (M=1, K=-1, N=-1), Button 0 has a consistent mean reward based on 8 observations, and no other button shows potential to outperform it under this specific configuration.",46,B,D,A,C
18,LLM_Gemini_3_Flash,48,1,-1,1,2,A,1,exploit,0,"The current context (M=1, K=-1, N=1) has a strong history where button 2 consistently returns high rewards around 81.67, significantly outperforming other buttons in this specific condition.",84,B,D,A,C
18,LLM_Gemini_3_Flash,49,1,-1,-1,0,B,0,exploit,0,"In the current context (M=1, K=-1, N=-1), button 0 is the only button with significant historical performance data, consistently yielding moderate rewards while other buttons have either failed to show activity or been demonstrated to perform poorly in this specific context.",44,B,D,A,C
18,LLM_Gemini_3_Flash,50,-1,-1,1,1,D,0,exploit,0,"In the current context (M=-1, K=-1, N=1), Button 1 has a significantly higher observed mean reward (51.17) compared to Button 0 (14), making it the clear choice.",46,B,D,A,C
19,LLM_Gemini_3_Flash,1,1,-1,-1,0,B,0,explore,1,"Since no data has been collected across any of the buttons, I am choosing button 0 as an initial exploratory step to begin building a baseline reward model for the current context.",48,B,D,A,C
19,LLM_Gemini_3_Flash,2,1,-1,-1,1,D,0,explore,1,"Button 0 has a known mean of 48, but with only one trial, it is necessary to explore the other buttons to determine if they offer higher potential rewards under the current context. Choosing button 1 provides information on an unobserved arm to build a more robust reward model.",52,B,D,A,C
19,LLM_Gemini_3_Flash,3,-1,-1,1,2,A,0,explore,1,"Since buttons 2 and 3 have not been sampled yet, exploring them is necessary to gain information for the current context (M=-1, K=-1, N=1), as the previously sampled buttons were tested under a different context.",55,B,D,A,C
19,LLM_Gemini_3_Flash,4,1,1,-1,3,C,0,explore,1,"Button 3 has not been sampled yet, and since current observed data for other buttons is limited, exploring the unknown button 3 provides the highest long-run information value.",18,B,D,A,C
19,LLM_Gemini_3_Flash,5,1,1,-1,0,B,1,explore,1,"Button 3 has been tested in this current context with a low reward of 18, and since other buttons have higher potential, I am exploring Button 0 to gather more data for the current M=1, K=1, N=-1 context state.",82,B,D,A,C
19,LLM_Gemini_3_Flash,6,-1,1,1,0,B,0,explore,1,"Button 0 has shown high potential in similar high-Krypton contexts, but data is very sparse for the current M=-1, K=1, N=1 configuration; exploring it further provides better coverage than relying on the poorly tested alternatives.",55,B,D,A,C
19,LLM_Gemini_3_Flash,7,-1,1,-1,0,B,1,explore,1,"With the current context (M=-1, K=1, N=-1) unobserved for all buttons, button 0 is chosen because it has the highest aggregate performance across diverse contexts, warranting further exploration to test its sensitivity to this specific configuration.",83,B,D,A,C
19,LLM_Gemini_3_Flash,8,-1,1,-1,0,B,1,exploit,0,"In the current context (M=-1, K=1, N=-1), button 0 has already demonstrated a strong reward of 83 in trial 7, which is the only observation for this specific context, making it the highest expected value choice with medium confidence.",82,B,D,A,C
19,LLM_Gemini_3_Flash,9,1,-1,1,0,B,0,explore,1,"Button 0 has demonstrated the highest potential for high rewards across multiple contexts, making it the most promising candidate. I am choosing it to further explore its performance under the current Mercury/Krypton/Nobelium state, as current data on it for this specific context is absent.",32,B,D,A,C
19,LLM_Gemini_3_Flash,10,1,-1,-1,1,D,0,explore,1,"In the context M=1, K=-1, N=-1, button 1 yielded a higher reward (52) than button 0 (48) in previous trials; since samples are very limited, exploring button 1 further is necessary to confirm if it outperforms button 0 in this specific context.",48,B,D,A,C
19,LLM_Gemini_3_Flash,11,-1,1,1,0,B,0,exploit,0,"Button 0 has demonstrated strong performance in this context (M=-1, K=1, N=1) and generally across the board, making it the most reliable choice given current data.",48,B,D,A,C
19,LLM_Gemini_3_Flash,12,1,-1,1,0,B,0,explore,1,"Button 0 has the most data and moderate performance across varied contexts, but the current context (M=1, K=-1, N=1) is under-explored. Since Button 1 and 2 lack sufficient data in this specific context, I choose Button 0 to refine my estimate with medium confidence.",29,B,D,A,C
19,LLM_Gemini_3_Flash,13,1,-1,1,0,B,0,exploit,0,"Button 0 has the most data points and is the only button observed in this context, yielding a mean of 30.5; although this is lower than other contexts, it remains the most reliable choice given the current lack of alternative data.",23,B,D,A,C
19,LLM_Gemini_3_Flash,14,-1,1,1,0,B,0,exploit,0,"Button 0 has a mean reward of 51.5 in this context (M=-1, K=1, N=1), and it is the only button with recorded performance in this specific condition, making it the highest confidence exploit choice.",54,B,D,A,C
19,LLM_Gemini_3_Flash,15,-1,1,-1,0,B,1,exploit,0,"In the current context (M=-1, K=1, N=-1), button 0 has yielded a high mean reward of 82.5 over two trials, significantly outperforming other buttons in this context. Confidence is high that button 0 is the optimal choice for this specific signal configuration.",77,B,D,A,C
19,LLM_Gemini_3_Flash,16,-1,1,-1,0,B,1,exploit,0,"In the current context (M=-1, K=1, N=-1), button 0 has a strong historical performance with a mean reward of 80.67, significantly outperforming other options based on the available data.",73,B,D,A,C
19,LLM_Gemini_3_Flash,17,1,-1,1,0,B,0,explore,1,"Button 0 has the most data and some context-specific performance, but its mean reward in this specific context (M=1, K=-1, N=1) is quite low (28). I am choosing to continue testing Button 0 with medium confidence to verify if higher rewards are possible under this specific configuration given the noise in the data.",28,B,D,A,C
19,LLM_Gemini_3_Flash,18,-1,1,1,0,B,0,exploit,0,"Button 0 has the most history in the current context (M=-1, K=1, N=1) with a consistent mean reward of 52.33, while other buttons have insufficient evidence for this context, making button 0 the reliable choice.",52,B,D,A,C
19,LLM_Gemini_3_Flash,19,-1,1,1,0,B,0,exploit,0,"Button 0 has the most consistent data for this specific context (M=-1,K=1,N=1) and has yielded reliable rewards. Given the limited testing of other buttons in this context, button 0 remains the most statistically robust choice with medium confidence.",52,B,D,A,C
19,LLM_Gemini_3_Flash,20,-1,1,-1,0,B,1,exploit,0,"In the current context (M=-1, K=1, N=-1), button 0 has a strong observed mean of 78.75 across four trials, making it the highest-performing option with clear evidence for exploitation.",80,B,D,A,C
19,LLM_Gemini_3_Flash,21,1,-1,1,0,B,0,exploit,0,"Button 0 has the most data and is the only button tested in this specific context (M=1, K=-1, N=1) with a mean of 28, while other buttons remain largely untested in this configuration; I am exploiting the current best-known option as exploration has not yet identified a superior alternative.",27,B,D,A,C
19,LLM_Gemini_3_Flash,22,-1,1,1,0,B,0,exploit,0,"Button 0 has a consistent mean reward of 52.2 in the current context (M=-1,K=1,N=1) across 5 samples, and no other buttons have been tested in this specific context.",47,B,D,A,C
19,LLM_Gemini_3_Flash,23,-1,-1,1,2,A,0,exploit,0,"In this specific context (M=-1, K=-1, N=1), button 2 is the only one previously tested, yielding a high reward of 55, while other options have low or no data for this specific configuration, making button 2 the most reliable choice.",55,B,D,A,C
19,LLM_Gemini_3_Flash,24,-1,1,1,0,B,0,exploit,0,"Button 0 has the most consistent performance in the current context (M=-1, K=1, N=1) with a mean reward of 51.33 across 6 trials, making it the most reliable choice given the available data.",56,B,D,A,C
19,LLM_Gemini_3_Flash,25,1,-1,-1,1,D,0,explore,1,"In the current context (M=1, K=-1, N=-1), button 1 has outperformed button 0 based on limited samples (mean 50 vs 48). Since both have high uncertainty in this specific context, further exploration is necessary to definitively identify the superior button.",58,B,D,A,C
19,LLM_Gemini_3_Flash,26,1,-1,1,0,B,0,exploit,0,"Button 0 is the only option with data for the current context (M=1, K=-1, N=1), and while its mean reward there is low, no other button has demonstrated superior performance in this specific condition, making it the most logical choice for exploitation.",28,B,D,A,C
19,LLM_Gemini_3_Flash,27,1,-1,-1,1,D,0,exploit,0,"In the current context (M=1, K=-1, N=-1), button 1 has a higher observed mean (52.67) compared to button 0 (48.0), suggesting it is the more reliable choice for this specific condition.",48,B,D,A,C
19,LLM_Gemini_3_Flash,28,-1,-1,1,2,A,0,exploit,0,"In the current context (M=-1, K=-1, N=1), button 2 is the only option with direct historical data, yielding a consistent reward of 55 in both previous trials, making it the most reliable choice.",47,B,D,A,C
19,LLM_Gemini_3_Flash,29,-1,1,1,0,B,0,exploit,0,"Button 0 is the only button observed in the current M=-1, K=1, N=1 context with a consistent mean reward of approximately 52, making it the clear choice.",53,B,D,A,C
19,LLM_Gemini_3_Flash,30,1,-1,1,0,B,0,exploit,0,"In the current context (M=1, K=-1, N=1), button 0 is the only option observed with a mean reward of 27.83, and other buttons have not been sampled enough in this specific context to suggest a higher expected return.",24,B,D,A,C
19,LLM_Gemini_3_Flash,31,-1,1,-1,0,B,1,exploit,0,"In the current context (M=-1, K=1, N=-1), button 0 has a strong historical average of 79 from 5 previous observations, significantly outperforming other buttons in this context. Given the high confidence and limited alternatives, I am exploiting button 0.",82,B,D,A,C
19,LLM_Gemini_3_Flash,32,1,-1,1,0,B,0,exploit,0,"In the current context (M=1, K=-1, N=1), button 0 is the only option with empirical data, and while its mean reward is modest (27.29), no other button has demonstrated better performance in this specific configuration.",28,B,D,A,C
19,LLM_Gemini_3_Flash,33,-1,1,1,0,B,0,exploit,0,"In the current context (M=-1, K=1, N=1), button 0 has been consistently tested 8 times with a stable mean reward of approximately 52.12, and no other buttons have been explored in this specific context, making it the highest confidence exploit choice.",54,B,D,A,C
19,LLM_Gemini_3_Flash,34,1,-1,-1,1,D,0,exploit,0,"In the current context (M=1, K=-1, N=-1), button 1 has a higher mean reward (51.5) than button 0 (48.0) based on multiple observations, making it the statistically stronger choice for exploitation.",56,B,D,A,C
19,LLM_Gemini_3_Flash,35,1,-1,1,0,B,0,exploit,0,"In the current context (M=1, K=-1, N=1), button 0 is the only option with empirical data, and while its mean reward is low, other buttons have not been tested under these specific conditions, making button 0 the most reliable choice.",13,B,D,A,C
19,LLM_Gemini_3_Flash,36,-1,1,-1,0,B,1,exploit,0,"In the current context (M=-1, K=1, N=-1), button 0 has a strong historical average of 79.5 across 6 observations, making it the clear optimal choice for exploitation.",77,B,D,A,C
19,LLM_Gemini_3_Flash,37,1,1,-1,0,B,1,exploit,0,"Given the current context (M=1, K=1, N=-1), button 0 has a high observed mean of 82 from previous occurrences in this specific state, making it the clear optimal choice for exploitation.",76,B,D,A,C
19,LLM_Gemini_3_Flash,38,1,1,-1,0,B,1,exploit,0,"In the current context (M=1, K=1, N=-1), button 0 has a strong historical mean reward (79) compared to button 3 (18), confirming it as the optimal choice with high confidence.",86,B,D,A,C
19,LLM_Gemini_3_Flash,39,-1,1,1,0,B,0,exploit,0,"Button 0 is the only button with observed samples in the current context (M=-1, K=1, N=1), yielding a consistent mean reward around 52. Since other buttons have not been tested in this specific context and lack sufficient evidence to suggest they outperform button 0, I will continue to exploit button 0.",48,B,D,A,C
19,LLM_Gemini_3_Flash,40,1,-1,-1,1,D,0,exploit,0,"In the current context (M=1, K=-1, N=-1), button 1 has consistently outperformed button 0 based on historical trials (mean 52.4 vs 48.0), making it the optimal choice for this specific context.",49,B,D,A,C
19,LLM_Gemini_3_Flash,41,-1,-1,1,2,A,0,exploit,0,"Button 2 has consistently provided a mean reward of 52.33 in this specific context (M=-1, K=-1, N=1), and while the sample size is limited, it remains the only button specifically tested and performing reliably under this context.",43,B,D,A,C
19,LLM_Gemini_3_Flash,42,-1,-1,1,2,A,0,exploit,0,"The current context (M=-1, K=-1, N=1) has only been tested on button 2 historically, showing a consistent average reward of 50. Since no other buttons have been sampled in this context and the current evidence for button 2 is reliable, I am exploiting this known optimal choice.",57,B,D,A,C
19,LLM_Gemini_3_Flash,43,-1,-1,1,2,A,0,exploit,0,"In the current context (M=-1, K=-1, N=1), Button 2 is the only option with established positive performance history, yielding a mean reward of 51.4 across 5 trials with low variance, making it the most reliable choice.",53,B,D,A,C
19,LLM_Gemini_3_Flash,44,1,-1,-1,1,D,0,exploit,0,"Button 1 has shown a consistent mean reward of approximately 51.8 for the current context (M=1, K=-1, N=-1) across 6 samples, outperforming button 0 which has shown a lower mean of 48 in this specific configuration.",53,B,D,A,C
19,LLM_Gemini_3_Flash,45,1,1,-1,0,B,1,exploit,0,"In the current context (M=1, K=1, N=-1), Button 0 has demonstrated a significantly higher mean reward (81.33) compared to Button 3, and historical data consistently shows high performance for Button 0 in this specific configuration.",72,B,D,A,C
19,LLM_Gemini_3_Flash,46,1,1,-1,0,B,1,exploit,0,"In the current context (M=1, K=1, N=-1), Button 0 has a strong historical mean reward of 79 across multiple trials, significantly outperforming the only other tested button (Button 3) in this specific state.",83,B,D,A,C
19,LLM_Gemini_3_Flash,47,1,1,-1,0,B,1,exploit,0,"Button 0 has demonstrated very strong performance in contexts where Mercury is 1 and Nobelium is -1, showing a mean reward around 79 despite the variability in Krypton. Given the current context (M=1, K=1, N=-1) aligns with this high-reward pattern, exploiting button 0 is the optimal strategy.",77,B,D,A,C
19,LLM_Gemini_3_Flash,48,-1,1,-1,0,B,1,exploit,0,"In the current context (M=-1, K=1, N=-1), Button 0 has a high observed mean reward of 79.14 across 7 samples with consistent performance, making it the clear optimal choice for exploitation.",89,B,D,A,C
19,LLM_Gemini_3_Flash,49,-1,1,1,0,B,0,exploit,0,"In the current context (M=-1, K=1, N=1), button 0 is the only option with empirical testing, showing a stable mean reward of approximately 51.9, whereas other options have no evidence of performance in this specific context.",49,B,D,A,C
19,LLM_Gemini_3_Flash,50,-1,-1,1,2,A,0,exploit,0,"In the current context (M=-1, K=-1, N=1), historical data indicates Button 2 is the most reliable performer with a mean reward of 51.67, while Button 0 and other options have performed significantly worse in similar contexts.",47,B,D,A,C
