simulation_id,agent_name,trial,context_mercury,context_krypton,context_nobelium,choice_arm_index,choice_planet_label,is_optimal,intent,exploration,explanation,reward_received,mapping_arm_0,mapping_arm_1,mapping_arm_2,mapping_arm_3
0,LLM_Gemini_3_Flash,1,1,1,-1,0,C,0,explore,1,"Since this is the first trial, I have no prior data to analyze. I will start by exploring button 0 to establish a baseline for the reward functions associated with the current context.",20,C,B,A,D
0,LLM_Gemini_3_Flash,2,1,-1,1,1,B,0,explore,1,"I have only tested button 0 so far. To maximize long-term reward, I need to explore other buttons (1, 2, 3) to establish a baseline for their performance across different context combinations.",22,C,B,A,D
0,LLM_Gemini_3_Flash,3,1,-1,-1,2,A,1,explore,1,"I have only tested buttons 0 and 1 so far. To understand the reward landscape across the four buttons under the current context of Mercury=1, Krypton=-1, Nobelium=-1, I need to explore button 2.",82,C,B,A,D
0,LLM_Gemini_3_Flash,4,-1,-1,1,3,D,0,explore,1,"I have data for buttons 0, 1, and 2, but button 3 remains untested. Since my current context has not appeared before, exploring button 3 is necessary to build a comprehensive reward model for all available options.",48,C,B,A,D
0,LLM_Gemini_3_Flash,5,1,1,-1,0,C,0,exploit,0,"In Trial 1, the same context (Mercury: 1, Krypton: 1, Nobelium: -1) yielded a reward of 20 for button 0. I have not explored this button enough to rule out its potential, but given the limited data points, I will re-test button 0 to confirm if the 20 reward is consistent or if I should shift focus.",14,C,B,A,D
0,LLM_Gemini_3_Flash,6,-1,1,-1,1,B,1,explore,1,"I have limited data on buttons 1 and 3 under specific conditions. Button 2 performed very well when Mercury=1, Krypton=-1, Nobelium=-1, but I need to explore how button 1 performs when Krypton is 1 to better map its sensitivity, as button 0 has yielded low rewards.",78,C,B,A,D
0,LLM_Gemini_3_Flash,7,1,-1,1,1,B,0,exploit,0,"In trial 2, button 1 yielded a reward of 22 under the exact same context (1, -1, 1). While button 2 yielded a high reward in a different context, button 1 has shown positive results in this specific configuration, and I am choosing to exploit this observation.",22,C,B,A,D
0,LLM_Gemini_3_Flash,8,-1,1,-1,1,B,1,exploit,0,"In trial 6, with context (Mercury: -1, Krypton: 1, Nobelium: -1), button 1 yielded a reward of 78. The current context matches this configuration exactly. Therefore, I am exploiting this known high-reward button.",82,C,B,A,D
0,LLM_Gemini_3_Flash,9,-1,1,-1,1,B,1,exploit,0,"Based on the history, trial 6 and 8 both had the context (Mercury: -1, Krypton: 1, Nobelium: -1), and choosing button 1 yielded high rewards (78 and 82). Since the current context matches this pattern, I am exploiting this observation.",79,C,B,A,D
0,LLM_Gemini_3_Flash,10,1,-1,-1,2,A,1,exploit,0,"In trial 3, with the same context (Mercury 1, Krypton -1, Nobelium -1), button 2 yielded a reward of 82. Based on the data, button 2 appears highly effective under these specific signal conditions.",77,C,B,A,D
0,LLM_Gemini_3_Flash,11,-1,-1,1,3,D,0,exploit,0,"Button 3 yielded a reward of 48 in trial 4 when the context was (Mercury: -1, Krypton: -1, Nobelium: 1). Since this is the current context and Button 3 is the only one observed under these specific conditions with a reasonable return, I am choosing it to exploit the known reward mapping.",44,C,B,A,D
0,LLM_Gemini_3_Flash,12,-1,1,-1,1,B,1,exploit,0,"Based on the history, button 1 consistently yields high rewards (78, 82, 79) when Mercury is -1 and Krypton is 1. The current context matches this pattern, so exploiting button 1 is the most profitable strategy.",73,C,B,A,D
0,LLM_Gemini_3_Flash,13,1,-1,1,2,A,1,exploit,0,"Based on the trial history, button 2 consistently yields high rewards (around 77-82) when Krypton is -1 and Nobelium is -1 (as seen in trials 3 and 10). While the current context has Nobelium as 1, button 2 remains a strong candidate to exploit due to its overall high performance compared to button 1, which performs best when Krypton is 1, and button 3, which has lower yields.",84,C,B,A,D
0,LLM_Gemini_3_Flash,14,1,-1,1,2,A,1,exploit,0,"Based on trial 13, when context was Mercury=1, Krypton=-1, Nobelium=1, button 2 yielded a high reward of 84. The current context matches this exactly, so I will exploit this pattern.",82,C,B,A,D
0,LLM_Gemini_3_Flash,15,1,-1,-1,2,A,1,exploit,0,"Button 2 has consistently provided high rewards (ranging from 77 to 84) when the context is Mercury: 1 and Krypton: -1, regardless of the state of Nobelium. Given the current context (Mercury: 1, Krypton: -1, Nobelium: -1), choosing button 2 is the most reliable strategy.",74,C,B,A,D
0,LLM_Gemini_3_Flash,16,1,1,-1,3,D,0,explore,1,"Button 1 has shown high rewards (70-80 range) when Krypton is 1 and Mercury is -1. Button 2 has shown high rewards (70-80 range) when Krypton is -1. Button 0 has consistently given low rewards (14-20). Button 3 has provided mid-range rewards (44-48) when Nobelium is 1. Given the current context (Mercury: 1, Krypton: 1, Nobelium: -1), the high performers (1 and 2) are not in their optimal states. Therefore, I am choosing button 3 to gather more information on its performance in this specific context.",55,C,B,A,D
0,LLM_Gemini_3_Flash,17,-1,1,1,3,D,0,exploit,0,"Button 1 is highly productive when Mercury is -1 and Krypton is 1, but this context has Krypton=1 and Nobelium=1. Button 2 performs well when Mercury=1. Button 3 has shown consistent moderate performance (44-55) across different contexts and warrants exploitation here to see if it responds positively to the current combination.",48,C,B,A,D
0,LLM_Gemini_3_Flash,18,1,1,-1,3,D,0,explore,1,"Button 1 is strong when Krypton=1 and Nobelium=-1 (Trials 6, 8, 9, 12). Button 2 is strong when Krypton=-1 (Trials 3, 10, 13, 14, 15). Button 3 seems moderately effective when Krypton=1 and Nobelium=1 or when Mercury=-1 and Nobelium=1. Since Button 3 yielded 55 in the current context previously, I am exploring it further to compare it against the low yields of 0 and 1.",46,C,B,A,D
0,LLM_Gemini_3_Flash,19,1,-1,-1,2,A,1,exploit,0,"Based on trials 3, 10, and 15, button 2 consistently provides high rewards (82, 77, 74) when the context is Mercury: 1, Krypton: -1, and Nobelium: -1, which matches the current context exactly.",69,C,B,A,D
0,LLM_Gemini_3_Flash,20,-1,-1,1,3,D,0,exploit,0,"Based on the history, button 3 has shown consistent performance in trials where Mercury is -1 and Nobelium is 1 (trials 4, 11). Given the current context (Mercury: -1, Krypton: -1, Nobelium: 1), button 3 is the most reliable choice among the options tested for this configuration.",55,C,B,A,D
0,LLM_Gemini_3_Flash,21,-1,1,-1,1,B,1,exploit,0,"Based on the historical data, button 1 shows high performance (average ~78) when Krypton is 1 and Mercury is -1, regardless of Nobelium. In the current trial (Mercury -1, Krypton 1, Nobelium -1), button 1 is the clear choice for exploitation.",78,C,B,A,D
0,LLM_Gemini_3_Flash,22,1,1,-1,3,D,0,exploit,0,"Button 1 is highly effective when Krypton is 1 and Mercury is -1. Button 2 is highly effective when Krypton is -1. Button 3 consistently provides mid-range rewards (45-55) across various contexts, and given the current context (Mercury: 1, Krypton: 1, Nobelium: -1), Button 3 has historically outperformed Button 0 in this specific scenario.",50,C,B,A,D
0,LLM_Gemini_3_Flash,23,1,-1,-1,2,A,1,exploit,0,"Based on trials 3, 10, 15, and 19, button 2 consistently yields high rewards (averaging around 75-80) when Mercury=1, Krypton=-1, and Nobelium=-1. Since this exact context is present now, I am exploiting this established pattern.",73,C,B,A,D
0,LLM_Gemini_3_Flash,24,1,-1,1,2,A,1,exploit,0,"Button 2 consistently yields high rewards (around 70-80+) when the context includes Krypton: -1, regardless of the Mercury or Nobelium state. In the current context (Mercury: 1, Krypton: -1, Nobelium: 1), Button 2 is the most reliable choice based on historical performance.",80,C,B,A,D
0,LLM_Gemini_3_Flash,25,-1,1,1,3,D,0,exploit,0,"Based on the history, Button 2 responds well when Mercury=1 and Krypton=-1, while Button 1 performs consistently well when Krypton=1 and Nobelium=-1. In the current context (Mercury=-1, Krypton=1, Nobelium=1), Button 3 has shown moderate performance and is the most reasonable exploit candidate, as other buttons have shown strong negative signals or lower performance in this specific configuration.",59,C,B,A,D
0,LLM_Gemini_3_Flash,26,-1,1,1,3,D,0,exploit,0,"Based on historical data, button 3 has shown consistent performance in contexts where Mercury is -1 and Krypton is 1, regardless of Nobelium, and it is the most reliable option for the current context (Mercury: -1, Krypton: 1, Nobelium: 1) based on trials 17 and 25.",57,C,B,A,D
0,LLM_Gemini_3_Flash,27,1,-1,-1,2,A,1,exploit,0,"Based on historical data, button 2 consistently yields high rewards (averaging ~75-80) when the context is Mercury: 1 and Krypton: -1, regardless of the Nobelium signal. Since the current context matches this pattern, exploiting button 2 is the optimal strategy.",79,C,B,A,D
0,LLM_Gemini_3_Flash,28,1,1,-1,3,D,0,exploit,0,"Looking at the context (1, 1, -1), Button 0 has historically yielded low rewards (~17), Button 1 is highly dependent on Nobelium being -1 and Krypton being 1, Button 2 is dependent on Krypton being -1, and Button 3 appears to be the most consistent option in the current context (1, 1, -1) with rewards around 50, whereas others perform poorly under these conditions.",45,C,B,A,D
0,LLM_Gemini_3_Flash,29,1,-1,-1,2,A,1,exploit,0,"Based on the history, button 2 consistently provides high rewards (approx 70-80+) when Mercury=1 and Krypton=-1, regardless of the Nobelium signal. Since the current context is Mercury=1, Krypton=-1, and Nobelium=-1, button 2 is the most reliable choice.",80,C,B,A,D
0,LLM_Gemini_3_Flash,30,1,-1,-1,2,A,1,exploit,0,"Button 2 has consistently provided high rewards (70-80+) when the context is Mercury=1 and Krypton=-1, regardless of the Nobelium value. Given the current context (Mercury: 1, Krypton: -1, Nobelium: -1), Button 2 is the clear choice for maximizing profit.",88,C,B,A,D
0,LLM_Gemini_3_Flash,31,-1,-1,1,3,D,0,exploit,0,"Based on historical data, Button 3 has consistently performed well in contexts where Krypton is -1 and Nobelium is 1. Button 2 consistently yields high rewards when Mercury is 1 and Krypton is -1, but with Mercury at -1, Button 3 is the most reliable option for this context.",50,C,B,A,D
0,LLM_Gemini_3_Flash,32,-1,1,1,3,D,0,exploit,0,"Based on the history, button 3 yields consistent rewards (~50-60) when Mercury is -1 and Nobelium is 1, regardless of Krypton, which fits the current context (Mercury: -1, Krypton: 1, Nobelium: 1). Button 1 performs well when Krypton is 1 but Mercury is -1 and Nobelium is -1. Button 2 performs well when Mercury is 1 and Krypton is -1. Given the context (-1, 1, 1), button 3 has shown the most stable and reliable performance compared to other options.",42,C,B,A,D
0,LLM_Gemini_3_Flash,33,1,1,-1,3,D,0,exploit,0,"Based on historical data for the context (1, 1, -1), Button 3 has consistently yielded moderate rewards (between 45-55), significantly outperforming Button 0, which yielded very low rewards (14-20) in the same context. While Button 2 is strong in other contexts, Button 3 appears to be the most reliable choice for the current signal configuration.",44,C,B,A,D
0,LLM_Gemini_3_Flash,34,1,1,-1,3,D,0,exploit,0,"Based on historical data, button 2 performs best when Mercury is 1 and Krypton is -1. Button 1 performs best when Krypton is 1 and Mercury is -1. For the current context (Mercury: 1, Krypton: 1, Nobelium: -1), button 0 has yielded low rewards (~17), and button 3 has consistently yielded moderate rewards (~45-55). Given the current pattern, button 3 appears to be the most reliable performer for this specific context state.",48,C,B,A,D
0,LLM_Gemini_3_Flash,35,-1,1,1,3,D,0,exploit,0,"Button 1 is highly effective when Krypton is 1 and Nobelium is -1. Button 2 is highly effective when Krypton is -1. Button 3 consistently yields moderate rewards around 45-60 regardless of context and appears to be the most reliable option when Krypton is 1 and Nobelium is 1, as evidenced by trials 17, 25, 26, and 32.",50,C,B,A,D
0,LLM_Gemini_3_Flash,36,-1,-1,1,3,D,0,exploit,0,"Based on the history, button 3 consistently yields rewards around 45-55 when Krypton or Nobelium contexts are mixed, which is the most reliable option for this specific context (Mercury: -1, Krypton: -1, Nobelium: 1). Button 1 performs best with Krypton=1 and Nobelium=-1, while button 2 excels with Mercury=1 and Krypton=-1. Given the current signals, button 3 is the most suitable performer observed in this state.",53,C,B,A,D
0,LLM_Gemini_3_Flash,37,1,1,-1,3,D,0,exploit,0,"Based on the history, button 3 provides the most consistent rewards (40-55 range) when Mercury is 1 and Krypton is 1, regardless of Nobelium. While other buttons perform well in different contexts, button 3 is the most reliable option for this specific combination of signals.",49,C,B,A,D
0,LLM_Gemini_3_Flash,38,1,-1,-1,2,A,1,exploit,0,"Based on historical data, button 2 consistently yields high rewards (70-88 range) when Mercury is 1 and Krypton is -1, regardless of the Nobelium value. Given the current context (Mercury: 1, Krypton: -1, Nobelium: -1), button 2 is the optimal choice.",77,C,B,A,D
0,LLM_Gemini_3_Flash,39,-1,-1,1,2,A,0,exploit,0,"Button 2 consistently yields high rewards (70-88 range) regardless of Mercury or Krypton signals, provided Nobelium is -1 or even 1. Given the current context (-1, -1, 1), and Button 2's strong historical performance, it remains the most reliable choice.",48,C,B,A,D
0,LLM_Gemini_3_Flash,40,1,-1,1,2,A,1,exploit,0,"Based on historical data, button 2 consistently yields high rewards (averaging around 80) when Mercury=1 and Krypton=-1, regardless of Nobelium. Given the current context (Mercury=1, Krypton=-1, Nobelium=1), button 2 is the most reliable choice for maximizing profit.",87,C,B,A,D
0,LLM_Gemini_3_Flash,41,1,1,-1,3,D,0,exploit,0,"Based on the observed history, Button 3 consistently yields moderate rewards (40-55) in the current context (Mercury:1, Krypton:1, Nobelium:-1), while Button 0 has yielded very low rewards (14-20) in the same condition. While Button 2 is excellent when Krypton is -1, it has shown less stability or lower returns when Mercury and Krypton are both 1. Given the context, Button 3 is the most reliable performer identified for this specific configuration.",63,C,B,A,D
0,LLM_Gemini_3_Flash,42,-1,1,1,3,D,0,exploit,0,"Based on historical data, button 3 seems to perform consistently when Nobelium is 1, regardless of other signals, yielding rewards in the 40-60 range. Since button 2 is strongly associated with Mercury=1 and Krypton=-1, and button 1 with Krypton=1 and Mercury=-1, button 3 is the most reliable choice for this specific context (M=-1, K=1, N=1).",45,C,B,A,D
0,LLM_Gemini_3_Flash,43,1,-1,1,2,A,1,exploit,0,"Based on historical data, Button 2 consistently provides high rewards (around 80+) when Mercury is 1 and Krypton is -1, regardless of the Nobelium value. The current context (Mercury: 1, Krypton: -1, Nobelium: 1) perfectly aligns with this pattern.",81,C,B,A,D
0,LLM_Gemini_3_Flash,44,-1,1,-1,1,B,1,exploit,0,"Based on the history, button 1 consistently yields high rewards (73-82) when Krypton is 1, regardless of the Mercury or Nobelium states, while button 3 has shown low to moderate performance and button 2 relies heavily on Krypton being -1. Given the current context (Krypton: 1), button 1 is the optimal choice.",81,C,B,A,D
0,LLM_Gemini_3_Flash,45,-1,-1,1,3,D,0,exploit,0,"Button 3 has been consistently chosen for the (Mercury: -1, Krypton: -1, Nobelium: 1) context in trials 4, 11, 20, 31, and 36, yielding reliable rewards. While button 2 is strong in other contexts, button 3 is the best performing choice for this specific signal combination.",47,C,B,A,D
0,LLM_Gemini_3_Flash,46,1,-1,-1,2,A,1,exploit,0,"Historical data strongly indicates that Button 2 provides a high, consistent reward (typically 70-88) when the context is (Mercury: 1, Krypton: -1, Nobelium: -1). Given the current context matches this configuration, exploiting this known high-performing arm is the optimal strategy.",83,C,B,A,D
0,LLM_Gemini_3_Flash,47,-1,1,1,3,D,0,exploit,0,"Based on historical data, button 1 is highly productive when Krypton is 1 and Mercury is -1, while button 2 is extremely productive when Krypton is -1. With the current context (Mercury: -1, Krypton: 1, Nobelium: 1), button 3 has historically been the primary choice when Krypton is 1 and Mercury is -1 in cases where Nobelium is 1 (as seen in trials 17, 25, 26, 32, 35, 42). Since button 1 is typically chosen when Nobelium is -1, I am exploiting button 3 which shows stability in the current context.",53,C,B,A,D
0,LLM_Gemini_3_Flash,48,1,1,-1,3,D,0,exploit,0,"Based on historical data, button 3 is the most reliable performer in contexts where mercury is 1 and krypton is 1, regardless of nobelium, often yielding consistent rewards around 45-60. Button 0 has shown very poor performance (sub-20 rewards), and buttons 1 and 2 perform optimally under different conditions (e.g., when krypton is -1 or mercury is -1). Given the current context (1, 1, -1), button 3 remains the most profitable known option.",61,C,B,A,D
0,LLM_Gemini_3_Flash,49,-1,1,-1,1,B,1,exploit,0,"Based on historical data, button 1 consistently yields high rewards (73-82) when Krypton is 1 and Mercury is -1, regardless of Nobelium's state. Given the current context of Mercury: -1, Krypton: 1, Nobelium: -1, button 1 is the optimal choice to maximize expected reward.",91,C,B,A,D
0,LLM_Gemini_3_Flash,50,-1,1,1,1,B,0,exploit,0,"Button 1 has shown a strong positive correlation with Krypton being 1 and Mercury/Nobelium being -1. In previous trials with Krypton=1 and Nobelium=-1, Button 1 consistently returned high rewards (78, 82, 79, 73, 91). Given the current context (Mercury=-1, Krypton=1, Nobelium=1), it is likely the best choice based on the observed pattern for high performance under the Krypton signal.",60,C,B,A,D
1,LLM_Gemini_3_Flash,1,-1,1,-1,0,B,1,explore,1,"This is the first trial of the game. I need to explore different buttons to begin gathering data on their reward functions relative to the context signals Mercury, Krypton, and Nobelium.",82,B,C,D,A
1,LLM_Gemini_3_Flash,2,1,-1,1,1,C,0,explore,1,"Since I have only explored button 0 in a single trial, I have insufficient information about the reward functions of buttons 1, 2, and 3. I am choosing button 1 to begin mapping the reward landscape for the current context.",55,B,C,D,A
1,LLM_Gemini_3_Flash,3,-1,-1,1,2,D,0,explore,1,"I have limited data from only two trials on buttons 0 and 1. I need to explore button 2 to gather information about its reward function in the current context (Mercury: -1, Krypton: -1, Nobelium: 1) to build a better model.",46,B,C,D,A
1,LLM_Gemini_3_Flash,4,-1,-1,1,3,A,0,explore,1,"Button 0, 1, and 2 have been sampled with varying results in different contexts, but button 3 remains unexplored. Given the context (Mercury -1, Krypton -1, Nobelium 1), I will test button 3 to gather data on its performance.",45,B,C,D,A
1,LLM_Gemini_3_Flash,5,1,-1,1,1,C,0,exploit,0,"In trial 2, the exact same context (1, -1, 1) was encountered, and button 1 yielded a reward of 55, which is relatively high. Given the limited data, I will exploit the button that has already provided a positive outcome for this specific configuration.",53,B,C,D,A
1,LLM_Gemini_3_Flash,6,-1,-1,1,0,B,0,explore,1,"In trials 3 and 4, buttons 2 and 3 yielded rewards of 46 and 45 respectively under the current context. Button 1 has shown consistent, moderate returns across different contexts, but button 0 is the only one I have not tested under this specific context. I am choosing button 0 to explore its performance for this combination of signals.",21,B,C,D,A
1,LLM_Gemini_3_Flash,7,1,-1,-1,1,C,0,exploit,0,"Button 1 has consistently yielded higher returns (55 and 53) compared to other buttons in contexts involving Mercury = 1. Although the context here (1, -1, -1) differs from previous (1, -1, 1), Button 1 has shown the most robustness under high Mercury conditions, making it the most likely candidate for a high reward.",18,B,C,D,A
1,LLM_Gemini_3_Flash,8,1,-1,1,1,C,0,exploit,0,"Button 1 has consistently shown higher rewards (55, 53) in this specific context (Mercury=1, Krypton=-1, Nobelium=1) compared to the reward of 18 when the context shifted (Mercury=1, Krypton=-1, Nobelium=-1). Since the current context matches the high-performing state for Button 1, I am choosing to exploit this pattern.",53,B,C,D,A
1,LLM_Gemini_3_Flash,9,1,-1,-1,1,C,0,exploit,0,"Based on the trial history, button 1 yielded consistent rewards of 53-55 when Krypton is -1 and Nobelium is 1. In trial 7, button 1 with the current context (Mercury 1, Krypton -1, Nobelium -1) yielded 18. Other buttons have shown lower or inconsistent results. Button 1 appears to be the most reliable performer in this context range.",17,B,C,D,A
1,LLM_Gemini_3_Flash,10,-1,-1,1,2,D,0,exploit,0,"In trials 3 and 4, the context was (-1, -1, 1). Button 2 returned 46 and Button 3 returned 45. Button 0 was tested in trial 6 under the same context and returned 21. Given these results, Button 2 has shown the highest reward potential for the current context.",50,B,C,D,A
1,LLM_Gemini_3_Flash,11,-1,1,-1,0,B,1,exploit,0,"In Trial 1, the context (-1, 1, -1) was tested on Button 0, resulting in a high reward of 82. Given this is the same context, I will exploit this high-performing button.",79,B,C,D,A
1,LLM_Gemini_3_Flash,12,-1,-1,1,2,D,0,exploit,0,"Based on the trial history, button 2 has consistently provided higher rewards (46 and 50) than button 3 (45) and button 0 (21) when Mercury is -1, Krypton is -1, and Nobelium is 1. Therefore, I am exploiting button 2 for this context.",48,B,C,D,A
1,LLM_Gemini_3_Flash,13,1,-1,-1,0,B,0,exploit,0,"Button 0 has shown high rewards (79, 82) when Krypton is 1, and relatively low rewards when Mercury and Nobelium are context-dependent. Given the current context (Mercury: 1, Krypton: -1, Nobelium: -1), I am testing button 0 to confirm its behavior in this specific state, as button 1 has shown very low rewards (17-18) in this specific configuration.",50,B,C,D,A
1,LLM_Gemini_3_Flash,14,1,-1,1,1,C,0,exploit,0,"Button 1 has consistently returned rewards in the 50s (55, 53, 53) when the context is (Mercury: 1, Krypton: -1, Nobelium: 1). This is significantly higher than the performance of other buttons under similar conditions. I am exploiting this learned pattern.",44,B,C,D,A
1,LLM_Gemini_3_Flash,15,1,-1,-1,0,B,0,exploit,0,"Button 0 shows high potential (reward 50) when Mercury is 1 and Krypton/Nobelium are -1, compared to Button 1 which performed poorly (17-18) under the same conditions in trials 7 and 9.",51,B,C,D,A
1,LLM_Gemini_3_Flash,16,1,-1,-1,0,B,0,exploit,0,"Based on historical data (trial 13 and 15), when Mercury=1, Krypton=-1, and Nobelium=-1, Button 0 consistently returned rewards around 50-51, whereas Button 1 yielded lower rewards (17-18) under the same context.",53,B,C,D,A
1,LLM_Gemini_3_Flash,17,1,-1,1,1,C,0,exploit,0,"Button 1 has consistently yielded rewards in the 44-55 range when the context is Mercury=1, Krypton=-1, Nobelium=1. Button 0 has shown high volatility and performs poorly when Mercury is 1 and Krypton is -1. Therefore, Button 1 is the most reliable choice for this specific context.",43,B,C,D,A
1,LLM_Gemini_3_Flash,18,1,1,-1,0,B,1,exploit,0,"Button 0 has consistently performed well when Krypton is 1, yielding rewards of 82 and 79. Given the current context has Krypton=1 and Mercurcy=1, Button 0 is the strongest candidate for maximizing reward.",81,B,C,D,A
1,LLM_Gemini_3_Flash,19,1,-1,1,1,C,0,exploit,0,"Button 1 has consistently yielded rewards in the 40-55 range when Mercury=1 and Nobelium=1, which is the current context. Other buttons have not shown comparable performance under these specific signal conditions based on the history provided.",53,B,C,D,A
1,LLM_Gemini_3_Flash,20,-1,-1,1,2,D,0,exploit,0,"Based on historical data, button 2 has consistently provided rewards near 48-50 when the context is Mercury -1, Krypton -1, Nobelium 1. Compared to button 0 (21 reward at this context) and button 3 (45 reward at this context), button 2 is the most reliable performer for this specific configuration.",55,B,C,D,A
1,LLM_Gemini_3_Flash,21,-1,1,1,0,B,0,exploit,0,"Button 0 shows high, consistent performance when Krypton is 1, regardless of other signals (trials 1, 11, 18). Given the current context includes Krypton: 1, Button 0 is the most likely to yield the highest reward.",59,B,C,D,A
1,LLM_Gemini_3_Flash,22,1,-1,-1,0,B,0,exploit,0,"Based on historical data, button 0 consistently provides high rewards (around 50-53) when Mercury is 1 and Nobelium is -1, especially compared to button 1 which only yields around 17-18 under similar conditions.",47,B,C,D,A
1,LLM_Gemini_3_Flash,23,1,1,-1,0,B,1,exploit,0,"Button 0 has consistently yielded high rewards (ranging from 59 to 82) whenever Mercury is 1, regardless of the other signals. Given the current context (Mercury: 1, Krypton: 1, Nobelium: -1), Button 0 remains the most reliable high-reward choice.",83,B,C,D,A
1,LLM_Gemini_3_Flash,24,-1,1,-1,0,B,1,exploit,0,"Button 0 has consistently yielded high rewards (above 79) when the Krypton signal is 1, regardless of the Mercury signal. In the current context (Mercury: -1, Krypton: 1, Nobelium: -1), Button 0 is the strongest candidate based on historical performance in similar conditions.",85,B,C,D,A
1,LLM_Gemini_3_Flash,25,-1,1,1,0,B,0,exploit,0,"Button 0 has consistently demonstrated high returns when Krypton is 1, as seen in trials 1, 11, 21, and 24. Even in the current context (Mercury: -1, Krypton: 1, Nobelium: 1), Button 0 returned 59 previously, suggesting it is a strong performer for this configuration.",42,B,C,D,A
1,LLM_Gemini_3_Flash,26,-1,1,-1,0,B,1,exploit,0,"Button 0 has consistently delivered high rewards (82, 79, 85) in contexts where Krypton is 1, regardless of the other signals. Given the current context (Mercury: -1, Krypton: 1, Nobelium: -1), Button 0 is the strongest candidate.",76,B,C,D,A
1,LLM_Gemini_3_Flash,27,1,1,-1,0,B,1,exploit,0,"Button 0 has consistently delivered high rewards (76-85) when Krypton is 1, regardless of the Mercury or Nobelium state. Given the current context (Mercury: 1, Krypton: 1, Nobelium: -1), choosing Button 0 is expected to yield the highest reward.",85,B,C,D,A
1,LLM_Gemini_3_Flash,28,-1,-1,1,2,D,0,exploit,0,"Based on historical data for the context (Mercury:-1, Krypton:-1, Nobelium:1), button 2 has consistently provided rewards in the 46-55 range, whereas button 0 performed poorly (21) in this specific context. Button 1 is better suited for when Krypton is -1 but Mercury is 1. Button 2 is the most reliable choice given the pattern.",52,B,C,D,A
1,LLM_Gemini_3_Flash,29,1,1,-1,0,B,1,exploit,0,"Button 0 has consistently demonstrated high rewards (typically 75-85) when Krypton is 1, regardless of the Mercury or Nobelium state. Given the current context has Krypton=1, Button 0 is the strongest candidate for maximizing reward based on historical data.",87,B,C,D,A
1,LLM_Gemini_3_Flash,30,1,1,-1,0,B,1,exploit,0,"Button 0 has consistently delivered high rewards (76-87) whenever Krypton is 1, regardless of the Mercury or Nobelium states. Given the current context (Mercury: 1, Krypton: 1, Nobelium: -1), Button 0 is the strongest candidate based on historical performance.",80,B,C,D,A
1,LLM_Gemini_3_Flash,31,-1,1,1,0,B,0,exploit,0,"Button 0 has consistently shown strong performance across varied contexts, particularly when Krypton is 1, and it remains the highest-performing option identified in the history.",47,B,C,D,A
1,LLM_Gemini_3_Flash,32,1,1,-1,0,B,1,exploit,0,"Button 0 has consistently delivered very high rewards (75-87) when Krypton is 1, regardless of the other signals. Given the current context (Mercury: 1, Krypton: 1, Nobelium: -1), Button 0 is the strongest candidate for maximizing reward.",74,B,C,D,A
1,LLM_Gemini_3_Flash,33,-1,-1,1,2,D,0,exploit,0,"Based on historical data, button 2 consistently performs better than other options when Mercury is -1, Krypton is -1, and Nobelium is 1, yielding rewards in the 46-55 range, whereas button 0 and button 1 perform worse under these specific context conditions.",44,B,C,D,A
1,LLM_Gemini_3_Flash,34,-1,-1,1,2,D,0,exploit,0,"Based on historical data for the context (Mercury: -1, Krypton: -1, Nobelium: 1), Button 2 has consistently provided reliable rewards in the 44-55 range. In contrast, Button 0 has shown high volatility (varying between 21 and 87) depending on other signals, and Button 1 performed poorly or sub-optimally in this specific configuration.",53,B,C,D,A
1,LLM_Gemini_3_Flash,35,1,-1,1,1,C,0,exploit,0,"Based on historical data for the current context (Mercury: 1, Krypton: -1, Nobelium: 1), button 1 has consistently yielded rewards in the 40-55 range, whereas button 0 has shown lower or inconsistent performance in similar conditions compared to its high performance when Krypton is 1. Button 2 performs better when Krypton is -1 and Mercury is -1. Therefore, exploiting button 1 is the most reliable option for this context.",37,B,C,D,A
1,LLM_Gemini_3_Flash,36,1,1,-1,0,B,1,exploit,0,"Button 0 has consistently provided high rewards (70-80+) when Mercury=1 and Krypton=1. Given the current context (Mercury: 1, Krypton: 1, Nobelium: -1), Button 0 is clearly the optimal choice based on historical performance.",78,B,C,D,A
1,LLM_Gemini_3_Flash,37,-1,1,-1,0,B,1,exploit,0,"Button 0 has consistently yielded high rewards (75-87) whenever Krypton is 1, regardless of the other signals. Given the current context where Krypton is 1, button 0 remains the most reliable high-reward choice.",75,B,C,D,A
1,LLM_Gemini_3_Flash,38,1,1,-1,0,B,1,exploit,0,"Based on historical data, button 0 consistently yields high rewards (74-87) whenever Krypton is 1, regardless of the Mercury or Nobelium state. In the current context (Mercury: 1, Krypton: 1, Nobelium: -1), button 0 is the most reliable high-reward choice.",68,B,C,D,A
1,LLM_Gemini_3_Flash,39,1,1,-1,0,B,1,exploit,0,"Button 0 consistently yields high rewards (70-85 range) when Krypton is 1, and the current context has Krypton at 1. Based on historical data, it is the most reliable button for this specific signal configuration.",82,B,C,D,A
1,LLM_Gemini_3_Flash,40,1,-1,-1,0,B,0,exploit,0,"Based on the history, button 0 consistently provides high rewards, especially when Krypton is 1 or Mercury is 1 (with Krypton -1, rewards are still moderate). Given the current context (Mercury 1, Krypton -1, Nobelium -1), button 0 has previously yielded reliable rewards in the 47-53 range compared to lower-performing alternatives, and it remains the best known option.",58,B,C,D,A
1,LLM_Gemini_3_Flash,41,1,-1,1,1,C,0,exploit,0,"Based on historical data, button 1 consistently yields rewards in the 40-55 range when Mercury is 1, Krypton is -1, and Nobelium is 1. While button 0 often performs well in other contexts, especially when Krypton is 1, it has shown lower returns in the current context (Mercury: 1, Krypton: -1, Nobelium: 1). I am choosing button 1 to exploit its superior performance in this specific context.",46,B,C,D,A
1,LLM_Gemini_3_Flash,42,1,-1,1,1,C,0,exploit,0,"Based on historical data, button 1 consistently yields rewards in the range of 40-55 when the context is Mercury=1, Krypton=-1, Nobelium=1. Button 0 has shown high variability and lower average performance in this specific context compared to button 1.",44,B,C,D,A
1,LLM_Gemini_3_Flash,43,-1,1,1,0,B,0,exploit,0,"Button 0 has consistently demonstrated the highest potential for high rewards across various contexts, especially when Krypton is 1, even if reward performance for Button 0 fluctuates based on the other signals. While Button 2 is stable for the context Mercury -1, Krypton -1, Nobelium 1, Button 0 remains the strongest candidate given the patterns observed in the data.",46,B,C,D,A
1,LLM_Gemini_3_Flash,44,1,-1,1,1,C,0,exploit,0,"Based on historical data, button 1 consistently yields rewards in the range of 40-55 when Mercury is 1, Krypton is -1, and Nobelium is 1. While button 0 is highly performant in other contexts (especially when Krypton is 1), it shows lower performance or moderate results when Krypton is -1 and Nobelium is 1. Button 2 performs best when Mercury is -1 and Nobelium is 1. Therefore, exploiting button 1 is the most rational choice for the current signal configuration.",57,B,C,D,A
1,LLM_Gemini_3_Flash,45,1,-1,1,1,C,0,exploit,0,"Based on historical data, Button 1 shows consistent performance when Mercury is 1, Krypton is -1, and Nobelium is 1, typically yielding rewards in the 40-55 range. Button 0 performs poorly in this specific context (Mercury 1, Krypton -1, Nobelium 1), and Button 2 shows lower reliability. Therefore, exploiting Button 1 is the most rational choice for this context.",56,B,C,D,A
1,LLM_Gemini_3_Flash,46,1,-1,-1,0,B,0,exploit,0,"Button 0 has consistently shown the highest reward profile in various contexts where Mercury is 1, regardless of Krypton or Nobelium values. Historical data for Button 0 suggests it is the most reliable performer in these conditions.",42,B,C,D,A
1,LLM_Gemini_3_Flash,47,1,-1,-1,0,B,0,exploit,0,"Based on historical data, Button 0 consistently provides high rewards (around 50-60) when Mercury is 1 and Krypton is -1, significantly outperforming other buttons in this context. Button 1 is better suited for when Nobelium is 1, so I am exploiting the consistent performance of Button 0 here.",46,B,C,D,A
1,LLM_Gemini_3_Flash,48,-1,-1,1,2,D,0,exploit,0,"Based on historical data, button 2 consistently yields rewards in the 44-55 range when the context is Mercury: -1, Krypton: -1, Nobelium: 1. Button 0 has historically performed poorly in this specific context (e.g., trial 6 gave 21 reward), and button 1 is better suited for other contexts, so button 2 remains the strongest performer for this combination.",45,B,C,D,A
1,LLM_Gemini_3_Flash,49,1,-1,1,1,C,0,exploit,0,"Based on the history, button 1 consistently yields rewards in the range of 40-57 when Mercury=1, Krypton=-1, and Nobelium=1. Button 0 has shown high variability and lower average performance in this specific context compared to button 1's steady performance.",48,B,C,D,A
1,LLM_Gemini_3_Flash,50,1,-1,-1,0,B,0,exploit,0,"Button 0 has consistently shown higher reward potential in contexts where Krypton is 1 or Mercury is 1 compared to the other options. While Button 1 performs moderately well when Nobelium is 1, Button 0 remains the most reliable performer across multiple signal configurations, and the current context allows for a reasonable expectation of a strong payout from Button 0.",52,B,C,D,A
2,LLM_Gemini_3_Flash,1,1,-1,-1,0,B,0,explore,1,"This is the first trial of the game. I need to begin exploring the arms to gather data on the reward distributions associated with the current context (Mercury: 1, Krypton: -1, Nobelium: -1).",54,B,C,D,A
2,LLM_Gemini_3_Flash,2,1,-1,-1,1,C,0,explore,1,"I have only explored button 0 so far. To maximize long-term rewards, I need to test other buttons (1, 2, 3) to establish a baseline for their performance under this specific context.",27,B,C,D,A
2,LLM_Gemini_3_Flash,3,1,-1,1,2,D,0,explore,1,"Button 0 has shown a higher reward (54) than Button 1 (27) in the previous context. I need to explore Button 2 to gather data on its performance in the current context (Mercury 1, Krypton -1, Nobelium 1) to build a better model of the reward functions.",45,B,C,D,A
2,LLM_Gemini_3_Flash,4,1,-1,1,2,D,0,exploit,0,"Trial 3 showed a high reward of 45 for button 2 when Mercury=1, Krypton=-1, and Nobelium=1. Since the current context matches that exact state, I am choosing button 2 to exploit the highest observed reward.",49,B,C,D,A
2,LLM_Gemini_3_Flash,5,1,1,-1,0,B,1,explore,1,"Button 0 yielded 54 in the first trial with (1, -1, -1). Given the current context (1, 1, -1), I am exploring button 0 again to see if it outperforms the known rewards of button 2 or button 1 under these specific conditions.",77,B,C,D,A
2,LLM_Gemini_3_Flash,6,-1,1,-1,0,B,1,exploit,0,"Button 0 showed a high reward of 77 when Mercury and Krypton were 1 and Nobelium was -1. Given the current context (Mercury -1, Krypton 1, Nobelium -1), Button 0 remains the strongest candidate based on observed performance in similar signal-high configurations.",88,B,C,D,A
2,LLM_Gemini_3_Flash,7,1,-1,1,2,D,0,exploit,0,"Button 2 has shown consistent and strong rewards (45, 49) under the current context of Mercury=1, Krypton=-1, Nobelium=1. Button 0 has yielded inconsistent results, and Button 1 had a low return, so exploiting the known strong performance of Button 2 is the best strategy.",48,B,C,D,A
2,LLM_Gemini_3_Flash,8,1,-1,-1,0,B,0,exploit,0,"In trial 1, button 0 produced a reward of 54 under the same context (1, -1, -1). In trials 5 and 6, button 0 showed strong performance in other contexts as well, suggesting it is a consistently high-reward option. Button 1 performed poorly (27) under the same context, and buttons 2 and 3 haven't shown consistent superiority in these conditions.",41,B,C,D,A
2,LLM_Gemini_3_Flash,9,1,-1,1,2,D,0,exploit,0,"In trials 3, 4, and 7, context {Mercury: 1, Krypton: -1, Nobelium: 1} consistently yielded high rewards (45, 49, 48) when choosing button 2. Button 0 showed inconsistency and lower relative performance in similar contexts, making button 2 the most reliable choice.",51,B,C,D,A
2,LLM_Gemini_3_Flash,10,-1,-1,1,2,D,0,exploit,0,"Button 2 consistently yielded rewards in the 45-51 range during trials where Nobelium was 1, significantly higher than other buttons observed. With the current context having Nobelium at 1, exploiting Button 2 is the most rational choice.",56,B,C,D,A
2,LLM_Gemini_3_Flash,11,1,-1,1,2,D,0,exploit,0,"Button 2 has consistently provided high rewards (45, 49, 48, 51) under the context where Mercury is 1, Krypton is -1, and Nobelium is 1. Button 0 was less consistent under similar conditions, and Button 1 had significantly lower performance in earlier trials. I am confident in exploiting Button 2 for this context.",46,B,C,D,A
2,LLM_Gemini_3_Flash,12,-1,-1,1,2,D,0,exploit,0,"Button 2 has consistently provided high rewards (average ~50) across multiple trials where Nobelium is 1, regardless of the other signals. Given the current context with Nobelium=1, choosing Button 2 is the most reliable strategy based on observed historical performance.",56,B,C,D,A
2,LLM_Gemini_3_Flash,13,-1,1,-1,0,B,1,exploit,0,"Button 0 showed a strong reward of 88 in trial 6 when the context was (Mercury: -1, Krypton: 1, Nobelium: -1), which matches the current context. This is the highest reward observed for this specific signal configuration.",78,B,C,D,A
2,LLM_Gemini_3_Flash,14,1,1,-1,0,B,1,exploit,0,"Button 0 has consistently delivered the highest rewards in the observed history, particularly when Mercury or Krypton are active (e.g., rewards of 88, 78, and 77). Given the current context (Mercury: 1, Krypton: 1, Nobelium: -1), which aligns with the conditions where Button 0 previously yielded a high reward of 77, it is the most logical choice for exploitation.",73,B,C,D,A
2,LLM_Gemini_3_Flash,15,-1,1,-1,0,B,1,exploit,0,"Button 0 has consistently delivered high rewards (88, 78) when Mercury is -1 and Krypton is 1, regardless of Nobelium status. Given the current context matches this high-performing pattern, Button 0 is the optimal choice.",84,B,C,D,A
2,LLM_Gemini_3_Flash,16,-1,-1,1,2,D,0,exploit,0,"Button 2 has consistently provided high rewards (avg ~50) when the context is (-1, -1, 1). Button 0 is strong when Mercury or Krypton are 1, but in the current context where they are -1, Button 2 is the most reliable high-performing choice.",47,B,C,D,A
2,LLM_Gemini_3_Flash,17,-1,1,-1,0,B,1,exploit,0,"Button 0 has consistently delivered high rewards (88, 78, 84, 77, 73) when Krypton is 1, regardless of the Mercury value. Given the current context (Krypton=1), Button 0 is the strongest candidate based on historical performance.",78,B,C,D,A
2,LLM_Gemini_3_Flash,18,-1,1,-1,0,B,1,exploit,0,"Button 0 has consistently delivered high rewards in contexts where Krypton is 1, regardless of the other signals. In the current context (Mercury=-1, Krypton=1, Nobelium=-1), Button 0 has already yielded rewards of 88, 78, and 84, confirming it is the superior choice for this configuration.",82,B,C,D,A
2,LLM_Gemini_3_Flash,19,-1,-1,1,2,D,0,exploit,0,"Button 2 has consistently provided high rewards (average ~50) when Nobelium is 1, regardless of Mercury or Krypton. Button 0 performs best when Krypton is 1, but its performance drops when Krypton is -1. Given current context (Mercury=-1, Krypton=-1, Nobelium=1), Button 2 is the most reliable choice.",52,B,C,D,A
2,LLM_Gemini_3_Flash,20,1,-1,1,2,D,0,exploit,0,"Based on the observed history, Button 2 consistently provides a stable reward (range 45-56) when the context is Mercury: 1, Krypton: -1, Nobelium: 1, which matches the current context. Button 0 performance is highly dependent on Krypton, and based on previous trials, Button 2 is the most reliable option for this specific configuration.",54,B,C,D,A
2,LLM_Gemini_3_Flash,21,1,1,-1,0,B,1,exploit,0,"Button 0 has consistently delivered high rewards (73, 77) when Mercury is 1 and Krypton is 1, regardless of Nobelium. Given the current context (Mercury: 1, Krypton: 1, Nobelium: -1), choosing button 0 is the strategy with the highest expected return based on historical data.",87,B,C,D,A
2,LLM_Gemini_3_Flash,22,-1,1,1,0,B,0,exploit,0,"Button 0 has consistently delivered the highest rewards in the observed history (ranging from 73-88) whenever Krypton is 1, regardless of the other signals. Since Krypton is 1 in the current context, Button 0 is the most likely to maximize the reward.",53,B,C,D,A
2,LLM_Gemini_3_Flash,23,1,1,-1,0,B,1,exploit,0,"Button 0 has consistently delivered the highest rewards in contexts where Krypton is 1, regardless of the other signals. Given the current context (Mercury: 1, Krypton: 1, Nobelium: -1), Button 0 remains the strongest candidate based on historical performance.",86,B,C,D,A
2,LLM_Gemini_3_Flash,24,-1,-1,1,2,D,0,exploit,0,"Button 2 has consistently provided reliable rewards when Nobelium is 1 (averaging around 50-55), especially when Mercury and Krypton are -1. Button 0 appears highly dependent on Krypton, yielding lower rewards when Krypton is -1. Given the current context (Mercury: -1, Krypton: -1, Nobelium: 1), Button 2 remains the strongest performer based on historical trials 10, 12, 16, and 19.",48,B,C,D,A
2,LLM_Gemini_3_Flash,25,1,1,-1,0,B,1,exploit,0,"Button 0 has consistently performed well in contexts where Krypton is 1, yielding high rewards (73, 87, 86, 77). Given the current context (Mercury: 1, Krypton: 1, Nobelium: -1), which matches previous high-reward scenarios for button 0, exploiting button 0 is the optimal strategy.",93,B,C,D,A
2,LLM_Gemini_3_Flash,26,-1,1,-1,0,B,1,exploit,0,"Button 0 has consistently delivered very high rewards (73-93 range) when Krypton is 1, regardless of the Mercury or Nobelium state. Given the current context where Krypton is 1, button 0 remains the most reliable high-reward choice based on the history.",85,B,C,D,A
2,LLM_Gemini_3_Flash,27,1,1,-1,0,B,1,exploit,0,"Based on the history, button 0 consistently provides high rewards (73-93) when Krypton is 1, and it performs best in the current context where Krypton is 1. Button 2 performs better when Nobelium is 1 and Krypton is -1, making button 0 the superior choice for the current context.",78,B,C,D,A
2,LLM_Gemini_3_Flash,28,1,-1,1,2,D,0,exploit,0,"Based on the history, button 2 consistently provides rewards in the range of 45-56 when the context involves Nobelium: 1, regardless of the other signals. Button 0 fluctuates heavily based on the Krypton signal, showing higher rewards when Krypton is 1. Given the current context (Mercury: 1, Krypton: -1, Nobelium: 1), button 2 is the most stable and reliable choice based on prior observations.",44,B,C,D,A
2,LLM_Gemini_3_Flash,29,1,-1,-1,0,B,0,exploit,0,"Button 0 consistently yields high rewards when Krypton or Mercury are present. Although the current context (Mercury: 1, Krypton: -1, Nobelium: -1) has shown variable results for button 0, it remains the most reliable performer compared to button 1 (low history) and button 2 (which performs well specifically when Nobelium is 1). I will exploit button 0 to capitalize on its high-reward potential.",54,B,C,D,A
2,LLM_Gemini_3_Flash,30,-1,1,-1,0,B,1,exploit,0,"Button 0 has consistently delivered high rewards (78-93) when Krypton is 1, regardless of the Mercury or Nobelium states. In the current context, Krypton is 1, making Button 0 the clear choice for maximizing profit based on the observed data.",82,B,C,D,A
2,LLM_Gemini_3_Flash,31,-1,-1,1,2,D,0,exploit,0,"Based on the history, button 2 consistently yields rewards in the range of 45-56 when Mercury is -1 and Nobelium is 1, regardless of Krypton's value. While button 0 performs well when Krypton is 1, current context signals (Mercury: -1, Krypton: -1, Nobelium: 1) favor button 2 as the most reliable high-performing option.",58,B,C,D,A
2,LLM_Gemini_3_Flash,32,1,-1,1,2,D,0,exploit,0,"Based on historical data for the context (Mercury: 1, Krypton: -1, Nobelium: 1), Button 2 consistently provides a stable reward around 45-55, whereas Button 0 shows high variability depending on Krypton. Given the current signals, Button 2 is the most reliable option for maximizing expected profit.",58,B,C,D,A
2,LLM_Gemini_3_Flash,33,1,-1,-1,0,B,0,exploit,0,"Based on the history, button 0 consistently provides high rewards (often 70+) when Krypton is 1, regardless of other signals. For the current context (Mercury: 1, Krypton: -1, Nobelium: -1), button 0 has yielded moderate rewards (approx 40-55) in previous trials (1, 8, 29). While button 2 is also consistent, button 0 remains a reliable option and I am choosing to exploit its known performance patterns.",49,B,C,D,A
2,LLM_Gemini_3_Flash,34,1,-1,-1,0,B,0,exploit,0,"Based on historical data, button 0 consistently provides high rewards (averaging around 70-80) when Krypton is 1, and moderate rewards (around 40-50) when Krypton is -1. While button 2 is strong when Nobelium is 1, button 0 remains the strongest overall performer across various contexts. Given the current context (Mercury 1, Krypton -1, Nobelium -1), I am selecting button 0 to exploit its reliable baseline reward.",51,B,C,D,A
2,LLM_Gemini_3_Flash,35,1,-1,-1,0,B,0,exploit,0,"Button 0 has consistently shown strong performance across varied contexts, especially when Krypton is 1 or when the context is (1, -1, -1). Given the current context (1, -1, -1), Button 0 has demonstrated reasonable yields, and while Button 2 is also performing well in other scenarios, Button 0 remains a reliable choice based on the observed history.",47,B,C,D,A
2,LLM_Gemini_3_Flash,36,-1,1,1,0,B,0,exploit,0,"Button 0 has consistently shown higher rewards when Krypton is 1, regardless of Mercury or Nobelium, whereas Button 2 is only strong when Krypton is -1. Given the current context (Krypton=1), Button 0 is the most likely to yield the highest reward.",49,B,C,D,A
2,LLM_Gemini_3_Flash,37,1,-1,-1,0,B,0,exploit,0,"Based on historical data, button 0 has consistently delivered the highest rewards when Mercury is 1, regardless of the other signals, or when Krypton is 1. Even in the current context where Mercury=1 and Krypton=-1, button 0 remains the most reliable performer compared to buttons 1 or 2, which have shown lower or inconsistent yields in similar configurations.",48,B,C,D,A
2,LLM_Gemini_3_Flash,38,-1,-1,1,2,D,0,exploit,0,"Based on the history, button 2 consistently yields rewards in the 45-58 range when Nobelium is 1, regardless of the other signals. Button 0 performs well when Krypton is 1, but tends to be lower when Krypton is -1. Since the current context has Nobelium=1 and Krypton=-1, button 2 is the most reliable choice.",49,B,C,D,A
2,LLM_Gemini_3_Flash,39,-1,1,-1,0,B,1,exploit,0,"Based on historical data, Button 0 consistently provides high rewards (around 80+) when Krypton is 1, regardless of the Mercury value. Given the current context where Krypton is 1, Button 0 is the most likely to yield the highest expected reward.",89,B,C,D,A
2,LLM_Gemini_3_Flash,40,-1,1,-1,0,B,1,exploit,0,"Based on historical data, button 0 consistently provides high rewards (77-93) when Krypton is 1, regardless of the Mercury or Nobelium states. Given current context includes Krypton=1, button 0 is the optimal choice.",84,B,C,D,A
2,LLM_Gemini_3_Flash,41,-1,-1,1,2,D,0,exploit,0,"Based on the extensive history, button 2 consistently provides rewards in the 45-58 range when Nobelium is 1, while button 0 yields significantly lower rewards (49) or is highly dependent on Krypton. Since the current context has Nobelium 1 and Krypton -1, button 2 is the most reliable performer.",52,B,C,D,A
2,LLM_Gemini_3_Flash,42,1,-1,1,2,D,0,exploit,0,"Based on historical data, button 2 consistently yields rewards in the 45-58 range when Mercury is 1, Krypton is -1, and Nobelium is 1, while button 0 has shown high variance and lower performance in this specific context.",57,B,C,D,A
2,LLM_Gemini_3_Flash,43,1,1,-1,0,B,1,exploit,0,"Analysis of the history shows that button 0 consistently yields high rewards when the Krypton signal is 1 (regardless of other signals), often ranging between 73-93. The current context (Mercury: 1, Krypton: 1, Nobelium: -1) matches conditions where button 0 has performed exceptionally well in the past.",83,B,C,D,A
2,LLM_Gemini_3_Flash,44,1,-1,1,2,D,0,exploit,0,"Based on historical data, button 2 consistently performs better than button 0 when Mercury is 1, Krypton is -1, and Nobelium is 1, yielding rewards in the 45-58 range, while button 0 underperforms in these conditions.",57,B,C,D,A
2,LLM_Gemini_3_Flash,45,-1,-1,1,2,D,0,exploit,0,"Analysis of the history shows that button 2 consistently performs better than button 0 when the Nobelium signal is 1, regardless of the Mercury or Krypton values, yielding rewards in the 45-58 range compared to button 0's often lower performance in these conditions. Given the current context (Mercury: -1, Krypton: -1, Nobelium: 1), button 2 is the optimal choice.",46,B,C,D,A
2,LLM_Gemini_3_Flash,46,-1,1,1,0,B,0,exploit,0,"Based on historical data, button 0 consistently performs well when Krypton is 1, regardless of the other signals. With the current context of Mercury -1, Krypton 1, and Nobelium 1, I am choosing button 0 as it has shown strong performance in similar high-Krypton contexts, even if the Nobelium signal is currently 1.",51,B,C,D,A
2,LLM_Gemini_3_Flash,47,-1,-1,1,2,D,0,exploit,0,"Based on historical data, button 2 consistently yields rewards in the range of 45-58 when Nobelium is 1, regardless of Mercury or Krypton states. Button 0 shows high variability and performs significantly better when Krypton is 1 but performs poorly when Krypton is -1 and Nobelium is 1. Given the current context where Nobelium is 1, Krypton is -1, and Mercury is -1, button 2 is the reliable choice for this configuration.",48,B,C,D,A
2,LLM_Gemini_3_Flash,48,-1,1,1,2,D,0,exploit,0,"Based on historical data, button 2 consistently yields rewards in the 45-58 range when Nobelium is 1, regardless of the other signals. Button 0 fluctuates significantly based on the Krypton signal, performing poorly when Krypton is 1 but Nobelium is also 1 (as seen in trials 22, 36, and 46). Given the current context of (Mercury: -1, Krypton: 1, Nobelium: 1), button 2 is the more stable and reliable choice.",51,B,C,D,A
2,LLM_Gemini_3_Flash,49,-1,1,-1,0,B,1,exploit,0,"Based on historical data, Button 0 consistently provides high rewards (70-90 range) when Krypton is 1, regardless of the Mercury or Nobelium states. Given the current context has Krypton at 1, Button 0 remains the most reliable high-reward choice.",88,B,C,D,A
2,LLM_Gemini_3_Flash,50,1,1,-1,0,B,1,exploit,0,"Based on historical data, Button 0 consistently delivers high rewards (80-90 range) when Krypton is 1, regardless of Mercury's state. When Krypton is 1 and Nobelium is -1 (the current condition), Button 0 has proven to be the most optimal choice compared to Button 2, which performs better when Krypton is -1.",91,B,C,D,A
3,LLM_Gemini_3_Flash,1,-1,-1,1,0,B,0,explore,1,"Since this is the first trial and I have no history, I am beginning the exploration phase to gather baseline data on the reward functions associated with each button under the current context of Mercury -1, Krypton -1, and Nobelium 1.",21,B,C,D,A
3,LLM_Gemini_3_Flash,2,-1,1,-1,1,C,0,explore,1,"I have only tested button 0 once. With the context (-1, 1, -1), I need to explore other buttons to identify which one provides the highest reward, as button 0 is not yet confirmed as optimal.",45,B,C,D,A
3,LLM_Gemini_3_Flash,3,-1,1,-1,1,C,0,exploit,0,"In trial 2, the same context (-1, 1, -1) yielded a high reward of 45 when choosing button 1. Since I have observed a strong reward for this configuration, I will exploit button 1 again.",45,B,C,D,A
3,LLM_Gemini_3_Flash,4,-1,1,-1,1,C,0,exploit,0,"Button 1 has consistently yielded a high reward of 45 in the current context (-1, 1, -1) in trials 2 and 3. Since this context is identical to the current one, I will exploit this knowledge to maximize rewards.",49,B,C,D,A
3,LLM_Gemini_3_Flash,5,1,1,-1,1,C,0,exploit,0,"Button 1 has consistently yielded high rewards (45, 45, 49) when Krypton is 1 and Mercury is -1. Since button 1 has proven high potential and I have not yet tested button 2 or 3, I am leaning into the successful pattern observed for button 1 while the current context (Mercury: 1, Krypton: 1, Nobelium: -1) remains favorable for high output exploration or exploitation.",16,B,C,D,A
3,LLM_Gemini_3_Flash,6,1,-1,1,0,B,0,explore,1,"Button 1 showed diminishing returns when Mercury became 1 in trial 5. Button 0 was only tested once under different conditions, so I am choosing it to explore its performance under the current context of Mercury=1, Krypton=-1, Nobelium=1.",14,B,C,D,A
3,LLM_Gemini_3_Flash,7,1,-1,-1,2,D,0,explore,1,"Button 1 showed lower performance when Mercury was 1 (trial 5). Button 0 yielded low rewards in trial 1 and 6. I need to test Button 2 to understand its performance in the current context (Mercury:1, Krypton:-1, Nobelium:-1), as it has not been sampled yet.",46,B,C,D,A
3,LLM_Gemini_3_Flash,8,1,-1,1,2,D,0,exploit,0,"Trial 7 showed a high reward (46) for button 2 when Mercury was 1 and Krypton was -1. Although Nobelium differs from trial 7 (-1 vs 1), button 2 is the most promising candidate identified so far, whereas button 0 performed poorly in the current context (trial 6) and button 1 shows sensitivity to Krypton.",49,B,C,D,A
3,LLM_Gemini_3_Flash,9,-1,-1,1,2,D,0,exploit,0,"Button 2 has shown strong performance in the context of Nobelium being 1, achieving a reward of 49 in trial 8 when Nobelium was 1. While Button 0 was tested previously with Nobelium 1 and performed poorly (21 and 14), Button 2 has demonstrated significantly higher potential in recent trials.",51,B,C,D,A
3,LLM_Gemini_3_Flash,10,1,1,-1,3,A,0,explore,1,"Button 1 showed lower performance in this context (1, 1, -1) in trial 5, and buttons 0 and 2 have been tested in other contexts. I am choosing button 3 to gather data on its performance, as its reward function remains unknown.",44,B,C,D,A
3,LLM_Gemini_3_Flash,11,-1,-1,1,2,D,0,exploit,0,"In trial 9, with the same context as the current one (M: -1, K: -1, N: 1), button 2 yielded a high reward of 51 compared to button 0's 21 in trial 1. Button 2 consistently shows high performance in various contexts, making it the most reliable choice.",46,B,C,D,A
3,LLM_Gemini_3_Flash,12,-1,1,1,2,D,0,exploit,0,"Button 2 has consistently provided high rewards (46, 49, 51, 46) across varied contexts. Given the current signals (Mercury: -1, Krypton: 1, Nobelium: 1), Button 2 remains the most robust choice based on its performance history.",54,B,C,D,A
3,LLM_Gemini_3_Flash,13,1,1,-1,3,A,0,exploit,0,"Button 3 yielded a reward of 44 when the context was (Mercury: 1, Krypton: 1, Nobelium: -1) in trial 10, which matches the current context. Other buttons have shown lower or inconsistent performance in similar high-mercury, high-krypton scenarios.",46,B,C,D,A
3,LLM_Gemini_3_Flash,14,-1,1,1,2,D,0,exploit,0,"Button 2 has consistently provided high rewards across different context combinations, including when Krypton and Nobelium are both 1, as seen in trial 12 (reward of 54). Given the current context (-1, 1, 1), Button 2 is the most promising candidate based on past performance.",50,B,C,D,A
3,LLM_Gemini_3_Flash,15,1,-1,-1,2,D,0,exploit,0,"Button 2 has consistently yielded high rewards (46, 49, 51, 46, 54, 50) across varied context signals, suggesting it is a high-performing option regardless of the current Mercury: 1, Krypton: -1, Nobelium: -1 state.",42,B,C,D,A
3,LLM_Gemini_3_Flash,16,1,-1,1,2,D,0,exploit,0,"Button 2 has consistently provided high rewards across various contexts (rewards between 42 and 54). In the current context (Mercury: 1, Krypton: -1, Nobelium: 1), Button 2 has yielded strong results (49 in trial 8), outperforming the known performance of other buttons for this context.",50,B,C,D,A
3,LLM_Gemini_3_Flash,17,1,1,-1,3,A,0,exploit,0,"In trials 10 and 13, button 3 was chosen when the context was (Mercury: 1, Krypton: 1, Nobelium: -1), yielding high rewards of 44 and 46 respectively. Since the current context is exactly the same, I am exploiting the previously successful choice for this configuration.",45,B,C,D,A
3,LLM_Gemini_3_Flash,18,1,1,-1,3,A,0,exploit,0,"Based on trials 10, 13, and 17, button 3 has consistently yielded high rewards (44, 46, 45) when the context is Mercury: 1, Krypton: 1, Nobelium: -1. In contrast, button 1 yielded a low reward of 16 in trial 5 under the same context. Therefore, I am choosing button 3 as the most reliable option for this context.",54,B,C,D,A
3,LLM_Gemini_3_Flash,19,-1,1,1,2,D,0,exploit,0,"Button 2 consistently yields high rewards (around 50) regardless of the Mercury and Krypton signals, and specifically performed well in previous trials where Nobelium was 1. Given the current context (Mercury: -1, Krypton: 1, Nobelium: 1), Button 2 is the statistically superior choice based on historical performance.",42,B,C,D,A
3,LLM_Gemini_3_Flash,20,1,-1,1,2,D,0,exploit,0,"Button 2 has consistently provided high rewards (46, 49, 51, 46, 54, 50, 42, 50) across various contexts, and specifically performed well in the context of Mercury=1 and Nobelium=1 in trial 8 and 16, which matches the current context.",46,B,C,D,A
3,LLM_Gemini_3_Flash,21,1,1,-1,3,A,0,exploit,0,"Based on historical data for the context (Mercury: 1, Krypton: 1, Nobelium: -1), button 3 has consistently yielded high rewards (44, 46, 45, 54), making it the most reliable choice for this specific signal configuration.",53,B,C,D,A
3,LLM_Gemini_3_Flash,22,1,-1,1,2,D,0,exploit,0,"Based on the previous trials, button 2 has consistently provided high rewards when Nobelium is 1, specifically when Mercury is 1 and Krypton is -1 (e.g., trial 8 and 16, where it yielded 49 and 50). Button 3 appears to be optimal when Mercury=1 and Krypton=1, while button 2 dominates when Nobelium=1.",50,B,C,D,A
3,LLM_Gemini_3_Flash,23,1,1,-1,3,A,0,exploit,0,"Button 3 has consistently yielded high rewards (44, 46, 45, 54, 53) in the context of Mercury=1 and Krypton=1, regardless of the Nobelium signal. It clearly outperforms the other buttons for these specific input conditions.",57,B,C,D,A
3,LLM_Gemini_3_Flash,24,1,-1,-1,2,D,0,exploit,0,"Based on the trial history, Button 2 has consistently provided high rewards (42-54 range) when Mercury is 1 and Krypton is -1, regardless of the Nobelium signal. Button 3 performs well when Krypton is 1, and Button 1 performed poorly under the current context of Mercury=1, Krypton=-1. Button 2 remains the most reliable option for this context.",47,B,C,D,A
3,LLM_Gemini_3_Flash,25,-1,1,1,2,D,0,exploit,0,"Button 2 has consistently provided high rewards (40-54) regardless of context variations, particularly in contexts where Mercury=-1, Krypton=1, Nobelium=1. Button 3 performs well when Mercury=1 and Krypton=1, and Button 1 performed well only in specific Mercury=-1, Krypton=1 contexts. Given the current context (-1, 1, 1), Button 2 is the historically strongest performer.",52,B,C,D,A
3,LLM_Gemini_3_Flash,26,1,-1,1,2,D,0,exploit,0,"Analysis of the history shows that button 2 consistently yields high rewards (around 45-54) when Mercury is 1 and Nobelium is 1, regardless of the Krypton state. Since the current context has Mercury: 1, Krypton: -1, and Nobelium: 1, button 2 is the empirically strongest choice.",52,B,C,D,A
3,LLM_Gemini_3_Flash,27,-1,1,-1,1,C,0,exploit,0,"Based on the trial history, button 1 consistently yields high rewards (around 45-49) when the current context matches the 'Mercury: -1, Krypton: 1, Nobelium: -1' configuration observed in trials 2, 3, and 4. Button 2 performs well in other contexts, but button 1 is the most effective choice for this specific signal combination.",41,B,C,D,A
3,LLM_Gemini_3_Flash,28,1,-1,1,2,D,0,exploit,0,"Based on the historical data, Button 2 consistently provides high rewards (around 46-54) when the context includes Nobelium=1, regardless of Mercury or Krypton states. With the current context being Mercury=1, Krypton=-1, and Nobelium=1, Button 2 is the most reliable choice for maximizing reward.",43,B,C,D,A
3,LLM_Gemini_3_Flash,29,1,-1,-1,2,D,0,exploit,0,"Based on historical data, button 2 consistently yields high rewards (averaging around 45-50+) across various contexts, especially when Nobelium or Mercury are active, and it performed well in the specific Mercury=1, Krypton=-1, Nobelium=-1 context during trial 7 (reward 46) and 24 (reward 47).",43,B,C,D,A
3,LLM_Gemini_3_Flash,30,1,-1,1,2,D,0,exploit,0,"Based on the history, button 2 has consistently provided high rewards (40-54) when the context is (Mercury=1, Krypton=-1, Nobelium=1). Previous trials with this specific context (e.g., trials 8, 16, 20, 22, 26, 28) all show strong performance for button 2, making it the clear choice for exploitation.",57,B,C,D,A
3,LLM_Gemini_3_Flash,31,-1,1,1,2,D,0,exploit,0,"Button 2 has consistently provided high rewards (typically 42-54) when the context includes Nobelium = 1, regardless of the Mercury or Krypton values, as seen in trials 9, 11, 12, 14, 16, 20, 22, 25, 26, 28, and 30. Given the current context has Nobelium = 1, Button 2 is the most statistically reliable choice.",49,B,C,D,A
3,LLM_Gemini_3_Flash,32,1,-1,1,2,D,0,exploit,0,"In the current context (Mercury: 1, Krypton: -1, Nobelium: 1), Button 2 has consistently yielded high rewards (typically 43-57). It has proven to be the most reliable and high-performing choice under this specific set of conditions throughout the trial history.",54,B,C,D,A
3,LLM_Gemini_3_Flash,33,-1,-1,1,2,D,0,exploit,0,"Based on the historical data, button 2 has consistently provided high rewards across various contexts, particularly when Nobelium is 1 (as in the current context). Button 3 performs well when Mercury=1 and Krypton=1, and button 1 performs well when Krypton=1 and Nobelium=-1, but button 2 remains the most reliable performer in the current scenario (Mercury=-1, Krypton=-1, Nobelium=1).",51,B,C,D,A
3,LLM_Gemini_3_Flash,34,-1,1,-1,1,C,0,exploit,0,"Based on historical data, button 1 has shown a strong preference for Krypton=1 and Nobelium=-1, yielding high rewards (45, 49) in these conditions. Since the current context is Mercury=-1, Krypton=1, Nobelium=-1, button 1 is the most consistent and highest-performing choice identified for this specific configuration.",44,B,C,D,A
3,LLM_Gemini_3_Flash,35,-1,-1,1,2,D,0,exploit,0,"Based on the history, button 2 has consistently provided high rewards across various contexts, especially when Nobelium is 1. In previous trials with the same context (-1, -1, 1), button 2 has yielded consistently strong rewards (around 46-51), making it the most reliable choice.",46,B,C,D,A
3,LLM_Gemini_3_Flash,36,-1,-1,1,2,D,0,exploit,0,"Based on the history, button 2 consistently yields high rewards (typically in the 45-55 range) across various contexts, including the current context of Mercury: -1, Krypton: -1, Nobelium: 1, where it has previously yielded rewards of 51, 46, and 51.",47,B,C,D,A
3,LLM_Gemini_3_Flash,37,1,-1,-1,2,D,0,exploit,0,"Button 2 has consistently provided high rewards across various contexts, especially when Krypton or Nobelium values fluctuate, making it the most reliable performer in this context compared to the others.",58,B,C,D,A
3,LLM_Gemini_3_Flash,38,-1,1,-1,1,C,0,exploit,0,"Based on the historical data, Button 1 consistently yields high rewards (40-50 range) when the context is Mercury: -1 and Krypton: 1, regardless of Nobelium. Button 2 performs well in other contexts, particularly when Krypton is -1, but Button 1 is the optimal choice for the current signal configuration.",49,B,C,D,A
3,LLM_Gemini_3_Flash,39,1,1,-1,3,A,0,exploit,0,"Based on the trial history, button 3 has consistently yielded high rewards (44-57) when Mercury is 1 and Krypton is 1, regardless of Nobelium. Button 2 performs well in other contexts, but button 3 is clearly superior in the current Mercury: 1, Krypton: 1, Nobelium: -1 configuration.",42,B,C,D,A
3,LLM_Gemini_3_Flash,40,1,1,-1,3,A,0,exploit,0,"Based on the history, button 3 has consistently performed well when Mercury is 1 and Krypton is 1, with average rewards significantly higher than other options in this specific context (e.g., trials 10, 13, 17, 18, 21, 23, and 39). Even with some variance, it remains the optimal choice given the current context.",50,B,C,D,A
3,LLM_Gemini_3_Flash,41,-1,1,-1,1,C,0,exploit,0,"Based on historical data, button 1 consistently yields high rewards (40-49) when Mercury is -1 and Krypton is 1, regardless of Nobelium. Button 2 performs better under other conditions, but for the current context (Mercury=-1, Krypton=1, Nobelium=-1), button 1 is the established optimal choice.",63,B,C,D,A
3,LLM_Gemini_3_Flash,42,-1,1,1,2,D,0,exploit,0,"Button 2 has consistently yielded high rewards (typically 45-55) across a variety of contexts, particularly when Nobelium is 1. Given the current context (Mercury: -1, Krypton: 1, Nobelium: 1), Button 2 remains the most reliable option based on historical performance.",47,B,C,D,A
3,LLM_Gemini_3_Flash,43,-1,-1,1,2,D,0,exploit,0,"Based on historical data for the current context (Mercury: -1, Krypton: -1, Nobelium: 1), Button 2 consistently provides high rewards (averaging around 47-51), whereas Button 0 has shown very poor performance in this specific context.",50,B,C,D,A
3,LLM_Gemini_3_Flash,44,-1,-1,1,2,D,0,exploit,0,"Button 2 has consistently provided high rewards across various contexts, especially when Nobelium is 1. In the current context (Mercury: -1, Krypton: -1, Nobelium: 1), Button 2 has historically outperformed others in similar conditions.",51,B,C,D,A
3,LLM_Gemini_3_Flash,45,1,-1,1,2,D,0,exploit,0,"Based on historical data, button 2 consistently yields high rewards when the Nobelium signal is 1, regardless of the Mercury or Krypton values. Given the current context (Mercury: 1, Krypton: -1, Nobelium: 1), button 2 is the most reliable high-reward choice.",50,B,C,D,A
3,LLM_Gemini_3_Flash,46,-1,1,1,2,D,0,exploit,0,"Based on the history, button 2 consistently yields high rewards (typically 45-55) across various contexts, especially when Nobelium is 1. Given the current context (Mercury: -1, Krypton: 1, Nobelium: 1), button 2 has performed reliably as a top choice in similar situations, while button 1 and 3 show high variance or context-specific dependency (button 3 is best for Mercury: 1, Krypton: 1, button 1 is best for Mercury: -1, Krypton: 1, Nobelium: -1). Given Nobelium is 1, button 2 remains the most robust choice.",51,B,C,D,A
3,LLM_Gemini_3_Flash,47,1,-1,1,2,D,0,exploit,0,"Based on the history, button 2 consistently yields high rewards (typically 45-58) across various contexts, especially when Nobelium is 1 (as in the current context: Mercury: 1, Krypton: -1, Nobelium: 1). Button 3 performs well when Krypton is 1, and Button 1 when Krypton is 1, but button 2 is the most reliable performer for the current signal configuration.",49,B,C,D,A
3,LLM_Gemini_3_Flash,48,-1,1,1,2,D,0,exploit,0,"Button 2 has consistently yielded high returns across various contexts, particularly when Nobelium is 1, regardless of the Mercury or Krypton settings. Given the current context (Mercury: -1, Krypton: 1, Nobelium: 1), Button 2 remains the most reliable option based on historical performance.",52,B,C,D,A
3,LLM_Gemini_3_Flash,49,1,-1,-1,2,D,0,exploit,0,"Based on historical data, Button 2 consistently provides high rewards (averaging around 50) regardless of the context, particularly when the current context (Mercury: 1, Krypton: -1, Nobelium: -1) appears. In trials 7, 15, 24, 29, and 37, Button 2 showed strong performance under this specific signal configuration.",58,B,C,D,A
3,LLM_Gemini_3_Flash,50,-1,1,1,2,D,0,exploit,0,"Button 2 has consistently provided high rewards across various context combinations in the history, and based on the current context (Mercury: -1, Krypton: 1, Nobelium: 1), it is the most reliable choice to maximize profit.",51,B,C,D,A
4,LLM_Gemini_3_Flash,1,-1,1,-1,0,C,0,explore,1,"Since this is the first trial and I have no history, I am starting by exploring button 0 to establish a baseline for the reward in the current context.",61,C,D,B,A
4,LLM_Gemini_3_Flash,2,-1,1,-1,1,D,0,explore,1,"Button 0 was tested in the same context previously with a decent reward, but I need to explore the other buttons (1, 2, 3) in this specific context (-1, 1, -1) to determine which one offers the highest payout.",52,C,D,B,A
4,LLM_Gemini_3_Flash,3,-1,1,1,2,B,0,explore,1,"I have tested buttons 0 and 1, but I have not gathered any data on button 2 or 3 yet. Since the context has changed slightly (Nobelium is now 1), exploring button 2 will help differentiate the reward functions across the button set.",40,C,D,B,A
4,LLM_Gemini_3_Flash,4,1,-1,-1,3,A,1,explore,1,"Button 0 has shown potential, but the dataset is too limited to map the influence of Mercury, Krypton, and Nobelium accurately. I am choosing button 3 to gather data on its performance under the current context (1, -1, -1) to improve future decision-making.",91,C,D,B,A
4,LLM_Gemini_3_Flash,5,1,1,-1,3,A,0,explore,1,"Button 3 showed a strong reward of 91 in trial 4 when Mercury was 1 and Krypton was -1. Given the current context (Mercury 1, Krypton 1, Nobelium -1), exploring button 3 again allows me to test how it reacts to the change in the Krypton signal while leveraging its high potential yield.",46,C,D,B,A
4,LLM_Gemini_3_Flash,6,-1,1,1,0,C,1,explore,1,"Button 0 yielded 61 in a similar context (Mercury -1, Krypton 1, Nobelium -1). With current context (Mercury -1, Krypton 1, Nobelium 1), testing Button 0 again helps differentiate if the Nobelium signal affects its performance.",82,C,D,B,A
4,LLM_Gemini_3_Flash,7,1,-1,-1,3,A,1,exploit,0,"In trial 4, with the same context (Mercury: 1, Krypton: -1, Nobelium: -1), button 3 yielded a high reward of 91. This indicates it is the most promising option for this specific context.",78,C,D,B,A
4,LLM_Gemini_3_Flash,8,-1,1,1,0,C,1,exploit,0,"In trial 6, button 0 yielded a reward of 82 under the exact same context (Mercury -1, Krypton 1, Nobelium 1) as the current trial. In contrast, button 2 yielded a significantly lower reward of 40 under this same context in trial 3. Button 0 appears to have a strong positive correlation with this specific context combination.",75,C,D,B,A
4,LLM_Gemini_3_Flash,9,-1,1,1,0,C,1,exploit,0,"Button 0 has shown high performance (82, 75) in the current context (Mercury: -1, Krypton: 1, Nobelium: 1). Previous trials confirm this context yields better rewards on Button 0 than Button 2, which yielded a lower reward (40) under the same conditions.",74,C,D,B,A
4,LLM_Gemini_3_Flash,10,-1,1,-1,0,C,0,exploit,0,"In context (Mercury=-1, Krypton=1, Nobelium=-1), button 0 has yielded a reward of 61 in trial 1. Compared to trial 2 (also Mercury=-1, Krypton=1, Nobelium=-1) where button 1 yielded 52, button 0 is the strongest performer for this specific signal set observed so far.",58,C,D,B,A
4,LLM_Gemini_3_Flash,11,1,-1,-1,3,A,1,exploit,0,"Button 3 has shown high performance (91 and 78) under the context (Mercury=1, Krypton=-1, Nobelium=-1). Since the current context matches this specific signal set, I am choosing Button 3 again to exploit this observed high reward potential.",71,C,D,B,A
4,LLM_Gemini_3_Flash,12,-1,1,-1,0,C,0,exploit,0,"In trials 1 and 10 with the same context (-1, 1, -1), button 0 yielded rewards of 61 and 58, which were higher than the reward of 52 for button 1 in trial 2 under the same conditions. Button 0 consistently outperforms other buttons in this context.",47,C,D,B,A
4,LLM_Gemini_3_Flash,13,-1,-1,1,0,C,1,exploit,0,"Button 0 has shown consistent and strong performance (ranging 47-82) in various contexts, especially when Nobelium is high. Given the current context (Mercury: -1, Krypton: -1, Nobelium: 1), choosing 0 remains the most reliable strategy based on previous observations.",82,C,D,B,A
4,LLM_Gemini_3_Flash,14,-1,1,1,0,C,1,exploit,0,"In trials 3, 6, 8, and 9, button 0 consistently yielded high rewards (40, 82, 75, 74) when the context included Nobelium=1. Button 0 appears to have a strong positive correlation with the Nobelium signal in the current context (Mercury=-1, Krypton=1, Nobelium=1), making it the optimal choice for exploitation.",84,C,D,B,A
4,LLM_Gemini_3_Flash,15,-1,-1,1,0,C,1,exploit,0,"Button 0 has consistently performed well when Nobelium is 1 (trial 13, reward 82). Given the current context (Mercury: -1, Krypton: -1, Nobelium: 1) matches a successful scenario for button 0, I am exploiting this observation.",78,C,D,B,A
4,LLM_Gemini_3_Flash,16,1,-1,-1,3,A,1,exploit,0,"In trials 4, 7, and 11, button 3 was chosen when the context was Mercury: 1, Krypton: -1, Nobelium: -1, consistently yielding high rewards (91, 78, 71). Since the current context matches this exact pattern, exploiting button 3 is the most profitable choice based on the observed data.",75,C,D,B,A
4,LLM_Gemini_3_Flash,17,1,1,-1,0,C,0,exploit,0,"Button 0 has demonstrated consistently high rewards across various contexts, particularly when Nobelium is 1. While Button 3 has performed well in the Mercury=1, Krypton=-1 context, it yielded a low reward (46) in the current context (Mercury=1, Krypton=1, Nobelium=-1) at trial 5, suggesting Button 0 is the safer and likely higher-performing choice for this specific context.",24,C,D,B,A
4,LLM_Gemini_3_Flash,18,-1,-1,1,0,C,1,exploit,0,"Button 0 has shown consistently high performance when Nobelium is 1, specifically yielding rewards of 82 and 78 in contexts with Mercury -1, Krypton -1, and Nobelium 1, which matches the current context.",92,C,D,B,A
4,LLM_Gemini_3_Flash,19,1,1,-1,1,D,0,explore,1,"Button 0 has shown high rewards when Krypton is 1 or Nobelium is 1, but performed poorly (24) in the current context (Mercury: 1, Krypton: 1, Nobelium: -1). Button 3 shows high performance when Mercury: 1 and Krypton: -1, but low performance when Krypton: 1. I need to explore Button 1 or 2 as alternatives for this context since Button 0 and 3 are underperforming here.",44,C,D,B,A
4,LLM_Gemini_3_Flash,20,-1,1,-1,0,C,0,exploit,0,"Button 0 has demonstrated consistent performance when the Krypton signal is 1 and Mercury is -1, often yielding rewards in the 47-84 range. Other buttons have generally performed worse under similar or known conditions, and button 0 remains the most reliable option based on historical data for this context.",51,C,D,B,A
4,LLM_Gemini_3_Flash,21,-1,1,1,0,C,1,exploit,0,"Button 0 has consistently delivered strong rewards (avg ~70+) in contexts where Nobelium or Krypton are active, particularly showing high performance in previous trials with this context (Mercury -1, Krypton 1, Nobelium 1). It is currently the highest-performing button in my history for this set of signals.",78,C,D,B,A
4,LLM_Gemini_3_Flash,22,-1,-1,1,0,C,1,exploit,0,"Button 0 has consistently delivered high rewards in the current context (Mercury: -1, Krypton: -1, Nobelium: 1), with observed rewards of 82, 78, and 92. It appears to be the optimal choice under these conditions.",72,C,D,B,A
4,LLM_Gemini_3_Flash,23,1,-1,1,3,A,1,exploit,0,"Button 3 has shown strong performance in scenarios where Mercury is 1 and Krypton is -1. Specifically, in trials 4, 7, 11, and 16, Button 3 consistently provided high rewards when this configuration appeared, making it the most reliable choice for the current context.",91,C,D,B,A
4,LLM_Gemini_3_Flash,24,1,1,-1,1,D,0,explore,1,"Button 0 has performed poorly when Mercury=1, Krypton=1, Nobelium=-1 (Trials 5 and 17). Button 3 showed high rewards when Mercury=1, Krypton=-1, but only 46 in the current context. Since buttons 1 and 2 are underexplored in this specific context, I am choosing button 1 to see if it yields better results than button 0 or 3.",45,C,D,B,A
4,LLM_Gemini_3_Flash,25,1,1,-1,1,D,0,exploit,0,"Based on the observed history, Button 0 performs poorly when Mercury is 1 and Krypton is 1. Button 3's performance is significantly better when Krypton is -1. With Mercury=1, Krypton=1, and Nobelium=-1, Button 1 has consistently shown moderate performance compared to the alternatives for this specific context, making it the most reliable choice among the options tested.",59,C,D,B,A
4,LLM_Gemini_3_Flash,26,-1,1,-1,0,C,0,exploit,0,"Based on the history, button 0 consistently provides moderate to high rewards when Krypton is 1, and it significantly outperforms others in contexts where Mercury is -1 and Krypton is 1, despite the variance.",49,C,D,B,A
4,LLM_Gemini_3_Flash,27,1,-1,1,3,A,1,exploit,0,"Button 3 has shown consistently high performance when Mercury is 1, regardless of Krypton's state (seen in trials 4, 7, 11, 16, 23). Given the current context (Mercury: 1, Krypton: -1, Nobelium: 1), Button 3 remains the strongest candidate based on historical performance.",74,C,D,B,A
4,LLM_Gemini_3_Flash,28,-1,1,-1,0,C,0,exploit,0,"Button 0 has consistently performed well in contexts where Nobelium is 1 (averaging ~80) and performs moderately when Mercury is -1 and Krypton is 1, even if the reward is lower (~50-60). Given Button 3 is clearly tied to Mercury=1 and Button 1/2 have lower recorded performance, Button 0 remains the most reliable option for the current state.",43,C,D,B,A
4,LLM_Gemini_3_Flash,29,-1,1,-1,0,C,0,exploit,0,"Button 0 has been the most consistent performer across various contexts involving Krypton 1. While its performance varies, it consistently yields moderate rewards in the current context (Mercury -1, Krypton 1, Nobelium -1), and other buttons have either shown lower performance or insufficient data to justify switching.",60,C,D,B,A
4,LLM_Gemini_3_Flash,30,-1,1,-1,0,C,0,exploit,0,"Button 0 has shown consistent performance in the context of Mercury=-1 and Krypton=1, typically yielding rewards in the 40s to 60s range. While Button 3 performs better in other contexts, it is not consistently superior here. I am exploiting the best-known option for this current context.",45,C,D,B,A
4,LLM_Gemini_3_Flash,31,-1,-1,1,0,C,1,exploit,0,"Button 0 has consistently performed well in the context of Nobelium=1, regardless of Mercury or Krypton states. Specifically, when the context is Mercury=-1, Krypton=-1, Nobelium=1, Button 0 has yielded high rewards (82, 78, 92, 72). Given this trend, choosing 0 is the most likely to maximize current profit.",79,C,D,B,A
4,LLM_Gemini_3_Flash,32,1,-1,1,3,A,1,exploit,0,"Button 3 has consistently shown high rewards (71-91) when Mercury is 1, regardless of the Krypton signal. Given the current context is Mercury: 1, Krypton: -1, Nobelium: 1, button 3 is the strongest candidate for exploitation based on historical performance in similar configurations.",79,C,D,B,A
4,LLM_Gemini_3_Flash,33,1,1,-1,1,D,0,exploit,0,"Based on the observed history for context (1, 1, -1), button 0 yielded low rewards (24), while button 1 provided consistent moderate returns (44, 45, 59). Button 3 has high volatility and seems tied to other contexts, so I am exploiting button 1 which appears to be the most stable performer for this specific context.",52,C,D,B,A
4,LLM_Gemini_3_Flash,34,-1,-1,1,0,C,1,exploit,0,"Historical data shows Button 0 consistently provides high rewards (72-92) when Nobelium is 1, regardless of other signals. In the current context (Mercury: -1, Krypton: -1, Nobelium: 1), Button 0 has a strong established track record of performance.",81,C,D,B,A
4,LLM_Gemini_3_Flash,35,-1,1,-1,0,C,0,exploit,0,"Based on historical data, button 0 has shown consistent performance in this context (Mercury -1, Krypton 1, Nobelium -1), yielding moderate rewards compared to other buttons. Given the history of exploitation of button 0 in this specific context, it remains the most reliable choice.",54,C,D,B,A
4,LLM_Gemini_3_Flash,36,1,1,-1,1,D,0,exploit,0,"In the current context (Mercury: 1, Krypton: 1, Nobelium: -1), previous trials (19, 24, 25, 33) consistently show that Button 1 yields moderate rewards, whereas Button 0 has historically performed poorly (Trial 17: 24 reward) under these specific conditions. Given that Button 1 consistently outperforms Button 0 in this specific signal configuration, I am choosing to exploit Button 1.",39,C,D,B,A
4,LLM_Gemini_3_Flash,37,-1,1,1,0,C,1,exploit,0,"Based on historical data, button 0 consistently provides high rewards (70-90 range) when the Nobelium signal is 1, regardless of the Mercury or Krypton values. Given the current context (Nobelium 1), button 0 is the most reliable choice for maximizing profit.",79,C,D,B,A
4,LLM_Gemini_3_Flash,38,-1,1,1,0,C,1,exploit,0,"Button 0 has consistently delivered high rewards in contexts where Nobelium is 1, such as in trial 6, 8, 9, 14, 21, and 37. Given the current context (Mercury: -1, Krypton: 1, Nobelium: 1), Button 0 remains the most reliable choice.",80,C,D,B,A
4,LLM_Gemini_3_Flash,39,1,-1,-1,3,A,1,exploit,0,"Based on the history, button 3 has consistently performed well when Mercury is 1, specifically yielding rewards in the 70-90 range, which is significantly higher than button 0 or 1 in this context.",83,C,D,B,A
4,LLM_Gemini_3_Flash,40,1,-1,-1,3,A,1,exploit,0,"Based on historical data, button 3 has consistently provided high rewards (ranging from 71 to 91) when Mercury is 1 and Krypton is -1. Despite the variation in Nobelium, button 3 remains the strongest performer in this specific context.",82,C,D,B,A
4,LLM_Gemini_3_Flash,41,1,-1,1,3,A,1,exploit,0,"The current context is Mercury: 1, Krypton: -1, Nobelium: 1. Historical data shows that button 3 consistently performs very well when Mercury is 1 and Krypton is -1, regardless of Nobelium, often yielding rewards in the 70s-90s range. Previous trials where Mercury=1 and Krypton=-1 (trials 4, 7, 11, 16, 23, 27, 32, 39, 40) confirm button 3 is the superior choice for this specific context.",76,C,D,B,A
4,LLM_Gemini_3_Flash,42,1,1,-1,1,D,0,exploit,0,"Based on the observed history for the context where Mercury=1 and Krypton=1, button 1 consistently yields a higher expected reward than button 0, which performs poorly under these conditions. Button 3 is primarily associated with scenarios where Krypton is -1, and button 2 remains under-explored but historically inferior in similar contexts.",51,C,D,B,A
4,LLM_Gemini_3_Flash,43,-1,1,-1,0,C,0,exploit,0,"Based on historical data for the context (Mercury: -1, Krypton: 1, Nobelium: -1), button 0 generally yields moderate to high rewards (ranging from 43-61 in this specific context) compared to the limited data on other buttons for this configuration. Button 3 performs significantly better when Mercury is 1 and Krypton is -1, and button 1 performs better when Mercury is 1 and Krypton is 1, so button 0 remains the most reliable choice for this specific signal set.",42,C,D,B,A
4,LLM_Gemini_3_Flash,44,-1,-1,1,0,C,1,exploit,0,"Based on historical data, button 0 shows a strong performance when Nobelium is 1 (average rewards consistently >75), regardless of the state of Mercury or Krypton. Since the current context has Nobelium at 1, choosing button 0 is the most reliable strategy to maximize reward.",72,C,D,B,A
4,LLM_Gemini_3_Flash,45,-1,1,1,0,C,1,exploit,0,"Based on historical data, Button 0 consistently provides high rewards (70-90 range) when Mercury is -1 and Nobelium is 1, or when Mercury is -1 regardless of other signals. Given the current context (Mercury: -1, Krypton: 1, Nobelium: 1), Button 0 has demonstrated a strong performance in this specific state.",81,C,D,B,A
4,LLM_Gemini_3_Flash,46,-1,1,-1,0,C,0,exploit,0,"Button 0 has shown consistent performance in contexts where Mercury is -1. Even when Krypton is 1 and Nobelium is -1, Button 0 has yielded rewards in the 40-60 range, which is the most reliable option currently observed for this specific context configuration.",59,C,D,B,A
4,LLM_Gemini_3_Flash,47,1,-1,-1,3,A,1,exploit,0,"Button 3 has consistently performed well when Mercury is 1 and Krypton is -1, yielding rewards in the 70s-90s range in previous trials (e.g., trials 4, 7, 11, 16, 39, 40). Button 0 performs poorly under these conditions, and Button 3 is the most reliable choice for this specific context.",74,C,D,B,A
4,LLM_Gemini_3_Flash,48,1,-1,-1,3,A,1,exploit,0,"Based on historical data, button 3 has shown consistently high performance when Mercury is 1 and Krypton is -1, regardless of Nobelium. The current context matches this profile perfectly, making button 3 the optimal choice for exploitation.",82,C,D,B,A
4,LLM_Gemini_3_Flash,49,-1,1,1,0,C,1,exploit,0,"Based on historical data, button 0 consistently performs very well (averaging 70-85) when Nobelium is 1, regardless of the Mercury signal. Since the current context has Nobelium=1 and Mercury=-1, button 0 is the highest expected value choice compared to buttons 1, 2, or 3.",78,C,D,B,A
4,LLM_Gemini_3_Flash,50,-1,-1,1,0,C,1,exploit,0,"Based on historical data, Button 0 shows a strong positive correlation with Nobelium=1, consistently yielding high rewards (70-90+ range) when Nobelium is on. In the current context (Mercury=-1, Krypton=-1, Nobelium=1), Button 0 is the highest expected value performer.",94,C,D,B,A
5,LLM_Gemini_3_Flash,1,-1,-1,1,0,C,1,explore,1,"Since this is the first trial, I have no prior information about the reward functions associated with the context signals. I am choosing button 0 as an initial exploratory step to start gathering data on the relationship between signals and rewards.",76,C,A,D,B
5,LLM_Gemini_3_Flash,2,1,1,-1,1,A,0,explore,1,"Since I have only tested button 0 once, I have no information about the rewards for buttons 1, 2, and 3. I am choosing button 1 to begin mapping the reward functions for the other options.",50,C,A,D,B
5,LLM_Gemini_3_Flash,3,-1,1,1,2,D,0,explore,1,"I have limited data from only two trials (Button 0 gave 76 in one context, Button 1 gave 50 in another). I need to sample Button 2 to understand its reward profile in the current context where Mercury is -1, Krypton is 1, and Nobelium is 1.",48,C,A,D,B
5,LLM_Gemini_3_Flash,4,1,-1,1,3,B,0,explore,1,"I have explored buttons 0, 1, and 2 in varied contexts with mixed results. Button 3 remains the only unexplored option, so I am choosing it to gather information on its reward function under the current context of Mercury=1, Krypton=-1, Nobelium=1.",32,C,A,D,B
5,LLM_Gemini_3_Flash,5,-1,-1,1,0,C,1,exploit,0,"In trial 1, with the exact same context (Mercury: -1, Krypton: -1, Nobelium: 1), button 0 returned a reward of 76, which is the highest reward observed so far in the history, indicating it is the optimal choice for this specific context.",80,C,A,D,B
5,LLM_Gemini_3_Flash,6,1,1,-1,0,C,0,exploit,0,"Button 0 has consistently yielded the highest rewards (76 and 80) across trials, significantly outperforming other buttons. Given the current context (1, 1, -1), I am choosing to exploit the strongest performing arm discovered so far.",15,C,A,D,B
5,LLM_Gemini_3_Flash,7,-1,1,1,0,C,1,exploit,0,"Button 0 has shown consistent performance in trials 1 and 5 when the context was (Mercury:-1, Krypton:-1, Nobelium:1), yielding high rewards. Although it performed poorly in trial 6 under different conditions, I am testing its performance again in this context to see if it remains the superior choice.",76,C,A,D,B
5,LLM_Gemini_3_Flash,8,1,-1,-1,0,C,0,exploit,0,"Button 0 has consistently yielded high rewards (76, 80, 15, 76) across various contexts. In trials where Mercury was -1, the rewards were very high (76, 80, 76), while the reward dropped to 15 when Mercury was 1 and Krypton was 1. Given the current context (Mercury: 1, Krypton: -1, Nobelium: -1), I will exploit Button 0 as it appears to be the most promising option based on the observed trends.",21,C,A,D,B
5,LLM_Gemini_3_Flash,9,-1,1,-1,0,C,0,exploit,0,"Button 0 has consistently yielded high rewards (76, 80, 76) when Mercury is -1, regardless of Krypton or Nobelium values. Given the current context (Mercury: -1, Krypton: 1, Nobelium: -1), choosing button 0 is the strategy most likely to maximize reward.",58,C,A,D,B
5,LLM_Gemini_3_Flash,10,-1,-1,1,0,C,1,exploit,0,"Button 0 has consistently yielded high rewards (76, 80, 76, 58) when Nobelium or other signals are present, performing significantly better than other observed button outcomes in similar contexts. Given the current context (-1, -1, 1), Button 0 remains the strongest candidate based on historical performance.",86,C,A,D,B
5,LLM_Gemini_3_Flash,11,1,-1,1,0,C,0,exploit,0,"Button 0 has consistently delivered high rewards (ranging from 58 to 86) when Mercury is -1, regardless of other signals. In the current context (Mercury: 1, Krypton: -1, Nobelium: 1), Button 0 has previously shown lower performance when Mercury is 1 (15 or 21). However, I need to test Button 0 again under these specific conditions to see if it remains the best choice or if I should switch to others like Button 3, which yielded 32 in a similar scenario.",45,C,A,D,B
5,LLM_Gemini_3_Flash,12,-1,1,1,0,C,1,exploit,0,"Button 0 has consistently demonstrated high returns when Mercury is -1, regardless of the Krypton/Nobelium signals. Given the current context (Mercury: -1, Krypton: 1, Nobelium: 1), Button 0 is the most reliable performer based on historical data.",84,C,A,D,B
5,LLM_Gemini_3_Flash,13,-1,1,-1,0,C,0,exploit,0,"Button 0 has consistently delivered high rewards in various contexts, especially when Mercury is -1, regardless of the other variables, suggesting it is the most reliable high-performing button.",49,C,A,D,B
5,LLM_Gemini_3_Flash,14,1,-1,-1,1,A,1,explore,1,"Button 0 has been heavily explored and shows significant variability based on signals, often yielding lower rewards when Mercury is 1 and Krypton is -1. I will explore Button 1 to establish a baseline for the current context (Mercury: 1, Krypton: -1, Nobelium: -1) as my previous data for Button 1 is insufficient.",86,C,A,D,B
5,LLM_Gemini_3_Flash,15,1,1,-1,1,A,0,exploit,0,"Button 1 showed a high reward (86) when Mercury=1, Krypton=-1, Nobelium=-1. In the current context (Mercury=1, Krypton=1, Nobelium=-1), Button 0 has consistently underperformed (15 in trial 6). Since Button 1 showed potential and Button 0 is weak in this context, exploiting Button 1 is a logical step while monitoring its performance compared to previous trials.",60,C,A,D,B
5,LLM_Gemini_3_Flash,16,-1,1,-1,0,C,0,exploit,0,"Button 0 has consistently yielded strong results when Mercury is -1 and Krypton is 1, regardless of the Nobelium state, making it the most reliable choice for the current context (Mercury: -1, Krypton: 1, Nobelium: -1).",55,C,A,D,B
5,LLM_Gemini_3_Flash,17,1,-1,1,1,A,1,exploit,0,"Button 1 showed a very high reward of 86 when Mercury=1, Krypton=-1, Nobelium=-1. In the current context (Mercury=1, Krypton=-1, Nobelium=1), button 1 is the most promising candidate based on past performance trends, as button 0 has shown inconsistency under these specific signal configurations.",80,C,A,D,B
5,LLM_Gemini_3_Flash,18,-1,1,1,0,C,1,exploit,0,"Button 0 has consistently performed well (averaging ~80) when Mercury is -1 and Nobelium is 1, regardless of the Krypton signal. Given the current context (Mercury: -1, Krypton: 1, Nobelium: 1), Button 0 is the strongest candidate based on historical performance.",84,C,A,D,B
5,LLM_Gemini_3_Flash,19,1,1,-1,1,A,0,exploit,0,"Button 1 has shown a strong performance in the context (Mercury: 1, Krypton: 1, Nobelium: -1) with rewards of 50 and 60, and it has also performed well in other contexts (e.g., 86, 80). Button 0 has consistently shown low rewards (15) for the current context (1, 1, -1), making Button 1 the most reliable choice.",52,C,A,D,B
5,LLM_Gemini_3_Flash,20,1,1,-1,1,A,0,exploit,0,"Based on historical data, button 1 consistently yields higher rewards (around 50-60) when Mercury=1 and Krypton=1, compared to button 0 which performed poorly (15) under the same conditions in trial 6. Given the current context (Mercury: 1, Krypton: 1, Nobelium: -1), button 1 is the most reliable choice.",47,C,A,D,B
5,LLM_Gemini_3_Flash,21,-1,-1,1,0,C,1,exploit,0,"Button 0 has consistently delivered high rewards (76, 80, 86, 84) when Mercury is -1 and Nobelium is 1, as evidenced in multiple trials. The current context matches this configuration perfectly.",83,C,A,D,B
5,LLM_Gemini_3_Flash,22,-1,1,1,0,C,1,exploit,0,"Button 0 has consistently demonstrated high returns when the context involves Mercury = -1 and Nobelium = 1, yielding rewards in the 76-86 range. Given the current context matches this pattern, exploiting button 0 is the optimal strategy.",76,C,A,D,B
5,LLM_Gemini_3_Flash,23,-1,-1,1,0,C,1,exploit,0,"Button 0 has consistently delivered high rewards (76, 80, 86, 83) when Mercury is -1 and Nobelium is 1, which matches the current context.",74,C,A,D,B
5,LLM_Gemini_3_Flash,24,-1,-1,1,0,C,1,exploit,0,"Button 0 consistently yields high rewards (74-86) when Mercury is -1 and Nobelium is 1, as shown in trials 1, 5, 10, 21, and 23. This pattern is robust for the current context.",81,C,A,D,B
5,LLM_Gemini_3_Flash,25,1,-1,1,1,A,1,exploit,0,"Button 1 has shown strong performance (80 reward) in the previous instance of this specific context (Mercury 1, Krypton -1, Nobelium 1) in trial 17. While button 0 is consistent, it performs best when Mercury is -1 and Nobelium is 1, so button 1 is the better choice for the current context.",74,C,A,D,B
5,LLM_Gemini_3_Flash,26,-1,1,-1,0,C,0,exploit,0,"Button 0 has consistently delivered high rewards (55-86) when Mercury is -1, especially when combined with Nobelium being 1, but it also performs reasonably well in the current context (Mercury -1, Krypton 1, Nobelium -1). Button 0 remains the most reliable high-yield option observed so far.",46,C,A,D,B
5,LLM_Gemini_3_Flash,27,-1,1,1,0,C,1,exploit,0,"Button 0 has consistently demonstrated high rewards (74-86) when Mercury is -1 and Nobelium is 1, regardless of Krypton. Since the current context is Mercury: -1, Krypton: 1, Nobelium: 1, Button 0 is the strongest performer based on historical data.",67,C,A,D,B
5,LLM_Gemini_3_Flash,28,-1,1,1,0,C,1,exploit,0,"Button 0 has consistently demonstrated high performance (avg ~75-85) when Mercury is -1 and Nobelium is 1, regardless of the Krypton signal. Given the current context is Mercury: -1, Krypton: 1, Nobelium: 1, Button 0 is the most reliable option based on historical performance.",92,C,A,D,B
5,LLM_Gemini_3_Flash,29,-1,-1,1,0,C,1,exploit,0,"Button 0 has consistently delivered high rewards (74-92) when the context is (Mercury: -1, Krypton: -1, Nobelium: 1). Given this strong historical performance, it is the optimal choice for the current context.",76,C,A,D,B
5,LLM_Gemini_3_Flash,30,-1,1,-1,0,C,0,exploit,0,"Button 0 has consistently shown strong performance when Nobelium is 1, and it remains the best-performing button for most observed contexts, including the current one.",57,C,A,D,B
5,LLM_Gemini_3_Flash,31,-1,1,-1,0,C,0,exploit,0,"Button 0 has consistently delivered the highest rewards across multiple contexts, especially when Nobelium is 1. In the current context (Mercury: -1, Krypton: 1, Nobelium: -1), Button 0 has maintained a solid performance base. While Button 1 shows strength in Mercury: 1 scenarios, Button 0 remains the most reliable performer in this context based on historical data.",50,C,A,D,B
5,LLM_Gemini_3_Flash,32,1,-1,1,1,A,1,exploit,0,"Button 1 has shown a strong preference for positive Mercury signals, particularly in combination with negative Krypton signals (as seen in trials 14, 17, and 25), consistently yielding high rewards. In the current context (Mercury: 1, Krypton: -1, Nobelium: 1), Button 1 is the most promising option.",87,C,A,D,B
5,LLM_Gemini_3_Flash,33,1,1,-1,1,A,0,exploit,0,"Button 1 has consistently shown higher performance than Button 0 in contexts where Mercury=1, especially when Krypton and Nobelium are mixed. In the current context (Mercury: 1, Krypton: 1, Nobelium: -1), Button 1 has yielded reasonable rewards in the past (around 50-60), while Button 0 has shown very poor performance (e.g., 15) under similar conditions.",48,C,A,D,B
5,LLM_Gemini_3_Flash,34,1,1,-1,1,A,0,exploit,0,"Button 1 has consistently shown higher rewards than Button 0 in trials where Mercury is 1 and Krypton is 1, specifically yielding results in the 47-60 range, whereas Button 0 has yielded as low as 15 in this configuration. Although Button 1's performance is moderate, it remains the most reliable option for this context given the history.",39,C,A,D,B
5,LLM_Gemini_3_Flash,35,1,1,-1,1,A,0,exploit,0,"Based on historical data, button 1 consistently yields higher rewards (40-80+) when Mercury=1, regardless of other signals, whereas button 0 performs poorly (15-20) under these specific conditions. Given the current context (Mercury=1, Krypton=1, Nobelium=-1), button 1 is the optimal choice.",50,C,A,D,B
5,LLM_Gemini_3_Flash,36,-1,1,-1,0,C,0,exploit,0,"Button 0 has consistently shown strong performance when the signals match the current context (Mercury: -1, Krypton: 1, Nobelium: -1). Historical data for Button 0 under (Mercury -1, Krypton 1, Nobelium -1) shows a reliable range of reward values around 50-60, which remains the best-known option compared to other buttons for these specific conditions.",44,C,A,D,B
5,LLM_Gemini_3_Flash,37,-1,-1,1,0,C,1,exploit,0,"Based on the history, button 0 consistently provides high rewards (averaging 70-80+) when Mercury is -1 and Nobelium is 1, regardless of the Krypton signal. Button 1 performs better when Mercury is 1, but for the current context (Mercury: -1, Krypton: -1, Nobelium: 1), button 0 is the strongest performer.",75,C,A,D,B
5,LLM_Gemini_3_Flash,38,-1,-1,1,0,C,1,exploit,0,"Based on the history, button 0 consistently yields high rewards when Nobelium is 1, regardless of Mercury or Krypton states. Specifically, with the context [-1, -1, 1], button 0 has consistently provided rewards in the 74-86 range, making it the highest-performing choice for this specific context.",87,C,A,D,B
5,LLM_Gemini_3_Flash,39,-1,-1,1,0,C,1,exploit,0,"Button 0 has consistently delivered high rewards in the current context (Mercury: -1, Krypton: -1, Nobelium: 1), with average returns significantly higher than other options observed in similar conditions.",89,C,A,D,B
5,LLM_Gemini_3_Flash,40,-1,1,1,0,C,1,exploit,0,"Based on the history, button 0 consistently provides high rewards (70-90 range) when Mercury is -1, regardless of the other signals. Given the current context where Mercury is -1, button 0 remains the most reliable and high-performing choice.",79,C,A,D,B
5,LLM_Gemini_3_Flash,41,1,-1,1,1,A,1,exploit,0,"Based on the history, button 1 consistently yields high rewards (74, 80, 86, 87) when Mercury is 1 and Krypton is -1, regardless of the Nobelium value. Button 0 performs poorly under these specific signal conditions.",83,C,A,D,B
5,LLM_Gemini_3_Flash,42,-1,1,1,0,C,1,exploit,0,"Based on the history, button 0 consistently provides high rewards (70-90) when Mercury is -1 and Nobelium is 1, regardless of the Krypton signal. Given the current context (Mercury: -1, Krypton: 1, Nobelium: 1), button 0 is the optimal choice.",76,C,A,D,B
5,LLM_Gemini_3_Flash,43,1,-1,-1,1,A,1,exploit,0,"Based on historical data, button 1 consistently performs well when Mercury is 1 and Krypton is -1 (e.g., trials 14, 17, 25, 32, 41), yielding high rewards between 74 and 87. Given the current context (Mercury: 1, Krypton: -1, Nobelium: -1), button 1 is the most reliable choice.",89,C,A,D,B
5,LLM_Gemini_3_Flash,44,1,-1,1,1,A,1,exploit,0,"Based on historical data, button 1 consistently performs well when Mercury is 1 and Krypton is -1 (e.g., trials 14, 17, 25, 32, 41), yielding high rewards in the 70-90 range, whereas button 0 yields significantly lower rewards under those conditions.",75,C,A,D,B
5,LLM_Gemini_3_Flash,45,1,-1,1,1,A,1,exploit,0,"Based on the history, button 1 consistently performs very well (averaging over 75) when Mercury is 1 and Krypton is -1, regardless of the Nobelium value. Given the current context (Mercury: 1, Krypton: -1, Nobelium: 1), button 1 is the optimal choice.",74,C,A,D,B
5,LLM_Gemini_3_Flash,46,1,1,-1,1,A,0,exploit,0,"Based on historical data, button 1 consistently yields high rewards (averaging 70-80) when the Mercury signal is 1 and the Krypton signal is -1, regardless of the Nobelium signal. Button 0 performs poorly when Mercury is 1, so button 1 is the clear choice for maximizing profit in the current context (Mercury: 1, Krypton: 1, Nobelium: -1). Although the previous reward for button 1 in this exact context was lower (around 50), it is still statistically the most viable option compared to button 0 which yielded 15-20 in similar scenarios.",43,C,A,D,B
5,LLM_Gemini_3_Flash,47,1,-1,-1,1,A,1,exploit,0,"Based on historical data, Button 1 shows high rewards (consistently in the 70-90 range) when Mercury is 1 and Krypton is -1, regardless of the Nobelium value. In the current context (Mercury: 1, Krypton: -1, Nobelium: -1), Button 1 is the statistically superior choice compared to the others observed.",79,C,A,D,B
5,LLM_Gemini_3_Flash,48,1,1,-1,1,A,0,exploit,0,"Based on historical data, button 1 consistently yields high rewards (averaging around 70-80) when Mercury=1 and Krypton=-1, regardless of the Nobelium value. Button 0 consistently underperforms when Mercury=1, so choosing button 1 is the optimal exploitation strategy for this context.",51,C,A,D,B
5,LLM_Gemini_3_Flash,49,1,-1,1,1,A,1,exploit,0,"Based on historical data, button 1 consistently yields high rewards when Mercury is 1 and Krypton is -1, regardless of the Nobelium signal. Given the current context (Mercury: 1, Krypton: -1, Nobelium: 1), button 1 is the optimal choice.",84,C,A,D,B
5,LLM_Gemini_3_Flash,50,-1,-1,1,0,C,1,exploit,0,"Based on historical data, button 0 consistently provides high rewards (around 75-90) when Mercury is -1 and Nobelium is 1. Button 1 performs significantly better when Mercury is 1 and Krypton is -1. Since the current context has Mercury = -1 and Nobelium = 1, button 0 is the optimal choice.",78,C,A,D,B
6,LLM_Gemini_3_Flash,1,-1,-1,1,0,A,0,explore,1,"This is the first trial, so I have no prior history to determine the reward functions. I am starting by exploring button 0 to establish a baseline for the current context.",52,A,B,C,D
6,LLM_Gemini_3_Flash,2,1,-1,-1,1,B,0,explore,1,"Since I only have one data point from trial 1 (Button 0 with reward 52), I need to explore other buttons to understand their response to the current context signals (Mercury: 1, Krypton: -1, Nobelium: -1). Testing Button 1 will provide a new data point to begin mapping the reward functions.",49,A,B,C,D
6,LLM_Gemini_3_Flash,3,-1,1,1,2,C,1,explore,1,"I have very limited history (two trials) which is insufficient to determine the reward functions. I am choosing button 2 to gather data on a new option while the context signals are Mercury:-1, Krypton:1, Nobelium:1.",83,A,B,C,D
6,LLM_Gemini_3_Flash,4,-1,-1,1,0,A,0,exploit,0,"In trial 1, with the same context signals (-1, -1, 1), button 0 returned a reward of 52. Given the limited history, choosing this button again to exploit its known positive performance in this specific context is the most logical step while monitoring other buttons in later trials.",50,A,B,C,D
6,LLM_Gemini_3_Flash,5,1,-1,-1,1,B,0,exploit,0,"In trial 2, the same context (Mercury: 1, Krypton: -1, Nobelium: -1) yielded a reward of 49 from button 1. Given the limited data and the fact that this specific context has already been tested with button 1, I will exploit this known outcome.",47,A,B,C,D
6,LLM_Gemini_3_Flash,6,1,-1,-1,1,B,0,exploit,0,"Button 1 has consistently yielded rewards around 47-49 in this specific context (Mercury=1, Krypton=-1, Nobelium=-1). Given the current context matches my previous trials with Button 1, I am exploiting this known high-reward option.",49,A,B,C,D
6,LLM_Gemini_3_Flash,7,-1,1,-1,3,D,0,explore,1,"I have explored buttons 0, 1, and 2, but button 3 remains unknown. I will explore button 3 to determine its reward function and potentially identify if it performs better under this context than the known buttons.",50,A,B,C,D
6,LLM_Gemini_3_Flash,8,-1,-1,1,2,C,1,exploit,0,"In trial 3, with Mercury=-1, Krypton=1, Nobelium=1, button 2 yielded a high reward of 83. While the current context is Mercury=-1, Krypton=-1, Nobelium=1, buttons 0 has shown consistent but lower rewards (avg ~51) compared to the potential of other arms. I am exploiting the evidence that button 2 has a high potential payoff and testing it against this specific context to confirm if its high performance scales.",80,A,B,C,D
6,LLM_Gemini_3_Flash,9,1,-1,-1,1,B,0,exploit,0,"Button 1 has consistently yielded rewards around 48-49 in this specific context (Mercury=1, Krypton=-1, Nobelium=-1). Given the historical performance, it is the most reliable option compared to other buttons whose performance in this specific context remains less clear.",45,A,B,C,D
6,LLM_Gemini_3_Flash,10,-1,1,-1,2,C,0,exploit,0,"Button 2 has demonstrated significantly higher rewards (83 and 80) across different contexts compared to other buttons, suggesting it is the high-value arm. Since the context Krypton=1 is present, I will exploit button 2.",60,A,B,C,D
6,LLM_Gemini_3_Flash,11,1,-1,1,2,C,0,exploit,0,"Button 2 has consistently provided high rewards (83, 80, 60) compared to buttons 0 (around 50) and 1 (around 47) across various contexts. In trial 8, button 2 performed well with Nobelium=1, which matches the current context.",52,A,B,C,D
6,LLM_Gemini_3_Flash,12,-1,1,-1,2,C,0,exploit,0,"Button 2 has consistently provided the highest returns (80-83) when Nobelium is 1, and even performed moderately well (60) when Nobelium was -1 and Krypton was 1, suggesting it is highly sensitive to Nobelium and Krypton. Given the current context (Krypton 1, Nobelium -1), Button 2 remains the most promising candidate based on historical performance.",51,A,B,C,D
6,LLM_Gemini_3_Flash,13,-1,1,-1,2,C,0,exploit,0,"Based on the history, button 2 has consistently provided high rewards when Krypton is 1 or when Nobelium is 1, regardless of Mercury. In trial 10 and 12, with Krypton=1 and Nobelium=-1, button 2 outperformed button 3. Given the current context (Krypton=1, Nobelium=-1), button 2 is the most promising choice.",44,A,B,C,D
6,LLM_Gemini_3_Flash,14,-1,1,1,2,C,1,exploit,0,"In trial 3, Button 2 yielded 83 with the same context (-1, 1, 1). Button 2 has consistently provided the highest rewards across various contexts in the history, making it the most reliable choice.",74,A,B,C,D
6,LLM_Gemini_3_Flash,15,1,1,-1,2,C,0,exploit,0,"Button 2 has consistently provided the highest average returns, particularly when signals like Nobelium are high. Given the current context (Mercury: 1, Krypton: 1, Nobelium: -1), Button 2 remains the most reliable performer in my observations.",24,A,B,C,D
6,LLM_Gemini_3_Flash,16,1,-1,-1,2,C,0,exploit,0,"Button 2 has consistently provided the highest observed rewards in varied contexts, particularly showing strong performance in historical data. Although recent trials show variance, it remains the most promising option compared to the stagnant rewards observed from Button 1.",24,A,B,C,D
6,LLM_Gemini_3_Flash,17,-1,-1,1,2,C,1,exploit,0,"Button 2 has consistently provided the highest rewards in this specific context (Mercury: -1, Krypton: -1, Nobelium: 1), with previous rewards of 80 in trial 8 and 52 in trial 1 when the same context was present (or similar settings). While it has performed poorly in other contexts, it is clearly the optimal choice for this specific signal configuration.",85,A,B,C,D
6,LLM_Gemini_3_Flash,18,-1,1,1,2,C,1,exploit,0,"Button 2 has consistently provided high rewards (83, 80, 74, 85) when Nobelium is 1, regardless of the other signals, whereas it drops significantly when Nobelium is -1 (24). Given the current context has Nobelium = 1, Button 2 is the clear optimal choice.",85,A,B,C,D
6,LLM_Gemini_3_Flash,19,-1,1,1,2,C,1,exploit,0,"Button 2 consistently yields high rewards (74, 83, 85, 85) when Nobelium is 1, regardless of the other signals, making it the highest expected performer for the current context (Mercury: -1, Krypton: 1, Nobelium: 1).",74,A,B,C,D
6,LLM_Gemini_3_Flash,20,-1,-1,1,2,C,1,exploit,0,"Button 2 consistently yields high rewards (80+) when the Nobelium signal is 1, regardless of the Mercury or Krypton signals. In the current context (Nobelium=1), it is the statistically superior choice based on historical data.",79,A,B,C,D
6,LLM_Gemini_3_Flash,21,1,-1,-1,1,B,0,explore,1,"Button 2 has consistently underperformed when Mercury is 1 (Trials 15, 16). Since the current context has Mercury=1 and Krypton/Nobelium=-1, I am exploring Button 1 again to see if it remains a consistent, if low-variance, performer compared to the potentially volatile outcomes of Button 2 under these specific conditions.",55,A,B,C,D
6,LLM_Gemini_3_Flash,22,1,-1,-1,1,B,0,exploit,0,"Button 1 has consistently yielded rewards in the 45-55 range when Mercury is 1 and Krypton/Nobelium are -1. Button 2, while sometimes higher, shows significant variance (dropping as low as 24) when the context is Mercury=1, Krypton=-1, Nobelium=-1. Therefore, Button 1 is the most stable and reliable choice for this specific context.",53,A,B,C,D
6,LLM_Gemini_3_Flash,23,-1,-1,1,2,C,1,exploit,0,"Button 2 has consistently provided high rewards (79-85) when Nobelium is 1, regardless of the Krypton state. In the current context (Mercury: -1, Krypton: -1, Nobelium: 1), Button 2 is the clear high-reward option based on historical performance.",83,A,B,C,D
6,LLM_Gemini_3_Flash,24,1,-1,-1,1,B,0,exploit,0,"Based on historical data for context (Mercury=1, Krypton=-1, Nobelium=-1), Button 1 has consistently yielded rewards in the 45-55 range, whereas Button 2 showed very poor performance (24) under similar conditions. I am exploiting the consistent performance of Button 1.",51,A,B,C,D
6,LLM_Gemini_3_Flash,25,1,-1,-1,1,B,0,exploit,0,"Based on the historical data, Button 1 consistently yields rewards around 45-55 when Mercury is 1 and Krypton/Nobelium are -1. Button 2 has shown significant performance degradation (dropping to ~24) under these specific context conditions, despite being highly productive in other contexts. Therefore, Button 1 is the most reliable choice for this specific context.",45,A,B,C,D
6,LLM_Gemini_3_Flash,26,1,-1,1,2,C,0,exploit,0,"Button 2 has consistently provided high rewards (typically 75-85) when Nobelium is 1, regardless of Mercury or Krypton status, making it the most reliable performer in this context.",53,A,B,C,D
6,LLM_Gemini_3_Flash,27,1,-1,1,2,C,0,exploit,0,"Button 2 has consistently provided high rewards when Nobelium is 1, specifically yielding results in the 74-85 range in previous trials with this signal. Given the current context of Nobelium = 1, I am exploiting button 2 as it historically outperforms the others in this configuration.",62,A,B,C,D
6,LLM_Gemini_3_Flash,28,1,-1,1,2,C,0,exploit,0,"Button 2 has consistently provided high rewards when Nobelium is 1, regardless of Mercury. In previous trials with similar contexts (e.g., trials 11, 26, 27 where Mercury=1 and Nobelium=1), button 2 yielded reliable rewards, making it the superior choice compared to button 1, which consistently yields lower rewards around 50.",42,A,B,C,D
6,LLM_Gemini_3_Flash,29,1,-1,1,2,C,0,exploit,0,"Button 2 has consistently provided the highest average reward when Nobelium is 1, despite recent variations. Given the current context (Mercury: 1, Krypton: -1, Nobelium: 1), Button 2 remains the strongest candidate compared to Button 1 (which performs better when Nobelium is -1) and Button 0/3 (which have yielded lower returns).",58,A,B,C,D
6,LLM_Gemini_3_Flash,30,1,-1,1,2,C,0,exploit,0,"Button 2 appears to have a strong positive correlation with Nobelium (as seen in trials 8, 17, 18, 20, 23 where Nobelium=1). Given the current context has Nobelium=1, button 2 remains the most consistent high-yield option, even with slight variability.",55,A,B,C,D
6,LLM_Gemini_3_Flash,31,1,1,-1,1,B,1,exploit,0,"Button 1 has consistently yielded rewards around 45-55 when Mercury is 1 and Krypton is -1. Button 2 has shown a very strong dependency on Nobelium (performing well when Nobelium is 1, but poorly when it is -1, as seen in trials 15, 16, and 30). Given the current context (Mercury: 1, Krypton: 1, Nobelium: -1), Button 2 is risky due to the negative Nobelium, and Button 1 is the most stable choice based on the observed data pattern.",71,A,B,C,D
6,LLM_Gemini_3_Flash,32,1,1,-1,1,B,1,exploit,0,"Button 2 has been consistently poor (reward around 24-30) when Mercury=1 and Krypton=1. Conversely, in trial 31, Button 1 yielded 71 when the context was (Mercury: 1, Krypton: 1, Nobelium: -1). Given the current context is (1, 1, -1), Button 1 is the most promising choice.",81,A,B,C,D
6,LLM_Gemini_3_Flash,33,1,-1,1,2,C,0,exploit,0,"Button 2 consistently shows higher reward potential when Nobelium is 1, as evidenced in trials 3, 8, 14, 17, 18, 20, 23, and others where it averaged significantly higher than other buttons under similar conditions. Given the current context (Mercury: 1, Krypton: -1, Nobelium: 1), Button 2 is the historically strongest performer for these signals.",51,A,B,C,D
6,LLM_Gemini_3_Flash,34,1,-1,-1,1,B,0,exploit,0,"Based on the history, button 1 consistently yields rewards in the range of 45-81 when Mercury is 1, specifically performing very well when Krypton is 1. Conversely, button 2 has performed poorly (rewards around 24) when Mercury is 1 and Krypton is -1. Therefore, button 1 is the most reliable choice for this context.",53,A,B,C,D
6,LLM_Gemini_3_Flash,35,1,-1,-1,1,B,0,exploit,0,"Based on the history, button 1 consistently yields rewards in the 45-55 range when Mercury is 1, Krypton is -1, and Nobelium is -1 (Trials 2, 5, 6, 9, 21, 22, 24, 25, 34). Button 2, while sometimes high, has shown significantly lower performance in this specific context (e.g., Trial 16 with a reward of 24). Button 1 is the most reliable choice for this specific context.",53,A,B,C,D
6,LLM_Gemini_3_Flash,36,-1,1,-1,2,C,0,exploit,0,"Button 2 has consistently provided high rewards when Nobelium is 1 (often 70-85 range). Although its performance varies with Mercury, it remains the most promising option compared to Button 1, which performs better when Krypton is 1 but fluctuates significantly when Mercury and Nobelium are off.",44,A,B,C,D
6,LLM_Gemini_3_Flash,37,1,-1,-1,1,B,0,exploit,0,"Looking at the historical data, Button 1 consistently provides a reward around 50 when Mercury is 1 and Krypton/Nobelium are -1. While Button 2 has shown higher rewards in other contexts (e.g., when Nobelium is 1), it has performed poorly in the (1, -1, -1) context in Trial 16. Therefore, exploiting Button 1 is the most reliable option for this context.",56,A,B,C,D
6,LLM_Gemini_3_Flash,38,1,-1,-1,1,B,0,exploit,0,"Looking at the historical data, button 1 consistently yields rewards around 45-56 when Mercury is 1 and Krypton/Nobelium are -1. Given that Button 2 has shown high volatility and occasionally very low rewards in similar contexts, Button 1 is the most stable and reliable choice for this specific context.",54,A,B,C,D
6,LLM_Gemini_3_Flash,39,1,-1,1,2,C,0,exploit,0,"Button 2 has consistently demonstrated higher rewards when Nobelium is 1, regardless of the Mercury state. Given the current context (Mercury 1, Krypton -1, Nobelium 1), Button 2 is expected to perform better than Button 1, which performs poorly with Nobelium 1.",53,A,B,C,D
6,LLM_Gemini_3_Flash,40,-1,-1,1,2,C,1,exploit,0,"Button 2 has consistently provided high rewards when Nobelium is 1, regardless of Mercury or Krypton values, especially in context (-1, -1, 1). With the current context being (-1, -1, 1), Button 2 remains the statistically strongest choice based on historical performance.",76,A,B,C,D
6,LLM_Gemini_3_Flash,41,-1,-1,1,2,C,1,exploit,0,"Button 2 has consistently provided high rewards (ranging from 74 to 85) when Mercury is -1 and Nobelium is 1, regardless of Krypton, which matches the current context.",88,A,B,C,D
6,LLM_Gemini_3_Flash,42,-1,1,-1,2,C,0,exploit,0,"Button 2 consistently demonstrates high performance (rewards 70s-80s) when Nobelium is 1, regardless of the Mercury/Krypton signals. Given the current context where Button 2 is historically superior in similar contexts (like trials 8, 14, 17, 18, 20, 23, 40, 41), it remains the most profitable choice.",47,A,B,C,D
6,LLM_Gemini_3_Flash,43,-1,-1,1,2,C,1,exploit,0,"Button 2 has consistently provided high rewards (typically 75-88) when Nobelium is 1, regardless of the other context values, making it the highest-performing option for the current context.",85,A,B,C,D
6,LLM_Gemini_3_Flash,44,-1,-1,1,2,C,1,exploit,0,"Based on historical data, button 2 consistently yields high rewards (70-88) when the context includes Mercury: -1 and Nobelium: 1, regardless of Krypton's state. Other buttons have historically shown lower performance under similar contexts.",71,A,B,C,D
6,LLM_Gemini_3_Flash,45,1,1,-1,1,B,1,exploit,0,"Based on historical data (trials 31 and 32), when Mercury=1 and Krypton=1 (regardless of Nobelium, though Nobelium was -1 in those high-reward cases), button 1 yielded significantly higher returns (71-81) compared to button 2 in similar high Mercury contexts.",80,A,B,C,D
6,LLM_Gemini_3_Flash,46,-1,1,-1,2,C,0,exploit,0,"Button 2 has consistently provided high rewards (70-80+) when Nobelium is 1, regardless of the other signals. Given the current context where Mercury=-1, Krypton=1, Nobelium=-1, Button 2 has shown variable but moderate performance, and historically it remains one of the stronger performers compared to buttons 0, 1, and 3 in similar configurations.",55,A,B,C,D
6,LLM_Gemini_3_Flash,47,1,1,-1,1,B,1,exploit,0,"Based on the history, Button 1 yields significantly higher rewards when Mercury=1 and Krypton=1, regardless of Nobelium (-1). Trials 31, 32, and 45 confirm this with consistent high rewards, whereas Button 2 underperforms in this context.",82,A,B,C,D
6,LLM_Gemini_3_Flash,48,1,-1,1,2,C,0,exploit,0,"Button 2 consistently provides high rewards (70-85 range) when Nobelium is 1, regardless of the other signals. Since the current context has Nobelium = 1, Button 2 remains the most reliable choice.",47,A,B,C,D
6,LLM_Gemini_3_Flash,49,-1,1,-1,2,C,0,exploit,0,"Based on historical data, button 2 consistently performs well when Nobelium is 1 (regardless of other signals) or when Krypton is 1 with Nobelium is 1. Given the current context (Mercury: -1, Krypton: 1, Nobelium: -1), button 2 has shown moderate to high performance in similar conditions, and it is the most reliable option compared to the underperforming button 1 and unknown/low-yield alternatives.",51,A,B,C,D
6,LLM_Gemini_3_Flash,50,1,1,-1,1,B,1,exploit,0,"Based on the observed history, Button 1 performs significantly better when Krypton is 1, regardless of the Mercury state. In trials 31, 32, 45, and 47, where Mercury=1 and Krypton=1, Button 1 yielded consistently high rewards (avg ~78.5). Since the current context is Mercury=1, Krypton=1, Nobelium=-1, Button 1 is the optimal choice.",83,A,B,C,D
7,LLM_Gemini_3_Flash,1,-1,-1,1,0,B,0,explore,1,"This is the first trial of the game. I have no prior information about the reward functions of the buttons. I am choosing button 0 to establish a baseline for the reward in the current context (Mercury: -1, Krypton: -1, Nobelium: 1).",24,B,A,D,C
7,LLM_Gemini_3_Flash,2,-1,1,1,1,A,0,explore,1,"I have only tested button 0 once. To differentiate the reward functions of the buttons under the current context (Mercury: -1, Krypton: 1, Nobelium: 1), I need to explore other buttons to build a map of the expected rewards.",28,B,A,D,C
7,LLM_Gemini_3_Flash,3,1,1,-1,2,D,0,explore,1,"I have very limited data points (only trials 1 and 2). Button 0 and Button 1 have been tested once each, while Buttons 2 and 3 remain untested. I will explore Button 2 to start mapping its performance against the current context (Mercury: 1, Krypton: 1, Nobelium: -1).",51,B,A,D,C
7,LLM_Gemini_3_Flash,4,-1,-1,1,0,B,0,exploit,0,"In trial 1, with the same context signals (-1, -1, 1), button 0 yielded a reward of 24. Since I have limited information, exploiting the known successful arm for this specific context is the most logical choice at this stage to maximize return.",20,B,A,D,C
7,LLM_Gemini_3_Flash,5,1,-1,-1,3,C,0,explore,1,"I have data on buttons 0, 1, and 2, but button 3 remains untested. To optimize, I need to establish a baseline for button 3, especially since button 2 showed promise when Mercury and Krypton were 1. Exploring 3 now allows for better future decision-making.",19,B,A,D,C
7,LLM_Gemini_3_Flash,6,-1,1,-1,1,A,0,explore,1,"Trial 2 showed button 1 yielded a reward of 28 when Krypton was 1, which is a promising return. Given the current context (Mercury -1, Krypton 1, Nobelium -1), exploring button 1 again allows me to test its sensitivity to the Krypton signal compared to other options while building on previous data.",27,B,A,D,C
7,LLM_Gemini_3_Flash,7,-1,1,-1,1,A,0,exploit,0,"Button 1 has shown consistent performance (27-28 reward) in trials 2 and 6 when Krypton is 1, regardless of the Mercury or Nobelium signal values, making it the most reliable choice for the current context (Mercury -1, Krypton 1, Nobelium -1).",21,B,A,D,C
7,LLM_Gemini_3_Flash,8,1,1,-1,2,D,0,exploit,0,"In trial 3, with the context [1, 1, -1] (Mercury=1, Krypton=1, Nobelium=-1), button 2 yielded a high reward of 51. Since the current context matches that exact state, I am exploiting this known high-performing arm.",53,B,A,D,C
7,LLM_Gemini_3_Flash,9,1,1,-1,2,D,0,exploit,0,"In trials 3 and 8, the context (Mercury: 1, Krypton: 1, Nobelium: -1) yielded consistently high rewards (51 and 53) when button 2 was chosen. Since the current context matches this exact pattern, I am exploiting this known high-reward button.",47,B,A,D,C
7,LLM_Gemini_3_Flash,10,1,-1,1,2,D,0,exploit,0,"Button 2 has consistently provided high rewards (avg ~50) when Krypton is 1. Although the current context (Mercury: 1, Krypton: -1, Nobelium: 1) differs from previous observations for Button 2, its strong performance suggests it is likely the most profitable arm overall compared to the lower observed rewards of the other buttons.",35,B,A,D,C
7,LLM_Gemini_3_Flash,11,-1,-1,1,2,D,0,exploit,0,"Button 2 has consistently provided the highest rewards across various contexts, significantly outperforming others. Given the current context (M:-1, K:-1, N:1) and the observed performance history, Button 2 is the most reliable choice.",41,B,A,D,C
7,LLM_Gemini_3_Flash,12,-1,-1,1,2,D,0,exploit,0,"Button 2 has consistently provided the highest rewards across various contexts, including 41 in the most recent trial with the current context (-1, -1, 1). It is significantly outperforming buttons 0, 1, and 3, making it the most reliable choice.",49,B,A,D,C
7,LLM_Gemini_3_Flash,13,-1,1,-1,2,D,0,exploit,0,"Button 2 has consistently provided high rewards across various context signals compared to buttons 0, 1, and 3, which showed lower performance in earlier trials. In the current context (Mercury: -1, Krypton: 1, Nobelium: -1), I am confident that exploiting button 2 will yield the highest expected return.",48,B,A,D,C
7,LLM_Gemini_3_Flash,14,1,1,-1,2,D,0,exploit,0,"Button 2 has consistently provided significantly higher rewards than the other buttons across all tested contexts, even when signals change. Given the history of high performance (47-53 in similar contexts), it is the most logical choice to maximize reward.",50,B,A,D,C
7,LLM_Gemini_3_Flash,15,-1,-1,1,2,D,0,exploit,0,"Button 2 has consistently provided the highest rewards across various contexts (averaging around 45-50), significantly outperforming Button 0, 1, and 3 in the previous trials. Given the current context (-1, -1, 1), Button 2 remains the most reliable option based on historical performance.",47,B,A,D,C
7,LLM_Gemini_3_Flash,16,1,-1,1,2,D,0,exploit,0,"Button 2 consistently yields significantly higher rewards (40-50 range) compared to other buttons across various contexts, suggesting it has a high base reward regardless of the input signals.",45,B,A,D,C
7,LLM_Gemini_3_Flash,17,1,1,-1,2,D,0,exploit,0,"Button 2 has consistently provided significantly higher rewards than other buttons across multiple contexts, frequently yielding rewards in the 45-53 range regardless of the current signals. Given that the current context (Mercury: 1, Krypton: 1, Nobelium: -1) aligns with historical trials where Button 2 performed very well, exploitation is the optimal strategy.",50,B,A,D,C
7,LLM_Gemini_3_Flash,18,1,-1,-1,2,D,0,exploit,0,"Button 2 has consistently provided significantly higher rewards across various contexts compared to other buttons, regardless of the signal configuration. Given the established strong performance of Button 2, exploiting this option is the most rational choice for maximizing profit.",38,B,A,D,C
7,LLM_Gemini_3_Flash,19,1,-1,1,2,D,0,exploit,0,"Button 2 has consistently yielded the highest rewards (ranging from 35-53) across various contexts, significantly outperforming other buttons tested, even in the current context (Mercury: 1, Krypton: -1, Nobelium: 1) where it previously provided a reward of 45.",43,B,A,D,C
7,LLM_Gemini_3_Flash,20,-1,1,1,2,D,0,exploit,0,"Button 2 has consistently provided the highest rewards across various context signals, showing significantly better performance than buttons 0, 1, or 3. Given its strong track record in past trials, it is the most reliable choice for maximizing profit in the current context.",55,B,A,D,C
7,LLM_Gemini_3_Flash,21,1,1,-1,2,D,0,exploit,0,"Button 2 has consistently yielded high rewards (ranging from 35 to 55) across various context combinations in previous trials. Even when context signals varied, Button 2 has outperformed the limited data we have for buttons 0, 1, and 3, making it the most reliable choice for current context [1, 1, -1].",47,B,A,D,C
7,LLM_Gemini_3_Flash,22,-1,-1,1,2,D,0,exploit,0,"Button 2 has consistently provided significantly higher rewards than other buttons across all context variations in the history. Given its superior performance regardless of the signals, I will continue to exploit it.",46,B,A,D,C
7,LLM_Gemini_3_Flash,23,1,1,-1,2,D,0,exploit,0,"Button 2 has consistently provided the highest rewards across various contexts compared to other buttons, often yielding rewards near or above 50. Given the current context (Mercury 1, Krypton 1, Nobelium -1), where Button 2 has historically performed very well, exploiting this choice is the optimal strategy.",49,B,A,D,C
7,LLM_Gemini_3_Flash,24,1,-1,-1,2,D,0,exploit,0,"Button 2 has consistently outperformed other buttons across a wide variety of contexts in the history, with rewards typically in the 40-55 range regardless of the signals. Given the high performance observed, I will continue to exploit button 2.",43,B,A,D,C
7,LLM_Gemini_3_Flash,25,1,-1,1,2,D,0,exploit,0,"Button 2 has consistently provided high rewards (consistently in the 40-55 range) across all context variations tested, significantly outperforming buttons 0, 1, and 3 in the provided history. Given its stable and high performance, I will continue to exploit it.",46,B,A,D,C
7,LLM_Gemini_3_Flash,26,-1,-1,1,2,D,0,exploit,0,"Button 2 has consistently provided the highest rewards across all variations of the context signals compared to buttons 0, 1, and 3. Given the performance history, it is the most reliable choice for maximizing profit.",49,B,A,D,C
7,LLM_Gemini_3_Flash,27,1,-1,1,2,D,0,exploit,0,Button 2 has consistently provided high rewards (consistently in the 40s and 50s) across all varied context inputs observed so far. It appears to be the most reliable and highest-performing option regardless of the current context.,53,B,A,D,C
7,LLM_Gemini_3_Flash,28,1,-1,1,2,D,0,exploit,0,"Button 2 has consistently provided significantly higher rewards (averaging around 45-50) compared to buttons 0, 1, or 3 across all contexts tested, suggesting it is the optimal arm regardless of the specific signal configuration.",46,B,A,D,C
7,LLM_Gemini_3_Flash,29,-1,1,1,2,D,0,exploit,0,"Button 2 has consistently provided significantly higher rewards (averaging 45-50+) across all contexts compared to other buttons, establishing it as the most reliable high-reward option regardless of the current context.",51,B,A,D,C
7,LLM_Gemini_3_Flash,30,1,-1,1,2,D,0,exploit,0,"Button 2 has consistently provided significantly higher rewards (often in the 40s and 50s) across all varied context signals compared to the initial trials of buttons 0, 1, and 3. Given the consistent performance, I will continue to exploit button 2.",42,B,A,D,C
7,LLM_Gemini_3_Flash,31,1,-1,1,2,D,0,exploit,0,"Button 2 has consistently provided high rewards across all context combinations, often significantly outperforming other buttons in the trials where they were compared. Given the high consistency and the current context, choosing button 2 is the most reliable strategy.",54,B,A,D,C
7,LLM_Gemini_3_Flash,32,-1,1,-1,2,D,0,exploit,0,"Button 2 has consistently provided high rewards across all observed contexts, averaging significantly higher than other buttons tested, regardless of the signal variations. Given its dominance in past trials, it is the safest choice to maximize expected rewards.",51,B,A,D,C
7,LLM_Gemini_3_Flash,33,-1,-1,1,2,D,0,exploit,0,"Button 2 has consistently provided the highest rewards across all tested context combinations throughout the game, significantly outperforming buttons 0, 1, and 3 in the provided history. Given the current context, I will continue to exploit button 2.",49,B,A,D,C
7,LLM_Gemini_3_Flash,34,-1,-1,1,2,D,0,exploit,0,"Based on the extensive history, button 2 consistently yields high rewards (typically 40-55) regardless of the context signals, significantly outperforming the other buttons sampled early on. Given the current signals, sticking with button 2 is the optimal strategy to maximize total profit.",53,B,A,D,C
7,LLM_Gemini_3_Flash,35,1,1,-1,2,D,0,exploit,0,"Based on the extensive history, button 2 consistently yields high rewards (typically in the 45-55 range) across all combinations of context signals, outperforming the other buttons tested early in the game. I will continue to exploit this high-performing button.",45,B,A,D,C
7,LLM_Gemini_3_Flash,36,-1,-1,1,2,D,0,exploit,0,"Button 2 has consistently provided the highest rewards (typically between 40-55) across all contexts encountered so far, making it the most reliable and profitable choice.",36,B,A,D,C
7,LLM_Gemini_3_Flash,37,1,-1,-1,2,D,0,exploit,0,"Based on the extensive history, button 2 consistently provides high rewards (averaging 45-50) regardless of the context, making it the most reliable choice compared to the limited data on other buttons.",42,B,A,D,C
7,LLM_Gemini_3_Flash,38,-1,1,-1,2,D,0,exploit,0,"Based on the extensive history, button 2 consistently provides rewards in the range of 35-55 across all context variations, which is significantly higher than the limited samples seen from other buttons. Given the historical performance, it remains the optimal choice for any context configuration.",47,B,A,D,C
7,LLM_Gemini_3_Flash,39,1,-1,-1,2,D,0,exploit,0,"Button 2 has consistently provided high rewards across nearly all contexts observed in the history. Given its superior performance compared to buttons 0, 1, and 3 in various configurations, I will continue to exploit button 2.",55,B,A,D,C
7,LLM_Gemini_3_Flash,40,1,-1,-1,2,D,0,exploit,0,"Button 2 has consistently provided the highest average rewards across almost all contexts encountered so far, significantly outperforming buttons 0, 1, and 3. Given the history of high yields for button 2, it remains the optimal choice for the current context.",55,B,A,D,C
7,LLM_Gemini_3_Flash,41,1,-1,1,2,D,0,exploit,0,"Based on the extensive history from trial 8 to 40, button 2 has consistently provided high rewards across all combinations of context signals, often ranging from 35 to 55, significantly outperforming the initial performance observed for other buttons.",55,B,A,D,C
7,LLM_Gemini_3_Flash,42,1,-1,-1,2,D,0,exploit,0,"Button 2 has consistently provided high rewards across all observed contexts in the history, significantly outperforming buttons 0, 1, and 3 in my previous trials. Given its robust performance, I am confident in continuing to exploit this button for the current context.",50,B,A,D,C
7,LLM_Gemini_3_Flash,43,-1,1,1,2,D,0,exploit,0,"Button 2 has consistently provided high rewards (typically 40-55) regardless of the context signals throughout the history, making it the most reliable choice compared to the limited data on other buttons which showed significantly lower performance early on.",42,B,A,D,C
7,LLM_Gemini_3_Flash,44,1,-1,1,2,D,0,exploit,0,"Button 2 has consistently provided high rewards across various context combinations throughout the game history, proving it is the most reliable and highest-performing button. Given that I have already spent the majority of the trials validating Button 2's effectiveness, I am confident in exploiting it for the current context.",59,B,A,D,C
7,LLM_Gemini_3_Flash,45,-1,1,-1,2,D,0,exploit,0,"Button 2 has consistently provided high rewards across almost all contexts tested since trial 11. Given the strength and consistency of the rewards from button 2 compared to the other options, it is the clear choice to maximize expected reward.",46,B,A,D,C
7,LLM_Gemini_3_Flash,46,1,-1,-1,2,D,0,exploit,0,"Button 2 has consistently provided high rewards across various context combinations throughout the game history, making it the most reliable choice for maximizing profit regardless of the current context.",47,B,A,D,C
7,LLM_Gemini_3_Flash,47,1,1,-1,2,D,0,exploit,0,"Based on the extensive historical data, Button 2 has consistently provided high rewards across all combinations of context signals, consistently outperforming Buttons 0, 1, and 3. I am confident it offers the highest expected value.",53,B,A,D,C
7,LLM_Gemini_3_Flash,48,1,-1,1,2,D,0,exploit,0,"Button 2 has consistently provided high rewards across all observed context variations throughout the game history, significantly outperforming other buttons. Given that I have strong evidence it is the optimal choice regardless of the current context, I am choosing to exploit it.",45,B,A,D,C
7,LLM_Gemini_3_Flash,49,-1,1,-1,2,D,0,exploit,0,"Button 2 has consistently provided the highest average reward across nearly all contexts observed in the history. Given the high performance and reliability of button 2 throughout the trials, I will continue to exploit this option.",46,B,A,D,C
7,LLM_Gemini_3_Flash,50,1,1,-1,2,D,0,exploit,0,"Button 2 has consistently provided high rewards across almost all contexts in the history provided, often significantly outperforming other buttons. Given that I have already established it as a reliable, high-yield performer regardless of the specific signal configuration, I will continue to exploit it.",49,B,A,D,C
8,LLM_Gemini_3_Flash,1,-1,1,-1,0,B,1,explore,1,"This is the first trial, so I need to explore different buttons to begin mapping the reward functions based on the current context of Mercury=-1, Krypton=1, and Nobelium=-1.",84,B,A,C,D
8,LLM_Gemini_3_Flash,2,1,-1,-1,1,A,1,explore,1,"I have only tested button 0 once. To identify the underlying reward structure of the mining locations, I need to sample other buttons. Button 1 is the next logical choice to gather information about its reward function relative to the current context (Mercury: 1, Krypton: -1, Nobelium: -1).",71,B,A,C,D
8,LLM_Gemini_3_Flash,3,-1,1,-1,0,B,1,exploit,0,"In trial 1, with the same context (Mercury: -1, Krypton: 1, Nobelium: -1), button 0 returned a reward of 84. Since this is a high reward and matches the current context, I am exploiting button 0.",80,B,A,C,D
8,LLM_Gemini_3_Flash,4,1,-1,1,1,A,1,exploit,0,"Trial 2 showed button 1 yielded a reward of 71 when Mercury was 1, Krypton was -1, and Nobelium was -1. Since the current context (Mercury 1, Krypton -1, Nobelium 1) is very similar, and I have not seen enough performance for button 2 or 3, I am exploiting button 1 based on the initial observation of its relative stability compared to button 0.",78,B,A,C,D
8,LLM_Gemini_3_Flash,5,1,-1,1,1,A,1,exploit,0,"In trial 4, button 1 yielded a reward of 78 under the same context (Mercury 1, Krypton -1, Nobelium 1) as the current trial. Given the consistency of that performance compared to the historical data, I am choosing to exploit button 1.",76,B,A,C,D
8,LLM_Gemini_3_Flash,6,-1,1,1,0,B,0,exploit,0,"Button 0 has shown consistent performance in trials 1 and 3 where Krypton was 1, yielding high rewards. Given the current context (Mercury -1, Krypton 1, Nobelium 1), choosing 0 seems optimal to maximize profit based on established performance.",50,B,A,C,D
8,LLM_Gemini_3_Flash,7,-1,-1,1,2,C,1,explore,1,"Button 0 shows high performance when Krypton is 1 but lower when Nobelium is 1. Button 1 performs moderately well across mixed contexts. Button 2 and 3 remain unexplored; given the current signals (-1, -1, 1), testing Button 2 is necessary to establish a baseline for its performance in this specific context.",77,B,A,C,D
8,LLM_Gemini_3_Flash,8,1,-1,-1,1,A,1,exploit,0,"Button 1 has consistently yielded rewards around 71-78 in contexts where Mercury is 1, regardless of Nobelium. In the current context (Mercury 1, Krypton -1, Nobelium -1), Button 1 is the strongest candidate based on historical performance.",82,B,A,C,D
8,LLM_Gemini_3_Flash,9,-1,1,-1,0,B,1,exploit,0,"Button 0 has consistently yielded high rewards (80-84) when Mercury is -1 and Krypton is 1, regardless of Nobelium. Since the current context matches these parameters, Button 0 is the most likely to maximize reward.",79,B,A,C,D
8,LLM_Gemini_3_Flash,10,1,-1,1,1,A,1,exploit,0,"Button 1 has consistently yielded rewards in the high 70s and low 80s when Mercury is 1 and Krypton is -1, regardless of Nobelium's state. Button 0 performs well when Mercury is -1 and Krypton is 1. Given the current context (Mercury 1, Krypton -1, Nobelium 1), Button 1 is the statistically optimal choice.",79,B,A,C,D
8,LLM_Gemini_3_Flash,11,1,1,-1,1,A,0,exploit,0,"Button 1 has consistently shown high reward values (71, 78, 76, 82, 79) across various Mercury and Krypton settings when Nobelium alternates. Given the current context (Mercury: 1, Krypton: 1, Nobelium: -1) and Button 1's demonstrated performance in similar scenarios, it remains the most reliable choice.",58,B,A,C,D
8,LLM_Gemini_3_Flash,12,-1,1,1,2,C,1,explore,1,"Button 0 yields high rewards when Nobelium is -1 but dropped significantly when Nobelium was 1 (trial 6). Button 1 has shown variable results and performed poorly when Krypton was 1 (trial 11). Button 2 was only tried once and yielded 77; since the current context has Nobelium 1 and Krypton 1, and Button 0 performs poorly in this setup, I am exploring Button 2 to see if it responds better to these specific signals.",77,B,A,C,D
8,LLM_Gemini_3_Flash,13,-1,-1,1,2,C,1,exploit,0,"Button 2 showed a high reward of 77 in the context (-1, -1, 1) during trial 7, which matches the current context. Button 0 performance dropped in this context previously, and Button 1 is better suited for when Mercury is 1.",78,B,A,C,D
8,LLM_Gemini_3_Flash,14,-1,1,1,2,C,1,exploit,0,"Button 2 showed a strong performance (reward of 77) when tested under the same current context (Mercury: -1, Krypton: 1, Nobelium: 1) in trial 12, whereas Button 0 performed poorly (reward of 50) under these same conditions in trial 6. Given the consistency of Button 2, it is the optimal choice.",72,B,A,C,D
8,LLM_Gemini_3_Flash,15,1,1,-1,3,D,0,explore,1,"I have identified consistent reward patterns for buttons 0, 1, and 2. Button 0 performs well when Mercury is -1 and Krypton is 1, button 1 performs well when Mercury is 1 and Krypton is -1, and button 2 appears effective when Nobelium is 1. I have very little data on button 3, and given the current context (Mercury: 1, Krypton: 1, Nobelium: -1), none of the known high-performing conditions for buttons 0, 1, or 2 are met. Therefore, exploring button 3 is a strategic choice to assess its performance under these specific conditions.",51,B,A,C,D
8,LLM_Gemini_3_Flash,16,1,-1,-1,1,A,1,exploit,0,"Based on the trial history, Button 1 shows consistently higher performance (71, 78, 76, 82, 79) under the context where Mercury is 1 and Krypton is -1, compared to other options. This context matches the current one perfectly, so exploiting Button 1 is the optimal choice.",74,B,A,C,D
8,LLM_Gemini_3_Flash,17,1,1,-1,1,A,0,exploit,0,"Button 1 has consistently yielded rewards in the 70s when Mercury=1 and Krypton=-1, but performed poorly (58) when Mercury=1 and Krypton=1. Given the current context (Mercury=1, Krypton=1, Nobelium=-1), Button 1 might be risky, but Button 0 performs well when Mercury=-1 and Krypton=1. Since Button 3 showed 51 previously for this exact context, and Button 1 is our best performing option overall when Mercury=1, I will exploit Button 1 to see if the outcome improves or varies.",50,B,A,C,D
8,LLM_Gemini_3_Flash,18,1,-1,1,1,A,1,exploit,0,"Based on the history, button 1 consistently yields higher rewards when Mercury is 1 and Krypton is -1, regardless of the Nobelium signal. Given the current context (Mercury: 1, Krypton: -1, Nobelium: 1), button 1 is the most reliable choice for maximizing profit.",75,B,A,C,D
8,LLM_Gemini_3_Flash,19,-1,1,-1,0,B,1,exploit,0,"Based on historical data (trials 1, 3, 9), button 0 has consistently yielded high rewards (84, 80, 79) specifically when the context is Mercury -1, Krypton 1, Nobelium -1. Since the current context matches this, I am exploiting button 0.",78,B,A,C,D
8,LLM_Gemini_3_Flash,20,-1,1,1,2,C,1,exploit,0,"Based on the trial history, button 2 has consistently provided high rewards (77, 78, 72) when the context includes Mercury: -1 and Nobelium: 1, whereas button 0 showed a significantly lower reward (50) under the same context. Given the current context (Mercury: -1, Krypton: 1, Nobelium: 1), button 2 is the most promising choice.",82,B,A,C,D
8,LLM_Gemini_3_Flash,21,1,-1,-1,1,A,1,exploit,0,"Button 1 has consistently yielded rewards in the 71-82 range when Mercury is 1 and Krypton is -1 (Trials 2, 4, 5, 8, 10, 16, 18). This performance is significantly more stable and higher than the other buttons observed under similar conditions.",84,B,A,C,D
8,LLM_Gemini_3_Flash,22,-1,-1,1,2,C,1,exploit,0,"Button 2 has consistently yielded high rewards (77, 78, 72, 82) when the context is Mercury -1 and Nobelium 1, regardless of Krypton's state. Since the current context is Mercury -1, Krypton -1, and Nobelium 1, Button 2 is the most reliable choice based on the observed data.",79,B,A,C,D
8,LLM_Gemini_3_Flash,23,-1,1,-1,0,B,1,exploit,0,"Button 0 has consistently yielded high rewards (84, 80, 79, 78) when the context is Mercury: -1, Krypton: 1, Nobelium: -1. In contrast, Button 2 performs well when Nobelium is 1, and Button 1 is better suited for when Mercury is 1.",85,B,A,C,D
8,LLM_Gemini_3_Flash,24,1,-1,-1,1,A,1,exploit,0,"In the current context (Mercury: 1, Krypton: -1, Nobelium: -1), button 1 has consistently yielded high rewards (71, 82, 74, 84). It performs significantly better than other options when Mercury is 1 and Krypton is -1.",79,B,A,C,D
8,LLM_Gemini_3_Flash,25,1,1,-1,0,B,1,explore,1,"Button 0 has shown high rewards (80-85) when Krypton is 1 and Mercury is -1, but I have not tested Button 0 in the current context where Mercury=1 and Krypton=1. Since previous rewards for Button 1 and 3 in this context were low (50-58), I am exploring Button 0 to see if it performs better here.",79,B,A,C,D
8,LLM_Gemini_3_Flash,26,1,-1,1,1,A,1,exploit,0,"Based on historical data, button 1 consistently yields high rewards (71-84 range) when Mercury is 1 and Krypton is -1, regardless of the Nobelium signal. Given the current context (Mercury: 1, Krypton: -1, Nobelium: 1), button 1 is the most reliable choice.",83,B,A,C,D
8,LLM_Gemini_3_Flash,27,1,1,-1,0,B,1,exploit,0,"Button 0 has shown high rewards in trial 25 (79) when Mercury=1, Krypton=1, Nobelium=-1, which matches the current context. Button 1 has performed poorly in these conditions (trials 11 and 17), suggesting that Button 0 is the superior choice for this specific signal combination.",85,B,A,C,D
8,LLM_Gemini_3_Flash,28,-1,1,-1,0,B,1,exploit,0,"Based on historical data, button 0 has consistently yielded rewards in the 79-85 range when Mercury is -1 and Krypton is 1, regardless of the state of Nobelium. This is significantly higher than the performance of other buttons under these specific context conditions.",78,B,A,C,D
8,LLM_Gemini_3_Flash,29,1,1,-1,0,B,1,exploit,0,"Button 0 has shown high performance (79 and 85) in the current context where Mercury=1 and Krypton=1, outperforming button 1, which dropped in reward when these conditions were met.",74,B,A,C,D
8,LLM_Gemini_3_Flash,30,1,-1,1,1,A,1,exploit,0,"Button 1 has consistently yielded high rewards (averaging around 77-80) when Mercury is 1 and Krypton is -1, regardless of the Nobelium value. Given the current context (Mercury: 1, Krypton: -1, Nobelium: 1), Button 1 is the most reliable choice.",86,B,A,C,D
8,LLM_Gemini_3_Flash,31,-1,-1,1,2,C,1,exploit,0,"Based on the history, button 2 consistently yields high rewards (around 77-82) when the context is Mercury: -1, Krypton: -1, Nobelium: 1 (Trials 7, 13, 22). Button 0 performs best when Krypton is 1, and Button 1 performs best when Mercury is 1 and Krypton is -1. Given the current context matches the known high-reward pattern for Button 2, exploiting it is the most logical choice.",80,B,A,C,D
8,LLM_Gemini_3_Flash,32,1,-1,-1,1,A,1,exploit,0,"Based on the historical data, button 1 consistently yields high rewards (averaging ~78-86) when Mercury is 1 and Krypton is -1, regardless of the Nobelium state. In this context (Mercury=1, Krypton=-1, Nobelium=-1), button 1 is the statistically proven best performer.",78,B,A,C,D
8,LLM_Gemini_3_Flash,33,-1,1,-1,0,B,1,exploit,0,"Based on the historical data, button 0 consistently provides high rewards (78-85) when Mercury is -1 and Krypton is 1, regardless of the Nobelium signal. Button 1 is better suited for when Mercury is 1 and Krypton is -1. Therefore, for the current context (Mercury: -1, Krypton: 1, Nobelium: -1), button 0 is the optimal choice.",91,B,A,C,D
8,LLM_Gemini_3_Flash,34,-1,-1,1,2,C,1,exploit,0,"Based on the history, button 2 consistently yields high rewards (77-82 range) when the context is Mercury -1 and Nobelium 1, regardless of Krypton's state. Button 0 performs best when Krypton is 1, and button 1 performs best when Mercury is 1 and Krypton is -1. Given current context is Mercury -1, Krypton -1, Nobelium 1, button 2 is the optimal choice.",72,B,A,C,D
8,LLM_Gemini_3_Flash,35,1,-1,1,1,A,1,exploit,0,"Button 1 consistently yields high rewards (71-86) when Mercury is 1 and Krypton is -1, regardless of the Nobelium value. Given the current context (Mercury: 1, Krypton: -1, Nobelium: 1), Button 1 is the most reliable performer based on historical performance.",90,B,A,C,D
8,LLM_Gemini_3_Flash,36,1,1,-1,0,B,1,exploit,0,"In trials 25, 27, and 29, the context (1, 1, -1) was tested with button 0, yielding rewards of 79, 85, and 74, which significantly outperformed the reward of 58 received by button 1 in the same context (trial 11). Therefore, button 0 is the optimal choice for the current (1, 1, -1) context.",74,B,A,C,D
8,LLM_Gemini_3_Flash,37,-1,1,-1,0,B,1,exploit,0,"Based on the historical data, button 0 consistently yields high rewards (averaging ~82+) when the Mercury signal is -1 and Krypton is 1, regardless of the Nobelium signal. Since the current context matches this pattern, exploiting button 0 is the optimal strategy.",80,B,A,C,D
8,LLM_Gemini_3_Flash,38,1,-1,-1,1,A,1,exploit,0,"Button 1 has consistently yielded high rewards (averaging ~80) when Mercury is 1 and Krypton is -1, regardless of the Nobelium signal. The historical data for context (Mercury=1, Krypton=-1) strongly supports choosing button 1.",82,B,A,C,D
8,LLM_Gemini_3_Flash,39,1,-1,1,1,A,1,exploit,0,"Based on the history, button 1 consistently yields high rewards (71-90) when the context is Mercury=1 and Krypton=-1, regardless of Nobelium. In the current context (Mercury: 1, Krypton: -1, Nobelium: 1), button 1 is the most reliable choice.",84,B,A,C,D
8,LLM_Gemini_3_Flash,40,-1,1,1,2,C,1,exploit,0,"Based on historical data, button 2 consistently yields high rewards (72-82) when Mercury is -1 and Nobelium is 1, regardless of Krypton, which matches the current context.",86,B,A,C,D
8,LLM_Gemini_3_Flash,41,-1,-1,1,2,C,1,exploit,0,"The context (-1, -1, 1) has been consistently associated with Button 2 in trials 7, 13, 22, 31, and 34, yielding high average rewards. Button 2 appears specifically optimized for the Nobelium signal when Mercury and Krypton are -1.",87,B,A,C,D
8,LLM_Gemini_3_Flash,42,1,-1,-1,1,A,1,exploit,0,"Based on the history, button 1 consistently yields high rewards (typically 75-90) when Mercury is 1 and Krypton is -1, regardless of the Nobelium signal. The current context matches this profile (Mercury: 1, Krypton: -1, Nobelium: -1), making button 1 the optimal choice.",77,B,A,C,D
8,LLM_Gemini_3_Flash,43,-1,1,1,2,C,1,exploit,0,"Analyzing the history, Button 2 consistently yields high rewards when Nobelium is 1 (trials 7, 12, 13, 14, 20, 22, 31, 34, 40, 41). Given the current context of Mercury -1, Krypton 1, Nobelium 1, Button 2 is the empirically strongest performer for high-Nobelium states.",80,B,A,C,D
8,LLM_Gemini_3_Flash,44,-1,-1,1,2,C,1,exploit,0,"Based on the history, button 2 consistently yields high rewards when Nobelium is 1, regardless of the other signals. Given the current context (Mercury: -1, Krypton: -1, Nobelium: 1), button 2 is the empirically strongest choice.",76,B,A,C,D
8,LLM_Gemini_3_Flash,45,-1,1,1,2,C,1,exploit,0,"Based on the history, button 2 consistently yields high rewards (72-87) when Nobelium is 1, regardless of the Mercury or Krypton values, and specifically when Mercury is -1 and Nobelium is 1, it has shown reliable performance.",80,B,A,C,D
8,LLM_Gemini_3_Flash,46,-1,1,1,2,C,1,exploit,0,"Based on historical data, button 2 consistently yields high rewards (averaging ~80) when Nobelium is 1, regardless of the other signals. Since the current context has Nobelium at 1, button 2 is the optimal choice.",84,B,A,C,D
8,LLM_Gemini_3_Flash,47,1,1,-1,0,B,1,exploit,0,"Based on historical data, button 0 has performed very well when Mercury is 1 and Nobelium is -1, consistently yielding high rewards in similar contexts (e.g., trial 25 and 27). Button 1 performs best when Mercury is 1 and Krypton is -1, and button 2 excels when Krypton is 1 and Nobelium is 1. Given the current context (Mercury 1, Krypton 1, Nobelium -1), button 0 remains the strongest candidate.",78,B,A,C,D
8,LLM_Gemini_3_Flash,48,-1,1,1,2,C,1,exploit,0,"Based on historical data, button 2 consistently performs very well when Krypton=1 and Nobelium=1, regardless of the Mercury signal. Given the current context (Mercury=-1, Krypton=1, Nobelium=1), button 2 is the most reliable high-reward choice.",86,B,A,C,D
8,LLM_Gemini_3_Flash,49,1,1,-1,0,B,1,exploit,0,"Historical data shows that when Mercury is 1 and Krypton is 1, button 0 consistently provides high rewards (around 79-85), significantly outperforming other buttons under these specific conditions. Based on the current context (Mercury: 1, Krypton: 1, Nobelium: -1), button 0 is the optimal choice.",80,B,A,C,D
8,LLM_Gemini_3_Flash,50,1,-1,-1,1,A,1,exploit,0,"Based on historical data, button 1 consistently yields high rewards (averaging ~80+) when Mercury is 1 and Krypton is -1, regardless of the Nobelium signal. The current context (Mercury 1, Krypton -1, Nobelium -1) matches this high-performing pattern.",83,B,A,C,D
9,LLM_Gemini_3_Flash,1,-1,1,-1,0,D,0,explore,1,"Since this is the first trial and I have no prior history, I will begin by exploring button 0 to establish a baseline reward for the current context (Mercury: -1, Krypton: 1, Nobelium: -1).",58,D,A,C,B
9,LLM_Gemini_3_Flash,2,1,-1,1,1,A,1,explore,1,"Since I have only tested button 0 once, I have no information on buttons 1, 2, and 3. I am exploring button 1 to begin mapping its reward function against the current context (Mercury: 1, Krypton: -1, Nobelium: 1).",86,D,A,C,B
9,LLM_Gemini_3_Flash,3,1,-1,-1,1,A,1,explore,1,"I have limited data from previous trials (trial 1: button 0, reward 58; trial 2: button 1, reward 86). Since button 1 yielded a high reward in a different context, I will continue exploring button 1 to see if it remains effective under the current signals (Mercury: 1, Krypton: -1, Nobelium: -1).",78,D,A,C,B
9,LLM_Gemini_3_Flash,4,1,-1,-1,1,A,1,exploit,0,"Button 1 has shown strong performance in the current context (Mercury: 1, Krypton: -1) with a reward of 78 in trial 3, which is the most similar context to the current state. I am choosing to exploit this known high-performing arm.",75,D,A,C,B
9,LLM_Gemini_3_Flash,5,1,1,-1,1,A,0,exploit,0,"Button 1 has shown consistently high rewards in trials 2, 3, and 4 (averaging around 80) when Mercury is 1, regardless of the other signals. Given the current context (Mercury: 1, Krypton: 1, Nobelium: -1), button 1 remains the strongest candidate based on historical performance.",51,D,A,C,B
9,LLM_Gemini_3_Flash,6,-1,1,1,1,A,0,exploit,0,"Button 1 has consistently shown high performance across various contexts, particularly when Krypton or Mercury are present. Given the current context of Krypton: 1 and Nobelium: 1, Button 1 remains the most reliable option based on historical high yields.",24,D,A,C,B
9,LLM_Gemini_3_Flash,7,-1,1,1,0,D,0,explore,1,"Button 1 has shown declining rewards when Krypton is 1 or Nobelium is 1. Button 0 yielded a decent reward in Trial 1 (context -1, 1, -1), but remains largely unexplored. Given the low reward of Button 1 in the current context (Trial 6), it is time to explore Button 0 again to see if it performs better under different conditions.",53,D,A,C,B
9,LLM_Gemini_3_Flash,8,1,-1,-1,1,A,1,exploit,0,"Button 1 has shown consistently strong performance when Mercury is 1 and Krypton is -1 (Trials 2, 3, and 4), yielding high rewards compared to Button 0. Given the current context matches this favorable condition, exploiting Button 1 is the most logical strategy.",79,D,A,C,B
9,LLM_Gemini_3_Flash,9,-1,1,1,0,D,0,exploit,0,"Button 1 showed poor performance (reward 24) in the current context (Mercury -1, Krypton 1, Nobelium 1) in trial 6. In contrast, Button 0 yielded a reward of 53 in the same context in trial 7. Therefore, I am exploiting Button 0 as the better known option for this context.",43,D,A,C,B
9,LLM_Gemini_3_Flash,10,1,-1,-1,1,A,1,exploit,0,"Button 1 has consistently yielded high rewards (78, 75, 79) in the context where Mercury is 1 and Krypton is -1, suggesting it is the optimal choice for the current signal configuration.",84,D,A,C,B
9,LLM_Gemini_3_Flash,11,-1,1,-1,0,D,0,exploit,0,"Button 1 has shown a strong preference for Mercury=1, Krypton=-1. In the current context (Mercury=-1, Krypton=1, Nobelium=-1), Button 1 has performed poorly (rewards of 24 in trial 6). Button 0 yielded 58 in this exact context in trial 1, suggesting it is a better choice under these specific conditions.",45,D,A,C,B
9,LLM_Gemini_3_Flash,12,1,-1,-1,1,A,1,exploit,0,"Button 1 has consistently yielded high rewards (ranging from 75 to 86) when Mercury is 1 and Krypton is -1, regardless of the Nobelium signal. Since the current context is Mercury: 1, Krypton: -1, and Nobelium: -1, Button 1 is the most reliable choice.",83,D,A,C,B
9,LLM_Gemini_3_Flash,13,1,-1,1,1,A,1,exploit,0,"Button 1 has consistently yielded high rewards (avg ~79) when Mercury=1 and Krypton=-1, regardless of the Nobelium signal. The current context matches these conditions, so I am exploiting this known high-performing arm.",81,D,A,C,B
9,LLM_Gemini_3_Flash,14,1,-1,1,1,A,1,exploit,0,"Button 1 has consistently yielded high rewards (avg ~80) when Mercury is 1 and Krypton is -1, regardless of the state of Nobelium. In the current context (Mercury: 1, Krypton: -1, Nobelium: 1), Button 1 is the statistically strongest performer.",78,D,A,C,B
9,LLM_Gemini_3_Flash,15,-1,-1,1,1,A,0,exploit,0,"Button 1 has consistently shown high rewards (75-86 range) when Mercury is 1, regardless of other signals. While the current context has Mercury at -1, my exploration of Button 0 has yielded lower results (43-58 range). Choosing Button 1 to continue capitalizing on its high performance profile across various conditions.",46,D,A,C,B
9,LLM_Gemini_3_Flash,16,-1,1,1,0,D,0,exploit,0,"Based on historical data for the context (-1, 1, 1), Button 0 has consistently outperformed Button 1 (reward 53 and 43 vs 24). Button 1 appears to depend heavily on the Mercury signal being 1, whereas Button 0 seems to perform reliably under the current context.",48,D,A,C,B
9,LLM_Gemini_3_Flash,17,-1,-1,1,1,A,0,exploit,0,"Button 1 has consistently shown high reward potential across various contexts (especially when Mercury is 1, though it remains a strong performer). While its performance in the current context (Mercury -1, Krypton -1, Nobelium 1) was 46 in trial 15, it remains the most reliable option compared to the limited data on buttons 2 and 3 and the mediocre performance of button 0.",53,D,A,C,B
9,LLM_Gemini_3_Flash,18,-1,1,1,0,D,0,exploit,0,"Based on the trial history, button 1 consistently performs poorly when Krypton and Nobelium are both 1 (trials 6, 9, 16 showed low rewards for button 0 or button 1). Button 0 has shown more consistent performance in this specific context (Mercury: -1, Krypton: 1, Nobelium: 1) compared to button 1, which dropped significantly when these conditions were met.",46,D,A,C,B
9,LLM_Gemini_3_Flash,19,-1,1,1,0,D,0,exploit,0,"Based on historical data for the context Mercury=-1, Krypton=1, Nobelium=1, Button 0 has consistently yielded rewards in the 40s and 50s, whereas Button 1 yielded a low reward of 24 in the same context, indicating Button 0 is the superior choice for this specific signal combination.",50,D,A,C,B
9,LLM_Gemini_3_Flash,20,-1,1,-1,0,D,0,exploit,0,"In the current context (Mercury: -1, Krypton: 1, Nobelium: -1), button 0 has yielded consistent moderate rewards (45, 58) compared to button 1, which historically performs poorly when Krypton is 1 and Nobelium is 1, and shows inconsistent results otherwise. Based on existing data for this specific context, button 0 appears to be the safer and higher-performing option.",49,D,A,C,B
9,LLM_Gemini_3_Flash,21,-1,1,-1,0,D,0,exploit,0,"Based on the historical data, button 0 has consistently provided rewards around 45-58 when Mercury is -1 and Krypton is 1. Button 1 performs poorly in this context (e.g., trial 6: 24, trial 5: 51). Button 0 is the most reliable option for this specific context.",45,D,A,C,B
9,LLM_Gemini_3_Flash,22,1,1,-1,2,C,0,explore,1,"Button 1 performs well when Krypton is -1 but has shown inconsistent or lower results when Krypton is 1. Button 0 has a stable but moderate reward profile. Given the current context (Mercury: 1, Krypton: 1, Nobelium: -1), I have not sufficiently explored Buttons 2 or 3 to determine if they outperform 0 or 1 in this specific state.",11,D,A,C,B
9,LLM_Gemini_3_Flash,23,1,1,-1,3,B,1,explore,1,"Button 1 has shown strong performance when Mercury=1 and Krypton=-1, but performed poorly (51) when Mercury=1 and Krypton=1. Button 0 is consistently mediocre. Button 2 performed very poorly in the current context (11). I will explore Button 3, which has not been tested yet, to see if it yields higher returns for this specific context.",75,D,A,C,B
9,LLM_Gemini_3_Flash,24,-1,1,1,3,B,0,exploit,0,"Button 3 showed a high reward of 75 in trial 23 under context (1, 1, -1). Given that Button 0 is consistently low (40s-50s) and Button 1 drops significantly when Krypton is 1 or Mercury is -1, Button 3 appears to be the most promising high-reward option, so I am exploiting this discovery.",49,D,A,C,B
9,LLM_Gemini_3_Flash,25,1,1,-1,3,B,1,exploit,0,"Button 3 showed a strong reward (75) for the same context (Mercury 1, Krypton 1, Nobelium -1) in trial 23, while button 2 performed poorly in that same context. Button 1 performed poorly (51) under these conditions in trial 5, suggesting button 3 is the superior choice for this specific signal combination.",79,D,A,C,B
9,LLM_Gemini_3_Flash,26,1,-1,-1,1,A,1,exploit,0,"Based on the history, button 1 consistently yields high rewards (75-86 range) when Mercury is 1 and Krypton is -1. Since the current context matches this condition, exploiting button 1 is the most logical strategy.",76,D,A,C,B
9,LLM_Gemini_3_Flash,27,-1,1,-1,3,B,1,exploit,0,"In trials 23 and 25, Button 3 yielded high rewards (75 and 79) in context (1, 1, -1). Given the current context (-1, 1, -1), Button 3 has demonstrated strong performance, especially compared to the lower observed results for Button 0 in this specific signal configuration.",79,D,A,C,B
9,LLM_Gemini_3_Flash,28,1,1,-1,3,B,1,exploit,0,"Based on the trial 23 and 25, Button 3 has consistently provided high rewards (75 and 79) when the current context (Mercury: 1, Krypton: 1, Nobelium: -1) is present, significantly outperforming Button 2 and Button 1 in this specific scenario.",79,D,A,C,B
9,LLM_Gemini_3_Flash,29,1,1,-1,3,B,1,exploit,0,"Button 3 has shown consistent high rewards (75, 79, 49, 79, 79) across various contexts, particularly when the current context (Mercury: 1, Krypton: 1, Nobelium: -1) has been tested with it, yielding strong results.",77,D,A,C,B
9,LLM_Gemini_3_Flash,30,-1,1,1,3,B,0,exploit,0,"Button 3 has shown consistently high performance (75-79) across various contexts, including when Mercury is -1 and Krypton is 1, regardless of the Nobelium state, making it the most reliable choice given the current context.",50,D,A,C,B
9,LLM_Gemini_3_Flash,31,-1,-1,1,3,B,0,exploit,0,"Button 3 has consistently shown high rewards (around 75-79) when Mercury and Krypton vary, whereas Button 1 performs best when Mercury is 1 and Krypton is -1. Given the current context (Mercury: -1, Krypton: -1, Nobelium: 1), Button 3 has proven to be a strong performer in similar contexts where Krypton is not 1, and it remains a high-value option compared to the others observed.",28,D,A,C,B
9,LLM_Gemini_3_Flash,32,1,-1,1,1,A,1,exploit,0,"Based on the history, button 1 consistently yields high rewards (75-86) when Mercury is 1 and Krypton is -1, regardless of the Nobelium value. My previous data points (trials 2, 13, 14) show high rewards under these conditions, making it the most reliable choice for this context.",79,D,A,C,B
9,LLM_Gemini_3_Flash,33,1,1,-1,3,B,1,exploit,0,"Button 3 has consistently provided high rewards (approx 75-79) when Mercury and Krypton are 1, as seen in trials 23, 25, 28, and 29. Given the current context (Mercury: 1, Krypton: 1, Nobelium: -1), Button 3 remains the best choice.",86,D,A,C,B
9,LLM_Gemini_3_Flash,34,-1,1,1,3,B,0,exploit,0,"Button 3 has shown consistent high performance when Krypton is 1, regardless of the Mercury and Nobelium states, consistently yielding rewards near 80. Given the current context (Mercury: -1, Krypton: 1, Nobelium: 1), button 3 is the most reliable choice based on prior trials.",55,D,A,C,B
9,LLM_Gemini_3_Flash,35,1,-1,1,1,A,1,exploit,0,"Based on the history, button 1 consistently yields high rewards (typically 75-86) when Mercury is 1 and Krypton is -1, regardless of Nobelium. In trials 2, 13, 14, and 32 where Mercury is 1 and Krypton is -1, button 1 performed very well. Button 3 appears strong when Krypton is 1, but button 1 is the established performer for this specific context.",83,D,A,C,B
9,LLM_Gemini_3_Flash,36,-1,1,-1,3,B,1,exploit,0,"Based on historical data (trial 27), button 3 has shown a strong reward (79) when the context is Mercury: -1, Krypton: 1, Nobelium: -1. Button 0 was less effective in this specific context.",76,D,A,C,B
9,LLM_Gemini_3_Flash,37,-1,1,-1,3,B,1,exploit,0,"In the current context (Mercury: -1, Krypton: 1, Nobelium: -1), button 3 has consistently yielded high rewards (specifically 79 and 76) compared to button 0, which only yielded mid-40s in similar contexts. Therefore, I am exploiting the knowledge that button 3 is the most profitable choice for this specific signal configuration.",82,D,A,C,B
9,LLM_Gemini_3_Flash,38,1,1,-1,3,B,1,exploit,0,"Button 3 has consistently provided high rewards (ranging from 75 to 86) when Mercury is 1 and Krypton is 1, regardless of Nobelium, making it the superior choice over button 1 for this context.",75,D,A,C,B
9,LLM_Gemini_3_Flash,39,-1,-1,1,3,B,0,exploit,0,"Button 3 has shown consistent high rewards when Krypton is 1, regardless of the other signals, particularly when compared to Buttons 0, 1, and 2 in similar contexts. Given the current context (Mercury: -1, Krypton: 1, Nobelium: 1), Button 3 remains a strong candidate.",18,D,A,C,B
9,LLM_Gemini_3_Flash,40,-1,1,1,3,B,0,exploit,0,"Button 3 has consistently provided high rewards (mid-to-high 70s or 80s) when Krypton is 1, regardless of Mercury or Nobelium values. Given the current context (Mercury: -1, Krypton: 1, Nobelium: 1), button 3 is expected to yield better results than the others based on observed patterns.",46,D,A,C,B
9,LLM_Gemini_3_Flash,41,1,-1,1,1,A,1,exploit,0,"Based on historical data, button 1 consistently yields high rewards (75-86) when Mercury is 1 and Krypton is -1, regardless of Nobelium. Button 3 performs well when Krypton is 1, but poorly when Krypton is -1. Since the current context has Krypton -1, button 1 is the optimal choice.",81,D,A,C,B
9,LLM_Gemini_3_Flash,42,-1,-1,1,1,A,0,exploit,0,"Button 1 has consistently shown high rewards when Mercury is 1, regardless of other signals. With the current context having Mercury = -1, Button 3 has been the most effective choice under various conditions, though its performance varies significantly with context. Given the current signals (Mercury: -1, Krypton: -1, Nobelium: 1), Button 3 has historically returned lower rewards (e.g., 28 and 18 in similar states), while Button 1 remains a strong performer in high-reward probability contexts. I am exploiting Button 1 as it has been the most reliable overall performer.",45,D,A,C,B
9,LLM_Gemini_3_Flash,43,-1,1,1,3,B,0,exploit,0,"Based on historical data, button 3 has shown high rewards when Krypton is 1, regardless of Mercury, but performs poorly when Krypton is -1. Button 1 is better suited for Krypton = -1. Given current context (Mercury: -1, Krypton: 1, Nobelium: 1), button 3 has consistently yielded moderate to high returns in similar contexts.",55,D,A,C,B
9,LLM_Gemini_3_Flash,44,1,1,-1,3,B,1,exploit,0,"Button 3 has consistently provided high rewards (75-86) when Mercury is 1 and Krypton is 1, regardless of the Nobelium signal. Given the current context (Mercury: 1, Krypton: 1, Nobelium: -1), Button 3 is the highest-performing option based on historical performance.",80,D,A,C,B
9,LLM_Gemini_3_Flash,45,-1,1,-1,3,B,1,exploit,0,"Based on historical trials (e.g., 27, 36, 37), Button 3 has consistently provided high rewards (approx 76-82) when Krypton is 1 and Mercury is -1, regardless of Nobelium. Button 1 is better suited when Krypton is -1, and Button 0 has shown lower average performance.",76,D,A,C,B
9,LLM_Gemini_3_Flash,46,1,-1,1,1,A,1,exploit,0,"Based on historical data, button 1 consistently yields high rewards (75-86) when Mercury is 1, regardless of the Krypton state. Button 3 performs well when Krypton is 1 but performs poorly when Krypton is -1. Since the current context has Mercury = 1 and Krypton = -1, button 1 is the statistically superior choice.",78,D,A,C,B
9,LLM_Gemini_3_Flash,47,-1,1,-1,3,B,1,exploit,0,"Based on historical performance, button 3 has shown high rewards consistently when Krypton is 1, specifically yielding values around 75-82 in context (Mercury: -1, Krypton: 1, Nobelium: -1). Previous trials confirm this button is highly effective under these specific conditions compared to buttons 0, 1, or 2.",78,D,A,C,B
9,LLM_Gemini_3_Flash,48,-1,-1,1,1,A,0,exploit,0,"Based on historical data, button 3 performs well when Krypton is 1, but its performance drops significantly when Krypton is -1. Button 1 has consistently high performance (averaging around 80) when Mercury is 1, regardless of Krypton or Nobelium. Given the current context (Mercury: -1, Krypton: -1, Nobelium: 1), button 1 is a reliable choice compared to the others.",55,D,A,C,B
9,LLM_Gemini_3_Flash,49,1,-1,1,1,A,1,exploit,0,"Based on the history, button 1 consistently yields high rewards (75-86) when Mercury is 1, regardless of Krypton or Nobelium. In the current context (Mercury: 1, Krypton: -1, Nobelium: 1), button 1 has been the most reliable choice.",74,D,A,C,B
9,LLM_Gemini_3_Flash,50,-1,1,-1,3,B,1,exploit,0,"Based on historical data, button 3 consistently yields high rewards (75-86) when Krypton is 1, regardless of the Mercury or Nobelium states. Given the current context (Mercury: -1, Krypton: 1, Nobelium: -1), button 3 is the highest-performing option.",85,D,A,C,B
10,LLM_Gemini_3_Flash,1,1,1,-1,0,C,0,explore,1,"This is the first trial, so I have no prior data. I am selecting button 0 to begin establishing a baseline for the reward functions relative to the current context signals.",22,C,D,B,A
10,LLM_Gemini_3_Flash,2,-1,-1,1,1,D,0,explore,1,"Since I have only explored button 0 in a different context, I need to test button 1 to begin mapping its reward function in the current context (Mercury: -1, Krypton: -1, Nobelium: 1).",48,C,D,B,A
10,LLM_Gemini_3_Flash,3,1,-1,1,1,D,0,explore,1,"Button 1 yielded a high reward of 48 in trial 2 with context (M:-1, K:-1, N:1). I am choosing to explore button 1 again in the current context (M:1, K:-1, N:1) to determine if its high performance is consistent or dependent on the specific signal configuration.",54,C,D,B,A
10,LLM_Gemini_3_Flash,4,-1,-1,1,1,D,0,exploit,0,"Button 1 has consistently yielded high rewards (48 and 54) when the context includes Nobelium = 1. Given the current context also has Nobelium = 1, Button 1 remains the most promising choice based on the observed data.",40,C,D,B,A
10,LLM_Gemini_3_Flash,5,-1,1,-1,1,D,0,exploit,0,"Button 1 has consistently shown high reward potential across various contexts compared to Button 0, which yielded a lower reward in trial 1. Given the current context and the success seen with Button 1, it remains the most promising option for maximizing reward.",56,C,D,B,A
10,LLM_Gemini_3_Flash,6,1,1,-1,1,D,0,exploit,0,"Button 1 has consistently yielded high rewards (40-56) across various contexts, whereas Button 0 yielded a lower reward (22) in this exact context previously. I will exploit the trend that Button 1 appears to be the high-performing option.",50,C,D,B,A
10,LLM_Gemini_3_Flash,7,1,-1,1,1,D,0,exploit,0,"Button 1 has consistently shown high rewards (averaging 49.6) across various contexts in trials 2 through 6. Given the current context (Mercury: 1, Krypton: -1, Nobelium: 1) yielded a high reward of 54 in trial 3, I am exploiting this button.",55,C,D,B,A
10,LLM_Gemini_3_Flash,8,-1,1,-1,1,D,0,exploit,0,"Button 1 has consistently yielded high rewards (ranging from 40 to 56) across various contexts, including the current context (Mercury: -1, Krypton: 1, Nobelium: -1) where it yielded 56 in Trial 5. It is clearly the highest-performing arm observed so far.",47,C,D,B,A
10,LLM_Gemini_3_Flash,9,-1,1,1,1,D,0,exploit,0,"Button 1 has consistently yielded high rewards (averaging around 50) across varied contexts, suggesting it is a robust choice or has a high base value. Given the current context (Mercury: -1, Krypton: 1, Nobelium: 1), Button 1 is the safest and most reliable choice for maximizing profit based on the observed history.",46,C,D,B,A
10,LLM_Gemini_3_Flash,10,-1,1,1,1,D,0,exploit,0,"Button 1 has consistently yielded high rewards (averaging around 50) across various contexts, including the current one (Mercury: -1, Krypton: 1, Nobelium: 1) where it yielded 46 in the previous trial. Given its reliable performance, it remains the most profitable choice.",62,C,D,B,A
10,LLM_Gemini_3_Flash,11,-1,-1,1,1,D,0,exploit,0,"Button 1 has consistently yielded high rewards across a variety of contexts in the historical data, including contexts where Mercury is -1 and Krypton is -1. Given its strong performance, I will continue to exploit this button.",60,C,D,B,A
10,LLM_Gemini_3_Flash,12,1,-1,-1,1,D,0,exploit,0,"Button 1 has consistently yielded high rewards (averaging around 50-60) across a variety of contexts throughout the previous trials. Given that it seems to be the highest performing arm in general, I will continue to exploit this button for the current context (1, -1, -1).",54,C,D,B,A
10,LLM_Gemini_3_Flash,13,1,1,-1,1,D,0,exploit,0,"Button 1 has consistently yielded high rewards (averaging significantly higher than the single attempt on button 0) across all variations of the context signals, making it the most reliable choice for maximizing profit.",52,C,D,B,A
10,LLM_Gemini_3_Flash,14,1,1,-1,1,D,0,exploit,0,"Button 1 has consistently yielded high rewards across various context signals, showing little dependence on the current specific state of Mercury=1, Krypton=1, Nobelium=-1, whereas Button 0 showed poor performance in the only trial it was tested.",55,C,D,B,A
10,LLM_Gemini_3_Flash,15,-1,-1,1,1,D,0,exploit,0,"Button 1 has consistently returned high rewards (40-62) across various context combinations, whereas Button 0 showed a much lower reward in its only trial. Given the current context (-1, -1, 1), Button 1 remains the most reliable performer based on historical performance.",53,C,D,B,A
10,LLM_Gemini_3_Flash,16,-1,-1,1,1,D,0,exploit,0,"Button 1 has consistently yielded high rewards (averaging around 50-60) across a variety of contexts throughout the history, suggesting it is a high-performing or perhaps a constant-reward arm relative to the others tested. Given its strong performance in previous trials with similar context patterns, it is the safest choice for maximizing profit.",46,C,D,B,A
10,LLM_Gemini_3_Flash,17,-1,1,-1,1,D,0,exploit,0,"Button 1 has been consistently yielding high rewards (average around 50-55) across all contexts observed so far, regardless of the signal fluctuations. Given the historical data, it is the safest and most profitable choice for the current context.",50,C,D,B,A
10,LLM_Gemini_3_Flash,18,-1,-1,1,1,D,0,exploit,0,"Button 1 has consistently yielded high rewards (averaging around 52-53) across a variety of contexts in the historical data, making it the most reliable choice given the current context of Mercury=-1, Krypton=-1, Nobelium=1.",51,C,D,B,A
10,LLM_Gemini_3_Flash,19,-1,1,1,1,D,0,exploit,0,"Button 1 has been consistently tested across diverse contexts and has yielded high, stable rewards regardless of the input signals, making it the most reliable choice for maximizing profit.",50,C,D,B,A
10,LLM_Gemini_3_Flash,20,-1,1,-1,1,D,0,exploit,0,"Button 1 has consistently yielded high rewards (averaging around 50-55) across various context combinations in previous trials. Given the lack of strong signals for other buttons, exploiting button 1 remains the most reliable strategy to maximize total profit.",44,C,D,B,A
10,LLM_Gemini_3_Flash,21,-1,1,-1,1,D,0,exploit,0,"Button 1 has been consistently tested and provides stable, high rewards across various context configurations, making it the most reliable choice given the current evidence.",52,C,D,B,A
10,LLM_Gemini_3_Flash,22,1,1,-1,1,D,0,exploit,0,"Button 1 has consistently yielded rewards in the 40-60 range across all context combinations throughout 20 trials. Given that trial 1 returned a low reward of 22 for Button 0, and Button 1 remains the most reliable performer based on historical data, I am exploiting this consistent reward trend.",49,C,D,B,A
10,LLM_Gemini_3_Flash,23,-1,1,-1,1,D,0,exploit,0,"Button 1 has consistently yielded high rewards (typically between 45 and 60) across a variety of contexts in the historical data, making it the most reliable choice. Given the current context (-1, 1, -1), button 1 has proven effective in previous trials with this same configuration.",50,C,D,B,A
10,LLM_Gemini_3_Flash,24,1,-1,-1,1,D,0,exploit,0,"Button 1 has been consistently chosen throughout the game and has yielded a stable and high average reward regardless of context fluctuations. Given the lack of strong evidence suggesting other buttons perform better, continuing to exploit Button 1 is the most reliable strategy.",54,C,D,B,A
10,LLM_Gemini_3_Flash,25,1,-1,1,1,D,0,exploit,0,"Button 1 has been consistently yielding high rewards (typically between 40 and 62) regardless of the context signals in the previous 24 trials. Given its strong performance, it is the most reliable option for exploitation.",51,C,D,B,A
10,LLM_Gemini_3_Flash,26,1,1,-1,1,D,0,exploit,0,"Button 1 has consistently yielded high rewards (typically between 45 and 62) across all contexts, while my one trial with Button 0 resulted in a very low reward (22). I will continue to exploit the high-performing Button 1.",50,C,D,B,A
10,LLM_Gemini_3_Flash,27,1,-1,-1,1,D,0,exploit,0,"Button 1 has consistently yielded high rewards (averaging around 50-55) regardless of the context fluctuations, demonstrating it is a very reliable, likely stable-reward button. Since I have observed strong performance from button 1 across various contexts, I will continue to exploit it.",52,C,D,B,A
10,LLM_Gemini_3_Flash,28,1,1,-1,1,D,0,exploit,0,"Button 1 has been consistently delivering rewards in the 40-60 range across all tested context combinations, proving it is a high-reward, likely constant or context-stable option, whereas Button 0 yielded only 22 in its single trial.",50,C,D,B,A
10,LLM_Gemini_3_Flash,29,1,1,-1,1,D,0,exploit,0,"Button 1 has consistently yielded high rewards (averaging around 50+) across all contexts tested so far, including the current one (Mercury 1, Krypton 1, Nobelium -1), where it has reliably performed well in previous trials.",48,C,D,B,A
10,LLM_Gemini_3_Flash,30,1,-1,-1,1,D,0,exploit,0,"Button 1 has consistently yielded high rewards (averaging around 50-55) regardless of the context fluctuations, while my single attempt at button 0 early on was significantly lower. Given the consistent performance of button 1 across various contexts in the history, I will continue to exploit it.",49,C,D,B,A
10,LLM_Gemini_3_Flash,31,1,-1,1,1,D,0,exploit,0,"Button 1 has been consistently yielding high rewards across all observed contexts (average reward around 50-55). Given that I have already sampled Button 1 extensively and it consistently performs well regardless of the signal variations, I will continue to exploit it.",47,C,D,B,A
10,LLM_Gemini_3_Flash,32,-1,1,-1,1,D,0,exploit,0,"Button 1 has been consistently tested across all contexts in the history, yielding reliable rewards in the 40-60 range regardless of signal variations. Given the context (Mercury: -1, Krypton: 1, Nobelium: -1), and Button 1's demonstrated stability, continuing to exploit this button remains the safest strategy to maximize total profit.",50,C,D,B,A
10,LLM_Gemini_3_Flash,33,-1,1,1,1,D,0,exploit,0,"Button 1 has consistently provided rewards in the 40-60 range across all context combinations tested so far. Given that Button 0 performed poorly in the only trial it was tested (Trial 1), Button 1 remains the most reliable option with a proven track record of high average performance.",47,C,D,B,A
10,LLM_Gemini_3_Flash,34,-1,1,1,1,D,0,exploit,0,"Button 1 has consistently yielded rewards in the range of 40-62 throughout the trials across all variations of context signals. Given that button 0 performed poorly in the only trial it was tested, and button 1 has been reliably profitable, I will continue to exploit button 1 to maximize the total reward.",46,C,D,B,A
10,LLM_Gemini_3_Flash,35,1,-1,1,1,D,0,exploit,0,"Button 1 has consistently yielded reliable rewards (averaging around 50) across all variations of context signals observed in the history. While I have minimal data on other buttons, Button 1 provides a consistently high baseline, making it the most robust choice for exploitation at this stage.",50,C,D,B,A
10,LLM_Gemini_3_Flash,36,-1,1,-1,1,D,0,exploit,0,"Button 1 has been consistently yielding rewards in the 45-60 range across all tested context variations, making it a reliable choice. Given the historical data shows it performs well regardless of the specific context signals, it remains the most profitable option.",49,C,D,B,A
10,LLM_Gemini_3_Flash,37,-1,-1,1,1,D,0,exploit,0,"Button 1 has consistently yielded reliable rewards (averaging around 50) across a wide variety of context combinations throughout the game. Given that no other button has been explored sufficiently to suggest a higher potential, continuing to exploit Button 1 is the most consistent strategy for maximizing profit.",54,C,D,B,A
10,LLM_Gemini_3_Flash,38,1,1,-1,1,D,0,exploit,0,"Button 1 has consistently provided high rewards (consistently around 50) regardless of the context signals in the previous 37 trials, indicating it is a reliable high-reward choice.",61,C,D,B,A
10,LLM_Gemini_3_Flash,39,-1,1,-1,1,D,0,exploit,0,"Button 1 has consistently delivered stable, high rewards across various context combinations throughout the game history. Given that it has been the primary source of consistent profit, I will continue to exploit it.",47,C,D,B,A
10,LLM_Gemini_3_Flash,40,1,-1,-1,1,D,0,exploit,0,"Button 1 has consistently yielded reliable rewards throughout the trials across all variations of context, establishing it as the most stable and high-performing option in the current dataset.",45,C,D,B,A
10,LLM_Gemini_3_Flash,41,1,-1,1,1,D,0,exploit,0,"Button 1 has consistently provided stable rewards (average around 50) across almost all contexts explored so far, while Button 0 performed poorly in the one trial it was tested. Given the current history, Button 1 remains the safest and most profitable choice.",55,C,D,B,A
10,LLM_Gemini_3_Flash,42,1,1,-1,1,D,0,exploit,0,"Button 1 has consistently yielded reliable rewards across all tested context combinations in the history. Given the high performance and stability of Button 1 relative to limited exploration of others, I will continue to exploit it.",48,C,D,B,A
10,LLM_Gemini_3_Flash,43,-1,1,-1,1,D,0,exploit,0,"Button 1 has consistently yielded rewards in the range of 45-60 across all various context signals throughout the game. Given that it has shown reliable performance regardless of the specific combination of Mercury, Krypton, and Nobelium, it remains the most stable and statistically sound choice for maximizing rewards.",58,C,D,B,A
10,LLM_Gemini_3_Flash,44,1,-1,1,1,D,0,exploit,0,"Button 1 has consistently provided stable, high rewards across almost all contexts experienced so far, showing little variance based on the input signals compared to the extremely low result observed for Button 0 in the first trial. Given the consistency and performance history of Button 1, it remains the optimal choice for exploitation.",43,C,D,B,A
10,LLM_Gemini_3_Flash,45,-1,1,1,1,D,0,exploit,0,"Button 1 has been consistently tested across diverse contexts and has maintained a reliable average reward range (around 50). Given that I have significant data on button 1 and very limited information on the others, and button 1 is performing steadily, exploiting it remains the safest strategy to maximize total profit.",55,C,D,B,A
10,LLM_Gemini_3_Flash,46,1,-1,1,1,D,0,exploit,0,"Button 1 has consistently yielded rewards in the 40-60 range across all context combinations throughout the game. Given that other buttons were minimally explored and button 1 appears to have a stable, high baseline reward, I am choosing to exploit this reliable performer.",44,C,D,B,A
10,LLM_Gemini_3_Flash,47,1,1,-1,1,D,0,exploit,0,"Button 1 has consistently yielded high, stable rewards (average around 50) regardless of the context fluctuations, making it the most reliable choice based on the historical data available.",53,C,D,B,A
10,LLM_Gemini_3_Flash,48,1,-1,1,1,D,0,exploit,0,"Button 1 has been consistently yielding reliable rewards across all tested context variations in the 47 previous trials. Given that the other buttons have not been explored enough to suggest a higher potential, exploiting button 1 is the most consistent strategy to maintain the current profit level.",50,C,D,B,A
10,LLM_Gemini_3_Flash,49,1,1,-1,1,D,0,exploit,0,"Button 1 has consistently yielded reliable rewards (averaging around 50) across a wide variety of contexts throughout the trials, while Button 0 performed poorly in the only instance it was tested. Given the high consistency of Button 1, it remains the optimal choice for exploitation.",47,C,D,B,A
10,LLM_Gemini_3_Flash,50,-1,1,1,1,D,0,exploit,0,"Button 1 has consistently yielded reliable rewards throughout the 49 trials regardless of the context fluctuations, suggesting it has a stable, high base expected return. Since I have observed its performance under many different combinations of Mercury, Krypton, and Nobelium, I am confident in continuing to exploit this choice to maximize total profit.",53,C,D,B,A
11,LLM_Gemini_3_Flash,1,1,-1,-1,0,B,0,explore,1,"This is the first trial of the game with no previous history. I am choosing button 0 to establish a baseline reward for this specific context (Mercury=1, Krypton=-1, Nobelium=-1) as part of an exploration strategy.",51,B,C,D,A
11,LLM_Gemini_3_Flash,2,1,-1,1,1,C,0,explore,1,"Since only button 0 has been tested once, I need to explore the other buttons (1, 2, and 3) to gather information about their reward functions across different signal combinations.",48,B,C,D,A
11,LLM_Gemini_3_Flash,3,1,-1,1,1,C,0,exploit,0,"In trial 2, the button 1 yielded a reward of 48 under the exact same context (Mercury: 1, Krypton: -1, Nobelium: 1). Given this is the highest observed reward for this specific context, I will exploit it to maximize profit.",48,B,C,D,A
11,LLM_Gemini_3_Flash,4,1,1,-1,2,D,0,explore,1,"I have only explored buttons 0 and 1 so far. Button 0 yielded 51 and button 1 yielded 48. To maximize future rewards, I need to test buttons 2 and 3 to determine their reward patterns in relation to the Mercury, Krypton, and Nobelium signals.",50,B,C,D,A
11,LLM_Gemini_3_Flash,5,-1,1,-1,3,A,0,explore,1,"I have explored buttons 0, 1, and 2 in past trials. Button 3 remains the only unexamined option, and since the context (Mercury: -1, Krypton: 1, Nobelium: -1) has not been encountered before in a way that isolates Button 3's performance, exploring it is necessary to gain more information.",22,B,C,D,A
11,LLM_Gemini_3_Flash,6,-1,1,-1,0,B,1,explore,1,"Button 0 yielded 51 when Mercury was 1 and Krypton/Nobelium were -1. Button 3 yielded 22 in the current context (Mercury -1, Krypton 1, Nobelium -1). I am exploring Button 0 to see if it remains high or stable even when the signals shift, as Button 3 performed poorly.",74,B,C,D,A
11,LLM_Gemini_3_Flash,7,-1,-1,1,0,B,0,exploit,0,"Button 0 yielded the highest reward (74) in trial 6 when Mercury was -1 and Krypton was 1, and trial 1 when Mercury was 1. Given the context (Mercury=-1, Krypton=-1, Nobelium=1), button 0 has shown the strongest performance potential compared to other buttons, so I am choosing it to exploit that observed high yield.",24,B,C,D,A
11,LLM_Gemini_3_Flash,8,-1,-1,1,1,C,1,explore,1,"Button 0 yielded a low reward of 24 in this exact context previously, while button 1 showed consistent, higher rewards (48) in other contexts. I am exploring button 1 to see if it outperforms button 0 in this current context.",86,B,C,D,A
11,LLM_Gemini_3_Flash,9,1,-1,1,1,C,0,exploit,0,"Button 1 has consistently yielded a reward of 48 in previous trials where the context was (Mercury: 1, Krypton: -1, Nobelium: 1). Given this is the exact same context, exploiting button 1 is the most reliable strategy.",58,B,C,D,A
11,LLM_Gemini_3_Flash,10,1,-1,-1,0,B,0,exploit,0,"In Trial 1, the same context (1, -1, -1) was tested on Button 0, resulting in a reward of 51. Given the available data, Button 0 performed reliably under this specific signal configuration. Other buttons showed lower performance or less favorable responses under similar contexts, making Button 0 the current optimal choice.",55,B,C,D,A
11,LLM_Gemini_3_Flash,11,-1,-1,1,1,C,1,exploit,0,"In trials 7 and 8, for the context (-1, -1, 1), button 1 yielded a reward of 86 compared to button 0's reward of 24. This strongly suggests that button 1 is the most profitable choice for this specific context.",81,B,C,D,A
11,LLM_Gemini_3_Flash,12,-1,1,-1,0,B,1,exploit,0,"In the current context (Mercury: -1, Krypton: 1, Nobelium: -1), button 0 has previously yielded a high reward of 74, whereas button 3 performed poorly (22) under the same conditions. Button 0 appears to be the optimal choice for this specific signal configuration.",82,B,C,D,A
11,LLM_Gemini_3_Flash,13,-1,1,1,1,C,1,exploit,0,"Button 1 has consistently yielded high rewards (86 and 81) when Krypton is -1 and Nobelium is 1, even across different Mercury states. Given the current context (Mercury: -1, Krypton: 1, Nobelium: 1), Button 1 appears the most robust choice based on previous high-performance patterns.",71,B,C,D,A
11,LLM_Gemini_3_Flash,14,-1,1,1,1,C,1,exploit,0,"Button 1 has shown strong performance when Krypton is 1 and Nobelium is 1, specifically in trial 13 where it yielded a reward of 71. Given the current context of Mercury -1, Krypton 1, and Nobelium 1, Button 1 is the most promising choice based on previous high-reward patterns.",76,B,C,D,A
11,LLM_Gemini_3_Flash,15,-1,-1,1,1,C,1,exploit,0,"Based on the history, button 1 consistently yields high rewards (86, 81) when the context is Mercury: -1, Krypton: -1, Nobelium: 1, significantly outperforming button 0 (24) in the same scenario.",83,B,C,D,A
11,LLM_Gemini_3_Flash,16,1,1,-1,0,B,1,exploit,0,"Button 0 shows high rewards (74, 82) when Mercury is -1 and Krypton is 1, and consistent rewards around 50-55 when Mercury is 1. Given the current context (Mercury: 1, Krypton: 1, Nobelium: -1), Button 0 appears to be a strong performer compared to the others observed under similar conditions.",83,B,C,D,A
11,LLM_Gemini_3_Flash,17,-1,1,-1,0,B,1,exploit,0,"Button 0 has shown high performance (74 and 82) in the specific context where Mercury is -1 and Krypton is 1, regardless of Nobelium. Given the current context (-1, 1, -1), Button 0 remains the strongest candidate based on historical success.",76,B,C,D,A
11,LLM_Gemini_3_Flash,18,1,1,-1,0,B,1,exploit,0,"Button 0 has shown high rewards when Krypton is 1, specifically receiving 83 in Trial 16 with the same context (Mercury: 1, Krypton: 1, Nobelium: -1). Given the current context matches this high-reward state, choosing button 0 is the optimal move.",88,B,C,D,A
11,LLM_Gemini_3_Flash,19,-1,1,1,1,C,1,exploit,0,"Based on historical data, button 1 consistently yields high rewards (71-86) when Nobelium is 1, regardless of the other signals. Button 0 performs well when Mercury is 1 or Krypton is 1, but button 1 has shown stronger performance for the specific Nobelium=1 condition in the provided history.",74,B,C,D,A
11,LLM_Gemini_3_Flash,20,-1,1,-1,0,B,1,exploit,0,"Based on the history, button 0 has consistently performed well (74, 82, 76, 88) when the current context (Mercury: -1, Krypton: 1, Nobelium: -1) occurs, making it the most reliable choice.",76,B,C,D,A
11,LLM_Gemini_3_Flash,21,-1,1,1,1,C,1,exploit,0,"Button 1 has consistently shown high rewards (71-86) when the Nobelium context is 1, regardless of the other signals. Given the current context (Mercury: -1, Krypton: 1, Nobelium: 1), Button 1 is the most reliable choice based on historical performance.",76,B,C,D,A
11,LLM_Gemini_3_Flash,22,1,-1,-1,0,B,0,exploit,0,"Button 0 has demonstrated consistent performance when Mercury is 1 and Krypton is 1, and it also yielded 51 and 55 in previous trials with this specific context (1, -1, -1). Button 1 consistently performs well when Krypton is 1 or Nobelium is 1, but for the current context (1, -1, -1), Button 0 is the most reliable option identified.",50,B,C,D,A
11,LLM_Gemini_3_Flash,23,1,-1,1,1,C,0,exploit,0,"In context (Mercury=1, Krypton=-1, Nobelium=1), button 1 has consistently shown higher rewards (between 48-58) compared to button 0, which has shown lower rewards in similar contexts. Given the historical data, button 1 is the most reliable choice for this specific signal combination.",57,B,C,D,A
11,LLM_Gemini_3_Flash,24,1,1,-1,0,B,1,exploit,0,"Button 0 has consistently yielded high rewards (83, 88) when the context is Mercury: 1, Krypton: 1, Nobelium: -1, making it the most reliable choice in the current context.",87,B,C,D,A
11,LLM_Gemini_3_Flash,25,1,-1,-1,0,B,0,exploit,0,"Button 0 has consistently performed well when Mercury is 1, Krypton is -1, and Nobelium is -1, yielding rewards around 51-55 in this specific context throughout the trials.",51,B,C,D,A
11,LLM_Gemini_3_Flash,26,-1,-1,1,1,C,1,exploit,0,"Looking at the context (-1, -1, 1), Button 1 has consistently yielded high rewards (86, 81, 83) in similar contexts, whereas Button 0 yielded significantly lower rewards (24) in the same condition.",76,B,C,D,A
11,LLM_Gemini_3_Flash,27,1,-1,1,1,C,0,exploit,0,"Looking at the history for the context (Mercury: 1, Krypton: -1, Nobelium: 1), button 1 has consistently yielded rewards around 48-58, while button 0 has shown higher potential in other contexts (specifically when Krypton is 1 or Mercury is -1), but button 1 remains the most reliable performer in the current configuration.",55,B,C,D,A
11,LLM_Gemini_3_Flash,28,-1,1,-1,0,B,1,exploit,0,"In the current context (Mercury: -1, Krypton: 1, Nobelium: -1), Button 0 has consistently delivered high rewards in past trials (e.g., 74, 82, 76, 76), significantly outperforming Button 3, which yielded only 22 in a similar context in trial 5.",78,B,C,D,A
11,LLM_Gemini_3_Flash,29,-1,-1,1,1,C,1,exploit,0,"Based on historical data for the context (Mercury: -1, Krypton: -1, Nobelium: 1), button 1 consistently yields high rewards (e.g., 86, 81, 83, 76), significantly outperforming button 0, which yielded 24 in the only trial with this specific context.",72,B,C,D,A
11,LLM_Gemini_3_Flash,30,-1,1,1,1,C,1,exploit,0,"Button 1 consistently yields high rewards (70-85 range) when Nobelium is 1, regardless of other signals. In the current context (Mercury: -1, Krypton: 1, Nobelium: 1), Button 1 has demonstrated superior performance compared to Button 0 and 2 in similar conditions.",75,B,C,D,A
11,LLM_Gemini_3_Flash,31,-1,1,1,1,C,1,exploit,0,"Based on historical data, button 1 consistently yields high rewards (71-86) when Nobelium is 1, regardless of the other signals. Button 0 performs significantly better when Krypton is 1 but Nobelium is -1. With the current context (Mercury: -1, Krypton: 1, Nobelium: 1), button 1 is the most reliable choice for high performance.",79,B,C,D,A
11,LLM_Gemini_3_Flash,32,1,1,-1,0,B,1,exploit,0,"Based on historical data, button 0 consistently provides high rewards (83-88 range) when Mercury is 1 and Krypton is 1, regardless of Nobelium. In trial 16, 18, and 24 with context (1, 1, -1), button 0 yielded rewards of 83, 88, and 87, significantly outperforming other buttons.",79,B,C,D,A
11,LLM_Gemini_3_Flash,33,1,1,-1,0,B,1,exploit,0,"Based on the historical data, Button 0 consistently provides high rewards (79-88 range) when Mercury is 1 and Krypton is 1, regardless of Nobelium. Since the current context has Mercury=1 and Krypton=1, Button 0 is the optimal choice.",81,B,C,D,A
11,LLM_Gemini_3_Flash,34,1,1,-1,0,B,1,exploit,0,"The current context (Mercury: 1, Krypton: 1, Nobelium: -1) matches several previous trials where Button 0 consistently yielded high rewards (83, 88, 87, 79, 81), making it the optimal choice based on observed data.",91,B,C,D,A
11,LLM_Gemini_3_Flash,35,-1,-1,1,1,C,1,exploit,0,"Based on historical data, Button 1 consistently provides high rewards (70s-80s) when Nobelium is 1, regardless of other signals. In the current context (Mercury: -1, Krypton: -1, Nobelium: 1), Button 1 has historically yielded rewards in the 70-86 range, whereas Button 0 has significantly lower rewards when Nobelium is 1.",80,B,C,D,A
11,LLM_Gemini_3_Flash,36,1,-1,-1,0,B,0,exploit,0,"Based on the historical data, button 0 consistently provides high rewards (around 50-55) when Mercury=1, Krypton=-1, and Nobelium=-1, outperforming button 1 in this specific context configuration.",55,B,C,D,A
11,LLM_Gemini_3_Flash,37,1,1,-1,0,B,1,exploit,0,"Button 0 shows very high rewards (80-90 range) when Mercury is 1 and Krypton is 1, regardless of Nobelium. In the current context (Mercury: 1, Krypton: 1, Nobelium: -1), Button 0 has consistently yielded the best results in previous trials.",75,B,C,D,A
11,LLM_Gemini_3_Flash,38,-1,-1,1,1,C,1,exploit,0,"Based on historical data, button 1 consistently yields high rewards (70-80+) when the Nobelium signal is 1, regardless of the other context variables. Given the current context (Mercury: -1, Krypton: -1, Nobelium: 1), button 1 is the statistically superior choice.",84,B,C,D,A
11,LLM_Gemini_3_Flash,39,-1,-1,1,1,C,1,exploit,0,"Historical data strongly indicates that Button 1 consistently performs very well (rewards 80+) when the Nobelium signal is 1, regardless of the other signals. Given the current context where Nobelium is 1, Button 1 is the statistically superior choice.",83,B,C,D,A
11,LLM_Gemini_3_Flash,40,1,-1,1,1,C,0,exploit,0,"Based on the historical data, button 1 consistently yields high rewards (average ~75-85) when Nobelium is 1, regardless of the Mercury and Krypton signals. Button 0 performs poorly when Nobelium is 1 (as seen in trials 7, 26, etc.), so button 1 is the optimal choice for the current context (Mercury: 1, Krypton: -1, Nobelium: 1).",51,B,C,D,A
11,LLM_Gemini_3_Flash,41,-1,-1,1,1,C,1,exploit,0,"Based on historical data, button 1 consistently yields high rewards when Nobelium is 1, specifically ranging between 70-86 in those contexts. Button 0 performs significantly worse when Nobelium is 1 and Krypton is -1 (as seen in trial 7). Given the current context (Mercury: -1, Krypton: -1, Nobelium: 1), button 1 is the clear optimal choice.",82,B,C,D,A
11,LLM_Gemini_3_Flash,42,-1,1,1,1,C,1,exploit,0,"Analyzing the history, button 1 consistently yields high rewards (70-86) when Nobelium is 1, regardless of the other signals. Button 0 performs best when Mercury and Krypton are 1 and Nobelium is -1. Since the current context is Mercury: -1, Krypton: 1, Nobelium: 1, button 1 is the statistically superior choice based on historical performance in these conditions.",76,B,C,D,A
11,LLM_Gemini_3_Flash,43,-1,1,-1,0,B,1,exploit,0,"Based on historical data, button 0 yields high rewards (74-82) when Mercury is -1 and Krypton is 1, regardless of Nobelium. In current context (Mercury: -1, Krypton: 1, Nobelium: -1), button 0 is strongly favored as the optimal choice.",82,B,C,D,A
11,LLM_Gemini_3_Flash,44,-1,1,1,1,C,1,exploit,0,"Based on historical data, Button 1 consistently yields high rewards (70-86) when Nobelium is 1, regardless of the other signals. Button 0 performs significantly better when Mercury=1 and Krypton=1, but under the current context of Mercury=-1 and Krypton=1, Button 1 is the statistically superior choice for high output.",77,B,C,D,A
11,LLM_Gemini_3_Flash,45,1,-1,1,1,C,0,exploit,0,"Based on historical data for the context (Mercury: 1, Krypton: -1, Nobelium: 1), button 1 consistently yields rewards around 48-58, whereas button 0 performed poorly when Nobelium was 1 and Mercury was 1 in early trials. Button 1 has been the most reliable choice for these specific signals.",50,B,C,D,A
11,LLM_Gemini_3_Flash,46,-1,1,1,1,C,1,exploit,0,"Based on the history, button 1 consistently yields high rewards (70-85 range) when Nobelium is 1, regardless of the other signals, whereas button 0 performs best when Nobelium is -1. Since Nobelium is currently 1, button 1 is the optimal choice.",70,B,C,D,A
11,LLM_Gemini_3_Flash,47,-1,-1,1,1,C,1,exploit,0,"Based on historical data, button 1 consistently yields high rewards (typically 70-86) when Nobelium is 1, regardless of the Mercury or Krypton values. Given the current context (Mercury: -1, Krypton: -1, Nobelium: 1), button 1 is the optimal choice to exploit.",83,B,C,D,A
11,LLM_Gemini_3_Flash,48,1,-1,-1,0,B,0,exploit,0,"Based on the historical data, button 0 consistently yields higher rewards when Mercury is 1, regardless of Krypton and Nobelium states (averaging ~50-90). Button 1 performs best when Mercury is -1, yielding high rewards (70-86). Since the current context is Mercury: 1, Krypton: -1, Nobelium: -1, button 0 is the optimal choice for exploitation.",64,B,C,D,A
11,LLM_Gemini_3_Flash,49,-1,-1,1,1,C,1,exploit,0,"Based on historical data, button 1 consistently yields high rewards (typically 70-86) when Mercury is -1 and Nobelium is 1, regardless of the Krypton signal. Given the current context (Mercury -1, Krypton -1, Nobelium 1), button 1 is the most reliable choice for maximizing profit.",81,B,C,D,A
11,LLM_Gemini_3_Flash,50,-1,-1,1,1,C,1,exploit,0,"The historical data clearly indicates that button 1 consistently yields high rewards (typically 70-85) when Nobelium is 1, regardless of the Mercury or Krypton states. Given the current context where Nobelium is 1, button 1 is the statistically optimal choice.",73,B,C,D,A
12,LLM_Gemini_3_Flash,1,-1,1,-1,0,A,0,explore,1,"Since this is the first trial, I have no prior data on the reward functions. I am choosing button 0 to begin the exploration process and gather information about the signal-reward mapping.",12,A,B,D,C
12,LLM_Gemini_3_Flash,2,-1,1,-1,1,B,1,explore,1,"I have only tested button 0 so far. To maximize long-term profit, I need to explore other buttons to identify which ones perform better under the current context signals (Mercury -1, Krypton 1, Nobelium -1).",81,A,B,D,C
12,LLM_Gemini_3_Flash,3,1,-1,-1,2,D,0,explore,1,"I have explored buttons 0 and 1 under specific conditions. Button 1 showed high promise in trial 2, but I have not tested buttons 2 or 3 yet. I am exploring button 2 to understand its potential in the current context where Mercury is 1 and others are -1.",46,A,B,D,C
12,LLM_Gemini_3_Flash,4,-1,1,-1,1,B,1,exploit,0,"In the same context (Mercury: -1, Krypton: 1, Nobelium: -1), button 1 yielded a reward of 81 while button 0 only yielded 12. Therefore, button 1 is the superior choice for this specific context.",91,A,B,D,C
12,LLM_Gemini_3_Flash,5,1,-1,-1,2,D,0,exploit,0,"In trial 3, with the same context (1, -1, -1), button 2 yielded a reward of 46. While button 1 has shown high rewards in other contexts, button 2 is the most promising candidate identified so far for this specific set of signals.",39,A,B,D,C
12,LLM_Gemini_3_Flash,6,-1,1,1,1,B,0,exploit,0,"Button 1 has consistently yielded high rewards (81 and 91) when Krypton is 1. Given the current context has Krypton as 1, button 1 is the highest performing option identified so far.",39,A,B,D,C
12,LLM_Gemini_3_Flash,7,-1,1,-1,1,B,1,exploit,0,"Button 1 has shown a strong performance in the current context (-1, 1, -1) with rewards of 81 and 91, significantly higher than other buttons in similar or different contexts.",77,A,B,D,C
12,LLM_Gemini_3_Flash,8,-1,-1,1,3,C,1,explore,1,"Button 1 has shown high rewards when Krypton is 1, but its performance drops significantly when Nobelium is 1. Button 2 showed moderate rewards with Mercury 1. Button 3 has not been tested yet, and since the current context (-1, -1, 1) is distinct from previous test scenarios, exploring Button 3 is a strategic move to determine if it has a higher baseline or sensitivity to the Nobelium signal.",82,A,B,D,C
12,LLM_Gemini_3_Flash,9,1,-1,-1,2,D,0,exploit,0,"Based on the trial history, button 2 has consistently provided moderate to high rewards (46, 39) when Mercury is 1 and Krypton/Nobelium are -1. Since I have observed high rewards for button 2 under these specific conditions, I will continue to exploit this button for the current context.",55,A,B,D,C
12,LLM_Gemini_3_Flash,10,1,-1,-1,2,D,0,exploit,0,"Button 2 has consistently provided moderate to high rewards (46, 39, 55) when Mercury is 1, Krypton is -1, and Nobelium is -1. Given the context, it remains the most reliable option compared to others based on historical performance.",56,A,B,D,C
12,LLM_Gemini_3_Flash,11,1,1,-1,1,B,1,explore,1,"Button 1 has shown very high rewards (81, 91, 77) when Krypton is 1. While it dropped to 39 when Nobelium was 1, the current context (Mercury: 1, Krypton: 1, Nobelium: -1) aligns well with the high-performing conditions for Button 1. I am choosing Button 1 to exploit its potential in this context while gathering more data.",76,A,B,D,C
12,LLM_Gemini_3_Flash,12,1,1,-1,1,B,1,exploit,0,"Button 1 has shown consistently high performance when Krypton is 1, yielding rewards of 81, 91, and 77 when Mercury is -1, and 76 when Mercury is 1. Given the current context (Mercury: 1, Krypton: 1, Nobelium: -1), Button 1 remains the most reliable option based on historical performance.",83,A,B,D,C
12,LLM_Gemini_3_Flash,13,1,-1,1,1,B,0,exploit,0,"Button 1 has consistently shown high returns (76, 83) when Mercury is 1, even with varying Krypton signals, suggesting it is a strong performer in this context.",19,A,B,D,C
12,LLM_Gemini_3_Flash,14,-1,-1,1,3,C,1,exploit,0,"In trial 8, with the context (-1, -1, 1), button 3 yielded a reward of 82. Based on current data, button 3 shows high potential for this specific configuration of signals while other buttons have demonstrated lower performance or inconsistency under similar conditions.",83,A,B,D,C
12,LLM_Gemini_3_Flash,15,-1,1,1,3,C,1,exploit,0,"Button 3 has consistently yielded high rewards (82, 83) when the context includes Nobelium at 1 (regardless of Krypton). Given the current context (Mercury: -1, Krypton: 1, Nobelium: 1), Button 3 remains a top candidate for high reward while Button 1 showed significantly lower performance (39) under this exact context previously.",78,A,B,D,C
12,LLM_Gemini_3_Flash,16,1,-1,1,3,C,0,exploit,0,"Button 3 has consistently provided high rewards when Nobelium is 1, regardless of Krypton or Mercury values (Trial 8, 14, 15). Given current context Mercury=1, Krypton=-1, Nobelium=1, Button 3 appears to be the most promising option based on observed data.",48,A,B,D,C
12,LLM_Gemini_3_Flash,17,1,1,-1,1,B,1,exploit,0,"Button 1 has consistently yielded high rewards (76, 83) when Mercury is 1 and Krypton is 1, regardless of Nobelium being -1. In previous trials with the current context (Mercury: 1, Krypton: 1, Nobelium: -1), Button 1 has been the most reliable performer.",78,A,B,D,C
12,LLM_Gemini_3_Flash,18,1,1,-1,1,B,1,exploit,0,"Button 1 has consistently yielded high rewards (76, 83, 78) in contexts where Mercury=1 and Krypton=1, regardless of Nobelium. It appears to be the most profitable option for this specific context.",83,A,B,D,C
12,LLM_Gemini_3_Flash,19,1,-1,-1,2,D,0,exploit,0,"Based on the trial history, button 2 has consistently provided moderate to good rewards when Mercury is 1 and Krypton/Nobelium are -1. While button 1 performs well in other contexts, in the current context of (1, -1, -1), button 2 is the most reliable choice observed so far.",54,A,B,D,C
12,LLM_Gemini_3_Flash,20,-1,1,-1,1,B,1,exploit,0,"In the current context (Mercury: -1, Krypton: 1, Nobelium: -1), button 1 has consistently yielded high rewards (81, 91, 77) across multiple trials, indicating it is the optimal choice for this specific signal configuration.",76,A,B,D,C
12,LLM_Gemini_3_Flash,21,-1,1,1,3,C,1,exploit,0,"Looking at historical data for context (Mercury=-1, Krypton=1, Nobelium=1), button 1 gave a reward of 39 in trial 6, while button 3 provided a reward of 78 in trial 15. Given button 3 shows consistent high performance in the Krypton=1/Nobelium=1 configuration, it is the optimal choice.",80,A,B,D,C
12,LLM_Gemini_3_Flash,22,1,-1,-1,2,D,0,exploit,0,"Based on the trial history, button 2 consistently yields rewards in the 40-55 range when Mercury=1, Krypton=-1, and Nobelium=-1. Button 1 is highly dependent on Krypton, and Button 3 is often better when Nobelium=1. Given the current context (1, -1, -1), button 2 is the most reliable choice.",49,A,B,D,C
12,LLM_Gemini_3_Flash,23,1,1,-1,1,B,1,exploit,0,"Based on historical data for context (Mercury: 1, Krypton: 1, Nobelium: -1), button 1 has consistently yielded high rewards in the 70-80 range (Trials 11, 12, 17, 18). It appears to be the optimal choice for this specific signal combination.",82,A,B,D,C
12,LLM_Gemini_3_Flash,24,1,-1,1,3,C,0,exploit,0,"Looking at the context (1, -1, 1), Button 3 has consistently performed well when Nobelium is 1, specifically when paired with Krypton being -1. In previous trials with (1, -1, 1), button 3 returned a reward of 48, which is the most reliable option under this specific configuration compared to button 1 or 2.",49,A,B,D,C
12,LLM_Gemini_3_Flash,25,1,-1,1,3,C,0,exploit,0,"Button 3 has consistently provided high rewards (78, 80, 82, 83) when the context includes Nobelium = 1. Given the current context (Mercury: 1, Krypton: -1, Nobelium: 1), button 3 is the most reliable choice based on historical performance for this signal configuration.",53,A,B,D,C
12,LLM_Gemini_3_Flash,26,1,-1,-1,2,D,0,exploit,0,"Based on the history for Mercury=1, Krypton=-1, Nobelium=-1, button 2 consistently yields rewards in the range of 39-56, which outperforms the other buttons in this specific context configuration.",47,A,B,D,C
12,LLM_Gemini_3_Flash,27,1,-1,-1,2,D,0,exploit,0,"In the current context (Mercury: 1, Krypton: -1, Nobelium: -1), historical data from trials 3, 5, 9, 10, 19, 22, and 26 consistently shows that Button 2 provides a stable and reliable reward compared to other observed options. I am exploiting this established pattern.",55,A,B,D,C
12,LLM_Gemini_3_Flash,28,1,1,-1,1,B,1,exploit,0,"Based on the historical data, Button 1 consistently provides high rewards (76-91 range) when Mercury is 1 and Krypton is 1, regardless of Nobelium. Since the current context has Mercury=1 and Krypton=1, Button 1 remains the most reliable high-reward choice.",80,A,B,D,C
12,LLM_Gemini_3_Flash,29,-1,1,-1,1,B,1,exploit,0,"In the current context (Mercury: -1, Krypton: 1, Nobelium: -1), button 1 has consistently yielded high rewards (averaging around 80) across multiple trials. It is the optimal choice based on the observed data pattern for this specific signal combination.",86,A,B,D,C
12,LLM_Gemini_3_Flash,30,-1,1,1,3,C,1,exploit,0,"Based on previous trials, Button 3 has consistently provided high rewards (78, 80) when the context is Mercury=-1, Krypton=1, Nobelium=1. Button 1 yielded a lower reward (39) in this same context in trial 6, suggesting Button 3 is the optimal choice for these specific signal values.",73,A,B,D,C
12,LLM_Gemini_3_Flash,31,-1,1,-1,1,B,1,exploit,0,"Based on historical data, button 1 consistently yields high rewards (typically 76-91) when Krypton is 1, regardless of the Mercury or Nobelium states (e.g., trials 2, 4, 7, 11, 12, 17, 18, 20, 23, 28, 29). Given the current context (Mercury -1, Krypton 1, Nobelium -1), button 1 is the statistically optimal choice.",82,A,B,D,C
12,LLM_Gemini_3_Flash,32,1,-1,-1,2,D,0,exploit,0,"Based on the history, button 2 consistently yields rewards in the 40-55 range when Mercury=1, Krypton=-1, and Nobelium=-1. Button 1 performs well when Krypton=1 and button 3 performs well when Nobelium=1. Given the current context (1, -1, -1), button 2 is the most reliable choice.",48,A,B,D,C
12,LLM_Gemini_3_Flash,33,-1,-1,1,3,C,1,exploit,0,"Button 3 has consistently performed well when Nobelium is 1, yielding rewards in the range of 73-83 across various Mercury/Krypton combinations in that state. Button 1 performs poorly when Nobelium is 1, and Button 2 consistently performs better when Mercury is 1 and Nobelium is -1. Therefore, Button 3 is the optimal choice for the current context (Mercury: -1, Krypton: -1, Nobelium: 1).",74,A,B,D,C
12,LLM_Gemini_3_Flash,34,-1,1,-1,1,B,1,exploit,0,"Based on historical data, button 1 consistently yields high rewards (around 80) when Krypton is 1 and Mercury is -1, regardless of Nobelium. Given the current context (Mercury: -1, Krypton: 1, Nobelium: -1), button 1 is the optimal choice.",78,A,B,D,C
12,LLM_Gemini_3_Flash,35,1,-1,-1,2,D,0,exploit,0,"Based on historical data, button 2 consistently yields rewards in the 40-55 range when Mercury=1, Krypton=-1, and Nobelium=-1. Button 1 performs significantly worse in this specific context (evidenced by trial 13, reward 19), and button 3 also underperforms compared to button 2 in this state. Therefore, button 2 is the optimal choice for the current context.",45,A,B,D,C
12,LLM_Gemini_3_Flash,36,-1,1,1,3,C,1,exploit,0,"Based on the history, button 3 has consistently yielded high rewards (73-83) when the Nobelium signal is 1, regardless of the Mercury or Krypton values. Given the current context (Mercury: -1, Krypton: 1, Nobelium: 1), button 3 is the historically strongest candidate.",86,A,B,D,C
12,LLM_Gemini_3_Flash,37,1,-1,1,3,C,0,exploit,0,"Based on historical data, button 3 yields high rewards when Nobelium is 1, regardless of the other signals. Button 1 performs best when Krypton is 1, and button 2 is consistent when Mercury is 1 and Nobelium is -1. With the current context of (1, -1, 1), button 3 has shown the most consistent high performance compared to testing button 0 or others.",54,A,B,D,C
12,LLM_Gemini_3_Flash,38,-1,1,-1,1,B,1,exploit,0,"Based on historical data, button 1 consistently yields high rewards (typically 76-91) when Mercury is -1 and Krypton is 1, regardless of the Nobelium value (except when Nobelium is 1, where it dropped once but is still highly effective in this state).",82,A,B,D,C
12,LLM_Gemini_3_Flash,39,1,-1,-1,2,D,0,exploit,0,"The current context is Mercury: 1, Krypton: -1, Nobelium: -1. Historical data shows that Button 2 consistently provides a reliable reward (average ~49-56) under these specific conditions, whereas Buttons 1 and 3 perform significantly worse or show high volatility when Mercury is 1 and Krypton is -1.",51,A,B,D,C
12,LLM_Gemini_3_Flash,40,1,-1,1,3,C,0,exploit,0,"Based on the observed history, Button 3 consistently performs well when Nobelium is 1 (trials 8, 14, 15, 21, 30, 33, 36, 37). In the current context (Mercury: 1, Krypton: -1, Nobelium: 1), Button 3 remains the most suitable choice compared to the alternatives, which show lower or inconsistent performance in this specific configuration.",49,A,B,D,C
12,LLM_Gemini_3_Flash,41,-1,1,1,3,C,1,exploit,0,"Looking at the data, Button 3 has consistently performed well when Nobelium is 1, specifically receiving rewards in the 70s and 80s when the context matches the current one (Mercury=-1, Krypton=1, Nobelium=1). Button 1 performs well when Nobelium is -1, but Button 3 is the clear choice for this context.",83,A,B,D,C
12,LLM_Gemini_3_Flash,42,1,1,-1,1,B,1,exploit,0,"Based on historical data, button 1 consistently yields high rewards (76-91) when Krypton is 1, regardless of Mercury. In the current context (Mercury: 1, Krypton: 1, Nobelium: -1), button 1 has proven to be the most reliable and high-performing option.",85,A,B,D,C
12,LLM_Gemini_3_Flash,43,-1,1,-1,1,B,1,exploit,0,"Based on historical data, button 1 consistently yields high rewards (between 76 and 91) when Krypton is 1, regardless of the Mercury or Nobelium signal, except when Nobelium is 1 (where button 3 is better). In the current context (Mercury: -1, Krypton: 1, Nobelium: -1), button 1 is the optimal choice.",75,A,B,D,C
12,LLM_Gemini_3_Flash,44,-1,-1,1,3,C,1,exploit,0,"Based on historical data, button 3 shows high performance when Nobelium is 1, regardless of Mercury or Krypton (evidenced by rewards of 82, 83, 78, 80, 73, 74, 86, 83). Given the current context of Nobelium = 1, button 3 is the most consistent and highest-rewarding choice.",76,A,B,D,C
12,LLM_Gemini_3_Flash,45,-1,1,1,3,C,1,exploit,0,"Based on historical data, button 3 shows consistent high rewards (70s-80s) when Nobelium is 1, specifically when combined with other signals. For the current context (Mercury: -1, Krypton: 1, Nobelium: 1), button 3 has historically yielded high performance, notably in trials 15, 21, 30, 36, and 41, making it the superior choice over button 1, which performs poorly when Nobelium is 1.",83,A,B,D,C
12,LLM_Gemini_3_Flash,46,1,-1,1,3,C,0,exploit,0,"The context is Mercury=1, Krypton=-1, Nobelium=1. Button 3 has consistently shown high performance when Nobelium is 1 (trials 8, 14, 15, 21, 24, 25, 30, 33, 36, 37, 40, 41, 44, 45). Button 2 is associated with Mercury=1, Krypton=-1, Nobelium=-1, and Button 1 is associated with Krypton=1. Therefore, Button 3 is the optimal choice for this specific context.",55,A,B,D,C
12,LLM_Gemini_3_Flash,47,1,-1,1,3,C,0,exploit,0,"Based on the history, button 3 yields high rewards when Nobelium is 1, regardless of other factors (e.g., trials 8, 14, 21, 30, 36, 41, 44, 45). Since the current context has Nobelium as 1, button 3 is the most reliable choice for maximizing profit.",56,A,B,D,C
12,LLM_Gemini_3_Flash,48,1,-1,-1,2,D,0,exploit,0,"Based on historical data, button 2 consistently provides a moderate reward when Mercury is 1, Krypton is -1, and Nobelium is -1, whereas other buttons perform significantly worse under these conditions.",48,A,B,D,C
12,LLM_Gemini_3_Flash,49,-1,1,1,3,C,1,exploit,0,"Based on historical data, button 3 consistently yields high rewards (73-86) when Nobelium is 1, regardless of the Mercury or Krypton values. Given the current context (Mercury: -1, Krypton: 1, Nobelium: 1), button 3 is the most reliable choice.",83,A,B,D,C
12,LLM_Gemini_3_Flash,50,-1,1,-1,1,B,1,exploit,0,"Based on historical data, button 1 consistently yields high rewards (75-91) when Krypton is 1, regardless of the values of Mercury or Nobelium. Since the current context has Krypton=1, button 1 is the optimal choice to exploit.",84,A,B,D,C
13,LLM_Gemini_3_Flash,1,1,1,-1,0,B,1,explore,1,"This is the first trial, so I need to explore the buttons to start gathering data on their reward patterns based on the context (1, 1, -1).",84,B,D,C,A
13,LLM_Gemini_3_Flash,2,1,1,-1,1,D,0,explore,1,"I have only tested button 0 so far. To maximize long-term profit, I need to explore the remaining buttons to identify which ones perform best under the current context of Mercury: 1, Krypton: 1, Nobelium: -1.",52,B,D,C,A
13,LLM_Gemini_3_Flash,3,1,-1,-1,2,C,0,explore,1,"Button 0 shows promise with a high reward (84) in the previous context, but I need to sample buttons 2 and 3 to understand their reward profiles relative to the Mercury, Krypton, and Nobelium signals.",18,B,D,C,A
13,LLM_Gemini_3_Flash,4,1,1,-1,0,B,1,exploit,0,"In the current context (Mercury: 1, Krypton: 1, Nobelium: -1), button 0 has yielded a reward of 84, which is significantly higher than button 1 (52) under the same conditions. I am choosing to exploit this known high-performing arm.",69,B,D,C,A
13,LLM_Gemini_3_Flash,5,1,-1,-1,0,B,0,exploit,0,"Button 0 has consistently delivered the highest rewards in the observed history (84 and 69) compared to other buttons, even when context signals were similar or shifting. Given the current context matches the trial where button 0 performed well (specifically regarding Mercury and Nobelium), choosing 0 is the most reliable strategy.",53,B,D,C,A
13,LLM_Gemini_3_Flash,6,1,-1,-1,0,B,0,exploit,0,"Button 0 has consistently provided high rewards in various contexts (84, 69, 53). In the current context (Mercury: 1, Krypton: -1, Nobelium: -1), button 0 returned a reward of 53, which is significantly better than button 2's performance of 18 in the same context, indicating it is currently the most promising option.",49,B,D,C,A
13,LLM_Gemini_3_Flash,7,-1,1,-1,0,B,1,exploit,0,"Button 0 has shown consistently higher rewards (ranging from 49 to 84) compared to the single trials for Button 1 (52) and Button 2 (18) across various contexts, suggesting it is the most robust performer.",89,B,D,C,A
13,LLM_Gemini_3_Flash,8,-1,1,1,0,B,0,exploit,0,"Button 0 has consistently delivered the highest rewards across different contexts, including a very strong return of 89 when Mercury was -1 and Krypton was 1, which is similar to the current context. I will continue to exploit this high-performing button.",54,B,D,C,A
13,LLM_Gemini_3_Flash,9,1,1,-1,0,B,1,exploit,0,"In the current context (Mercury: 1, Krypton: 1, Nobelium: -1), button 0 has consistently produced the highest observed rewards (84 and 69) compared to button 1 (52). Button 0 has demonstrated strong performance under various conditions, making it the most reliable choice for maximizing profit.",73,B,D,C,A
13,LLM_Gemini_3_Flash,10,1,1,-1,0,B,1,exploit,0,"Button 0 has consistently yielded the highest rewards (ranging 49-89) across various context combinations, including the current context (Mercury:1, Krypton:1, Nobelium:-1) where it averaged above 75 in previous trials, significantly outperforming button 1.",78,B,D,C,A
13,LLM_Gemini_3_Flash,11,1,1,-1,0,B,1,exploit,0,"Button 0 has consistently demonstrated the highest average reward in the given context (Mercury: 1, Krypton: 1, Nobelium: -1) compared to the single attempt on Button 1, which yielded a significantly lower reward. I will continue to exploit this high-performing button.",78,B,D,C,A
13,LLM_Gemini_3_Flash,12,1,1,-1,0,B,1,exploit,0,"Button 0 has consistently delivered higher average rewards (76.5) in the current context (Mercury:1, Krypton:1, Nobelium:-1) compared to button 1 (52). Given the history, it is the most reliable option for this specific context.",87,B,D,C,A
13,LLM_Gemini_3_Flash,13,-1,-1,1,0,B,0,exploit,0,"Button 0 has consistently demonstrated the highest and most stable rewards across multiple trials regardless of variations in the context, making it the statistically dominant choice based on the available history.",26,B,D,C,A
13,LLM_Gemini_3_Flash,14,1,-1,1,0,B,0,exploit,0,"Button 0 has consistently delivered higher average rewards compared to the few samples of other buttons tested, even across various context fluctuations. Given the context (1, -1, 1), I will exploit Button 0 as it has performed most robustly.",14,B,D,C,A
13,LLM_Gemini_3_Flash,15,1,1,-1,0,B,1,exploit,0,"Button 0 has consistently demonstrated the highest average reward in the current context (Mercury: 1, Krypton: 1, Nobelium: -1), with multiple successful trials yielding high payouts compared to the limited data on other buttons.",88,B,D,C,A
13,LLM_Gemini_3_Flash,16,1,-1,1,1,D,0,explore,1,"Button 0 has consistently performed well in contexts where Mercury is 1 and Krypton is 1, but its performance dropped significantly in the most recent trials where Krypton was -1. Since I have very little data on buttons 1, 2, and 3, exploring button 1 in the current context (Mercury 1, Krypton -1, Nobelium 1) is necessary to determine if it offers better returns than button 0.",59,B,D,C,A
13,LLM_Gemini_3_Flash,17,1,-1,1,1,D,0,exploit,0,"Button 0 has shown high rewards in contexts where Krypton is 1, but poor performance when Krypton is -1 (like in trial 14 with a reward of 14). In trial 16, with the current context (Mercury: 1, Krypton: -1, Nobelium: 1), Button 1 yielded 59, which is significantly better than the poor performance seen with Button 0 in similar contexts.",48,B,D,C,A
13,LLM_Gemini_3_Flash,18,1,-1,1,1,D,0,exploit,0,"Button 0 has shown high rewards under specific conditions (mostly Mercury=1, Krypton=1), but performed poorly when Nobelium=1. Button 1 showed significantly better results (48, 59) in the most recent trials where the context was Mercury=1, Krypton=-1, Nobelium=1, suggesting it is the preferred arm for this context.",56,B,D,C,A
13,LLM_Gemini_3_Flash,19,1,-1,1,1,D,0,exploit,0,"Button 0 has shown high rewards in contexts where Krypton is 1, but its performance drops significantly when Krypton is -1. In the current context (Mercury: 1, Krypton: -1, Nobelium: 1), button 0 performed poorly (14) in trial 14. Button 1 showed significantly stronger performance (averaging ~54) under similar context conditions in trials 16-18. Therefore, I am exploiting button 1.",47,B,D,C,A
13,LLM_Gemini_3_Flash,20,1,1,-1,0,B,1,exploit,0,"Button 0 has consistently demonstrated high rewards in the current context (Mercury: 1, Krypton: 1, Nobelium: -1), with multiple trials yielding rewards between 69 and 88. Button 1, when tested in other contexts, has shown lower returns, making Button 0 the most reliable choice for this specific context.",85,B,D,C,A
13,LLM_Gemini_3_Flash,21,1,-1,1,1,D,0,exploit,0,"Based on historical data (trials 16-19), Button 1 consistently yields higher rewards (47-59) than Button 0 (14) when the context is Mercury=1 and Nobelium=1. Button 0 appears highly sensitive to Nobelium=-1, so I am switching to Button 1 for this context.",56,B,D,C,A
13,LLM_Gemini_3_Flash,22,1,-1,1,1,D,0,exploit,0,"Based on historical data (trials 16-21), Button 1 has shown consistent performance (averaging around 50-60) in the current context (Mercury: 1, Krypton: -1, Nobelium: 1), while Button 0 performed poorly (14) in this specific context in trial 14.",47,B,D,C,A
13,LLM_Gemini_3_Flash,23,-1,-1,1,1,D,0,exploit,0,"Button 0 has demonstrated very low rewards (14-26) when Nobelium is 1, while button 1 has consistently shown higher rewards (47-59) in the same condition (Mercury: 1, Nobelium: 1). Given the current context has Nobelium: 1, button 1 is the statistically superior choice based on historical performance.",44,B,D,C,A
13,LLM_Gemini_3_Flash,24,-1,1,-1,0,B,1,exploit,0,"Button 0 has demonstrated consistently high rewards (89) in trials where the context included (Mercury: -1, Krypton: 1, Nobelium: -1), which matches the current context. Based on historical data, it performs significantly better than other buttons in similar configurations.",83,B,D,C,A
13,LLM_Gemini_3_Flash,25,1,1,-1,0,B,1,exploit,0,"Button 0 has consistently delivered high rewards in the current context (Mercury: 1, Krypton: 1, Nobelium: -1), with an average reward significantly higher than other buttons tested in similar or other conditions.",78,B,D,C,A
13,LLM_Gemini_3_Flash,26,-1,-1,1,1,D,0,exploit,0,"Based on historical data (trials 16-23), button 1 consistently yields higher rewards (~48-59) than button 0 (~14-26) when Nobelium is 1, regardless of the Mercury and Krypton signals. Therefore, exploiting button 1 is the optimal strategy for the current context.",50,B,D,C,A
13,LLM_Gemini_3_Flash,27,-1,-1,1,1,D,0,exploit,0,"Based on historical data (trials 13, 16, 17, 18, 19, 21, 22, 23, 26), Button 1 has demonstrated consistent performance (averaging around 50) when the context includes Nobelium=1, while Button 0 performs significantly worse (14-26) under similar conditions. I am exploiting the preference for Button 1 in this context.",54,B,D,C,A
13,LLM_Gemini_3_Flash,28,1,1,-1,0,B,1,exploit,0,"Button 0 has consistently delivered the highest rewards in the current context (Mercury: 1, Krypton: 1, Nobelium: -1), with average returns significantly higher than other buttons tested in various contexts.",77,B,D,C,A
13,LLM_Gemini_3_Flash,29,-1,1,-1,0,B,1,exploit,0,"Button 0 has consistently delivered high rewards (80s range) when Krypton is 1, regardless of the Mercury value. In Trial 7, with Mercury: -1 and Krypton: 1, Button 0 yielded 89. Given the current context (Mercury: -1, Krypton: 1), Button 0 remains the most reliable high-reward choice based on historical performance.",79,B,D,C,A
13,LLM_Gemini_3_Flash,30,1,1,-1,0,B,1,exploit,0,"Button 0 has consistently delivered high rewards in the (Mercury: 1, Krypton: 1, Nobelium: -1) context, with values consistently in the high 70s and 80s, making it the clear optimal choice for this specific context.",83,B,D,C,A
13,LLM_Gemini_3_Flash,31,-1,1,1,1,D,0,exploit,0,"Button 0 has demonstrated very high performance when Mercury or Krypton signals are 1, but its reward dropped significantly when Nobelium was 1 (Trial 8 and Trial 14). Button 1 has shown consistent performance in contexts where Nobelium is 1 (Trials 16-19, 21-23, 26-27), whereas Button 0 performed poorly in those conditions. Given the current context (Mercury: -1, Krypton: 1, Nobelium: 1), Button 1 is the most reliable choice based on observed data trends.",54,B,D,C,A
13,LLM_Gemini_3_Flash,32,-1,1,-1,0,B,1,exploit,0,"Button 0 has consistently demonstrated high returns when Krypton is 1, as evidenced in trials 1, 4, 7, 9, 10, 11, 12, 15, 20, 24, 25, 28, 29, and 30. In the current context, Krypton is 1, making Button 0 the most reliable choice for maximizing reward.",86,B,D,C,A
13,LLM_Gemini_3_Flash,33,-1,1,1,1,D,0,exploit,0,"Based on the history, button 0 yields high rewards when Mercury=1 or Krypton=1 and Nobelium=-1, but performed poorly (reward 54) when Mercury=-1, Krypton=1, and Nobelium=1 in trial 8. Button 1 has shown more stability in contexts where Nobelium is 1, and since I have not thoroughly tested button 1 under the current context (M:-1, K:1, N:1) compared to the risks observed for button 0, I am exploiting the consistent performance of button 1 in previous instances of positive Nobelium signal.",49,B,D,C,A
13,LLM_Gemini_3_Flash,34,-1,1,-1,0,B,1,exploit,0,"Button 0 has consistently delivered high rewards in contexts where Krypton is 1, regardless of the Mercury or Nobelium state (based on trials 7, 24, 29, 32). Given the current context (Mercury=-1, Krypton=1, Nobelium=-1), Button 0 is the most reliable performer.",73,B,D,C,A
13,LLM_Gemini_3_Flash,35,1,1,-1,0,B,1,exploit,0,"Button 0 has consistently delivered the highest rewards in the context where Mercury is 1, Krypton is 1, and Nobelium is -1, averaging in the 70-80s range, while Button 1 performs significantly worse in this specific context.",76,B,D,C,A
13,LLM_Gemini_3_Flash,36,1,-1,-1,0,B,0,exploit,0,"Button 0 has consistently demonstrated high returns when Mercury is 1 (regardless of Krypton) and when Nobelium is -1. Even though the current context has Krypton -1, Button 0 has historically performed well in various combinations. I will exploit this trend.",49,B,D,C,A
13,LLM_Gemini_3_Flash,37,-1,-1,1,1,D,0,exploit,0,"Based on historical data for this context (Mercury=-1, Krypton=-1, Nobelium=1), button 0 has yielded low rewards (e.g., 26), whereas button 1 has consistently yielded higher rewards in contexts where Nobelium is 1, specifically ranging between 44-54. Therefore, I am exploiting button 1 as it currently appears more profitable than button 0 in this specific context.",48,B,D,C,A
13,LLM_Gemini_3_Flash,38,-1,-1,1,1,D,0,exploit,0,"Based on historical data, button 0 yields high rewards when Mercury is 1 or Krypton is 1, but it performs very poorly when Mercury is -1 and Nobelium is 1 (as seen in trial 13, reward 26). Button 1 consistently performs better than button 0 in the 'Mercury -1, Krypton -1, Nobelium 1' context (trials 23, 26, 27, 37). With current context (-1, -1, 1), button 1 is the statistically superior choice.",47,B,D,C,A
13,LLM_Gemini_3_Flash,39,-1,1,-1,0,B,1,exploit,0,"Button 0 has consistently demonstrated high performance (70-90 range) whenever Krypton is 1, regardless of the Mercury or Nobelium states. In the current context (Mercury -1, Krypton 1, Nobelium -1), historical data (trials 7, 24, 29, 32, 34) confirms that Button 0 yields strong rewards.",81,B,D,C,A
13,LLM_Gemini_3_Flash,40,1,-1,1,1,D,0,exploit,0,"Based on historical data, button 0 performs best when Mercury is 1 and Krypton is 1, but performs poorly when Nobelium is 1 (as seen in trial 14). Button 1 has demonstrated consistent, moderate returns specifically when Krypton is -1 and Nobelium is 1, regardless of the Mercury state. Given current context (Mercury: 1, Krypton: -1, Nobelium: 1), button 1 is the statistically favored choice.",50,B,D,C,A
13,LLM_Gemini_3_Flash,41,-1,-1,1,1,D,0,exploit,0,"Based on historical data, Button 1 performs consistently better than Button 0 when Nobelium is 1, regardless of the Mercury or Krypton values, while Button 0 yields significantly lower rewards in this context.",49,B,D,C,A
13,LLM_Gemini_3_Flash,42,1,1,-1,0,B,1,exploit,0,"Based on historical data, button 0 consistently yields high rewards (averaging 70-80+) when Mercury=1, Krypton=1, and Nobelium=-1, whereas button 1 underperforms button 0 in this specific context.",84,B,D,C,A
13,LLM_Gemini_3_Flash,43,-1,1,1,1,D,0,exploit,0,"Based on the observed history, Button 0 performs best when Mercury is 1 and Krypton is 1, but its performance drops significantly when Nobelium is 1. Conversely, Button 1 shows consistent performance when Nobelium is 1, especially in the current context where Mercury is -1 and Krypton is 1. Button 1 has been the most reliable choice under these specific conditions.",53,B,D,C,A
13,LLM_Gemini_3_Flash,44,-1,1,1,1,D,0,exploit,0,"Based on the observed history, Button 0 performs very well when Mercury=1 and Krypton=1, but poorly when Nobelium=1. Button 1 has shown more stability than Button 0 in contexts where Nobelium=1, specifically across trials 31, 33, and 43 where it yielded consistent moderate rewards (49-54). Given the current context (Mercury=-1, Krypton=1, Nobelium=1), Button 1 is the most reliable choice.",56,B,D,C,A
13,LLM_Gemini_3_Flash,45,1,-1,-1,0,B,0,exploit,0,"Based on historical data, button 0 consistently provides high rewards when Mercury is 1 and Krypton is 1, or when Krypton is 1 regardless of Mercury. Even in the current context (Mercury: 1, Krypton: -1, Nobelium: -1), button 0 has shown variable but acceptable performance, and given the established pattern where button 0 is the strongest performer overall, exploitation is the optimal strategy.",58,B,D,C,A
13,LLM_Gemini_3_Flash,46,-1,-1,1,1,D,0,exploit,0,"Analysis of the history shows that button 1 consistently performs better than button 0 when the Nobelium signal is 1, regardless of the Mercury and Krypton signals (rewards around 47-56 for button 1 vs significantly lower for button 0 when Nobelium is 1). Since the current context has Nobelium as 1, button 1 is the most reliable choice for maximizing profit.",54,B,D,C,A
13,LLM_Gemini_3_Flash,47,-1,1,1,1,D,0,exploit,0,"Button 1 has shown more consistent performance than Button 0 when the Krypton and Nobelium signals are both 1, especially compared to Button 0's historical low performance when Nobelium is 1. Given the current context (M:-1, K:1, N:1), Button 1 is the most reliable choice.",51,B,D,C,A
13,LLM_Gemini_3_Flash,48,-1,1,1,1,D,0,exploit,0,"Button 0 shows high rewards when Krypton is 1 and Nobelium is -1, but shows lower rewards when Nobelium is 1. Conversely, Button 1 has performed consistently better in contexts where Nobelium is 1, regardless of the other signals, yielding rewards in the 47-56 range compared to lower yields from Button 0 in those scenarios. Given the current context (Mercury: -1, Krypton: 1, Nobelium: 1), Button 1 is the statistically superior choice based on recent trials.",49,B,D,C,A
13,LLM_Gemini_3_Flash,49,-1,-1,1,1,D,0,exploit,0,"Based on historical data, button 0 yields high rewards when Krypton is 1 but performs very poorly when Nobelium is 1 (as seen in trials 13 and 14). Button 1 consistently provides moderate rewards (approx. 50) regardless of the signals, especially when Nobelium is 1. Since the current context has Nobelium=1, Button 1 is the safer and likely higher-reward choice compared to Button 0.",52,B,D,C,A
13,LLM_Gemini_3_Flash,50,1,-1,-1,0,B,0,exploit,0,"Based on the history, button 0 consistently yields high rewards (49-58) when Mercury is 1 and Krypton is -1, even when Nobelium varies. While button 1 is strong in other contexts, button 0 remains the superior choice for this specific signal configuration.",48,B,D,C,A
14,LLM_Gemini_3_Flash,1,-1,-1,1,0,A,0,explore,1,"This is the first trial, so I have no prior information. I am selecting button 0 to begin gathering data on reward distributions for the current context.",56,A,B,D,C
14,LLM_Gemini_3_Flash,2,1,-1,1,1,B,0,explore,1,"I have only explored button 0 so far. To understand the reward functions and identify the most profitable button for the given context (Mercury=1, Krypton=-1, Nobelium=1), I need to test other buttons.",27,A,B,D,C
14,LLM_Gemini_3_Flash,3,1,-1,1,0,A,1,explore,1,"Button 0 yielded a reward of 56 in the first trial with a different context. I will test Button 0 again with the current context to compare it against the previously tested Button 1, which yielded a lower reward of 27.",82,A,B,D,C
14,LLM_Gemini_3_Flash,4,-1,1,-1,0,A,0,exploit,0,"Button 0 has consistently yielded higher rewards in previous trials compared to button 1, suggesting a stronger reward function associated with the context variables, so I will exploit it again.",27,A,B,D,C
14,LLM_Gemini_3_Flash,5,-1,1,-1,1,B,1,explore,1,"Button 0 has shown high variance (27 and 82) based on different contexts, and trial 4 specifically showed a low yield for button 0 in the current context (-1, 1, -1). I am choosing button 1 to explore its performance in this specific context.",78,A,B,D,C
14,LLM_Gemini_3_Flash,6,-1,1,1,1,B,0,exploit,0,"Trial 5 showed button 1 yields a high reward (78) when Krypton is active and Mercury is inactive. Given the current context (Mercury: -1, Krypton: 1, Nobelium: 1), button 1 is the most promising candidate based on the observed positive correlation with Krypton.",49,A,B,D,C
14,LLM_Gemini_3_Flash,7,-1,-1,1,0,A,0,exploit,0,"Button 0 yielded 56 in the same context (-1, -1, 1) in trial 1. While exploration is still potentially useful, button 0 has shown high rewards in specific contexts, and at this stage, choosing the known performer for this context is the optimal strategy to maximize profit.",54,A,B,D,C
14,LLM_Gemini_3_Flash,8,1,1,-1,1,B,1,explore,1,"Button 0 has shown high variance but performed best when Mercury is high and Nobelium is high (trial 3). Button 1 has performed well when Krypton is high and Nobelium is low (trial 5). Given the current context (Mercury: 1, Krypton: 1, Nobelium: -1), exploring Button 1 is a logical step as it has shown promise under similar Krypton-high conditions.",73,A,B,D,C
14,LLM_Gemini_3_Flash,9,1,-1,-1,0,A,1,exploit,0,"Button 0 has shown high rewards in contexts where Mercury is 1 (Trial 3, reward 82). Given the current context (Mercury: 1, Krypton: -1, Nobelium: -1), Button 0 is the most likely candidate for a high reward based on observed history.",73,A,B,D,C
14,LLM_Gemini_3_Flash,10,1,-1,-1,0,A,1,exploit,0,"Button 0 has consistently performed well when Mercury is 1, yielding high rewards (82 and 73) in contexts with Mercury=1. While the Nobelium and Krypton signals vary, Button 0 appears to be strongly correlated with positive Mercury values, making it the best candidate for the current context.",78,A,B,D,C
14,LLM_Gemini_3_Flash,11,-1,1,-1,1,B,1,exploit,0,"In trials 4 and 5, under the exact same context (Mercury: -1, Krypton: 1, Nobelium: -1), button 1 yielded a reward of 78, while button 0 yielded only 27. I am choosing button 1 to exploit this observed performance advantage.",70,A,B,D,C
14,LLM_Gemini_3_Flash,12,-1,-1,1,0,A,0,exploit,0,"In trials 1 and 7, where the context was (Mercury: -1, Krypton: -1, Nobelium: 1), button 0 yielded rewards of 56 and 54. These are consistently higher than the expected rewards for this specific context based on previous observations, suggesting button 0 is the optimal choice for this configuration.",50,A,B,D,C
14,LLM_Gemini_3_Flash,13,-1,1,1,1,B,0,exploit,0,"Button 1 has shown a strong performance when Krypton is active (1), yielding 78, 49, 70, and 73 in various contexts. Given the current context of Krypton=1 and Nobelium=1, Button 1 is the most reliable high-reward choice based on previous outcomes.",53,A,B,D,C
14,LLM_Gemini_3_Flash,14,-1,-1,1,0,A,0,exploit,0,"In context (-1, -1, 1), Button 0 has consistently yielded rewards around 50-56 across three trials (Trial 1, 7, 12). Given the history, Button 0 is the most reliably performing option for this specific context compared to others explored so far.",53,A,B,D,C
14,LLM_Gemini_3_Flash,15,1,1,-1,1,B,1,exploit,0,"In trial 8, with the same context (Mercury: 1, Krypton: 1, Nobelium: -1), button 1 yielded a high reward of 73. Given button 1's consistent performance when Krypton is 1, it remains the optimal choice for this specific context.",87,A,B,D,C
14,LLM_Gemini_3_Flash,16,-1,1,-1,1,B,1,exploit,0,"In trials 4, 5, 11, and 13, the context (Mercury: -1, Krypton: 1, Nobelium: -1 or 1) has been observed. Specifically, trials 4, 5, and 11 confirm that button 1 yields high rewards when Mercury is -1 and Krypton is 1, significantly outperforming button 0.",82,A,B,D,C
14,LLM_Gemini_3_Flash,17,1,-1,1,0,A,1,exploit,0,"In trials 2 and 3, with the context (Mercury: 1, Krypton: -1, Nobelium: 1), choosing button 0 resulted in a high reward of 82 compared to 27 for button 1. Given the current context matches this, button 0 is the strongest candidate.",76,A,B,D,C
14,LLM_Gemini_3_Flash,18,-1,-1,1,0,A,0,exploit,0,"Button 0 has consistently yielded rewards in the range of 50-56 when the context is (-1, -1, 1). Button 1 has only been tested in other context configurations. Based on the historical performance for the current context, Button 0 is the most reliable choice.",59,A,B,D,C
14,LLM_Gemini_3_Flash,19,-1,-1,1,0,A,0,exploit,0,"Button 0 has been consistently yielding rewards in the 50-60 range when Mercury=-1, Krypton=-1, and Nobelium=1. Button 1 is primarily effective when Krypton=1. Given the current context, Button 0 is the most reliable option.",54,A,B,D,C
14,LLM_Gemini_3_Flash,20,-1,-1,1,0,A,0,exploit,0,"Button 0 has consistently yielded rewards in the 50-60 range when the context is Mercury: -1, Krypton: -1, Nobelium: 1. Previous trials (1, 7, 12, 14, 18, 19) consistently support this as the highest reward profile for this specific context, while other buttons have performed worse or remain less tested in this configuration.",46,A,B,D,C
14,LLM_Gemini_3_Flash,21,1,-1,1,0,A,1,exploit,0,"In trials 2, 3, and 17, when the context matched the current state (Mercury: 1, Krypton: -1, Nobelium: 1), button 0 consistently yielded high rewards (82, 76), while button 1 yielded a low reward (27). Therefore, button 0 is the optimal choice.",78,A,B,D,C
14,LLM_Gemini_3_Flash,22,-1,1,-1,1,B,1,exploit,0,"Based on the historical data, Button 1 consistently yields high rewards (70, 78, 82) when Krypton is 1, regardless of the other signals, whereas Button 0 yields significantly lower rewards in those contexts.",84,A,B,D,C
14,LLM_Gemini_3_Flash,23,1,-1,1,0,A,1,exploit,0,"In trials 2, 3, 17, and 21, the context (Mercury: 1, Krypton: -1, Nobelium: 1) consistently resulted in button 0 yielding a high reward (average around 78), whereas button 1 performed poorly (27) in the one instance it was tested under this specific context. Therefore, I am exploiting button 0.",79,A,B,D,C
14,LLM_Gemini_3_Flash,24,1,1,-1,1,B,1,exploit,0,"In the current context (Mercury: 1, Krypton: 1, Nobelium: -1), previous trials (8 and 15) show button 1 yielding strong rewards of 73 and 87. Button 0 generally performs well when Krypton is -1, but button 1 has shown superior performance in this specific context configuration.",81,A,B,D,C
14,LLM_Gemini_3_Flash,25,-1,1,-1,1,B,1,exploit,0,"Looking at the history, button 1 consistently yields high rewards (70-84) when Mercury is -1 and Krypton is 1, regardless of Nobelium. In the current context (Mercury: -1, Krypton: 1, Nobelium: -1), button 1 is the most reliable high-performer.",73,A,B,D,C
14,LLM_Gemini_3_Flash,26,-1,-1,1,0,A,0,exploit,0,"Based on historical data for the context (Mercury: -1, Krypton: -1, Nobelium: 1), button 0 consistently provides moderate to high rewards (averaging around 53), while button 1 is better suited for contexts with Krypton: 1. I will continue exploiting button 0 as it is the most reliable option for this specific context.",46,A,B,D,C
14,LLM_Gemini_3_Flash,27,1,1,-1,1,B,1,exploit,0,"Based on the history, button 1 consistently performs very well when Krypton is 1, regardless of the other variables, yielding rewards in the 70-87 range. In the current context (Mercury: 1, Krypton: 1, Nobelium: -1), button 1 is the most reliable choice.",77,A,B,D,C
14,LLM_Gemini_3_Flash,28,-1,1,-1,1,B,1,exploit,0,"Based on the history, button 1 consistently yields high rewards when Krypton is 1, while button 0 yields higher rewards when Mercury is 1 and Krypton is -1. For the current context (Mercury: -1, Krypton: 1, Nobelium: -1), button 1 has shown strong performance in similar scenarios (trials 5, 11, 16, 22, 25).",78,A,B,D,C
14,LLM_Gemini_3_Flash,29,1,1,-1,1,B,1,exploit,0,"Based on the history, button 1 consistently yields high rewards (70s and 80s) when the context includes (Mercury: 1, Krypton: 1) or (Mercury: -1, Krypton: 1). Given the current context is Mercury: 1, Krypton: 1, Nobelium: -1, button 1 is the strongest performer.",81,A,B,D,C
14,LLM_Gemini_3_Flash,30,-1,-1,1,0,A,0,exploit,0,"Based on the history, button 0 has consistently provided rewards in the 46-59 range when the context is Mercury=-1, Krypton=-1, Nobelium=1. While button 1 has occasionally been tested, it has not shown higher performance in this specific context configuration. I am exploiting button 0 as it appears to be the most reliable option for this context.",42,A,B,D,C
14,LLM_Gemini_3_Flash,31,1,-1,-1,0,A,1,exploit,0,"Analyzing the history, button 0 consistently provides high rewards (73-82) when Mercury is 1 and Krypton is -1, regardless of Nobelium. Given the current context (Mercury: 1, Krypton: -1, Nobelium: -1), button 0 is the strongest performer based on previous trials.",82,A,B,D,C
14,LLM_Gemini_3_Flash,32,-1,1,-1,1,B,1,exploit,0,"Based on the history, button 1 consistently performs very well when Krypton is 1, regardless of the other signals. In the current context (Mercury: -1, Krypton: 1, Nobelium: -1), button 1 has shown significantly higher average rewards compared to button 0, confirming it is the optimal choice for this specific context.",78,A,B,D,C
14,LLM_Gemini_3_Flash,33,1,1,-1,1,B,1,exploit,0,"The current context (Mercury: 1, Krypton: 1, Nobelium: -1) matches previous instances where Button 1 consistently yielded high rewards (averaging around 80), whereas Button 0 has historically performed lower under these specific conditions.",85,A,B,D,C
14,LLM_Gemini_3_Flash,34,-1,1,1,1,B,0,exploit,0,"Based on historical data, button 0 consistently provides higher rewards when Mercury is 1, while button 1 consistently outperforms when Krypton is 1. In the current context (Mercury: -1, Krypton: 1, Nobelium: 1), button 1 has shown reliably high rewards regardless of the Nobelium state, making it the superior choice.",50,A,B,D,C
14,LLM_Gemini_3_Flash,35,-1,1,-1,1,B,1,exploit,0,"Based on historical data, button 1 consistently yields high rewards (70-87) when Krypton is 1, regardless of the Mercury or Nobelium state. The current context has Krypton=1, making button 1 the most reliable choice for maximizing profit.",87,A,B,D,C
14,LLM_Gemini_3_Flash,36,-1,1,-1,1,B,1,exploit,0,"Based on historical data for the context (Mercury: -1, Krypton: 1, Nobelium: -1), button 1 consistently yields high rewards (typically 70-87), whereas button 0 performs significantly worse in this specific context (historical reward of 27). Button 1 is the clear optimal choice.",84,A,B,D,C
14,LLM_Gemini_3_Flash,37,1,-1,-1,0,A,1,exploit,0,"Based on the history, button 0 consistently yields high rewards (70s-80s) when Mercury is 1 and Krypton is -1, regardless of Nobelium, whereas button 1 performs poorly in this configuration.",80,A,B,D,C
14,LLM_Gemini_3_Flash,38,-1,1,1,1,B,0,exploit,0,"Based on historical data, button 1 consistently yields high rewards (70-87) when Krypton is 1, regardless of the other signals, whereas button 0 performs best when Mercury is 1. Given the current context (Mercury: -1, Krypton: 1, Nobelium: 1), button 1 is the statistically superior choice.",45,A,B,D,C
14,LLM_Gemini_3_Flash,39,-1,-1,1,0,A,0,exploit,0,"Based on historical data for the context (Mercury -1, Krypton -1, Nobelium 1), Button 0 has consistently yielded rewards in the 40s and 50s, whereas Button 1 has shown poor performance when Krypton is -1 and Nobelium is 1. I am exploiting the knowledge that Button 0 is the current optimal choice for this specific context.",52,A,B,D,C
14,LLM_Gemini_3_Flash,40,-1,-1,1,0,A,0,exploit,0,"Based on the observed historical data, button 0 consistently performs better than button 1 when the context is Mercury=-1, Krypton=-1, and Nobelium=1. Button 1 performs significantly worse in this specific configuration compared to when Krypton=1 or Mercury=1. Therefore, exploiting button 0 is the optimal strategy.",53,A,B,D,C
14,LLM_Gemini_3_Flash,41,1,-1,1,0,A,1,exploit,0,"Based on the history, button 0 consistently performs well when Mercury is 1 (rewarding 70-80+ range), whereas button 1 performs poorly when Mercury is 1 and Nobelium is 1. Given the current context (Mercury: 1, Krypton: -1, Nobelium: 1), button 0 is the strongest candidate.",88,A,B,D,C
14,LLM_Gemini_3_Flash,42,1,-1,-1,0,A,1,exploit,0,"Based on historical data, Button 0 consistently yields high rewards (70-90) when Mercury is 1 and Nobelium is either 1 or -1. Since the current context has Mercury=1 and the rewards for Button 0 in similar contexts (Mercury=1, Krypton=-1) are consistently high, exploiting Button 0 is the optimal strategy.",79,A,B,D,C
14,LLM_Gemini_3_Flash,43,1,-1,1,0,A,1,exploit,0,"In the current context (Mercury: 1, Krypton: -1, Nobelium: 1), Button 0 consistently provides high rewards (ranging from 76 to 88). Based on historical performance for this specific combination, Button 0 is the optimal choice.",82,A,B,D,C
14,LLM_Gemini_3_Flash,44,-1,1,1,1,B,0,exploit,0,"Based on historical data, button 0 has consistently high rewards when Mercury is 1, regardless of other signals. When Mercury is -1, button 1 shows higher performance than button 0, especially when Nobelium is -1. Although the current context (Mercury -1, Krypton 1, Nobelium 1) has shown mixed results for button 1 (averaging around 49-53), button 0 performs even worse in this state (averaging around 40-50). Given the context, button 1 remains the more reliable choice for maximizing returns compared to the others.",54,A,B,D,C
14,LLM_Gemini_3_Flash,45,-1,-1,1,0,A,0,exploit,0,"Historical data shows that when Mercury is -1 and Nobelium is 1, button 0 consistently provides moderate to high rewards, and it is the established best choice for these specific context signals compared to others in the history.",58,A,B,D,C
14,LLM_Gemini_3_Flash,46,1,-1,-1,0,A,1,exploit,0,"Based on historical data, button 0 consistently yields high rewards (70-88 range) when Mercury is 1 and Krypton is -1, regardless of the Nobelium signal. Since the current context has Mercury=1 and Krypton=-1, button 0 remains the optimal choice for exploitation.",72,A,B,D,C
14,LLM_Gemini_3_Flash,47,-1,1,1,1,B,0,exploit,0,"Based on historical data, button 1 consistently yields higher rewards (45-54) when Krypton is 1 and Nobelium is 1, compared to button 0 which is optimized for Krypton -1 or specific Mercury signals. Given the current context (Mercury: -1, Krypton: 1, Nobelium: 1), button 1 remains the best performer.",50,A,B,D,C
14,LLM_Gemini_3_Flash,48,1,-1,-1,0,A,1,exploit,0,"Based on historical data, Button 0 consistently provides high rewards (70s-80s) when Mercury is 1 and Krypton is -1, regardless of Nobelium. Button 1 performs significantly worse in this specific configuration, so I am exploiting the known high performance of Button 0.",77,A,B,D,C
14,LLM_Gemini_3_Flash,49,-1,1,-1,1,B,1,exploit,0,"Historical data shows that when Mercury is -1 and Krypton is 1, Button 1 consistently yields high rewards (typically 70-87 range), regardless of the Nobelium value. Button 0 consistently yields lower rewards (around 27-59 range) in similar contexts. Therefore, exploiting Button 1 is the optimal choice.",71,A,B,D,C
14,LLM_Gemini_3_Flash,50,-1,1,-1,1,B,1,exploit,0,"Based on the historical data, button 1 consistently yields high rewards (70-87) when Krypton is 1 and Nobelium is -1, regardless of Mercury's state. Button 0 consistently yields lower rewards (around 50) when Krypton is 1 and Nobelium is 1, and conversely performs better when Mercury is 1 and Krypton is -1. For the current context (Mercury: -1, Krypton: 1, Nobelium: -1), button 1 is the clear choice for maximizing rewards.",80,A,B,D,C
15,LLM_Gemini_3_Flash,1,1,-1,-1,0,B,0,explore,1,"Since this is the first trial, I have no prior information about the reward functions of the four buttons. I am choosing button 0 as an initial exploration step to begin mapping the reward functions based on the current context signals.",43,B,A,C,D
15,LLM_Gemini_3_Flash,2,1,-1,-1,1,A,1,explore,1,"Since I only have data for button 0, I need to explore other buttons (1, 2, 3) to compare their reward potentials against the baseline reward of 43 observed for button 0 in the current context.",74,B,A,C,D
15,LLM_Gemini_3_Flash,3,1,-1,1,1,A,1,exploit,0,"Button 1 yielded a significantly higher reward (74) compared to button 0 (43) under a similar context (Mercury 1, Krypton -1, Nobelium -1). Given the current context of (Mercury 1, Krypton -1, Nobelium 1), I am prioritizing the button that showed higher potential in the initial exploration phase.",83,B,A,C,D
15,LLM_Gemini_3_Flash,4,-1,1,-1,1,A,0,exploit,0,"Button 1 showed strong performance in previous trials (74 and 83), suggesting it has a higher base reward or positive scaling with the signals provided. Given the current context, I will prioritize exploiting Button 1's demonstrated potential.",19,B,A,C,D
15,LLM_Gemini_3_Flash,5,-1,1,1,0,B,0,explore,1,"Button 1 has shown varying rewards (74, 83, 19) based on contexts, while Button 0 yielded 43. With the current context (-1, 1, 1) being unexplored for Button 0, I am exploring its performance here to better understand its potential in this specific signal configuration.",53,B,A,C,D
15,LLM_Gemini_3_Flash,6,1,-1,1,1,A,1,exploit,0,"Button 1 showed a strong performance (reward 83) in the previous trial with the same context (Mercury: 1, Krypton: -1, Nobelium: 1). Given its consistent performance in this context compared to its lower reward in different contexts, it is the most likely candidate for high yield.",80,B,A,C,D
15,LLM_Gemini_3_Flash,7,-1,1,1,0,B,0,exploit,0,"In trial 5, with the same context signals (Mercury: -1, Krypton: 1, Nobelium: 1), button 0 yielded a reward of 53, while button 1 yielded a reward of 19 in trial 4 under similar conditions but with Nobelium: -1. Given that button 0 outperformed button 1 under the current signal configuration, I am choosing button 0 to maximize profit.",39,B,A,C,D
15,LLM_Gemini_3_Flash,8,-1,-1,1,1,A,0,exploit,0,"Button 1 has shown consistently high returns (74, 83, 80) in contexts where Mercury is 1 or when Nobelium is involved, and it outperformed Button 0 in the provided trials. Given current conditions, it remains the most promising candidate based on past performance.",42,B,A,C,D
15,LLM_Gemini_3_Flash,9,-1,-1,1,1,A,0,exploit,0,"Button 1 has shown a strong performance in various contexts including (1, -1, 1) and generally higher rewards than Button 0. Despite the shift to context (-1, -1, 1), Button 1 remains a high-performing choice based on previous performance data.",35,B,A,C,D
15,LLM_Gemini_3_Flash,10,1,1,-1,1,A,0,exploit,0,"Button 1 has consistently shown strong performance in contexts where Mercury is 1, even with varying Krypton and Nobelium signals. Despite some noise, it remains the most reliable performer among the buttons tried, so I am exploiting its observed high reward potential.",53,B,A,C,D
15,LLM_Gemini_3_Flash,11,1,-1,-1,1,A,1,exploit,0,"Button 1 has consistently shown higher reward potential in contexts where Mercury is 1, even when other variables change, compared to Button 0 which showed lower returns.",79,B,A,C,D
15,LLM_Gemini_3_Flash,12,1,-1,1,1,A,1,exploit,0,"Button 1 has consistently yielded the highest rewards (ranging from 74 to 83) when the context matches Mercury=1 and Krypton=-1, regardless of Nobelium's state. Based on previous trials, Button 1 is the most reliable option for this context.",85,B,A,C,D
15,LLM_Gemini_3_Flash,13,1,-1,-1,1,A,1,exploit,0,"Button 1 has consistently yielded the highest rewards (ranging from 74 to 85) when Mercury is 1, specifically under the current context of Mercury: 1, Krypton: -1, Nobelium: -1. Given the past performance, Button 1 is the clear choice to maximize expected reward.",80,B,A,C,D
15,LLM_Gemini_3_Flash,14,-1,-1,1,1,A,0,exploit,0,"Button 1 has consistently shown high performance when Mercury is 1, but even with Mercury at -1, its performance in trials 8 and 9 (average ~38) compared to Button 0 in trials 5 and 7 (average ~46) suggests that Button 0 may have higher base potential. However, Button 1 is the most historically reliable choice across varying conditions, and I will continue to exploit it while looking for opportunities to test buttons 2 and 3 if performance drops.",56,B,A,C,D
15,LLM_Gemini_3_Flash,15,-1,-1,1,1,A,0,exploit,0,"Button 1 has consistently demonstrated high performance across most contexts. Even with the specific context of Mercury=-1, Krypton=-1, Nobelium=1, button 1 yielded moderate-to-high returns (trials 8, 9, 14), making it the most reliable choice compared to the limited data on other buttons.",47,B,A,C,D
15,LLM_Gemini_3_Flash,16,-1,-1,1,1,A,0,exploit,0,"Button 1 has consistently shown strong performance across various contexts, particularly when Nobelium is 1, despite some fluctuations. While it performed lower in contexts where Mercury was -1 and Krypton was 1, it has remained the most reliable option overall in the data, so I will continue to exploit it.",51,B,A,C,D
15,LLM_Gemini_3_Flash,17,1,-1,-1,1,A,1,exploit,0,"Button 1 has consistently yielded the highest rewards (ranging from 74 to 85) under the current context of Mercury: 1, Krypton: -1. Given the historical performance, it remains the optimal choice for this context.",67,B,A,C,D
15,LLM_Gemini_3_Flash,18,1,-1,1,1,A,1,exploit,0,"Button 1 has consistently yielded high rewards (74-85) when Mercury is 1 and Krypton is -1, regardless of the Nobelium signal. Given the current context (Mercury: 1, Krypton: -1, Nobelium: 1), Button 1 is the most reliable high-performing choice.",81,B,A,C,D
15,LLM_Gemini_3_Flash,19,-1,1,1,0,B,0,explore,1,"Button 1 has shown varying performance dependent on Mercury and Krypton. Button 0 has received decent rewards (53, 39) in contexts where Mercury is -1 and Krypton is 1. Given the current context (-1, 1, 1), I will explore Button 0 again to see if it outperforms Button 1 here.",44,B,A,C,D
15,LLM_Gemini_3_Flash,20,1,-1,-1,1,A,1,exploit,0,"Button 1 has consistently yielded the highest rewards when Mercury is 1, regardless of other variables. Given the current context (Mercury: 1, Krypton: -1, Nobelium: -1), Button 1 is the statistically superior choice based on historical performance.",76,B,A,C,D
15,LLM_Gemini_3_Flash,21,1,1,-1,1,A,0,exploit,0,"Button 1 has consistently yielded high rewards across various Mercury and Krypton/Nobelium combinations, especially when Mercury is high. Even with Krypton active, it remains a strong performer based on the provided history.",52,B,A,C,D
15,LLM_Gemini_3_Flash,22,-1,1,1,0,B,0,explore,1,"Button 1 has shown a strong correlation with Mercury=1 and a poor response to Krypton=1. With the current context (Mercury=-1, Krypton=1, Nobelium=1), button 1 has underperformed (19 reward in trial 4). Button 0 has shown potential with this context, so I will explore it again to gather more data points for this specific context.",48,B,A,C,D
15,LLM_Gemini_3_Flash,23,-1,1,1,0,B,0,exploit,0,"Button 1 consistently performs poorly when Krypton is 1 (Trial 4: 19 reward), while Button 0 has shown higher baseline performance in the specific Mercury -1, Krypton 1, Nobelium 1 context (Trials 5, 7, 19, 22). I will continue to exploit Button 0 given the current context.",45,B,A,C,D
15,LLM_Gemini_3_Flash,24,1,-1,1,1,A,1,exploit,0,"Button 1 has consistently yielded high rewards (typically 75-85) when Mercury is 1 and Krypton is -1, regardless of the Nobelium signal. Given the current context matches this high-performing pattern, choosing button 1 is the most reliable strategy to maximize profit.",80,B,A,C,D
15,LLM_Gemini_3_Flash,25,1,-1,1,1,A,1,exploit,0,"Button 1 has consistently yielded high rewards (70-85 range) when Mercury is 1 and Krypton is -1, regardless of the Nobelium value. Given the current context (Mercury: 1, Krypton: -1, Nobelium: 1), Button 1 is the statistically superior choice.",79,B,A,C,D
15,LLM_Gemini_3_Flash,26,-1,-1,1,1,A,0,exploit,0,"Button 1 has consistently demonstrated higher rewards compared to button 0 across most contexts, particularly when Mercury is high. Given the current context of Mercury: -1, Krypton: -1, Nobelium: 1, button 1 remains the best-performing option in my history, despite slightly lower variance, making it the safer choice for exploitation.",50,B,A,C,D
15,LLM_Gemini_3_Flash,27,1,1,-1,1,A,0,exploit,0,"Button 1 has consistently yielded higher rewards across almost all contexts compared to the limited data on Button 0. Despite the current context (1, 1, -1) showing a slightly lower reward for Button 1 (52-53) compared to its performance in other contexts, it remains the most reliable performer in our history, and there is no evidence to suggest other buttons (2 or 3) are superior.",47,B,A,C,D
15,LLM_Gemini_3_Flash,28,-1,1,-1,0,B,1,explore,1,"Button 1 has consistently shown lower performance when Krypton is 1 (Trial 4, 19). Button 0 has shown potential in this context, and since I have very limited data on Buttons 2 and 3, I am exploring the performance of Button 0 against the current unfavorable context for Button 1.",87,B,A,C,D
15,LLM_Gemini_3_Flash,29,-1,1,-1,0,B,1,exploit,0,"Trial 28 showed a high reward of 87 for button 0 when the context was Mercury: -1, Krypton: 1, Nobelium: -1, which matches the current context. Button 1 performs poorly in this configuration (see trial 4). Therefore, button 0 is the most promising choice.",87,B,A,C,D
15,LLM_Gemini_3_Flash,30,-1,1,1,0,B,0,exploit,0,"Button 0 shows high performance when Mercury is -1 and Krypton is 1, particularly when Nobelium is -1 (yielding 87). Given the current context (Mercury: -1, Krypton: 1, Nobelium: 1), Button 0 has historically performed better in this regime than other explored options.",55,B,A,C,D
15,LLM_Gemini_3_Flash,31,1,-1,-1,1,A,1,exploit,0,"Based on the history, button 1 consistently yields high rewards (70-85 range) when Mercury is 1, regardless of Krypton or Nobelium. In the current context (Mercury: 1, Krypton: -1, Nobelium: -1), button 1 has historically proven to be the most reliable and high-performing option.",80,B,A,C,D
15,LLM_Gemini_3_Flash,32,1,-1,1,1,A,1,exploit,0,"Button 1 consistently yields high rewards (70-85 range) when Mercury is 1 and Krypton is -1, regardless of Nobelium. In the current context (Mercury: 1, Krypton: -1, Nobelium: 1), Button 1 is the most reliable option based on historical data.",72,B,A,C,D
15,LLM_Gemini_3_Flash,33,-1,1,1,1,A,0,exploit,0,"Button 1 has consistently shown high rewards (70s-80s) when Mercury is 1, regardless of other signals. When Mercury is -1, Button 1 shows weaker performance compared to other signals, but Button 0 has shown high rewards (87) specifically when Mercury=-1 and Krypton=1 and Nobelium=-1. Since the current context has Mercury=-1, Krypton=1, and Nobelium=1, and I have previously received decent rewards (40s-50s) from Button 0 in this exact context, I will continue to exploit Button 0, but checking the history shows Button 1 is often reliable elsewhere. Wait, re-evaluating: In the current context (Mercury=-1, Krypton=1, Nobelium=1), my previous rewards for Button 0 were 53, 39, 44, 48, 45, 55. Given that Button 1 also performed poorly (19) under Mercury=-1, Krypton=1, I will try Button 2 to see if it performs better in this specific context.",26,B,A,C,D
15,LLM_Gemini_3_Flash,34,-1,1,1,0,B,0,exploit,0,"Based on the observed history, Button 0 shows variable performance but appears to be the most viable option when Mercury is -1 and Krypton is 1, even when Nobelium is 1, as Button 1 has consistently yielded very low rewards (e.g., 26) under these specific context conditions.",53,B,A,C,D
15,LLM_Gemini_3_Flash,35,1,-1,1,1,A,1,exploit,0,"Based on historical data, button 1 consistently yields high rewards (70-85 range) when Mercury is 1, regardless of the other signals. Given the current context where Mercury is 1, button 1 is the statistically superior choice compared to button 0, which has historically shown inconsistent performance when Mercury is 1.",73,B,A,C,D
15,LLM_Gemini_3_Flash,36,-1,1,1,0,B,0,exploit,0,"Button 0 shows higher performance when Mercury is -1 and Krypton is 1, specifically when Nobelium is 1 as well, which is the current context. Button 1 performs significantly worse under these conditions compared to its performance when Mercury is 1.",41,B,A,C,D
15,LLM_Gemini_3_Flash,37,1,-1,-1,1,A,1,exploit,0,"Based on the historical data, button 1 consistently yields high rewards (typically 70-85) when Mercury is 1, regardless of the other signals. Since the current context has Mercury at 1, button 1 is the statistically superior choice for maximizing expected profit.",73,B,A,C,D
15,LLM_Gemini_3_Flash,38,1,-1,1,1,A,1,exploit,0,"Based on historical data, button 1 consistently yields high rewards (70s-80s) when Mercury is 1 and Krypton is -1, regardless of the Nobelium signal. Since the current context matches this pattern (Mercury=1, Krypton=-1, Nobelium=1), button 1 is the statistically optimal choice.",84,B,A,C,D
15,LLM_Gemini_3_Flash,39,-1,-1,1,1,A,0,exploit,0,"Based on the history, button 1 consistently yields high rewards when Mercury is 1, and moderate rewards when Mercury is -1 and Krypton is -1. Button 0 has shown high rewards only when Krypton is 1 and Nobelium is -1. Given the current context (Mercury: -1, Krypton: -1, Nobelium: 1), button 1 is the most reliable performer.",55,B,A,C,D
15,LLM_Gemini_3_Flash,40,-1,1,-1,0,B,1,exploit,0,"Based on historical trials (specifically trials 28 and 29), button 0 has shown a very strong reward (87) when the context is Mercury -1, Krypton 1, Nobelium -1. Although the current context has Nobelium -1 (instead of 1), I will exploit button 0 as it appears to be the most optimal choice given the Mercury/Krypton configuration observed for this button.",80,B,A,C,D
15,LLM_Gemini_3_Flash,41,-1,1,1,0,B,0,exploit,0,"Based on the history, button 0 consistently yields high rewards (80-87) when Mercury is -1 and Krypton is 1, regardless of Nobelium being 1 or -1, whereas button 1 performs poorly in these conditions.",56,B,A,C,D
15,LLM_Gemini_3_Flash,42,-1,1,-1,0,B,1,exploit,0,"Based on the history, button 0 has shown high rewards specifically when Krypton is 1 and Nobelium is -1, regardless of Mercury. In trials 28, 29, and 40, button 0 yielded rewards of 87, 87, and 80 under this exact context (Krypton 1, Nobelium -1). Since the current context matches these conditions, choosing button 0 is the optimal exploit strategy.",83,B,A,C,D
15,LLM_Gemini_3_Flash,43,-1,1,1,0,B,0,exploit,0,"Button 0 has demonstrated very high rewards (80-87) when Mercury is -1 and Krypton is 1, regardless of Nobelium. Given the current context (Mercury: -1, Krypton: 1, Nobelium: 1), Button 0 is the strongest candidate for exploitation based on historical performance.",55,B,A,C,D
15,LLM_Gemini_3_Flash,44,-1,-1,1,1,A,0,exploit,0,"Button 1 consistently performs well when Mercury is 1, regardless of other signals. When Mercury is -1, Button 1's performance is moderate, while Button 0 performs significantly better only when Krypton is 1 and Nobelium is -1. Since the current context is Mercury: -1, Krypton: -1, and Nobelium: 1, historical data suggests Button 1 provides a more reliable reward than the alternative of exploring Button 2 or 3, which have not shown promising results.",52,B,A,C,D
15,LLM_Gemini_3_Flash,45,1,-1,-1,1,A,1,exploit,0,"Analysis of the history shows that Button 1 consistently delivers high rewards (typically 70-80+) when Mercury is 1, regardless of the other signals. Since the current context has Mercury=1, Button 1 is the most reliable choice for maximizing profit.",76,B,A,C,D
15,LLM_Gemini_3_Flash,46,1,1,-1,1,A,0,exploit,0,"Based on historical data, button 1 consistently yields high rewards (typically 70-85) when Mercury is 1, regardless of the other signals. Button 0 performs significantly better when Mercury is -1 and Krypton is 1, but its performance with Mercury=1 is poor. Therefore, choosing button 1 is the optimal strategy for the current context (Mercury: 1, Krypton: 1, Nobelium: -1).",51,B,A,C,D
15,LLM_Gemini_3_Flash,47,1,1,-1,1,A,0,exploit,0,"Based on historical data, button 1 consistently yields high rewards (typically 70-85) when Mercury is 1, regardless of the other signals. Button 0 is highly effective when Krypton is 1 and Nobelium is -1, but perform worse when Mercury is 1. Given the current context (Mercury: 1, Krypton: 1, Nobelium: -1), button 1 remains a strong performer and is the safest bet for maximizing reward.",44,B,A,C,D
15,LLM_Gemini_3_Flash,48,-1,-1,1,1,A,0,exploit,0,"Based on the history, button 1 consistently yields higher rewards (typically 50-85 range) when Mercury is 1 or when the overall context is ambiguous, whereas button 0 is highly performant only when Krypton is 1 and Nobelium is -1. Since the current context is Mercury: -1, Krypton: -1, Nobelium: 1, button 1 remains the more reliable choice for higher expected returns.",46,B,A,C,D
15,LLM_Gemini_3_Flash,49,-1,1,1,0,B,0,exploit,0,"Button 0 has demonstrated very high rewards (80-87) when Nobelium is -1 and Krypton is 1. Although the current context has Nobelium as 1, button 0 has consistently performed in the 40-50 range, and historical data suggests that button 1 performance is lower or inconsistent in these configurations.",46,B,A,C,D
15,LLM_Gemini_3_Flash,50,-1,1,1,0,B,0,exploit,0,"Based on the history, button 0 consistently yields high rewards (around 80-87) when Mercury is -1, Krypton is 1, and Nobelium is -1. When Nobelium is 1, button 0 provides lower rewards (40-55). Button 1 consistently performs well when Mercury is 1 (around 70-85). Given the current context (Mercury: -1, Krypton: 1, Nobelium: 1), button 0 has shown more potential in this specific region compared to others, even if the reward is moderate, as button 1 has shown inconsistency.",51,B,A,C,D
16,LLM_Gemini_3_Flash,1,1,-1,1,0,A,1,explore,1,"This is the first trial of the game. I have no prior information regarding the reward functions of the buttons. I am choosing button 0 as an initial exploratory step to begin mapping the relationship between the context signals (Mercury: 1, Krypton: -1, Nobelium: 1) and the resulting reward.",77,A,D,C,B
16,LLM_Gemini_3_Flash,2,-1,1,1,1,D,0,explore,1,"Since only one trial has been performed (button 0), I have insufficient data to determine the optimal reward function. I am exploring button 1 to begin mapping its performance against the current context signals (Mercury: -1, Krypton: 1, Nobelium: 1).",50,A,D,C,B
16,LLM_Gemini_3_Flash,3,-1,1,1,0,A,0,explore,1,"I have limited data, having only tested button 0 once and button 1 once. Button 0 previously yielded 77, whereas button 1 yielded 50 under the current context. I am returning to button 0 to see if it remains high-performing in this specific state.",22,A,D,C,B
16,LLM_Gemini_3_Flash,4,-1,-1,1,2,C,1,explore,1,"I have explored button 0 twice and button 1 once, but I have no data on buttons 2 or 3. Given the current context (Mercury: -1, Krypton: -1, Nobelium: 1), I will explore button 2 to begin gathering baseline data for this button's performance.",78,A,D,C,B
16,LLM_Gemini_3_Flash,5,1,-1,1,0,A,1,exploit,0,"In Trial 1, the context (Mercury: 1, Krypton: -1, Nobelium: 1) yielded a high reward of 77 when choosing button 0. Since the current trial matches this exact context, I am exploiting this known high-reward association.",77,A,D,C,B
16,LLM_Gemini_3_Flash,6,-1,-1,1,2,C,1,exploit,0,"In trial 4, with the same context signals (Mercury: -1, Krypton: -1, Nobelium: 1), button 2 yielded a reward of 78, which is the highest reward observed for this specific configuration so far. I will exploit this finding.",77,A,D,C,B
16,LLM_Gemini_3_Flash,7,-1,1,1,3,B,0,explore,1,"Button 0 has shown high rewards (77) when Mercury is 1 and low rewards (22) when Mercury is -1. Button 2 performs well when Mercury is -1 and Krypton is -1. Since I have limited information about Button 3, I am choosing it to explore its potential, especially since the current context (Mercury: -1, Krypton: 1, Nobelium: 1) has not yielded high results with Button 1.",50,A,D,C,B
16,LLM_Gemini_3_Flash,8,1,1,-1,0,A,0,exploit,0,"Button 0 has shown consistent, high rewards (77) when Mercury is 1, regardless of the other signals. Since the current context has Mercury=1, I will exploit this pattern.",51,A,D,C,B
16,LLM_Gemini_3_Flash,9,-1,1,1,2,C,1,explore,1,"Button 0 shows high variability (77 vs 22) based on contexts. Buttons 1 and 3 yielded 50 in the current context (Trial 2, 7) which is mediocre. Button 2 returned consistently high rewards (77, 78) in previous trials when Nobelium was 1, so it is a strong candidate to test in the current context where Nobelium is also 1.",84,A,D,C,B
16,LLM_Gemini_3_Flash,10,1,-1,-1,2,C,0,exploit,0,"Button 2 has shown consistently high performance (78, 77, 84) when tested across various contexts. In Trial 9, it yielded 84 despite the context being different from the current one. Given the performance patterns observed so far, Button 2 is the most promising candidate for high returns, and I am choosing to exploit this observation.",8,A,D,C,B
16,LLM_Gemini_3_Flash,11,1,-1,1,0,A,1,exploit,0,"In the current context (Mercury: 1, Krypton: -1, Nobelium: 1), Button 0 has consistently yielded a high reward of 77 across multiple trials (Trials 1 and 5), making it the most reliable choice identified so far.",72,A,D,C,B
16,LLM_Gemini_3_Flash,12,1,-1,1,0,A,1,exploit,0,"Button 0 has consistently yielded high rewards (77, 77, 72) in the specific context where Mercury=1, Krypton=-1, and Nobelium=1. Other buttons have shown lower or inconsistent results in this context, so exploiting Button 0 is the optimal strategy based on the collected history.",76,A,D,C,B
16,LLM_Gemini_3_Flash,13,-1,1,1,2,C,1,exploit,0,"Button 2 showed a high reward of 84 in the context (-1, 1, 1) during trial 9, which matches the current context. Other buttons have performed poorly or inconsistently in this context, making Button 2 the most promising choice.",74,A,D,C,B
16,LLM_Gemini_3_Flash,14,-1,1,-1,2,C,0,exploit,0,"Button 2 has consistently provided high rewards (78, 77, 84, 74) across various contexts, and although it returned a low value when Nobelium was -1 in trial 10, it remains the strongest performer in the dataset. Given the current context (M: -1, K: 1, N: -1), I will exploit button 2 to maximize potential returns.",49,A,D,C,B
16,LLM_Gemini_3_Flash,15,1,-1,-1,0,A,1,exploit,0,"Button 0 has consistently yielded high rewards (around 72-77) when Mercury is 1 and Nobelium is 1, even if Krypton varies. Since Button 2 performed poorly in this specific context (Mercury 1, Krypton -1, Nobelium -1), and Button 0 is the strongest candidate identified, exploiting it is the most logical choice.",93,A,D,C,B
16,LLM_Gemini_3_Flash,16,-1,1,1,2,C,1,exploit,0,"In context (-1, 1, 1), button 2 has yielded the highest rewards (84 and 74) compared to button 1 (50) and button 3 (50). Button 0 has shown inconsistency in this context. Therefore, exploiting button 2 is the most likely way to maximize profit.",76,A,D,C,B
16,LLM_Gemini_3_Flash,17,-1,-1,1,2,C,1,exploit,0,"Based on the history, button 2 has consistently provided high rewards (78, 77, 84, 74, 76) when the Nobelium signal is 1, and the current context (Mercury: -1, Krypton: -1, Nobelium: 1) aligns with previous successful trials for button 2.",77,A,D,C,B
16,LLM_Gemini_3_Flash,18,1,1,-1,0,A,0,exploit,0,"Button 0 has demonstrated high rewards (e.g., 93) when Mercury is 1 and Nobelium is -1. Previous trials with Mercury=1, Nobelium=-1 consistently yield high results for button 0, making it the most reliable choice given the current context.",47,A,D,C,B
16,LLM_Gemini_3_Flash,19,1,-1,1,0,A,1,exploit,0,"In the current context (Mercury: 1, Krypton: -1, Nobelium: 1), button 0 has consistently yielded high rewards (77, 77, 72, 76) compared to other options. Button 2 performs poorly when Nobelium is -1, and button 0 shows a strong positive correlation with this specific context configuration.",91,A,D,C,B
16,LLM_Gemini_3_Flash,20,1,1,-1,0,A,0,exploit,0,"Looking at the data, Button 0 shows a high reward (around 93) when Mercury is 1, Krypton is -1, and Nobelium is -1 (Trial 15). Although Trial 8 and 18 showed lower rewards for Button 0 with the current context (Mercury 1, Krypton 1, Nobelium -1), exploring Button 0 again is justified because it has consistently yielded high returns in contexts where Mercury is 1. Button 2 performs poorly when Nobelium is -1 (Trial 10 and 14). I am choosing to exploit Button 0 given its potential for high rewards under current signal conditions.",53,A,D,C,B
16,LLM_Gemini_3_Flash,21,-1,-1,1,2,C,1,exploit,0,"Based on the history, button 2 has consistently provided high rewards (78, 77, 84, 74, 76, 77) when the context includes Mercury: -1 and Nobelium: 1, regardless of the Krypton signal. Given the current context matches this profile perfectly, button 2 remains the optimal choice.",86,A,D,C,B
16,LLM_Gemini_3_Flash,22,-1,1,-1,2,C,0,exploit,0,"Button 2 has consistently provided high rewards when Krypton is 1 or when Nobelium is 1, even in this specific context where Mercury is -1, Krypton is 1, and Nobelium is -1 (similar to trial 14 which gave a decent reward). Button 0 is often high when Mercury is 1 and Nobelium is 1, but is less consistent here.",47,A,D,C,B
16,LLM_Gemini_3_Flash,23,1,-1,1,0,A,1,exploit,0,"Button 0 has consistently delivered high rewards in contexts where Mercury is 1 and Nobelium is 1, regardless of the Krypton signal. Specifically, in trials 1, 5, 11, 12, and 19 (all with Mercury=1, Nobelium=1), it has provided high returns. Therefore, I am exploiting this known pattern.",76,A,D,C,B
16,LLM_Gemini_3_Flash,24,-1,1,-1,2,C,0,exploit,0,"Button 2 has consistently shown high rewards when Nobelium or Krypton contexts are present, and it is the most reliable performer in recent trials compared to others under similar contexts.",55,A,D,C,B
16,LLM_Gemini_3_Flash,25,1,-1,1,0,A,1,exploit,0,"Button 0 has consistently yielded high rewards (72-93) when Mercury is 1 and Nobelium is 1 (Trials 1, 5, 11, 12, 19, 23). Button 2 performed well in other contexts but yielded very low rewards when Mercury was 1 and Nobelium was -1. Therefore, I am confident that button 0 is optimal for the current context (1, -1, 1).",84,A,D,C,B
16,LLM_Gemini_3_Flash,26,1,-1,1,0,A,1,exploit,0,"Based on the trial history, Button 0 consistently yields high rewards (72-93) when Mercury is 1 and Nobelium is 1, even when Krypton varies. Button 2 performs well under different conditions, but Button 0 is the clear optimal choice for this specific context.",74,A,D,C,B
16,LLM_Gemini_3_Flash,27,1,1,-1,0,A,0,exploit,0,"Button 0 has shown consistent performance in contexts where Mercury is 1, regardless of the other variables, consistently yielding rewards in the 50-90 range, whereas Button 2 has shown significant volatility and poor performance when Krypton and Nobelium are negative. Given the current context (1, 1, -1), Button 0 is the most reliable choice based on historical data.",52,A,D,C,B
16,LLM_Gemini_3_Flash,28,-1,1,1,2,C,1,exploit,0,"Button 2 has consistently provided high rewards (74, 84, 76) when Krypton and Nobelium are both 1, regardless of the Mercury signal. In the current context (Mercury: -1, Krypton: 1, Nobelium: 1), Button 2 is the statistically strongest performer based on the history.",79,A,D,C,B
16,LLM_Gemini_3_Flash,29,-1,-1,1,2,C,1,exploit,0,"Looking at the history, button 2 has consistently provided high rewards (77, 77, 84, 74, 76, 77, 86, 79) when Nobelium is 1 and Mercury is -1, regardless of the Krypton signal. Given the current context (Mercury: -1, Krypton: -1, Nobelium: 1), button 2 is the most reliable choice for maximizing reward.",78,A,D,C,B
16,LLM_Gemini_3_Flash,30,-1,1,-1,2,C,0,exploit,0,"Button 2 has consistently provided high rewards when Nobelium is 1 (e.g., trials 4, 6, 9, 13, 16, 17, 21, 28, 29). Although Nobelium is -1 in this current context, Button 2 has shown higher versatility compared to Button 0, which performs best when Mercury is 1 and Nobelium is 1. Given the pattern, Button 2 is the most robust choice based on the available data.",43,A,D,C,B
16,LLM_Gemini_3_Flash,31,-1,1,1,2,C,1,exploit,0,"Button 2 has consistently provided high rewards when Nobelium is 1, specifically yielding results in the 70s and 80s when the context matches the current configuration of Mercury: -1, Krypton: 1, Nobelium: 1. Button 0 generally performs well when Mercury is 1, but under the current context, Button 2 is the most statistically reliable choice.",78,A,D,C,B
16,LLM_Gemini_3_Flash,32,1,1,-1,1,D,0,explore,1,"Button 0 shows high variability and performs poorly in the current context (Mercury=1, Krypton=1, Nobelium=-1). Button 2 consistently provides high rewards when Nobelium is 1, but its performance drops significantly when Nobelium is -1. Button 3 has been rarely tested, and Button 1 remains largely unknown. Given that the current context (1, 1, -1) has not been highly profitable with the known buttons, I am exploring Button 1 to check if it performs better under these specific signals.",54,A,D,C,B
16,LLM_Gemini_3_Flash,33,-1,-1,1,2,C,1,exploit,0,"Button 2 has consistently yielded high rewards (74-86) when the Nobelium signal is 1, regardless of the other signals, as observed in trials 4, 6, 9, 13, 16, 17, 21, 28, 29, and 31. Given the current context (Mercury: -1, Krypton: -1, Nobelium: 1), Button 2 is the most promising choice.",88,A,D,C,B
16,LLM_Gemini_3_Flash,34,-1,1,-1,2,C,0,exploit,0,"Button 2 has consistently shown high returns when Nobelium is 1 (e.g., trials 4, 6, 9, 13, 16, 17, 21, 28, 29, 31, 33). Although the current context has Nobelium as -1, Button 2 has historically outperformed Button 0, 1, and 3 in various configurations, and I choose to exploit its demonstrated potential.",46,A,D,C,B
16,LLM_Gemini_3_Flash,35,1,-1,1,0,A,1,exploit,0,"In trials where context is Mercury: 1, Krypton: -1, Nobelium: 1, button 0 has consistently yielded high rewards (average ~79), making it the most profitable option for this specific context.",83,A,D,C,B
16,LLM_Gemini_3_Flash,36,1,1,-1,1,D,0,explore,1,"Button 0 shows high rewards when Nobelium is 1, but lower when Nobelium is -1 (as seen in trials 8, 18, 20, 27). Button 2 performs poorly when Nobelium is -1 (trials 10, 14, 22, 24, 30, 34). Since the current context has Nobelium = -1, Button 0 and 2 are suboptimal. I will explore Button 1 to see if it performs better under this configuration.",44,A,D,C,B
16,LLM_Gemini_3_Flash,37,-1,1,1,2,C,1,exploit,0,"Based on the history, button 2 consistently yields high rewards (70s-80s) when Nobelium is 1, regardless of the other signals. With Nobelium at 1 and Krypton at 1, button 2 has proven to be the most reliable performer in this context.",84,A,D,C,B
16,LLM_Gemini_3_Flash,38,1,-1,1,0,A,1,exploit,0,"Based on historical data, button 0 has consistently provided high rewards (typically 70-90+) when Mercury=1, Krypton=-1, and Nobelium=1. Button 2 consistently provides lower rewards in this specific context (e.g., trial 10), and button 0 remains the most reliable performer for this configuration.",69,A,D,C,B
16,LLM_Gemini_3_Flash,39,-1,1,-1,2,C,0,exploit,0,"In the current context (Mercury: -1, Krypton: 1, Nobelium: -1), button 2 has consistently provided moderate rewards (~45-55) in similar negative Nobelium conditions, and there is no evidence suggesting buttons 0, 1, or 3 would perform better in this specific configuration.",56,A,D,C,B
16,LLM_Gemini_3_Flash,40,1,-1,-1,0,A,1,exploit,0,"Button 0 has demonstrated consistently high performance when Mercury is 1, regardless of other signals. In trial 15, with Mercury=1 and Nobelium=-1, Button 0 yielded 93. Given the current context (1, -1, -1), Button 0 is the most reliable choice for maximizing reward.",83,A,D,C,B
16,LLM_Gemini_3_Flash,41,-1,-1,1,2,C,1,exploit,0,"Based on historical data, button 2 consistently provides high rewards (77-88) when the Nobelium signal is 1 and Krypton is -1, regardless of the Mercury signal. Given the current context (Mercury: -1, Krypton: -1, Nobelium: 1), button 2 is the optimal choice.",85,A,D,C,B
16,LLM_Gemini_3_Flash,42,-1,1,1,2,C,1,exploit,0,"Based on historical data, button 2 consistently yields high rewards (70s-80s) when Nobelium is 1, regardless of the other signals, whereas other buttons underperform in this configuration.",83,A,D,C,B
16,LLM_Gemini_3_Flash,43,-1,1,1,2,C,1,exploit,0,"Based on the historical data, Button 2 consistently provides high rewards (70-85 range) when Nobelium is 1, regardless of Mercury or Krypton status. Given the current context (Mercury: -1, Krypton: 1, Nobelium: 1), Button 2 has demonstrated the highest and most stable performance compared to the others.",87,A,D,C,B
16,LLM_Gemini_3_Flash,44,1,-1,1,0,A,1,exploit,0,"Based on historical data, Button 0 consistently provides high rewards (averaging ~75-80) in the current context where Mercury=1, Krypton=-1, and Nobelium=1. Button 2 performs poorly when Mercury is 1 and Krypton is -1, making Button 0 the clear choice for exploitation.",72,A,D,C,B
16,LLM_Gemini_3_Flash,45,1,1,-1,1,D,0,explore,1,"Button 0 and 2 have been well explored. Button 0 performs best when Mercury is 1 and Nobelium is 1. Button 2 performs well when Nobelium is 1. In this context (M=1, K=1, N=-1), button 0 has yielded low rewards (~50) and button 1 has been tested sparingly (at trials 2, 32, 36) in contexts where it yielded lower results. Since button 3 is relatively unexplored and others are underperforming in this specific context, I will test button 1 again to refine its potential.",49,A,D,C,B
16,LLM_Gemini_3_Flash,46,1,1,-1,1,D,0,exploit,0,"Based on the observed history, Button 0 performs best when Nobelium is 1, and Button 2 performs well when Nobelium is 1 but poorly when it is -1. When the current context has Mercury=1, Krypton=1, and Nobelium=-1, Button 0 yields mediocre results (~50), while Button 1 has shown a similar range but could potentially be better or needs more testing as the alternative options are clearly sub-optimal for this specific signal set.",49,A,D,C,B
16,LLM_Gemini_3_Flash,47,1,-1,-1,0,A,1,exploit,0,"Based on historical data, button 0 consistently provides high rewards (around 70-90) when Mercury is 1, regardless of the other signals, whereas button 2 performs poorly when Nobelium is -1 (as seen in trial 10). Given the current context (Mercury: 1, Krypton: -1, Nobelium: -1), button 0 is the most reliable choice.",77,A,D,C,B
16,LLM_Gemini_3_Flash,48,1,1,-1,1,D,0,exploit,0,"Based on historical data for the context (Mercury: 1, Krypton: 1, Nobelium: -1), button 0 has returned around 50 points, while button 1 has consistently returned between 44 and 54. Button 2 performs poorly in this context (e.g., trial 10, 8 points). Since button 1 has shown comparable or slightly better performance for this specific configuration than button 0, I am choosing it to exploit the observed trend.",51,A,D,C,B
16,LLM_Gemini_3_Flash,49,-1,-1,1,2,C,1,exploit,0,"Based on the history, button 2 consistently yields high rewards when Nobelium is 1, specifically when combined with Mercury -1 and Krypton -1, where it has returned rewards in the 77-88 range. Given the current context (Mercury -1, Krypton -1, Nobelium 1), button 2 is the clear high-performing choice.",80,A,D,C,B
16,LLM_Gemini_3_Flash,50,1,-1,1,0,A,1,exploit,0,"Based on historical data, button 0 consistently provides high rewards (70-90 range) when Mercury is 1, regardless of Krypton or Nobelium values. Given the current context (Mercury: 1, Krypton: -1, Nobelium: 1), button 0 is the optimal choice for exploitation.",75,A,D,C,B
17,LLM_Gemini_3_Flash,1,1,-1,1,0,D,0,explore,1,"This is the first trial, so there is no historical data. I am selecting button 0 to begin gathering data on reward distributions for the current context.",44,D,B,C,A
17,LLM_Gemini_3_Flash,2,-1,1,1,1,B,0,explore,1,"Since I only have data for button 0 from the first trial, I need to explore other buttons to identify which ones perform better under different context conditions. Button 1 is the next logical step in the exploration phase.",43,D,B,C,A
17,LLM_Gemini_3_Flash,3,1,-1,-1,2,C,0,explore,1,"I have limited data from previous trials. I have tested buttons 0 and 1, but have no information regarding the performance of buttons 2 and 3. I am choosing button 2 to gather information on its response to the current context.",14,D,B,C,A
17,LLM_Gemini_3_Flash,4,1,-1,1,0,D,0,exploit,0,"In trial 1, with context (Mercury: 1, Krypton: -1, Nobelium: 1), button 0 returned a high reward of 44. Since the current context matches this exact state, I am choosing button 0 again to exploit this observed high reward.",61,D,B,C,A
17,LLM_Gemini_3_Flash,5,-1,1,-1,1,B,1,exploit,0,"In trial 2, button 1 yielded a reward of 43 when Krypton was 1 and Nobelium was 1. Given the current context where Krypton is 1, button 1 shows promise. I am choosing button 1 to exploit this observed positive trend.",86,D,B,C,A
17,LLM_Gemini_3_Flash,6,-1,1,1,1,B,0,exploit,0,"In trial 2, under the same context (Mercury: -1, Krypton: 1, Nobelium: 1), button 1 provided a reward of 43. Given the performance of button 1 in previous trials, it appears to be a consistent performer for this context set, so I am exploiting this observation.",45,D,B,C,A
17,LLM_Gemini_3_Flash,7,1,1,-1,1,B,1,exploit,0,"Button 1 has shown strong performance when Krypton is 1, achieving rewards of 43, 86, and 45. In the current context (Mercury: 1, Krypton: 1, Nobelium: -1), Krypton is 1, suggesting Button 1 remains a high-value option.",78,D,B,C,A
17,LLM_Gemini_3_Flash,8,-1,1,-1,1,B,1,exploit,0,"In trial 5, with context Mercury=-1, Krypton=1, Nobelium=-1, button 1 yielded a high reward of 86. Given the current context matches these parameters, button 1 remains the strongest candidate to exploit for maximum profit.",84,D,B,C,A
17,LLM_Gemini_3_Flash,9,-1,1,1,1,B,0,exploit,0,"Button 1 has consistently yielded high returns in the current context (Mercury: -1, Krypton: 1), particularly with Nobelium at -1 (rewards 86 and 84). While the return for the current context (Nobelium: 1) was lower previously (43 and 45), it remains the most reliable option based on the limited data available compared to Button 0 or 2, and further exploration of Button 3 is not yet justified.",53,D,B,C,A
17,LLM_Gemini_3_Flash,10,-1,1,-1,1,B,1,exploit,0,"Button 1 has consistently shown high returns when Krypton is 1, specifically yielding 86 and 84 when Nobelium is -1, which matches the current context. Other buttons have not performed as well under similar conditions.",74,D,B,C,A
17,LLM_Gemini_3_Flash,11,-1,1,-1,1,B,1,exploit,0,"Button 1 has consistently yielded high rewards (86, 74, 84) when the context includes Krypton: 1 and Nobelium: -1, particularly in trials 5, 8, and 10. Given the current context (Mercury: -1, Krypton: 1, Nobelium: -1), Button 1 is the most reliable choice for maximizing profit.",77,D,B,C,A
17,LLM_Gemini_3_Flash,12,-1,1,-1,1,B,1,exploit,0,"Button 1 has consistently yielded high rewards (86, 84, 74, 77) when Mercury is -1 and Krypton is 1, regardless of Nobelium. Since the current context matches this configuration, button 1 is the clear choice to maximize expected reward.",79,D,B,C,A
17,LLM_Gemini_3_Flash,13,1,-1,-1,0,D,0,explore,1,"Button 1 has shown strong performance when Krypton is 1, but its performance is unclear when Krypton is -1. Button 0 showed a high reward of 61 in trial 4 when Mercury was 1 and Krypton was -1. Since the current context is Mercury: 1, Krypton: -1, Nobelium: -1, exploring button 0 again seems promising as it may be linked to Mercury being 1.",51,D,B,C,A
17,LLM_Gemini_3_Flash,14,-1,-1,1,0,D,0,exploit,0,"Button 1 has shown a strong preference for Krypton=1 (high rewards), but its performance drops when Nobelium=1. Button 0 has shown consistent performance when Mercury=1, and I need to explore its performance when Mercury=-1 and Nobelium=1 to better understand its potential, as other options have been less rewarding.",60,D,B,C,A
17,LLM_Gemini_3_Flash,15,1,-1,-1,0,D,0,exploit,0,"Button 0 has shown consistent performance in the current context (Mercury: 1, Krypton: -1, Nobelium: -1), yielding 51 in trial 13, while other buttons either have low performance in this context (e.g., button 2 yielded 14 in trial 3) or are less suited for these signal conditions based on historical data.",59,D,B,C,A
17,LLM_Gemini_3_Flash,16,1,1,-1,1,B,1,exploit,0,"Button 1 has shown a very strong performance when Krypton is 1, regardless of the other signals. In trial 7, with the current context (Mercury 1, Krypton 1, Nobelium -1), Button 1 yielded a reward of 78, which is among the highest rewards observed so far.",74,D,B,C,A
17,LLM_Gemini_3_Flash,17,1,-1,1,0,D,0,exploit,0,"Button 0 has shown strong performance (rewards of 44, 61, 51, 59, 60) under conditions where Mercury is 1 and Krypton is -1, regardless of Nobelium. Given the current context (1, -1, 1), Button 0 remains the most reliable high-performing option.",52,D,B,C,A
17,LLM_Gemini_3_Flash,18,1,-1,1,0,D,0,exploit,0,"Button 0 has consistently yielded rewards in the 44-61 range under the context (1, -1, 1). Button 1 appears to have higher variance and lower performance when Nobelium is 1. Button 0 remains the most reliable performer for this specific signal configuration based on trial 1, 4, and 17.",49,D,B,C,A
17,LLM_Gemini_3_Flash,19,1,1,-1,1,B,1,exploit,0,"Button 1 has consistently yielded high rewards (avg ~75) in recent trials where Krypton is 1, regardless of the other signals. In the current context (Mercury: 1, Krypton: 1, Nobelium: -1), Button 1 has already demonstrated a strong reward performance in trial 7 and 16.",77,D,B,C,A
17,LLM_Gemini_3_Flash,20,1,1,-1,1,B,1,exploit,0,"Button 1 has consistently yielded high rewards (ranging from 74 to 79) under the context where Krypton is 1, specifically when combined with Mercury=1 and Nobelium=-1. Given the current context (1, 1, -1), Button 1 is the most reliable high-performing option.",86,D,B,C,A
17,LLM_Gemini_3_Flash,21,1,-1,1,0,D,0,exploit,0,"Button 0 has consistently performed well in the context of Mercury=1, Krypton=-1, and Nobelium=1, with recorded rewards of 44, 61, 52, and 49. It is the most reliable option for this specific context based on the available data.",47,D,B,C,A
17,LLM_Gemini_3_Flash,22,1,1,-1,1,B,1,exploit,0,"Button 1 has consistently yielded high rewards (avg ~75-80) when Krypton is 1, specifically under the condition Mercury: 1, Krypton: 1, Nobelium: -1, where it has shown rewards of 78, 74, 77, and 86.",83,D,B,C,A
17,LLM_Gemini_3_Flash,23,-1,1,1,1,B,0,exploit,0,"Button 1 has shown a strong performance in various contexts. Although its performance varies with Nobelium (showing lower results when Nobelium is 1), it is currently the most consistently performing option compared to button 0, which has lower average returns.",50,D,B,C,A
17,LLM_Gemini_3_Flash,24,1,1,-1,1,B,1,exploit,0,"Based on the history, button 1 consistently yields high rewards (around 74-86) when Mercury=1 and Krypton=1, regardless of Nobelium. Given the current context (Mercury=1, Krypton=1, Nobelium=-1), button 1 is the most reliable choice for maximizing profit.",84,D,B,C,A
17,LLM_Gemini_3_Flash,25,-1,1,1,1,B,0,exploit,0,"Button 1 has shown a strong preference for Nobelium being -1 (yielding rewards consistently in the 70s-80s) and performs less optimally when Nobelium is 1. While Button 1 is the most consistent performer under the current context signals, the data also shows Button 0 performs significantly worse when Nobelium is 1. Based on historical data for Button 1 in similar contexts, it remains the most reliable choice.",57,D,B,C,A
17,LLM_Gemini_3_Flash,26,1,-1,-1,0,D,0,exploit,0,"Based on historical data for the context (Mercury: 1, Krypton: -1, Nobelium: -1), Button 0 has consistently yielded rewards in the 50-60 range, while Button 2 previously yielded a low reward of 14 in this exact context. Given Button 1 performs best when Krypton is 1, and Button 0 performs relatively better than Button 2 under these signals, I will exploit Button 0.",49,D,B,C,A
17,LLM_Gemini_3_Flash,27,-1,1,-1,1,B,1,exploit,0,"Based on the history, button 1 consistently yields high rewards (averaging 70-80+) when Krypton is 1, particularly when Nobelium is -1. Even when Krypton is 1 and Nobelium is 1, button 1 remains competitive. In the current context (Mercury: -1, Krypton: 1, Nobelium: -1), button 1 is the clear choice given its high historical performance under these specific signals.",82,D,B,C,A
17,LLM_Gemini_3_Flash,28,-1,-1,1,0,D,0,exploit,0,"Based on trial 14, when Mercury is -1, Krypton is -1, and Nobelium is 1, button 0 yielded a reward of 60. Given that button 1 has shown a strong preference for when Krypton is 1 but performs worse when Nobelium is 1, button 0 remains the most reliable performer in this specific context.",45,D,B,C,A
17,LLM_Gemini_3_Flash,29,1,1,-1,1,B,1,exploit,0,"Button 1 has consistently shown high returns (ranging from 74 to 86) when the context includes Krypton=1 and Nobelium=-1, regardless of the Mercury signal. Since the current context matches this pattern (Krypton=1, Nobelium=-1), choosing button 1 is the most reliable strategy.",82,D,B,C,A
17,LLM_Gemini_3_Flash,30,-1,1,-1,1,B,1,exploit,0,"Based on the history, button 1 consistently yields high rewards (typically 70-80+) when the context is Krypton: 1 and Nobelium: -1, regardless of the Mercury value. Given the current context matches this profile perfectly, button 1 is the most reliable choice.",78,D,B,C,A
17,LLM_Gemini_3_Flash,31,-1,1,-1,1,B,1,exploit,0,"Based on historical data, button 1 consistently yields high rewards (74-86) when Krypton is 1, regardless of Mercury or Nobelium, especially when Nobelium is -1. With the current context of Mercury: -1, Krypton: 1, Nobelium: -1, button 1 is the statistically superior choice.",78,D,B,C,A
17,LLM_Gemini_3_Flash,32,-1,1,-1,1,B,1,exploit,0,"Based on the extensive history, Button 1 consistently yields high rewards (74-86) when Krypton is 1 and Nobelium is -1, regardless of the Mercury value. Given the current context (Mercury: -1, Krypton: 1, Nobelium: -1), Button 1 is the statistically optimal choice.",82,D,B,C,A
17,LLM_Gemini_3_Flash,33,-1,1,-1,1,B,1,exploit,0,"Based on the history, button 1 consistently yields high rewards (typically 74-86) when Krypton is 1 and Nobelium is -1, regardless of the Mercury value. Since the current context has Krypton=1 and Nobelium=-1, button 1 is the optimal choice.",83,D,B,C,A
17,LLM_Gemini_3_Flash,34,-1,1,-1,1,B,1,exploit,0,"Based on the extensive history, button 1 consistently yields high rewards (typically 75-85) when Krypton is 1 and Nobelium is -1, regardless of the Mercury value. Given the current context (Mercury: -1, Krypton: 1, Nobelium: -1), button 1 is the clear optimal choice.",79,D,B,C,A
17,LLM_Gemini_3_Flash,35,-1,-1,1,0,D,0,exploit,0,"Based on historical data, button 0 has shown consistent performance in contexts where Nobelium is 1, regardless of Mercury's state. Button 1 is highly profitable when Krypton is 1 and Nobelium is -1, but it performs worse when Nobelium is 1. Since the current context has Nobelium=1 and Krypton=-1, button 0 is the strongest candidate.",57,D,B,C,A
17,LLM_Gemini_3_Flash,36,-1,1,-1,1,B,1,exploit,0,"Button 1 has consistently demonstrated very high rewards (typically 75-86) when Krypton is 1, specifically under the condition where Nobelium is -1. Since the current context has Krypton 1 and Nobelium -1, Button 1 is the clear optimal choice based on historical performance.",81,D,B,C,A
17,LLM_Gemini_3_Flash,37,1,-1,-1,0,D,0,exploit,0,"Based on historical data for context (1, -1, -1), button 0 has consistently yielded rewards in the 50s range (Trial 3, 13, 15, 26), which is the most reliable performance for this specific configuration among the buttons tested so far in this state. Button 1 is highly optimized for Krypton=1 contexts, but performs worse when Krypton=-1.",49,D,B,C,A
17,LLM_Gemini_3_Flash,38,-1,1,-1,1,B,1,exploit,0,"Button 1 has consistently demonstrated very high rewards when Krypton is 1, particularly when Nobelium is -1. With the current context of Mercury -1, Krypton 1, and Nobelium -1, Button 1 is the statistically superior choice based on the historical performance data.",74,D,B,C,A
17,LLM_Gemini_3_Flash,39,1,-1,1,0,D,0,exploit,0,"Based on historical data, button 0 has consistently provided moderate rewards in the specific context where Mercury=1 and Krypton=-1, regardless of the Nobelium signal. Button 1 is highly productive when Krypton=1, but performs worse when Krypton=-1. Therefore, in the current context where Krypton is -1, button 0 is the reliable choice for maximizing reward.",42,D,B,C,A
17,LLM_Gemini_3_Flash,40,-1,-1,1,0,D,0,exploit,0,"Based on historical data, button 0 has consistently provided stable, reliable rewards (ranging from 40-60+) when the Mercury signal is either 1 or -1, especially when Krypton is -1. Button 1 performs best when Krypton is 1, but its reward is lower when Krypton is -1 or context switches. Given current context (Mercury: -1, Krypton: -1, Nobelium: 1), button 0 is the strongest historical candidate.",53,D,B,C,A
17,LLM_Gemini_3_Flash,41,1,1,-1,1,B,1,exploit,0,"Historical data shows that when Krypton is 1, button 1 consistently yields high rewards, especially when Nobelium is -1 (as in the current context). Button 1 averages significantly higher rewards in these conditions than button 0.",76,D,B,C,A
17,LLM_Gemini_3_Flash,42,1,-1,-1,0,D,0,exploit,0,"Based on the observed history, Button 1 consistently performs well when Krypton is 1. When Krypton is -1 (as in the current context), Button 0 has historically yielded moderate to consistent results (averaging around 50), whereas Button 1 has shown extreme variability or underperformance in similar conditions. Given the current signals, I will exploit the knowledge that Button 0 remains a reliable choice compared to the others in this specific context.",49,D,B,C,A
17,LLM_Gemini_3_Flash,43,1,1,-1,1,B,1,exploit,0,"Historical data consistently shows that Button 1 yields high rewards (typically 75-85) when Krypton is 1, regardless of the Mercury or Nobelium state. Since the current context has Krypton=1, Button 1 is the statistically superior choice.",70,D,B,C,A
17,LLM_Gemini_3_Flash,44,-1,-1,1,0,D,0,exploit,0,"Based on historical data, button 1 rewards are high when Krypton is 1, but poor when Krypton is -1. Button 0 has historically performed better than button 1 when Krypton is -1, especially when Mercury is -1 and Nobelium is 1, which matches our current context.",51,D,B,C,A
17,LLM_Gemini_3_Flash,45,1,1,-1,1,B,1,exploit,0,"Based on the history, button 1 consistently yields high rewards when Krypton is 1, regardless of the Mercury or Nobelium state. Since the current context has Krypton=1, button 1 remains the optimal choice for maximizing rewards.",80,D,B,C,A
17,LLM_Gemini_3_Flash,46,-1,-1,1,0,D,0,exploit,0,"Based on historical data, button 0 shows consistent performance when Mercury is -1 and Krypton is -1, regardless of Nobelium. Button 1 is highly dependent on Krypton being 1, and since Krypton is -1 in the current context, button 0 is the statistically superior choice.",48,D,B,C,A
17,LLM_Gemini_3_Flash,47,1,-1,-1,0,D,0,exploit,0,"Based on historical data, button 1 consistently yields high rewards when Krypton is 1, but when Krypton is -1 (as in the current context), button 0 has been consistently used and remains the most stable choice relative to the alternatives tested.",57,D,B,C,A
17,LLM_Gemini_3_Flash,48,-1,-1,1,0,D,0,exploit,0,"Based on historical data, button 0 consistently produces rewards in the 40-60 range when Mercury and Krypton are -1 or when Mercury is 1 and Krypton is -1. While button 1 is strong, it performs poorly when Nobelium is 1 compared to its performance when Nobelium is -1. Button 0 is the safest choice for the current context (-1, -1, 1).",48,D,B,C,A
17,LLM_Gemini_3_Flash,49,-1,-1,1,0,D,0,exploit,0,"Based on the history, Button 0 consistently provides rewards when Mercury is -1 and Nobelium is 1, regardless of Krypton, which matches the current context. Button 1 performs best when Krypton is 1, which is not the case here.",41,D,B,C,A
17,LLM_Gemini_3_Flash,50,1,-1,1,0,D,0,exploit,0,"Based on the history, button 1 yields high rewards when Krypton is 1, but when Krypton is -1, button 1's performance is not as well-established or consistently lower. Button 0 has shown consistent rewards in the range of 40-60 when Krypton is -1. Since Krypton is currently -1 and Mercury/Nobelium combinations are varied, I am sticking with the most reliable option for this context.",51,D,B,C,A
18,LLM_Gemini_3_Flash,1,-1,1,1,0,B,0,explore,1,"Since this is the first trial and no previous history is available, I must begin the exploration phase to sample rewards from the different buttons and understand their context-dependent behavior.",47,B,D,C,A
18,LLM_Gemini_3_Flash,2,1,-1,-1,1,D,0,explore,1,"Since I have only tested button 0 once, I have no information on the performance of buttons 1, 2, and 3. I am choosing button 1 to begin mapping the reward functions for the other available options.",51,B,D,C,A
18,LLM_Gemini_3_Flash,3,1,-1,-1,1,D,0,exploit,0,"In trial 2, the exact same context (Mercury 1, Krypton -1, Nobelium -1) resulted in a strong reward of 51 for button 1. Since this is the highest observed reward for this specific context, I am choosing to exploit this knowledge.",46,B,D,C,A
18,LLM_Gemini_3_Flash,4,-1,1,1,0,B,0,exploit,0,"Button 0 provided a high reward of 47 in the current context (-1, 1, 1). Since I have observed this specific context once before and received a good reward, I will exploit this knowledge to maximize profit.",48,B,D,C,A
18,LLM_Gemini_3_Flash,5,1,1,-1,2,C,0,explore,1,"Button 0 has a stable reward near 47-48, while Button 1 fluctuates between 46-51. Buttons 2 and 3 remain untested. I will explore Button 2 to establish its baseline performance and potential for higher rewards compared to the others.",20,B,D,C,A
18,LLM_Gemini_3_Flash,6,1,-1,-1,1,D,0,exploit,0,"Button 1 has yielded relatively high rewards (51 and 46) under the current context (Mercury: 1, Krypton: -1, Nobelium: -1) in previous trials, suggesting it is a strong performer in this specific state.",59,B,D,C,A
18,LLM_Gemini_3_Flash,7,-1,-1,1,3,A,0,explore,1,"I have explored buttons 0, 1, and 2. Button 0 consistently provides moderate rewards, and button 1 is strong when Mercury is 1 and Krypton/Nobelium are -1. I have no information on button 3, so I am choosing it to characterize its potential reward function.",46,B,D,C,A
18,LLM_Gemini_3_Flash,8,-1,-1,1,3,A,0,exploit,0,"In trial 7, the same context (Mercury: -1, Krypton: -1, Nobelium: 1) yielded a reward of 46 for button 3. Since this is the only data point available for this context and button combination, and button 3 performed reasonably well, exploiting it is the most logical step while continuing to observe performance.",52,B,D,C,A
18,LLM_Gemini_3_Flash,9,1,-1,-1,1,D,0,exploit,0,"Based on the history, button 1 consistently yields high rewards (51, 46, 59) when Mercury is 1 and both Krypton and Nobelium are -1. Since the current context matches these conditions, I will continue to exploit button 1.",41,B,D,C,A
18,LLM_Gemini_3_Flash,10,-1,1,-1,0,B,1,explore,1,"Button 1 has shown strong, consistent performance (average ~49) in context (1, -1, -1). Button 0 has shown strong performance (average ~47.5) in context (-1, 1, 1). Button 3 performs well in context (-1, -1, 1). The current context (-1, 1, -1) has not been tested for these buttons. I will explore Button 0 because its performance in similar contexts suggests it may react positively to the Krypton signal.",83,B,D,C,A
18,LLM_Gemini_3_Flash,11,-1,1,-1,0,B,1,exploit,0,"In trial 10, with the context (-1, 1, -1), button 0 returned a high reward of 83. The current trial has the exact same context (Mercury -1, Krypton 1, Nobelium -1). Given this strong evidence of high performance for button 0 under this specific context, I am choosing to exploit this knowledge.",77,B,D,C,A
18,LLM_Gemini_3_Flash,12,-1,-1,1,3,A,0,exploit,0,"Based on trials 7 and 8, button 3 provides a strong reward in the current context (Mercury: -1, Krypton: -1, Nobelium: 1), yielding an average reward of 49. Given that I have consistently observed favorable performance from button 3 under these conditions, I will exploit this knowledge.",49,B,D,C,A
18,LLM_Gemini_3_Flash,13,-1,-1,1,3,A,0,exploit,0,"Button 3 has shown consistent rewards (average around 49) in the context where Mercury is -1, Krypton is -1, and Nobelium is 1. Given the current context matches this state, I am choosing Button 3 to maximize reward.",43,B,D,C,A
18,LLM_Gemini_3_Flash,14,-1,1,-1,0,B,1,exploit,0,"Button 0 has consistently delivered high rewards (77, 83) when Mercury is -1 and Krypton is 1, regardless of Nobelium. Since the current context matches these optimal conditions, exploiting Button 0 is the most likely strategy to maximize profit.",85,B,D,C,A
18,LLM_Gemini_3_Flash,15,1,-1,-1,1,D,0,exploit,0,"Based on trials 2, 3, 6, and 9, button 1 consistently yields rewards (51, 46, 59, 41) for the current context (Mercury: 1, Krypton: -1, Nobelium: -1), which is higher than the historical performance of other buttons under similar or identical conditions.",39,B,D,C,A
18,LLM_Gemini_3_Flash,16,1,-1,1,1,D,0,exploit,0,"Button 1 has consistently yielded decent rewards in contexts with Mercury=1 and Krypton=-1. Button 0 performs well with Krypton=1 and Nobelium=-1, while Button 3 performs well with Nobelium=1. Given the current context (Mercury: 1, Krypton: -1, Nobelium: 1), Button 1 remains the strongest candidate based on historical performance for these specific signal conditions.",51,B,D,C,A
18,LLM_Gemini_3_Flash,17,-1,1,1,0,B,0,exploit,0,"Based on historical data for context (-1, 1, 1), Button 0 yielded rewards of 47 and 48, which are stable. Button 3 appears strong in other contexts, but Button 0 remains the best candidate for this specific context based on the current observed outcomes.",56,B,D,C,A
18,LLM_Gemini_3_Flash,18,1,-1,1,1,D,0,exploit,0,"Button 1 has shown a strong performance in the context (Mercury: 1, Krypton: -1, Nobelium: 1) in trial 16, yielding a reward of 51. While Button 0 performs very well when Mercury is -1 and Krypton is 1, its performance decreases when Nobelium is 1. Button 1 appears the most consistent for the current configuration.",47,B,D,C,A
18,LLM_Gemini_3_Flash,19,-1,1,-1,0,B,1,exploit,0,"Button 0 has consistently delivered the highest rewards when Krypton is 1, regardless of the Nobelium signal. Given the current context of Mercury -1, Krypton 1, and Nobelium -1, button 0 remains the most reliable option based on historical performance.",77,B,D,C,A
18,LLM_Gemini_3_Flash,20,-1,-1,1,3,A,0,exploit,0,"Button 3 has consistently provided rewards in the 43-52 range under the current context (Mercury: -1, Krypton: -1, Nobelium: 1). Historical data for this specific configuration points to button 3 as the most reliable performer compared to others tested in similar conditions.",46,B,D,C,A
18,LLM_Gemini_3_Flash,21,1,1,-1,1,D,0,exploit,0,"Button 0 clearly excels when Mercury is -1 and Krypton is 1, but underperforming when Mercury is 1. Button 1 has shown a strong and consistent reward pattern when Mercury is 1 across various Nobelium and Krypton states. Since Mercury is 1 for the current context, Button 1 is the most reliable choice based on the observed data.",45,B,D,C,A
18,LLM_Gemini_3_Flash,22,1,-1,-1,1,D,0,exploit,0,"Based on the history, button 1 consistently yields rewards in the 39-59 range when Mercury is 1 and Krypton is -1. Button 0 is highly effective when Mercury is -1 and Krypton is 1, but it is not optimal for this context. Button 1 is the most reliable choice given the observed data for the current context (1, -1, -1).",48,B,D,C,A
18,LLM_Gemini_3_Flash,23,1,-1,1,1,D,0,exploit,0,"Button 1 has shown a strong and consistent performance in contexts where Mercury is 1, consistently yielding rewards in the 40-60 range. Since the current context has Mercury=1 and Krypton=-1, which aligns with the historical performance of Button 1, I am exploiting this learned pattern.",46,B,D,C,A
18,LLM_Gemini_3_Flash,24,1,-1,1,1,D,0,exploit,0,"Based on historical data, button 1 consistently yields rewards in the range of 39-59 when Mercury is 1, regardless of the other signals. Since the current context has Mercury=1, and button 0 performs best when Mercury=-1 and Krypton=1, button 1 remains the most reliable option for this context.",48,B,D,C,A
18,LLM_Gemini_3_Flash,25,-1,1,-1,0,B,1,exploit,0,"Based on the history, button 0 consistently yields high rewards (77-85) when Mercury=-1 and Krypton=1, regardless of Nobelium. In the current context (Mercury=-1, Krypton=1, Nobelium=-1), button 0 is clearly the optimal choice.",76,B,D,C,A
18,LLM_Gemini_3_Flash,26,1,-1,-1,1,D,0,exploit,0,"Based on the history, button 1 consistently yields rewards in the 40-60 range under the context Mercury=1, Krypton=-1, Nobelium=-1. While button 0 performs well when Mercury=-1 and Krypton=1, it is not optimized for the current context. Button 1 remains the most reliable performer for this specific configuration.",54,B,D,C,A
18,LLM_Gemini_3_Flash,27,1,-1,-1,1,D,0,exploit,0,"Based on historical data, button 1 consistently yields rewards around 45-59 when Mercury is 1 and Krypton is -1. Button 0 is strong when Krypton is 1, but for the current context (Mercury: 1, Krypton: -1, Nobelium: -1), button 1 is the most reliable option identified so far.",52,B,D,C,A
18,LLM_Gemini_3_Flash,28,-1,1,1,0,B,0,exploit,0,"Button 0 has consistently yielded moderate returns when Nobelium is 1 and Mercury is -1, and significantly higher returns (70s-80s) when Nobelium is -1 and Mercury is -1. While other buttons haven't outperformed this in comparable contexts, I am choosing to exploit Button 0 based on established performance.",54,B,D,C,A
18,LLM_Gemini_3_Flash,29,-1,1,-1,0,B,1,exploit,0,"Based on the history, button 0 consistently yields high rewards (around 75-85) when Mercury is -1 and Krypton is 1, regardless of Nobelium. The current context (Mercury: -1, Krypton: 1, Nobelium: -1) perfectly matches these optimal conditions for button 0.",78,B,D,C,A
18,LLM_Gemini_3_Flash,30,-1,-1,1,3,A,0,exploit,0,"Based on historical data, button 3 has consistently provided rewards in the 43-52 range when Mercury is -1, Krypton is -1, and Nobelium is 1. Button 0 performs best when Krypton is 1, button 1 fluctuates significantly based on other factors, and button 2 has performed poorly. Given the current context, button 3 is the most reliable choice.",55,B,D,C,A
18,LLM_Gemini_3_Flash,31,-1,1,-1,0,B,1,exploit,0,"Button 0 has consistently yielded very high rewards (typically 75-85) when Mercury is -1 and Krypton is 1, regardless of Nobelium. In this context, Mercury is -1 and Krypton is 1, making Button 0 the clear choice based on historical performance.",81,B,D,C,A
18,LLM_Gemini_3_Flash,32,-1,1,-1,0,B,1,exploit,0,"Based on the historical data, button 0 consistently yields high rewards (76-85) when the context is Mercury: -1, Krypton: 1, Nobelium: -1. No other button has shown comparable performance in this specific context.",77,B,D,C,A
18,LLM_Gemini_3_Flash,33,-1,-1,1,3,A,0,exploit,0,"Button 3 has been consistently chosen for the Mercury: -1, Krypton: -1, Nobelium: 1 context (trials 7, 8, 12, 13, 20, 30), yielding average rewards in the high 40s to low 50s. Button 0 is highly effective when Krypton is 1, but this context has Krypton -1, where button 3 appears to be the optimized choice.",43,B,D,C,A
18,LLM_Gemini_3_Flash,34,-1,-1,1,3,A,0,exploit,0,"Based on the historical data, Button 3 has consistently been the high-reward option when the context is (Mercury: -1, Krypton: -1, Nobelium: 1). Button 0 performs best when Krypton is 1, and Button 1 performs moderately when Mercury is 1. Given the current signals match the established pattern for Button 3, exploitation is the optimal strategy.",58,B,D,C,A
18,LLM_Gemini_3_Flash,35,-1,-1,1,3,A,0,exploit,0,"Based on historical data, button 3 has consistently provided rewards in the range of 43-58 when the context is Mercury: -1, Krypton: -1, and Nobelium: 1, whereas button 0 and button 1 perform worse under this specific configuration. I am exploiting the best-performing arm for this context.",50,B,D,C,A
18,LLM_Gemini_3_Flash,36,-1,1,1,0,B,0,exploit,0,"Based on the history, button 0 yields high rewards (70s-80s) when Mercury is -1 and Krypton is 1, but lower rewards (40s-50s) when Nobelium is 1. Button 3 consistently yields around 45-55 when Nobelium is 1. Since current context has Mercury=-1, Krypton=1, and Nobelium=1, button 0 has historically performed acceptably in this state, though slightly less than when Nobelium is -1. I will exploit button 0 as it remains the most reliable option under these conditions.",49,B,D,C,A
18,LLM_Gemini_3_Flash,37,1,1,-1,1,D,0,exploit,0,"Based on the history, button 0 is highly rewarding when Mercury is -1 and Krypton is 1. Button 3 is rewarding when Nobelium is 1. When Mercury is 1 and Krypton is 1, button 1 has shown reasonable performance, as seen in trial 21 (reward 45). Since the current context has Mercury=1 and Krypton=1, button 1 is the most viable choice among the established patterns.",54,B,D,C,A
18,LLM_Gemini_3_Flash,38,-1,1,-1,0,B,1,exploit,0,"Based on historical data, button 0 consistently yields high rewards (76-85) when Mercury is -1 and Krypton is 1, regardless of Nobelium. Given the current context (Mercury: -1, Krypton: 1, Nobelium: -1), button 0 is the most reliable high-reward choice.",83,B,D,C,A
18,LLM_Gemini_3_Flash,39,-1,1,-1,0,B,1,exploit,0,"Button 0 has consistently yielded very high rewards (typically 75-85) when Mercury is -1 and Krypton is 1, regardless of Nobelium. The current context matches this condition perfectly.",78,B,D,C,A
18,LLM_Gemini_3_Flash,40,1,1,-1,1,D,0,exploit,0,"Based on the history, button 0 is highly effective when Mercury=-1 and Krypton=1. However, when Mercury=1, button 0 has not performed as well. Button 1 has demonstrated consistent performance (averaging around 45-55) across various contexts including Mercury=1, making it a safer and stronger choice for the current context (Mercury=1, Krypton=1, Nobelium=-1) given our existing data.",58,B,D,C,A
18,LLM_Gemini_3_Flash,41,-1,1,-1,0,B,1,exploit,0,"Based on historical data, button 0 consistently yields high rewards (averaging ~78-85) when the context is Mercury: -1, Krypton: 1, Nobelium: -1. This is the optimal strategy for the current state.",88,B,D,C,A
18,LLM_Gemini_3_Flash,42,1,-1,1,1,D,0,exploit,0,"Based on historical data, button 0 consistently yields high rewards (~80) only when Mercury is -1 and Krypton is 1, regardless of Nobelium. When Mercury is 1, button 1 is the most reliable performer. In the current context (Mercury: 1, Krypton: -1, Nobelium: 1), button 1 is the most stable and highest-reward option based on prior observations.",49,B,D,C,A
18,LLM_Gemini_3_Flash,43,-1,1,-1,0,B,1,exploit,0,"Based on the historical data, button 0 consistently yields high rewards (averaging ~80) when Mercury is -1 and Krypton is 1, regardless of the Nobelium signal. The current context matches this condition perfectly.",77,B,D,C,A
18,LLM_Gemini_3_Flash,44,1,-1,1,1,D,0,exploit,0,"Based on historical data, button 0 is highly performant when Krypton is 1 and Nobelium is -1. Button 3 performs best when Mercury is -1 and Nobelium is 1. When Mercury is 1, button 1 has consistently yielded reliable rewards (mostly in the 40-50 range). Given current context (Mercury: 1, Krypton: -1, Nobelium: 1), button 1 has proven to be the most consistent performer among the options tested for this configuration.",53,B,D,C,A
18,LLM_Gemini_3_Flash,45,1,-1,-1,1,D,0,exploit,0,"Based on the historical data, button 1 consistently yields rewards in the 40-59 range when Mercury is 1, regardless of the other signals. Since the current context has Mercury at 1, and no other button has demonstrated a higher consistent performance in this specific context, button 1 is the optimal choice.",46,B,D,C,A
18,LLM_Gemini_3_Flash,46,1,-1,1,1,D,0,exploit,0,"Button 1 has shown consistent performance in the Mercury: 1 context across multiple trials (averaging ~48-50). Button 0 is highly effective when Krypton is 1, but when Krypton is -1 and Mercury is 1, Button 1 is the most reliable choice based on the observed data patterns.",55,B,D,C,A
18,LLM_Gemini_3_Flash,47,1,-1,-1,1,D,0,exploit,0,"Based on the history, button 1 consistently yields rewards in the 40-60 range when Mercury=1 and Krypton=-1, regardless of the Nobelium value. Button 0 is highly effective when Mercury=-1 and Krypton=1, but for the current context (Mercury=1, Krypton=-1, Nobelium=-1), button 1 has been the most reliable and high-performing option.",46,B,D,C,A
18,LLM_Gemini_3_Flash,48,-1,1,-1,0,B,1,exploit,0,"Based on the history, button 0 consistently provides high rewards (approx 75-88) when Mercury is -1 and Krypton is 1, regardless of Nobelium. The current context (Mercury: -1, Krypton: 1, Nobelium: -1) perfectly matches these optimal conditions for button 0.",86,B,D,C,A
18,LLM_Gemini_3_Flash,49,-1,-1,1,3,A,0,exploit,0,"Based on historical data, button 3 yields the highest consistent rewards when Krypton is -1 and Nobelium is 1 (averaging around 48-50). Button 0 performs best when Krypton is 1, but its performance drops significantly when Krypton is -1, making button 3 the optimal choice for the current context (Mercury: -1, Krypton: -1, Nobelium: 1).",39,B,D,C,A
18,LLM_Gemini_3_Flash,50,1,1,-1,1,D,0,exploit,0,"Based on the history, button 0 consistently provides high rewards (75-88) only when Mercury is -1 and Krypton is 1. When the current context has Mercury=1 and Krypton=1, button 0 is not the optimal choice. Button 1 has consistently yielded rewards in the 40s and 50s across various contexts and is the most reliable option when button 0's specific triggers are absent.",42,B,D,C,A
19,LLM_Gemini_3_Flash,1,-1,1,-1,0,B,1,explore,1,"This is the first trial of the game. I need to explore different buttons to begin collecting data on their reward functions relative to the context signals (Mercury: -1, Krypton: 1, Nobelium: -1). Starting with button 0 is an initial step in building a profile for each arm.",86,B,A,C,D
19,LLM_Gemini_3_Flash,2,1,-1,1,1,A,1,explore,1,"Since I only have one trial of history, I need to explore different buttons to build a model of how the context signals influence reward. I have already tested button 0, so I will now test button 1.",73,B,A,C,D
19,LLM_Gemini_3_Flash,3,1,-1,1,1,A,1,exploit,0,"In trial 2, the same context (Mercury: 1, Krypton: -1, Nobelium: 1) yielded a reward of 73 from button 1. Given the limited data, exploiting the button that produced a known positive outcome for this specific configuration is the most logical step to maximize profit.",82,B,A,C,D
19,LLM_Gemini_3_Flash,4,1,-1,1,1,A,1,exploit,0,"Button 1 has shown consistent and relatively high rewards (73 and 82) in the current context (Mercury: 1, Krypton: -1, Nobelium: 1). I will continue to exploit this button to maximize profit.",80,B,A,C,D
19,LLM_Gemini_3_Flash,5,-1,1,-1,0,B,1,exploit,0,"In trial 1, with the exact same context (Mercury: -1, Krypton: 1, Nobelium: -1), button 0 returned a reward of 86, which is higher than the average rewards observed for button 1 in other contexts. I am choosing to exploit this known high-performing arm.",83,B,A,C,D
19,LLM_Gemini_3_Flash,6,1,-1,-1,2,C,0,explore,1,"Button 0 shows high performance when Mercury is -1 and Krypton is 1, and Button 1 shows good performance when Mercury is 1 and Nobelium is 1. Since I have not yet gathered data for Button 2 or Button 3, and the current context (Mercury: 1, Krypton: -1, Nobelium: -1) has not been tested against Button 2, exploring it is a necessary step to optimize future rewards.",22,B,A,C,D
19,LLM_Gemini_3_Flash,7,1,-1,1,1,A,1,exploit,0,"Button 1 has consistently yielded high rewards (73, 82, 80) in the current context (Mercury: 1, Krypton: -1, Nobelium: 1), making it the most reliable choice for maximizing profit based on past observations.",79,B,A,C,D
19,LLM_Gemini_3_Flash,8,1,1,-1,3,D,0,explore,1,"Button 0 shows high performance when Mercury is -1 and Krypton is 1, while Button 1 performs well when Mercury is 1, Krypton is -1, and Nobelium is 1. Button 2 performed poorly in its only test. Button 3 has not been explored yet, and given the current context (Mercury 1, Krypton 1, Nobelium -1) does not perfectly match the conditions where Buttons 0 or 1 have shown success, exploring Button 3 is a reasonable next step.",56,B,A,C,D
19,LLM_Gemini_3_Flash,9,-1,-1,1,0,B,0,exploit,0,"Button 0 has shown consistent high performance (83-86) when Mercury is -1 and Krypton is 1. Although the current context is Mercury: -1, Krypton: -1, Nobelium: 1, Button 0 remains the most reliable performer in my history compared to Button 1 (which favors Mercury 1), Button 2 (poor performance), and Button 3 (moderate performance).",25,B,A,C,D
19,LLM_Gemini_3_Flash,10,1,1,-1,3,D,0,exploit,0,"Button 0 shows high rewards when Mercury is -1 and Krypton is 1. Button 1 shows consistent high rewards when Mercury is 1, Krypton is -1, and Nobelium is 1. For the current context (Mercury: 1, Krypton: 1, Nobelium: -1), I previously tested button 3 and received a reward of 56. Given the observed patterns, button 3 appears to be the most promising candidate for this specific context, while others have shown poor performance under similar conditions or are unknown.",51,B,A,C,D
19,LLM_Gemini_3_Flash,11,1,-1,1,1,A,1,exploit,0,"Button 1 has consistently yielded high rewards (average ~78.5) in the current context where Mercury=1, Krypton=-1, and Nobelium=1. Based on the history, this button is the optimal choice for this specific context.",83,B,A,C,D
19,LLM_Gemini_3_Flash,12,-1,1,1,1,A,0,exploit,0,"Button 1 has consistently yielded high rewards (avg ~79) when Mercury is 1 and Nobelium is 1, regardless of Krypton's state. While the current context has Mercury at -1, Button 1 is the most reliable performer identified in the history, and exploring buttons 0, 2, or 3 has yielded significantly lower or inconsistent results.",20,B,A,C,D
19,LLM_Gemini_3_Flash,13,-1,1,-1,0,B,1,exploit,0,"Button 0 has demonstrated high and consistent rewards (86 and 83) when Mercury=-1, Krypton=1, and Nobelium=-1. Given this exact context, exploiting button 0 is the optimal strategy based on the history.",71,B,A,C,D
19,LLM_Gemini_3_Flash,14,-1,1,1,3,D,0,explore,1,"Button 1 yielded low rewards (20) in the current context (-1, 1, 1), and Button 0 performed well historically with Krypton 1 and Nobelium -1. Since I have limited information about Button 3 in this context, exploring it is a priority to determine if it is more profitable than the known underperformers for this specific context.",58,B,A,C,D
19,LLM_Gemini_3_Flash,15,-1,1,1,3,D,0,exploit,0,"Button 1 yields high rewards when Krypton is -1 and Nobelium is 1, but its performance drops significantly when Krypton is 1. Button 0 performs well when Mercury is -1 and Krypton is 1, but Nobelium is -1. Given the context (Mercury -1, Krypton 1, Nobelium 1), Button 3 demonstrated a superior return of 58 compared to Button 1's 20 in the same conditions.",51,B,A,C,D
19,LLM_Gemini_3_Flash,16,1,1,-1,3,D,0,exploit,0,"In trials 8 and 10, the context (1, 1, -1) was tested with button 3, yielding consistent rewards (56 and 51). Button 0 has shown high rewards with (-1, 1, -1), but not in this context. Button 1 performs best with Mercury 1, Krypton -1, Nobelium 1. Button 3 seems optimized for the current (1, 1, -1) configuration.",44,B,A,C,D
19,LLM_Gemini_3_Flash,17,1,-1,1,1,A,1,exploit,0,"Button 1 has consistently yielded high rewards (avg ~79) when Mercury is 1, Krypton is -1, and Nobelium is 1, based on trials 2, 3, 4, 7, and 11. Given the current context matches this profile, exploiting Button 1 is the most profitable strategy.",76,B,A,C,D
19,LLM_Gemini_3_Flash,18,-1,-1,1,3,D,0,explore,1,"Button 1 is highly productive when Mercury=1 and Krypton=-1, but performed poorly in other contexts. Button 0 is effective when Krypton=1 and Nobelium=-1. In the current context (Mercury=-1, Krypton=-1, Nobelium=1), the previous performance for Button 0 was quite low (25). I will try Button 3 to test its reward in this specific context, as its performance has been relatively stable across different scenarios.",47,B,A,C,D
19,LLM_Gemini_3_Flash,19,-1,1,-1,0,B,1,exploit,0,"Based on historical trials, Button 0 has consistently delivered high rewards (86, 83, 71) when the context is Mercury: -1, Krypton: 1, Nobelium: -1. This context matches the current one perfectly, indicating Button 0 is the optimal choice.",85,B,A,C,D
19,LLM_Gemini_3_Flash,20,-1,1,-1,0,B,1,exploit,0,"Button 0 has consistently performed very well (86, 83, 71, 85) in the specific context where Mercury is -1, Krypton is 1, and Nobelium is -1. Given the current context matches this, exploiting Button 0 is the most likely strategy to maximize rewards.",77,B,A,C,D
19,LLM_Gemini_3_Flash,21,-1,1,1,3,D,0,exploit,0,"Button 0 yields high rewards when Mercury is -1 and Krypton is 1, but Nobelium is -1. Button 1 performs best when Mercury is 1 and Krypton is -1. For the current context (Mercury: -1, Krypton: 1, Nobelium: 1), Button 3 has consistently provided moderate to good rewards in similar conditions, outperforming the options that are highly dependent on Nobelium being -1.",47,B,A,C,D
19,LLM_Gemini_3_Flash,22,-1,-1,1,3,D,0,exploit,0,"Based on the history, button 1 thrives when Krypton is -1 and Nobelium is 1, but it performs poorly when Krypton is 1. Button 0 consistently returns high rewards when Krypton is 1 and Mercury is -1. Button 3 has shown consistent moderate performance (around 47-58) across varied contexts, and in the current context (Mercury -1, Krypton -1, Nobelium 1), where Button 0 has already shown a low reward (25 in trial 9) and Button 1 is untested for this specific configuration, Button 3 appears to be the safest and most reliable choice for this specific context.",57,B,A,C,D
19,LLM_Gemini_3_Flash,23,-1,1,1,3,D,0,exploit,0,"Based on the observed history for context (-1, 1, 1), button 3 consistently yields rewards in the 47-58 range, whereas button 1 performed poorly (20) in this specific context. Button 0 is strong when Mercury=-1 and Nobelium=-1, but less effective here. Button 3 appears to be the most reliable option for this context.",49,B,A,C,D
19,LLM_Gemini_3_Flash,24,-1,1,-1,0,B,1,exploit,0,"Button 0 has consistently yielded high rewards (range 71-86) when the context is Mercury: -1, Krypton: 1, Nobelium: -1. Given that this specific context matches current conditions and Button 0 has proven performance in this state, exploitation is the optimal strategy.",79,B,A,C,D
19,LLM_Gemini_3_Flash,25,1,-1,1,1,A,1,exploit,0,"Button 1 has consistently yielded high rewards (avg ~78) when the context is Mercury=1, Krypton=-1, Nobelium=1. Given this specific context has appeared multiple times with reliable results, exploiting button 1 is the optimal strategy.",88,B,A,C,D
19,LLM_Gemini_3_Flash,26,-1,1,-1,0,B,1,exploit,0,"Button 0 has consistently delivered high rewards (71-86) in the current context where Mercury=-1, Krypton=1, Nobelium=-1. Based on historical data, this button is highly effective for this specific state.",78,B,A,C,D
19,LLM_Gemini_3_Flash,27,1,-1,-1,0,B,0,exploit,0,"Button 0 shows high consistent rewards (70-85 range) when Mercury is -1 and Krypton is 1, and it has previously yielded decent results. Since the current context (Mercury: 1, Krypton: -1, Nobelium: -1) does not strongly match the high-performing scenarios for Button 0 or Button 1, I am exploiting Button 0 as the most reliable baseline while acknowledging that Button 2 and 3 are underperforming.",48,B,A,C,D
19,LLM_Gemini_3_Flash,28,1,1,-1,3,D,0,exploit,0,"Button 3 has shown consistent performance in contexts where Mercury is 1 and Krypton is 1. Previous trials (8, 10, 16) with this context returned rewards in the 44-56 range. Other buttons have performed poorly or have not been sufficiently tested in this exact configuration, and Button 3 appears to be the most viable option for this specific context.",53,B,A,C,D
19,LLM_Gemini_3_Flash,29,1,1,-1,3,D,0,exploit,0,"Button 0 shows high rewards when Mercury is -1 and Krypton is 1, but consistently drops when Mercury is 1. Button 1 is highly effective when Mercury is 1 and Krypton is -1, but perform poorly elsewhere. Button 3 has shown consistent moderate performance (around 45-58) across various contexts, including the current Mercury: 1, Krypton: 1, Nobelium: -1, where it has previously returned rewards in the 44-56 range, making it the most reliable choice given the current context.",54,B,A,C,D
19,LLM_Gemini_3_Flash,30,-1,1,1,3,D,0,exploit,0,"Based on the history, Button 0 performs best when Mercury is -1 and Nobelium is -1. Button 1 performs best when Mercury is 1 and Krypton is -1. Button 3 has consistently provided moderate rewards in the range of 47-58 when Mercury is -1 and Nobelium is 1, which outperforms the 20 reward observed from Button 1 in this specific context (trial 12).",48,B,A,C,D
19,LLM_Gemini_3_Flash,31,-1,1,-1,0,B,1,exploit,0,"Based on the history, button 0 has consistently provided high rewards (71-86) when Mercury is -1 and Krypton is 1, regardless of the Nobelium signal. Since the current context matches this condition, choosing button 0 is the optimal strategy.",76,B,A,C,D
19,LLM_Gemini_3_Flash,32,1,-1,1,1,A,1,exploit,0,"Based on the history, button 1 consistently yields high rewards (73-88 range) when Mercury is 1 and Krypton is -1, regardless of Nobelium. The current context (Mercury: 1, Krypton: -1, Nobelium: 1) aligns perfectly with the optimal conditions identified for button 1.",83,B,A,C,D
19,LLM_Gemini_3_Flash,33,-1,1,-1,0,B,1,exploit,0,"Based on the history, button 0 consistently yields high rewards (averaging around 75-85) when the context is Mercury: -1, Krypton: 1, and Nobelium: -1. In all trials where this specific context occurred (trials 1, 5, 13, 19, 20, 24, 26, 31), button 0 has performed reliably.",85,B,A,C,D
19,LLM_Gemini_3_Flash,34,-1,1,1,3,D,0,exploit,0,"Based on historical data, button 0 performs best when Mercury is -1 and Krypton is 1, but Nobelium is -1. Button 1 excels when Mercury is 1 and Krypton is -1. Button 3 has consistently shown moderate performance in scenarios where Nobelium is 1, particularly when Mercury is -1 and Krypton is 1, as evidenced by trials 14, 15, 21, 23, and 30. Since the current context has Nobelium: 1 and Mercury: -1, Krypton: 1, button 3 is the most rational choice given the observed data.",48,B,A,C,D
19,LLM_Gemini_3_Flash,35,-1,1,-1,0,B,1,exploit,0,"The current context is Mercury: -1, Krypton: 1, Nobelium: -1. In my history, button 0 consistently yields high rewards (averaging ~80) under these exact signal conditions (trials 1, 5, 13, 19, 20, 24, 26, 31, 33). This signal configuration is the primary profile for button 0.",80,B,A,C,D
19,LLM_Gemini_3_Flash,36,-1,1,-1,0,B,1,exploit,0,"Based on the historical data, button 0 consistently yields high rewards (range 71-86) when Mercury is -1, Krypton is 1, and Nobelium is -1. The current context matches this specific configuration, making button 0 the clear choice for maximization.",82,B,A,C,D
19,LLM_Gemini_3_Flash,37,-1,1,-1,0,B,1,exploit,0,"Based on historical data, button 0 consistently yields high rewards (averaging around 80) when the context is Mercury = -1, Krypton = 1, and Nobelium = -1. This combination is the current context, and button 0 has proven to be the optimal choice in these specific conditions.",84,B,A,C,D
19,LLM_Gemini_3_Flash,38,1,-1,-1,0,B,0,exploit,0,"Button 0 has consistently yielded high rewards (71-86) when Mercury is -1 and Krypton is 1, regardless of Nobelium. In the current context (Mercury: 1, Krypton: -1, Nobelium: -1), the historical data from trial 27 shows button 0 produced a reward of 48, and Button 1 is highly productive (73-88) when Mercury is 1 and Krypton is -1. Therefore, I will exploit Button 1.",35,B,A,C,D
19,LLM_Gemini_3_Flash,39,1,-1,-1,0,B,0,exploit,0,"Button 0 shows very high and consistent rewards when Krypton is 1 and Mercury is -1, but also seems to have poor performance when Mercury is 1 and Krypton is -1 (as seen in trials 6, 27, and 38). Given the current context (Mercury: 1, Krypton: -1, Nobelium: -1), choosing button 0 is risky but it is the only one I have consistently tested in similar conditions, and I need to see if it outperforms others when the context is (1, -1, -1).",56,B,A,C,D
19,LLM_Gemini_3_Flash,40,-1,1,-1,0,B,1,exploit,0,"Based on the historical data, button 0 consistently yields high rewards (averaging ~80) when Mercury is -1 and Krypton is 1, regardless of Nobelium. The current context matches these conditions, confirming button 0 is the optimal choice.",82,B,A,C,D
19,LLM_Gemini_3_Flash,41,-1,1,1,3,D,0,explore,1,"Button 0 is clearly optimal when Mercury=-1 and Krypton=1, but Nobelium=-1. In the current context (Mercury=-1, Krypton=1, Nobelium=1), button 0 has performed poorly in the past (only 20 reward in trial 12), while button 3 has shown moderate performance when Nobelium=1. I am choosing button 3 to further test if it consistently outperforms button 0 in this specific Nobelium=1 configuration.",53,B,A,C,D
19,LLM_Gemini_3_Flash,42,-1,1,1,3,D,0,exploit,0,"Based on the observed history, Button 3 consistently yields rewards in the range of 47-58 when Mercury is -1 and Nobelium is 1, regardless of Krypton. While other buttons have shown potential in different contexts, Button 3 appears to be the most reliable option for the current configuration (Mercury: -1, Krypton: 1, Nobelium: 1) based on multiple trials.",44,B,A,C,D
19,LLM_Gemini_3_Flash,43,-1,1,-1,0,B,1,exploit,0,"Based on the history, button 0 consistently yields high rewards (typically 70-85) when the context is Mercury: -1, Krypton: 1, Nobelium: -1, which matches the current context perfectly.",81,B,A,C,D
19,LLM_Gemini_3_Flash,44,1,-1,1,1,A,1,exploit,0,"Based on historical data, button 1 consistently yields high rewards (73-88 range) when Mercury is 1, Krypton is -1, and Nobelium is 1. Since the current context matches these parameters exactly, choosing button 1 is the optimal exploitation strategy.",83,B,A,C,D
19,LLM_Gemini_3_Flash,45,-1,1,-1,0,B,1,exploit,0,"The historical data clearly demonstrates that button 0 consistently yields high rewards (typically 70-85) when Mercury is -1, Krypton is 1, and Nobelium is -1. Given the current context matches this exact pattern, button 0 is the optimal choice for exploitation.",85,B,A,C,D
19,LLM_Gemini_3_Flash,46,1,1,-1,3,D,0,exploit,0,"Based on the history, button 3 consistently yields rewards around 50 when Mercury=1 and Krypton=1, regardless of Nobelium. Button 0 performs poorly when Mercury=1 (rewards < 60), and button 1 is strong when Krypton=-1. Since the current context has Mercury=1 and Krypton=1, button 3 is the most reliable option among those tested for this specific condition.",50,B,A,C,D
19,LLM_Gemini_3_Flash,47,1,1,-1,3,D,0,exploit,0,"Based on historical data, button 3 has consistently provided moderate, stable rewards when Mercury=1 and Krypton=1. Since buttons 0 and 1 have shown poor or inconsistent performance under these specific context signals (Mercury=1, Krypton=1, Nobelium=-1), exploiting button 3 is the most rational choice.",46,B,A,C,D
19,LLM_Gemini_3_Flash,48,1,-1,-1,0,B,0,exploit,0,"Based on historical data, button 0 consistently provides high rewards (around 80) when Mercury is -1 and Krypton is 1, regardless of Nobelium. In this trial, the context is Mercury 1, Krypton -1, Nobelium -1. Button 0 performance in this specific context (trials 27, 38, 39) shows mixed results (35-56), but button 1 strongly dominates in the context of Mercury 1 and Nobelium 1. Given the current signals, button 0 has been tested previously and although it isn't the primary high performer for this specific configuration, the model leans toward exploiting the most consistent reward generator identified thus far.",51,B,A,C,D
19,LLM_Gemini_3_Flash,49,1,1,-1,3,D,0,exploit,0,"Based on historical data, button 3 consistently yields rewards around 50 when Mercury=1, Krypton=1, and Nobelium=-1. Since other options like button 0 and button 1 perform poorly under these specific conditions, button 3 is the most reliable choice.",46,B,A,C,D
19,LLM_Gemini_3_Flash,50,-1,-1,1,3,D,0,exploit,0,"Based on historical data, button 3 provides the most consistent returns in contexts where Mercury is -1 and Nobelium is 1 (as seen in trials 18 and 22). Given the current context (Mercury: -1, Krypton: -1, Nobelium: 1), button 3 is the most reliable choice compared to the others.",46,B,A,C,D
