simulation_id,agent_name,trial,context_mercury,context_krypton,context_nobelium,choice_arm_index,choice_planet_label,is_optimal,intent,exploration,explanation,reward_received,mapping_arm_0,mapping_arm_1,mapping_arm_2,mapping_arm_3
0,LLM_Gemini_3_Flash,1,1,-1,1,0,C,0,explore,1,"Since this is the first trial, there is no history to analyze. I must choose an arm randomly or systematically to start gathering data. I will choose arm 0 (Button 0) to begin exploration.",55,C,D,A,B
0,LLM_Gemini_3_Flash,2,-1,1,-1,1,D,0,explore,1,"Only one trial has occurred (Button 0 yielded 55 with context [1, -1, 1]). With so little data, exploration is crucial. I will choose a different arm (Button 1) to gather information about its reward structure under the current context [ -1, 1, -1], aiming to cover more of the context space efficiently.",56,C,D,A,B
0,LLM_Gemini_3_Flash,3,-1,-1,1,2,A,0,explore,1,"Only two trials have occurred, providing very little data. I have no information about buttons 2 and 3. Given the low number of trials, I will explore button 2 to gain initial data on a previously unchosen arm before attempting to exploit any potential pattern.",45,C,D,A,B
0,LLM_Gemini_3_Flash,4,1,-1,1,0,C,0,exploit,0,"Button 0 was pulled in Trial 1 under context (1, -1, 1) and yielded 55. Since the current context is identical to Trial 1, and we have no information about the other buttons' rewards for this specific context, exploiting the previously successful action (Button 0) is the best immediate strategy, assuming Button 0 corresponds to a high-yielding planet for this context.",51,C,D,A,B
0,LLM_Gemini_3_Flash,5,-1,1,-1,1,D,0,exploit,0,"Button 1 yielded the highest reward (56) in the current context (-1, 1, -1) during trial 2. Since this context is exactly repeated now, I choose to exploit this known high reward. The other buttons have only been sampled under different contexts or yielded lower/similar rewards.",51,C,D,A,B
0,LLM_Gemini_3_Flash,6,-1,1,-1,1,D,0,exploit,0,"The current context {-1, 1, -1} has been played twice before via button 1, yielding rewards of 56 and 51. This suggests button 1 has a relatively high baseline reward in this specific context. Since there are no other current context matches for buttons 0, 2, or 3, exploiting the known high average reward for button 1 in this context is the best immediate strategy. The average reward for button 1 in this context is (56+51)/2 = 53.5.",50,C,D,A,B
0,LLM_Gemini_3_Flash,7,-1,1,-1,3,B,1,explore,1,"Buttons 0, 1, and 2 have been played 3, 3, and 1 times respectively. Button 3 has never been played. Given the limited history and the need to map buttons to planets, I must explore Button 3 in the current context (-1, 1, -1) to gather data on its associated planet, even though Button 1 seems to perform well for the current context signals based on past trials.",80,C,D,A,B
0,LLM_Gemini_3_Flash,8,-1,-1,1,2,A,0,exploit,0,"Button 2 was chosen once in Trial 3 with context (-1, -1, 1) yielding 45. In the current context (-1, -1, 1), Button 2 might be the best. Button 1 has shown high variance (56, 51, 50) for context (-1, 1, -1) and Button 3 showed high reward (80) for that same context, suggesting Button 3 might be very context-dependent. Button 0 has given stable rewards (55, 51) for context (1, -1, 1). Since Button 2 provided a moderate reward (45) for the exact current context (-1, -1, 1) and we have minimal data for it, exploitation is chosen based on the direct match, although more data is needed for true exploitation.",54,C,D,A,B
0,LLM_Gemini_3_Flash,9,1,-1,-1,3,B,0,exploit,0,"Button 1 has provided the highest reward (80) in a specific context (M:-1, K:1, N:-1), and the current context (M:1, K:-1, N:-1) is different. Since Button 3 has been pulled the least (only once, yielding 80 in that specific context), and the current context is the most explored by other buttons (Button 1 pulled 3 times, Button 2 pulled 2 times, Button 0 pulled 2 times), I will re-examine the context where Button 3 yielded 80. Given the current context (M:1, K:-1, N:-1) is not seen before, and I need to balance learning vs earning, I will choose Button 3 again as it gave the highest single reward so far, assuming it corresponds to the highest payoff context for one of the planets. However, given the current context has not been seen, a purely exploit strategy based on the single best historical average is risky. Re-evaluating: Button 1 has provided a reward of 80 once in context (-1, 1, -1). Button 3 provided 80 once in context (-1, 1, -1). Wait, checking history: Trial 7: Context (-1, 1, -1), Button 3, Reward 80. Trial 2, 5, 6: Button 1, Context (-1, 1, -1), Rewards 56, 51, 50. This means Button 1 and Button 3 mapped to different planets, or the reward function is highly variable. Since Button 3 yielded the absolute highest reward (80), I will choose it again to see if this high reward configuration is repeatable, leaning towards exploit based on the maximum observed value, as the current context is novel.",46,C,D,A,B
0,LLM_Gemini_3_Flash,10,-1,1,-1,1,D,0,exploit,0,"Button 1 has consistently yielded the highest rewards (56, 51, 50) in the current context (-1, 1, -1). Button 3 also performed well (80) in this context, but only once, whereas Button 1 has a higher average reward in this specific context, making it the primary exploitation choice based on limited data.",51,C,D,A,B
0,LLM_Gemini_3_Flash,11,1,-1,-1,3,B,0,exploit,0,"Planet 3 (associated with Button 3) showed a very high reward (80) in Trial 7 under context (-1, 1, -1). This context is different from the current context (1, -1, -1). However, the rewards for Buttons 0, 1, and 2 have been generally average or low (around 50-55). Button 3 is the most promising high-variance option observed so far. Since the current context (1, -1, -1) was played once with Button 3 in Trial 9 resulting in 46, and the other buttons have no strong signal for this exact context, exploiting the one button that showed a high outlier reward (Button 3, Trial 7) or re-testing the button played in the nearest context (Button 3, Trial 9) seems like a reasonable strategy given limited data. Given the potential for high rewards, sticking with the highest variance/potential reward arm (Button 3) is slightly favored over exploring the others which haven't shown unique behavior yet.",47,C,D,A,B
0,LLM_Gemini_3_Flash,12,1,1,-1,0,C,0,exploit,0,"Button 0 has only been pulled in contexts where Mercury=1, Krypton=-1, Nobelium=1 (Trials 1 and 4), yielding rewards 55 and 51 (Average 53.0). Button 3 has shown high potential (Reward 80 in Trial 7, Context: -1, 1, -1), and Button 1 has shown consistent rewards around 51-56. The current context (1, 1, -1) is unique so far. Button 0 is the most frequently pulled arm for contexts similar to the current one (where Mercury=1). Given the limited data, I will exploit Button 0 as it has only been pulled when Mercury=1, aligning with the current context's first signal, until more data is gathered for other buttons under Mercury=1 conditions. However, examining Button 3's single high reward (80) suggests it might be the best overall. Given the ambiguity, I'll stick to the action that has yielded consistent results when Mercury=1, which is Button 0, leaning towards exploitation based on existing observed positive data for Mercury=1 contexts.",30,C,D,A,B
0,LLM_Gemini_3_Flash,13,-1,1,1,3,B,0,exploit,0,"Button 3 has shown the highest reward (average 63.25) across varied contexts, including a very high reward of 80 when context was (-1, 1, -1). In the current context (-1, 1, 1), Button 3 is the most promising option based on historical performance, even though the specific context (-1, 1, 1) hasn't been tested with Button 3 yet. I will exploit this lead as Button 3 seems generally high-yielding.",49,C,D,A,B
0,LLM_Gemini_3_Flash,14,1,-1,1,0,C,0,exploit,0,"The current context (M=1, K=-1, N=1) exactly matches Trial 1. Button 0 yielded 55 in Trial 1 and 51 in Trial 4 (which also had M=1, K=-1, N=1). Given the strong previous performance for Button 0 under this specific context, I will exploit this information. Button 3 showed a high reward (80) under context (-1, 1, -1) in Trial 7, but Button 0 seems consistently reliable when M=1, K=-1, N=1.",53,C,D,A,B
0,LLM_Gemini_3_Flash,15,-1,-1,1,2,A,0,exploit,0,"Button 2 has only been played when context is (-1, -1, 1), yielding rewards of 45 (Trial 3) and 54 (Trial 8), averaging 49.5. Button 3 has shown high rewards (average ~65) when M=-1, K=1, N=1 or M=1, K=-1, N=-1, but Button 2 is the only one tested so far with the current context (-1, -1, 1). Given the current context (-1, -1, 1), Button 2 is the only one directly tested under these exact conditions. I will exploit this direct observation for now, as other buttons have varied context profiles.",51,C,D,A,B
0,LLM_Gemini_3_Flash,16,1,-1,1,0,C,0,exploit,0,"The current context (M=1, K=-1, N=1) has been played twice on Button 0, yielding rewards of 55 (Trial 1) and 53 (Trial 14). The average reward is 54. Button 3 showed high variance (46 to 80) across different contexts, and Buttons 1 and 2 have less data for this specific context. Button 0 offers the most consistent, moderately high reward for this exact context so far. I choose to exploit this observed high average reward.",51,C,D,A,B
0,LLM_Gemini_3_Flash,17,1,1,-1,3,B,1,exploit,0,"Button 3 has shown the highest average reward (63.67 across 6 trials) compared to Button 0 (52.00 across 6 trials), Button 1 (53.00 across 5 trials), and Button 2 (50.00 across 3 trials). Button 3 also provided the highest single reward (80) in trial 7. Given the current context (Mercury=1, Krypton=1, Nobelium=-1), I will prioritize exploiting the button that has historically performed best overall, which is Button 3, as it has provided high rewards in diverse contexts, although more exploration might be needed later.",76,C,D,A,B
0,LLM_Gemini_3_Flash,18,-1,-1,1,2,A,0,exploit,0,"The current context is M=-1, K=-1, N=1. Button 2 has been played twice in this exact context (Trials 3 and 8), yielding rewards of 45 and 54, with an average of 49.5. No other button has been played in this specific context. Given the relatively consistent performance of button 2 for this context so far, I will exploit this current best observed average. Button 0 has high variance in similar contexts (avg ~52.7 for M=1, N=1). Button 3 showed high reward (80) in a different context (M=-1, K=1, N=-1). Exploiting the known best result for the current context is the primary goal now.",50,C,D,A,B
0,LLM_Gemini_3_Flash,19,-1,1,-1,1,D,0,exploit,0,"The current context (-1, 1, -1) has been heavily tested with Button 1, yielding rewards consistently around 50-56 (Avg: 52.14 across 7 trials). Button 3 showed a high reward (80) in this context once, but Button 1 has more consistent data for this specific context. However, Button 1 has only been chosen when the context was (-1, 1, -1). Given the high consistency and relatively good average for Button 1 in this exact context, I will exploit Button 1, as it is the only arm tested here so far. If Button 1 turns out to be a lower-reward arm overall, I will switch exploration strategy on future iterations.",55,C,D,A,B
0,LLM_Gemini_3_Flash,20,-1,1,1,3,B,0,exploit,0,"The current context is M=-1, K=1, N=1. Button 3 has been played 4 times (T7, T13, T11, T9). The rewards for B3 were 80 (T7: M=-1, K=1, N=-1), 49 (T13: M=-1, K=1, N=1), 47 (T11: M=1, K=-1, N=-1), and 46 (T9: M=1, K=-1, N=-1). Button 1 was played 5 times, yielding rewards centered around 52. Button 0 has rewards around 52. Button 2 has rewards around 50. Button 3 shows the highest variance and potentially the highest reward (80) when K=1 and N=-1. Given that T13 (M=-1, K=1, N=1) yielded 49 for B3, and this context is M=-1, K=1, N=1, B3 seems like a strong candidate, despite having lower overall sampled rewards than B1/B0. However, let's analyze the context patterns:
Context for B3 (T7): M=-1, K=1, N=-1 -> R=80
Context for B3 (T13): M=-1, K=1, N=1 -> R=49

Button 1 has strong consistency around 52-56 when K=1, N=-1 (T2, T5, T6, T10, T19). This context (M=-1, K=1, N=1) is a slight variation.

If we assume Planet D (mapped to B3 in T7) has a high reward when K=1 and N=-1 (R=80), and a moderate reward when N=1 (R=49), Button 3 appears to be the best choice for the current context (M=-1, K=1, N=1) based on previous observation for this specific configuration.

Recalculating averages based on observed button play:
B0 Avg: (55+51+30+53+51)/5 = 47.8
B1 Avg: (56+51+50+55+51)/5 = 52.4
B2 Avg: (45+54+51+50)/4 = 49.5
B3 Avg: (80+49+46+47)/4 = 55.5 (This average is skewed by the 80, but the closest observation to the current context is 49).

Since B3 showed 49 for the exact context (M=-1, K=1, N=1) in Trial 13, I will exploit this direct evidence.",55,C,D,A,B
0,LLM_Gemini_3_Flash,21,1,1,-1,0,C,0,exploit,0,"Button 0 has historically performed best under the context [1, 1, -1] (Average reward: 42.0, based on trials 12, 14, 16). Although we have limited data for this specific context, Button 0 has shown the highest variance of high rewards overall, and the current context matches a previously high-reward context for Button 0. Exploration of other buttons is less critical now that we are halfway through the game, and exploiting the highest observed average for the current context is the best strategy.",15,C,D,A,B
0,LLM_Gemini_3_Flash,22,1,-1,-1,3,B,0,exploit,0,"The current context is (M:1, K:-1, N:-1). Button 3 has been pulled 5 times, receiving rewards (46, 47, 76, 49, 55) with an average of 54.6. Button 0 was pulled 6 times (avg 45.3), Button 1 seven times (avg 53.0), and Button 2 four times (avg 50.0). Button 3 has shown the highest historical average. Specifically, in the (M:1, K:-1, N:-1) context (Trial 9 & 11), Button 3 yielded 46 and 47. Since this is the exact context, exploiting Button 3 is the best short-term strategy based on observed data for this specific input vector, even though Button 1 showed a very high reward (80) under a different context (M:-1, K:1, N:-1).",53,C,D,A,B
0,LLM_Gemini_3_Flash,23,-1,1,-1,1,D,0,exploit,0,"The current context is (-1, 1, -1). Button 1 has been pulled 5 times in this exact context, yielding rewards averaging (56+51+50+51+55)/5 = 52.6. While other buttons have not been tested in this exact configuration, Button 1 shows a stable, moderately high average reward across its pulls (Avg=51.8, N=5). Since button 1 has the most evidence for this specific context and its overall performance seems decent, I will exploit this option for now, assuming it corresponds to a relatively consistent planet for this state, pending more data on other combinations.",53,C,D,A,B
0,LLM_Gemini_3_Flash,24,1,-1,-1,3,B,0,exploit,0,"The current context is (M=1, K=-1, N=-1). This specific context has been tried on Button 3 twice, yielding rewards of 47 (Trial 11) and 53 (Trial 22). The average is 50. Button 3 has also yielded high rewards (80 at Trial 7) under a different context (M=-1, K=1, N=-1), suggesting it might be a high-variance or high-average arm. Given the available data, Button 3 provides the most reliable, albeit slightly noisy, estimate for this specific context compared to other buttons which have not been tested under (M=1, K=-1, N=-1) or have shown lower rewards in similar contexts. I choose to exploit the current best observed payoff for this context.",47,C,D,A,B
0,LLM_Gemini_3_Flash,25,-1,1,1,3,B,0,exploit,0,"Analyzing history: Button 3 has yielded the highest rewards (80, 76) when the context was (M=-1, K=1, N=-1) and (M=1, K=1, N=-1) respectively. Button 1 also showed high rewards (56, 51, 50, 55, 53) but Button 3 seems highly responsive to the (K=1, N=-1) context, and its average reward is competitive. The current context is (M=-1, K=1, N=1). Button 3 was played once in this context (Trial 13) yielding 49. Button 0 was played twice yielding ~52. Button 1 never played in this context. Button 2 never played in this context. Given the high variance observed, particularly Button 3's potential for high reward (80, 76), and the previous moderate reward of 49 for Button 3 under this exact context, I will choose Button 3 as the best current exploit, as it has shown the highest historical peak rewards (80, 76), indicating a strong underlying arm, even though the exact reward for this specific context is only 49 so far.",45,C,D,A,B
0,LLM_Gemini_3_Flash,26,1,-1,1,3,B,0,exploit,0,"The current context is (Mercury=1, Krypton=-1, Nobelium=1). This context has been observed twice before, both times associated with button 0, yielding rewards of 55 and 53 (Avg: 54.0).
Button 3 has been played 9 times, with an average reward of 55.44. The highest single reward (80) came from button 3 under context (-1, 1, -1).
Button 1 has an average reward of 53.25 over 8 plays.
Button 2 has an average reward of 50.0 over 4 plays.

However, the context (1, -1, 1) is crucial. Button 0 was played 4 times in this context with an average reward of 53.25. Button 3 has never been played in this specific (1, -1, 1) context.

Let's analyze the context where Button 3 performed well: (-1, 1, -1) -> 80. The current context is (1, -1, 1).

Given the high frequency of observations for Button 0 under this exact context (0:(1,-1,1) -> Avg 53.25) and the general good performance of Button 3 (Avg 55.44), I must re-evaluate.

Crucially, Button 0 has been exclusively associated with context (1, -1, 1) in trials 1, 4, 14, 16. Avg(B0 | 1,-1,1) = 53.25.
Button 3 has been played most frequently (9 times) and its average reward (55.44) is the highest among all buttons that have seen varied contexts. 

Since this is the first time Button 3 is being tested under context (1, -1, 1), and Button 0 has shown moderate but not spectacular results in this context (53.25 average), I will explore Button 3 here, as its overall average is higher. This is a calculated exploration based on overall performance combined with the current context being untested for the best overall performing arm so far (Button 3).

Wait, re-reading the history: Button 0 was played 4 times with (1, -1, 1) -> {55, 51, 53, 51}. Average is 52.0. (My previous calculation was slightly off based on a quick scan).
Button 3 was played 9 times, avg 55.44.
Choosing Button 3 provides the highest expected return based on its overall history, despite this specific context being new for it. I will classify this as exploit because Button 3 has the highest overall empirical mean, attempting to exploit that general strength.

*Correction*: Button 0 has been played 4 times in (1, -1, 1). Average reward is 52.0. Button 3 has the highest overall average (55.44). Since there is an arm (Button 0) that has repeatedly mapped to this context with a stable, albeit lower, reward, choosing Button 3 is an exploration into a potentially much better arm under this specific condition, despite the overall intent being exploit based on global means.",20,C,D,A,B
0,LLM_Gemini_3_Flash,27,1,1,-1,1,D,0,exploit,0,"The current context is (M=1, K=1, N=-1). Button 1 has only been pulled in contexts where (M=-1, K=1, N=-1), yielding rewards around 50-56 (average 52.75 across 6 trials). Button 0 was poor (average 38.8) when K=1, N=-1 (Trial 12: 30). Button 3 was highly variable (45-80). Given the limited data, Button 1 has provided consistent, moderately high rewards in a related context. I will choose Button 1 to exploit the observed mean reward, as other arms have shown extreme low variability or inconsistent performance in similar contexts. I need more data for arms 0, 2, and 3 in the current state (1, 1, -1).",54,C,D,A,B
0,LLM_Gemini_3_Flash,28,-1,-1,1,2,A,0,exploit,0,"The current context is M=-1, K=-1, N=1. Button 2 has been pulled 2 times with rewards 45 and 54 (average 49.5) only under this exact context. Buttons 0, 1, and 3 have been pulled under this context with low or no previous pulls, indicating Button 2 is likely the best performer for this specific signal combination, based on current limited data. I will exploit this finding.",44,C,D,A,B
0,LLM_Gemini_3_Flash,29,-1,1,-1,1,D,0,exploit,0,"Analyzing the history, Button 1 seems strongly associated with the context [-1, 1, -1] (which occurred 7 times) yielding rewards consistently around 50-56 (Avg: 52.67). The current context is exactly [-1, 1, -1]. Button 3 was also pulled frequently in this context (Trials 7, 13, 20, 25) yielding variable rewards (80, 49, 55, 45; Avg: 58.75). Button 1 has been pulled 7 times, Button 3 has been pulled 10 times across all contexts. Given the high consistency of Button 1 for this specific context, I will exploit Button 1 as it has the highest known average for this exact state, although Button 3 remains slightly higher overall in average reward across all plays (Avg: 51.44) vs Button 1 (Avg: 52.33 based only on its most frequent context).",51,C,D,A,B
0,LLM_Gemini_3_Flash,30,-1,1,-1,1,D,0,exploit,0,"The current context (-1, 1, -1) has been chosen 8 times previously, always with button 1, yielding an average reward of 52.0. Button 1 appears highly correlated with this context. Button 3, which was chosen in this context once (Trial 7, Reward 80), should be noted, but the consistent high returns for Button 1 suggest it is the best current choice based on accumulated data for this specific context.",58,C,D,A,B
0,LLM_Gemini_3_Flash,31,-1,1,1,1,D,0,exploit,0,"The current context is (M=-1, K=1, N=1). Button 1 has been heavily tested in this context configuration (Trials 2, 5, 6, 10, 19, 23, 29, 30) and yielded rewards: [56, 51, 50, 51, 55, 53, 51, 58]. The average reward is approximately 53.5. Button 3 was played once in this context (Trial 13) yielding 49, and once (Trial 20) yielding 55. Button 0 and 2 have never been played in this exact context. Given the high frequency and consistent performance of Button 1 under this context, it is currently the best known option to exploit.",44,C,D,A,B
0,LLM_Gemini_3_Flash,32,-1,1,-1,1,D,0,exploit,0,"The current context is (Mercury: -1, Krypton: 1, Nobelium: -1). In the history, button 1 was chosen 9 times under this exact context, yielding rewards between 50 and 58, with an average reward of approximately 52.67. Button 3 has shown high variance, and buttons 0 and 2 have not been tested in this specific context recently or extensively enough to suggest they would outperform button 1. Exploiting the previously observed high performance for this context on button 1 is the best strategy.",54,C,D,A,B
0,LLM_Gemini_3_Flash,33,-1,-1,1,2,A,0,exploit,0,"Button 2 has only been pulled when context (M, K, N) is (-1, -1, 1), yielding average reward of 49.33. Button 3 has high variance (rewards from 20 to 80), with the current context (-1, -1, 1) yielding 49 and 55 for Button 2. Button 0 and 1 show lower rewards in recent pulls of similar contexts, especially Button 0 for (1, 1, -1) being very low (15, 30). Given the current context (-1, -1, 1) has been tested twice on button 2 yielding ~50, and it is the only button tested for this specific context that hasn't shown extreme low rewards, I will exploit button 2. 

Recalculating averages for current context M=-1, K=-1, N=1:
Button 2: Avg = (45+54+50+44) / 4 = 48.25 (4 pulls)
Button 3: Avg = 49 (1 pull)

Since Button 2 has the most samples for this exact context and a decent average, I choose to exploit it.",56,C,D,A,B
0,LLM_Gemini_3_Flash,34,-1,-1,1,2,A,0,exploit,0,"Button 2 has only been pulled when the context was (-1, -1, 1), yielding rewards {45, 54, 50, 44, 56}, with an average of 50. The current context is exactly (-1, -1, 1). Buttons 0, 1, and 3 have been tested under more varied contexts, with lower observed average rewards or more volatile results, especially button 1 (average ~52.5 across 10 pulls) and button 3 (average ~53.1 across 11 pulls). Given the strong history for context (-1, -1, 1) on button 2, exploiting this known good pairing is the best strategy, despite the limited exploration of other contexts for button 2.",53,C,D,A,B
0,LLM_Gemini_3_Flash,35,1,1,-1,1,D,0,exploit,0,"The current context is [M=1, K=1, N=-1]. Button 1 has the highest average reward (53.6) across 10 trials, despite some low values when paired with context [M=-1, K=1, N=1] (rewards 44, 44). For the current context [M=1, K=1, N=-1], Button 0 yielded 30, and Button 3 yielded 76. Button 1 has been played 10 times with an average reward of 53.6. Button 2 has been played 8 times with an average reward of 50.75. Button 3 has been played 10 times with an average reward of 55.0. Button 0 has been played 5 times with an average reward of 44.8. Given the current context [M=1, K=1, N=-1], Button 3 previously yielded 76, while Button 0 yielded 30. I will choose Button 1 as it has been reliable and I have a decent sample size, though Button 3 is a strong candidate based on one high reward in this specific context in trial 17. Since I haven't seen Button 1 in this exact context, I should check it, but Button 3 is the best single data point for this context. However, exploiting the button with the highest overall average that has seen this context or similar contexts is often best. Button 3 had 76 in this context. Button 1's average is high (53.6). I will stick with the high-performing Button 1 for now, expecting it's associated with a planet that generally performs well, although Button 3's single hit of 76 in this context is very tempting. Re-evaluating: Button 3 gave 76 in context [1, 1, -1] (Trial 17). Button 0 gave 30 in context [1, 1, -1] (Trial 12). Since Button 3 gave a high reward (76) in the *exact* current context [1, 1, -1] in Trial 17, I switch to exploiting Button 3.",47,C,D,A,B
0,LLM_Gemini_3_Flash,36,-1,1,1,1,D,0,exploit,0,"Button 1 has been heavily tested in the context M(-1) K(1) N(-1) (11 times, avg 53.27) and M(-1) K(1) N(1) (3 times, avg 47.0). The current context is M(-1) K(1) N(1). Given the history, Button 1 is the best choice, even though the expected reward for the current context is around 47-53 based on limited prior data for this specific combination. Buttons 0 and 3 have shown very low rewards when M=1, K=1, N=-1 (Avg 22.5 for B0, Avg 76 for B3), and Button 2 has been mostly tested in M(-1) K(-1) N(1) (Avg 51.2). Button 1 seems to provide consistently moderate rewards (around 50-55) across several contexts, suggesting it might correspond to a planet with a generally high baseline reward or one that reacts well to the K=1 signal. I will exploit the previous data suggesting Button 1 is currently the most reliable choice among the heavily explored arms.",47,C,D,A,B
0,LLM_Gemini_3_Flash,37,1,-1,-1,1,D,0,exploit,0,"Button 1 has been chosen 15 times and yielded a high average reward (Avg: 52.67, Max: 58) especially when Krypton=-1 or Krypton=1. Button 3 had high variance (Avg: 51.00, Max: 80, Min: 20, 49, 45, 47, 53, 76, 55, 49, 45, 20), and Button 0 and 2 have lower overall averages. Given the current context (Mercury=1, Krypton=-1, Nobelium=-1), Button 1 has provided rewards of 53 and 51 for similar or slightly different contexts. Button 3's reward was 47 when M=1, K=-1, N=-1 (Trial 22, 24). Since Button 1 seems consistently high, I will exploit it, as it appears to be Button B or D which are highly rewarding for this signal pattern (M=1, K=-1, N=-1 is a known state for Button 3). However, Button 1 has a much better overall performance. Let's re-examine Button 1's performance for K=-1: Trials 1, 9, 11, 22, 24 show rewards mostly in the 46-53 range for Button 3 when K=-1. Button 1's best rewards came when K=1. With K=-1, I'll check Button 3 again (average 49.3 for the 5 pulls when K=-1). Given the uncertainty, and Button 1's overall strength, I stick with Button 1 as the best bet for a high payoff, aiming for the high rewards seen when K=1, hoping the underlying planet for Button 1 is strong overall. If I were to strictly exploit based on the exact context, Button 3 seems slightly more plausible given its history for this exact context (47, 53, 47). Let's choose Button 3 as it has direct evidence for this context, even if the rewards are slightly lower than Button 1's peak.",51,C,D,A,B
0,LLM_Gemini_3_Flash,38,1,-1,1,0,C,0,exploit,0,"Analyzing history for the current context (Mercury=1, Krypton=-1, Nobelium=1):
Button 0 was chosen 4 times with rewards: 55, 51, 53, 51. Average: 52.25.
Button 1 was chosen 12 times with rewards averaging around 51.75.
Button 2 was chosen 5 times with rewards averaging around 49.6.
Button 3 was chosen 16 times with rewards averaging around 55.24 (but heavily varied, e.g., 20, 49, 80, 55).

Button 0 has the highest consistent average reward for this specific context (1, -1, 1). Since the history is quite substantial (37 trials) and Button 0 has shown strong performance specifically under these conditions, I choose to exploit this pattern.",50,C,D,A,B
0,LLM_Gemini_3_Flash,39,-1,1,-1,3,B,1,exploit,0,"Button 1 has been heavily tested in the current context (M=-1, K=1, N=-1) over 12 trials with an average reward of 51.67. Button 3 was chosen once in this context (Trial 7) yielding a reward of 80. I will exploit the higher observed reward from Button 3 in this specific context, assuming Button 3's underlying planet yields a high reward under these signals, even though Button 1 has been tried more often.",89,C,D,A,B
0,LLM_Gemini_3_Flash,40,1,-1,-1,0,C,0,error,0,Error: 'NoneType' object has no attribute 'arm_choice',15,C,D,A,B
0,LLM_Gemini_3_Flash,41,1,-1,1,3,B,0,exploit,0,"Analyzing the history, Button 3 has shown high rewards when the context is C=(-1, 1, -1) (Reward 89, Trial 39) and moderate rewards otherwise, except for one very low reward (20 at Trial 26) under context (1, -1, 1). Button 1 generally yields rewards around 50-56. Button 0 and 2 are less consistent or lower on average for the contexts seen.

The current context is (Mercury=1, Krypton=-1, Nobelium=1). This context has only been tested once on Button 0 (Reward 55, 51, 53, 50) and once on Button 3 (Reward 20). Button 0 averages around 52 for this context. Given the single outlier low reward for Button 3 in this context (20), and the relatively stable, but lower, performance of Button 1 (average ~52), I will choose Button 0 as it has the highest observed average for this specific context (52.0 from 4 pulls) although Button 3 had one very high pull (89) in a different context, and Button 1 has the most pulls overall (11 pulls, Avg ~51.8). Button 0 has shown more moderate reward for the exact current context (1, -1, 1) with an average of 52.5 across 4 pulls.

Revisiting Button 0 for context (1, -1, 1): Trials 1(55), 14(53), 16(51), 38(50). Average = 52.25.
Revisiting Button 3 for context (1, -1, 1): Trial 26(20). Average = 20.0 (1 pull).

Given Button 0 has the best direct evidence for the current context (1, -1, 1), I select Button 0. 
Wait, I misread the context for trial 26. Trial 26: Context (1, -1, 1), Button 3, Reward 20. This is the exact current context. 
Button 0 for context (1, -1, 1): Avg 52.25.
Button 3 for context (1, -1, 1): Avg 20.0.

I will choose Button 0 based on the better history for the exact current context.",25,C,D,A,B
0,LLM_Gemini_3_Flash,42,1,-1,-1,3,B,0,exploit,0,"The current context is (M=1, K=-1, N=-1). Button 3 has been played 10 times, receiving rewards with an average of 51.8. Button 1 has been played 14 times with an average reward of 51.1. Button 0 has been played 8 times with an average of 39.8. Button 2 has been played 6 times with an average of 50.7. Button 3 has shown high variance but also the highest single reward (89) under this specific context (Trial 39: M=-1, K=1, N=-1 gave 89, but Trial 9/11/22/24/37/40 also gave moderate rewards). Let's re-examine the specific context (1, -1, -1). This context was chosen in trials 9, 11, 22, 24, 37, and 40, all using Button 3, yielding rewards: 46, 47, 53, 47, 51, 15. The average for (1, -1, -1) on Button 3 is 43.8. Since Button 3 is the only one extensively tested with this exact context, and other buttons haven't been tested here, I must exploit Button 3. There is insufficient data to strongly infer the true mapping, but Button 3 is the most frequently chosen for this state combination (even if the results are slightly mixed).",46,C,D,A,B
0,LLM_Gemini_3_Flash,43,-1,-1,1,3,B,0,exploit,0,"The current context is M=-1, K=-1, N=1. Button 2 was played 6 times with this context, yielding rewards of [45, 54, 56, 53, 44, 53], with an average of 50.83. Button 3 has played this context only once (Trial 13, reward 49). Button 3 overall shows the highest potential when played with a similar context (M=-1, K=1, N=-1, where it got 80 and 89). Given the current context (M=-1, K=-1, N=1), Button 2 seems stable but not exceptional. However, Button 3 provided a decent reward (49) under this exact context previously. I will choose Button 3 as it has shown higher variance (potentially higher rewards) in other contexts (like 80, 89) and has a moderate history in the current context. I will stick with Button 3 for exploitation based on the current, albeit limited, history, prioritizing the higher variance arm observed elsewhere.",13,C,D,A,B
0,LLM_Gemini_3_Flash,44,-1,-1,1,2,A,0,exploit,0,"Analyzing past rewards for the current context (M=-1, K=-1, N=1): Button 2 yielded rewards of 45, 54, 44, 56, 53 (Avg: 50.8). Button 3 yielded 13 in this context. Button 0 and 1 have not been played in this specific context. Since Button 2 has the highest observed average reward (50.8) for the current context among the observed buttons, and other buttons have lower or no observations in this context, exploiting Button 2 is the best current strategy. The high variance in Button 3's rewards (13, 49, 55, 76, 80, 89 when K=-1, N=1 or K=1, N=-1, etc.) suggests high sensitivity, but for the exact context (-1, -1, 1), Button 2 has been more reliable.

Key Observations:
Button 0 (Played 7 times): Avg=37.0. Low reward when (1, 1, -1) -> 30, 15. High reward when (1, -1, 1) -> 55, 53, 51, 50. (M=1, N=1) seems good for B0 if K=-1, poor if K=1.
Button 1 (Played 13 times): Avg=51.2. Very stable around 51-55 except for two low points (44, 47) when (K=1, N=1).
Button 2 (Played 5 times): Avg=50.8. All rewards clustered between 44 and 56 for context (-1, -1, 1).
Button 3 (Played 11 times): Avg=54.0. Highly variable, very high rewards when (K=1, N=-1) -> 80, 89. Very low reward when (M=-1, N=1) -> 13.

Current context: (M=-1, K=-1, N=1).
Button 2 in this context: [45, 54, 44, 56, 53]. Average = 50.8. (5 observations).
Button 3 in this context: [13]. Average = 13.0. (1 observation).

Exploiting Button 2 as it has shown consistent moderate rewards for this specific context.",50,C,D,A,B
0,LLM_Gemini_3_Flash,45,1,-1,1,0,C,0,exploit,0,"The current context is (Mercury: 1, Krypton: -1, Nobelium: 1). This context has been played 5 times on Button 0, yielding rewards: 55, 51, 53, 51, 50. The average reward is 51. It has the highest consistency and average payoff among the buttons explored in this specific context. Button 3 has also seen this context (rewards 20, 25), with a much lower average. I will exploit Button 0 based on strong historical performance for this context.",58,C,D,A,B
0,LLM_Gemini_3_Flash,46,-1,1,-1,1,D,0,exploit,0,"Button 1 has shown a consistently high average reward (Avg: 51.5, Count: 13) across various contexts, especially compared to Button 0 (Avg: 46.7, Count: 10) and Button 3 (Avg: 52.5, Count: 14). Button 2 seems volatile (Avg: 50.5, Count: 6). The current context (-1, 1, -1) previously yielded 56, 51, 50, 51, 53, 51, 58, 54 from Button 1, suggesting it is likely mapping to a high-reward planet for this specific context, or Button 1 maps to a high general reward planet. Given the high frequency of high rewards from Button 1, exploiting it is the best strategy now.",48,C,D,A,B
0,LLM_Gemini_3_Flash,47,-1,-1,1,3,B,0,exploit,0,"Button 3 has shown high variability but achieved its highest reward (89) when Button 1 was previously chosen under the context M=-1, K=1, N=-1 (Trial 39). The current context is M=-1, K=-1, N=1. Button 2 performed well (average ~52.8) on this specific context across 6 trials (Trials 3, 8, 15, 18, 28, 33, 34, 44). Button 0 performed poorly (average ~36.6) on this context across 6 trials (0, 14, 16, 38, 45). Button 1 has never been tested on this context. Button 3 has been tested once (Trial 43) and yielded a low reward (13). Given the lack of clear information for Button 3 on this context, and the established reliability of Button 2 for this specific context, Button 2 seems safer. However, Button 1 had a very high potential reward (Trial 39: 89) under a context that is the inverse of the current context (M=-1, K=1, N=-1 vs M=-1, K=-1, N=1). Since Button 3 showed a very high reward when the Krypton signal flipped from -1 to 1 (Trial 39 vs Trial 43 suggests Button 3 might be the one associated with high variance or sensitivity), and Button 3 has the second highest average reward (49.57 across 14 pulls), I will choose Button 3 as an exploit attempt, hoping that the high reward observed under similar conditions might be replicated or that this button represents the high-variance planet.**Revisiting the analysis:** Button 2 has the highest average reward (51.75) for the current context (M=-1, K=-1, N=1) across 8 pulls. Button 3 has a low reward (13) for this context on its only pull. Exploiting the most frequently successful button for this exact context (Button 2) is the most rational exploit move based on observed data for this state. Button 0 (Avg 42.1) and Button 1 (Not tested) are less appealing for immediate exploit. I will stick to Button 2 as the best known exploit, but since I must choose one, I re-evaluate the initial choice. Let's choose the one that was previously successful on this context: Button 2. Wait, I need to choose the best action for the *current* context (M=-1, K=-1, N=1). Button 2 has the best average (51.75) for this context. I will choose Button 2.**Final Decision based on current context (M=-1, K=-1, N=1) performance:** Button 2 has performed best here (Avg 51.75 over 8 pulls). I choose to exploit this knowledge.",20,C,D,A,B
0,LLM_Gemini_3_Flash,48,1,-1,1,0,C,0,exploit,0,"The current context is (Mercury=1, Krypton=-1, Nobelium=1). Button 0 has historically performed best under this exact context, yielding rewards of 55, 53, 51, 50, and 58 (Avg: 53.4). Since Button 0 has been the most frequently pulled for this context and provided good results, exploiting this knowledge is the best immediate strategy, especially as we approach the end of the game (Trial 48).",51,C,D,A,B
0,LLM_Gemini_3_Flash,49,-1,-1,1,2,A,0,exploit,0,"The current context is M=-1, K=-1, N=1. Button 2 has only been pulled 5 times (Trials 3, 8, 15, 18, 33, 34, 44). The average reward for Button 2 (45, 54, 51, 50, 56, 53, 50) is 51.57, but specifically for this context (-1, -1, 1), the rewards are (45, 54, 51, 50, 56, 53, 50), yielding an average of 51.14 across 7 pulls. Button 3 shows very high variance and poor performance (average 44.5) in this context (13, 20, 20). Button 0 and 1 have no history in this specific context. Given the consistency of Button 2's medium-high reward in this exact context compared to others, exploiting Button 2 seems the best short-term strategy based on observed data, although further exploration might be warranted if the game continued.",38,C,D,A,B
0,LLM_Gemini_3_Flash,50,-1,1,1,1,D,0,exploit,0,"The current context is (M: -1, K: 1, N: 1). Button 1 has been played 13 times, yielding an average reward of approximately 50.85. In this specific context (-1, 1, 1), Button 1 was played in trials 13, 20, 25, 31, 36, resulting in rewards (49, 55, 45, 47, 47) with an average of 48.6. Button 3 was also played in this context (trials 13, 20, 25) with rewards (49, 55, 45) avg 49.67. However, Button 1 has the highest overall average reward (50.85) compared to others (B0: 43.5, B2: 48.5, B3: 51.8). Button 3 seems generally better, but Button 1 provided a decent result (49) for this exact context previously, and Button 3 has shown very low rewards (13, 20, 25) in other contexts. Given the high frequency of play for Button 1 and its generally solid performance, and the ambiguity/instability of Button 3, I will exploit Button 1, as it has shown a slight edge in consistency across many contexts, although Button 3 is a close contender based on its max reward potential. Re-evaluating: Button 3 has a slightly higher average (51.8) than Button 1 (50.85). However, Button 3 showed extremely low rewards (13, 20, 25) on some occasions, suggesting high variance or dependence on context that isn't present here. Button 1 seems more stable. Since this context (-1, 1, 1) has been played 5 times for B1 (avg 48.6) and 3 times for B3 (avg 49.67), I will choose Button 3 as it has a slightly better historical average for this specific context and a high overall average, despite some high variance in other contexts. Final decision: Button 3 is the best bet for this specific context based on previous plays in this context.",60,C,D,A,B
1,LLM_Gemini_3_Flash,1,1,-1,1,0,B,0,explore,1,"No history is available. I must choose an arm (0) to gather initial data. Since I have no information, any choice is essentially exploratory.",22,B,C,A,D
1,LLM_Gemini_3_Flash,2,1,-1,-1,0,B,0,explore,1,"Only one data point exists (Trial 1, Button 0). The current context (M=1, K=-1, N=-1) differs significantly from the historical context (M=1, K=-1, N=1). Since I have no information about buttons 1, 2, or 3, and only one data point for button 0 under a different context, I will choose to explore another arm (e.g., arm 1) to start gathering comparative data, although exploring arm 0 again with a new context is also a valid initial exploration strategy. Given the very limited data, continued exploration is paramount. I will choose arm 0 again to see how the reward changes when Nobelium flips from 1 to -1, which is a crucial first step in modeling arm 0's function.",49,B,C,A,D
1,LLM_Gemini_3_Flash,3,1,-1,-1,0,B,0,exploit,0,"Button 0 yielded a high reward (49) in Trial 2 under the exact current context (M=1, K=-1, N=-1). While only two trials have occurred, the strongest current evidence points to Button 0 being the best choice for this specific context. I will exploit this initial finding.",49,B,C,A,D
1,LLM_Gemini_3_Flash,4,1,1,-1,1,C,0,explore,1,"Button 0 was played three times with varying rewards (22, 49, 49) under two different contexts. Since the context changed between trial 1 and trials 2/3, but the reward was different in trial 1, Button 0 is likely associated with a planet whose reward depends on the context. Given the limited history (only Button 0 played), I must explore an unplayed button (1, 2, or 3) to gather data on the other potential planet mappings. I choose Button 1 arbitrarily for the first exploration.",23,B,C,A,D
1,LLM_Gemini_3_Flash,5,-1,1,1,2,A,0,explore,1,"Button 0 has been pulled three times with varied rewards (22, 49, 49) under similar contexts (Mercury=1, Krypton=-1, Nobelium={1,-1}), suggesting it might be sensitive to Nobelium or has moderate but inconsistent returns. Button 1 gave 23 for a unique context. Buttons 2 and 3 have never been pulled. Since the current context (-1, 1, 1) is entirely new relative to prior pulls, and buttons 2 and 3 are completely unknown, I choose to explore button 2 to gather initial data points rather than exploit the limited, potentially noisy data from buttons 0 and 1. I am prioritizing exploration due to limited data across the arms (only 2 distinct arms pulled so far in 4 trials).",20,B,C,A,D
1,LLM_Gemini_3_Flash,6,-1,1,1,2,A,0,exploit,0,"Button 2 was chosen in the current context (Mercury=-1, Krypton=1, Nobelium=1) in Trial 5 and yielded a reward of 20. Since this is the only data point for this specific context, and Button 2 was chosen with this context previously, I will exploit this known result for the current turn. I have limited data for other buttons/contexts.",23,B,C,A,D
1,LLM_Gemini_3_Flash,7,1,-1,-1,0,B,0,exploit,0,"Button 0 has been played twice in the current context (M=1, K=-1, N=-1) yielding rewards of 49 and 49. This suggests that Button 0 maps to a planet that gives a high reward under these specific conditions. Since the context is identical to trials 2 and 3, exploiting this learned high reward (49) is the best strategy now.",40,B,C,A,D
1,LLM_Gemini_3_Flash,8,-1,1,-1,0,B,1,exploit,0,"Button 0 has been pulled 4 times under the context (1, -1, -1) and yielded high rewards (22, 49, 49, 40), suggesting it's a strong performer for that context. The current context is (-1, 1, -1). Since there is no history for the current context, I must rely on the most frequently chosen arm, which has shown strong performance overall (average reward ~40 in similar contexts), hoping it performs well now, or explore. Given the relatively small history, I will exploit the arm (Button 0) that has been the most explored and provided the highest observed rewards so far, while noting that a true optimal choice requires more exploration across contexts.",75,B,C,A,D
1,LLM_Gemini_3_Flash,9,-1,1,1,3,D,0,explore,1,"Button 3 has never been pulled. Given the current context (-1, 1, 1), pulling button 3 allows gathering initial data on a completely unknown arm, which is crucial for future exploitation, as we have no data for it yet. Arms 0, 1, and 2 have been tried, and we have no strong indication of which one is best yet.",56,B,C,A,D
1,LLM_Gemini_3_Flash,10,1,1,-1,1,C,0,exploit,0,"Button 1 was chosen once (Trial 4) with context (1, -1, -1) and yielded 23. Button 0 has shown high variance but generally good rewards when M=1 and K=-1 (Trials 1, 2, 3, 7). Given the current context (M=1, K=1, N=-1), Button 1 is the only one tested under K=1 (though with N=-1), while Button 0 was only tested with K=-1. Button 1 has the potential to be good based on the single observation (23). Since Button 0 has only been tested when Krypton=-1, exploiting Button 1 based on limited data or exploring a button that hasn't been heavily tested in similar contexts is reasonable, but the high reward of 75 on Button 0 (Trial 8, Context: -1, 1, -1) suggests Button 0 is strong under some conditions. For the current context (1, 1, -1), Button 1 is the only one that has been tried in a K=1 context. I will exploit Button 1 as it's the least tested button overall (only once) but will default to exploring it further in the K=1 space, although I'll mark it as exploit based on the previous single test.",17,B,C,A,D
1,LLM_Gemini_3_Flash,11,-1,1,-1,0,B,1,exploit,0,"Button 0 has been played 4 times, always under the context (M=1, K=-1, N=-1) or (M=-1, K=1, N=-1). The rewards were high (49, 49, 40, 75). The current context is (M=-1, K=1, N=-1), which is one of the contexts where Button 0 yielded a high reward (75). Since this button has shown consistent high returns for similar contexts, I will exploit this by choosing it again, hoping it maps to the planet with high rewards for K=1, N=-1.",80,B,C,A,D
1,LLM_Gemini_3_Flash,12,-1,1,1,3,D,0,exploit,0,"Button 0 has been heavily explored (7 times) and shows a highly variable reward structure, averaging around 50-55, peaking at 80 when context is (-1, 1, -1). Button 2 has been tested twice with context (-1, 1, 1) yielding 20 and 23. Button 3 has only been tested once with context (-1, 1, 1) yielding 56. Since the current context is (-1, 1, 1), Button 3 has provided the highest reward (56) for this specific context so far, while Button 2 yielded lower rewards (20, 23). I will exploit the potentially better performance of Button 3 in this context, as it seems to align with higher rewards seen in Button 0 when Krypton and Nobelium are on, or due to luck/noise.",54,B,C,A,D
1,LLM_Gemini_3_Flash,13,1,1,-1,0,B,1,exploit,0,"Button 0 has been heavily tested across various contexts and consistently yields high rewards (average ~50.5) when M=1, K=-1, N=-1 (Trials 2, 3, 7) and extremely high rewards (average 77.5) when M=-1, K=1, N=-1 (Trials 8, 11). The current context is M=1, K=1, N=-1. Button 1 was chosen once in this context (Trial 4) yielding 23. Button 0 has the highest overall empirical average reward (51.8) across all trials where it was played (8 times) compared to other buttons (B1 avg: 20.0, B2 avg: 21.5, B3 avg: 55.0). Button 3 shows high potential but has only been played twice in context (M=-1, K=1, N=1) averaging 55. Given the moderate history for Button 0, and the uncertainty around the exact reward for this specific context (M=1, K=1, N=-1) for any button, I will try to exploit the high past performance of Button 0, as it has the most history suggesting decent performance, though exploring Button 3 or 1 for this specific context might also be warranted. Since I have no history for Button 0 in the current context, I will pivot to a known high-reward context for Button 0 (M=-1, K=1, N=-1) and test the current context (M=1, K=1, N=-1) on the button that has shown the highest average reward when played, which is Button 3 (Avg 55.0). Re-evaluating: Button 3 has a higher average reward (55.0) than Button 0 (51.8), although Button 3 has been played fewer times. Button 1 (reward 23) and Button 2 (rewards 20, 23) appear weak in their tested contexts. I will choose Button 3 to exploit its higher average, as it's only slightly behind Button 0 in total trials played and has a better historical average. Wait, I must choose based on the current context M=1, K=1, N=-1. Button 1 yielded 23 here. Button 0 has not been played here. Button 3 has not been played here. Button 2 has not been played here. Since Button 1 provided a moderate reward (23) in this context, and Button 3 has the best overall average (55.0), I'll lean towards exploiting the best performing *button overall* (Button 3), hoping it corresponds to the best planet for this context, since Button 1 was weak (23) here. However, exploiting the best button in this *specific context* is better. Button 1 is the only one tested here (Reward 23). I will choose Button 0 as a moderate exploit/explore, as its average is high (51.8) and it has the most data, favoring exploitation over the only data point (23) for Button 1 in this context.",74,B,C,A,D
1,LLM_Gemini_3_Flash,14,-1,-1,1,3,D,0,exploit,0,"Button 3 has only been pulled twice (Trials 9 and 12), yielding rewards of 56 and 54, both under the context (-1, 1, 1). Button 0 has provided high variance but high average returns (average ~53) across many contexts, suggesting it might be a high-variance arm or linked to a highly reactive planet. Button 3 seems more stable and potentially high-yielding for this specific context pattern (-1, -1, 1), as the pattern (-1, 1, 1) is similar to the current one, and the rewards were good. Given the current context (-1, -1, 1), I'll exploit the best available information. Button 3 is a reasonable choice based on the limited data, as Button 0 seems volatile and Buttons 1 and 2 have lower observed rewards. I'll stick with Button 3 until more data for other buttons under similar contexts is gathered.",47,B,C,A,D
1,LLM_Gemini_3_Flash,15,1,-1,1,3,D,0,exploit,0,"Button 0 has been heavily explored (7 times) across various contexts, yielding variable rewards (22, 49, 49, 40, 75, 80, 74). Button 3 has been pulled 3 times (Trials 9, 12, 14) in contexts that overlap somewhat with the current one (M=1, K=-1, N=1 is current context):
Contexts for Button 3:
(T9) M=-1, K=1, N=1 -> R=56
(T12) M=-1, K=1, N=1 -> R=54
(T14) M=-1, K=-1, N=1 -> R=47

Button 3 seems to give consistently moderate to high rewards (avg ~52.3) when Nobelium=1, which is true for the current context (M=1, K=-1, N=1).

Let's re-examine Button 0's performance under N=1:
(T1) M=1, K=-1, N=1 -> R=22. This is low.

Given the high variability for Button 0 and the consistent, decent performance of Button 3 when N=1 (even though other signals differ), Button 3 is a safer current exploit choice, assuming one of the unknown planets associated with Button 3 is high performing under N=1.

Since Button 3 has been pulled significantly less than Button 0 (3 vs 7 times), but has shown decent results, I will exploit the most promising recent option, which appears to be Button 3 based on the N=1 data points available for it, even though the full context match isn't available.",48,B,C,A,D
1,LLM_Gemini_3_Flash,16,1,-1,-1,0,B,0,exploit,0,"Button 0 has been tried 7 times with a high average reward (around 51.7), significantly higher than other buttons. The current context (Mercury=1, Krypton=-1, Nobelium=-1) has been played 3 times with Button 0, yielding rewards of 49, 49, and 40 (Avg: 46.0). Given the previous high performance of Button 0, especially in similar contexts, I will exploit it. Buttons 1, 2, and 3 have yielded lower or more variable rewards across different contexts, suggesting Button 0 is currently the most reliable high-value option.",63,B,C,A,D
1,LLM_Gemini_3_Flash,17,1,-1,-1,0,B,0,exploit,0,"Button 0 has been heavily explored, especially under the current context (M=1, K=-1, N=-1), yielding rewards averaging around 49.0 (Trials 2, 3, 7, 16). Given the lack of high-variance exploration on other buttons under this specific context, and the consistent, high average reward observed for Button 0 in this state, exploiting Button 0 is the best immediate strategy.",55,B,C,A,D
1,LLM_Gemini_3_Flash,18,-1,1,-1,1,C,0,exploit,0,"Button 0 has been pulled 7 times, yielding an average reward of 50.43. Button 1 has been pulled twice with an average reward of 20.0. Button 2 has been pulled twice with an average reward of 21.5. Button 3 has been pulled 6 times with an average reward of 52.17. The current context is M=-1, K=1, N=-1. Button 0 performed very well on this exact context in trials 8, 11 (Rewards 75, 80). Button 1, which has been under-explored, seems risky to choose now unless more information suggests it's better. Based on the strong historical performance of Button 0 in the current context, I will exploit Button 0, assuming it corresponds to a planet highly rewarded under M=-1, K=1, N=-1. Re-evaluating the high-performing context for Button 0 (M=-1, K=1, N=-1) vs Button 1 performance (M=1, K=1, N=-1 yields low rewards), and considering Button 3's high average, I will switch to Button 1 to test it in a new, potentially high-reward context, as Button 0 has shown its high potential already. Wait, analyzing the best context match: The current context (M=-1, K=1, N=-1) has strongly favored Button 0 (Rewards 75, 80). Button 1 has only been pulled twice under different contexts (M=1, K=1, N=-1, rewards 23, 17). Given the strong indication for Button 0 in this specific context, exploitation dictates choosing Button 0. However, since the instructions state 'choose the best button (0, 1, 2, or 3)', and Button 1 is the least tested, I should lean towards maximizing immediate return based on specific context history. Button 0 is the clear contextual winner so far (75, 80). I will stick with exploiting Button 0 based on direct context match history. But wait, my previous analysis showed Button 3 has a slightly higher overall average (52.17 vs 50.43 for B0). Given the high variance and low pulls on B1 and B2, I must balance contextual strength (B0) vs overall strength (B3). Since B0 has two very high pulls on this exact context, I stick with B0 as the best contextual exploit. Given the low trial count (17/50), I should explore more. Button 1 has the fewest pulls (2). I choose Button 1 to gather information, labeling this as 'explore'. Reverting to exploit on the best context match: Button 0.",49,B,C,A,D
1,LLM_Gemini_3_Flash,19,1,1,-1,0,B,1,exploit,0,"Button 0 has been played 9 times, mostly yielding high rewards (average ~55.8). The previous high rewards for Button 0 occurred with contexts (1, -1, -1) and (1, 1, -1). The current context is (1, 1, -1), which previously yielded 74. Button 1 and 3 have been explored less, and Button 2 has a moderate average reward. Given the strong history for Button 0 matching a previously high-reward context, I choose to exploit it.",72,B,C,A,D
1,LLM_Gemini_3_Flash,20,1,-1,-1,0,B,0,exploit,0,"Button 0 has been heavily tested under the current context (Mercury=1, Krypton=-1, Nobelium=-1) across 7 trials, yielding an average reward of approximately 52.86. While Button 1, 2, and 3 have not been tested under this exact context, Button 0 provides the most reliable estimate based on observed data, suggesting it maps to a planet performing well in this state. Given the consistency, I choose to exploit this observed high average.",52,B,C,A,D
1,LLM_Gemini_3_Flash,21,-1,-1,1,0,B,0,exploit,0,"Button 0 has been heavily explored (13 times) and consistently provides high rewards (Avg: 53.7) when the context is [1, -1, -1] or similar. For the current context [-1, -1, 1], Button 0 has only been pulled once, yielding 47. Based on the limited data for this exact context, Button 0 appears to be a strong candidate or a constant high earner, justifying exploitation for this trial before further exploration if needed.",17,B,C,A,D
1,LLM_Gemini_3_Flash,22,-1,1,1,2,A,0,exploit,0,"The current context is (-1, 1, 1) for (Mercury, Krypton, Nobelium). Button 2 has been played twice in this exact context, yielding rewards of 20 and 23, averaging 21.5. Button 3 was played twice in this context, yielding 56 and 54 (Avg 55.0). Button 0 and 1 have not been played in this context. Given the high average reward for Button 3 in this context compared to Button 2, I will switch to Button 3 for exploitation, as it appears significantly better in this specific setting based on prior plays.",18,B,C,A,D
1,LLM_Gemini_3_Flash,23,-1,1,-1,0,B,1,exploit,0,"Button 0 has been heavily explored across various contexts. For contexts similar to the current one (M=-1, K=1, N=-1), Button 0 yielded high rewards (Trials 8, 11). For contexts where N=1 (like Trial 13: M=1, K=1, N=-1, which is close), Button 0 also yielded high rewards (74). Given the strong positive association with high rewards when K=1, especially when M=-1, Button 0 appears to be the best current option, suggesting a high expected reward (around 75-80 for this context profile) compared to other arms which have shown less consistent high returns or have been less frequently tested in similar conditions.",78,B,C,A,D
1,LLM_Gemini_3_Flash,24,1,1,-1,1,C,0,exploit,0,"Button 0 has been played 13 times with an average reward of 51.08, Button 1 has been played 3 times with an average reward of 22.67, Button 2 has been played 3 times with an average reward of 20.33, and Button 3 has been played 5 times with an average reward of 51.6. The current context (M=1, K=1, N=-1) was last played on Button 1 (Trial 4, Reward 23) and Button 0 (Trials 10, 13, 19, Rewards 74, 72). Button 0 shows high variance (22 to 74) for this context. Button 1 yielded 23. Given the high historical average for Button 0 (51.08) compared to Button 1 (22.67) and Button 2 (20.33), and Button 3 (51.6), I will stick to exploring the higher payoff options. Button 0 is strongly associated with the current context (M=1, K=1, N=-1) and showed a reward of 74 on trial 13 for this context. I choose Button 0 as the best current option based on past performance in this specific context.",20,B,C,A,D
1,LLM_Gemini_3_Flash,25,1,1,-1,0,B,1,exploit,0,"Button 0 has been overwhelmingly selected (16 times) and shows a high average reward (approx. 55.5) suggesting it maps to a high-value planet, especially under contexts where Mercury=1 or context (1, -1, -1). The current context is (1, 1, -1). Button 0 has shown strong performance in contexts similar to this (e.g., T4, T10, T13, T19 all used Button 0 with context (1, 1, -1) yielding rewards 23, 17, 74, 72, suggesting the current context (1, 1, -1) is associated with Button 0, which seems to yield a high reward in this specific configuration based on past trials (Avg: 44.25). Given the high exploration already performed on other buttons (1, 2, 3) with generally lower yields in comparable contexts, exploiting Button 0 is the best current strategy.",80,B,C,A,D
1,LLM_Gemini_3_Flash,26,1,-1,1,0,B,0,exploit,0,"Button 0 has been pulled 15 times across 5 distinct contexts, yielding an average reward of 51.27. The current context (1, -1, 1) has been pulled 3 times by Button 0, yielding rewards of 22, 48. The overall average for Button 0 suggests it is performing relatively well. Given the history, Button 0 is the most explored arm and the best current candidate for exploitation based on current data, especially since we have seen this exact context (1, -1, 1) twice before with Button 0, giving an average of (22+48)/2 = 35, which is still competitive with the overall average of Button 0 (51.27). Since the current context has been tested, I will exploit the currently best-known arm.",15,B,C,A,D
1,LLM_Gemini_3_Flash,27,1,1,-1,1,C,0,exploit,0,"The current context (M=1, K=1, N=-1) strongly favors Button 1 based on past observations, yielding high average rewards (20, 17, 20) compared to Button 0's variable/lower rewards in similar contexts, and Button 1 hasn't been explored much otherwise. Given the limited data, this is the best current estimate, leaning towards exploit.",19,B,C,A,D
1,LLM_Gemini_3_Flash,28,-1,1,1,2,A,0,exploit,0,"The current context is M=-1, K=1, N=1. This context has been tested three times previously, all using Button 2 (Trials 5, 6, 22). The rewards were 20, 23, and 18, respectively. The average reward for Button 2 in this specific context is (20+23+18)/3 = 20.33. Button 2 has only been tested for this specific context, but since it is the only context tried for Button 2, and its average performance on this context is reasonable compared to other known average rewards, I will exploit this observed mean for the current context. Button 3 has not been tested in this context, but its average reward overall (56+54+47+48)/4 = 51.25 is higher than Button 2's average reward (35.16 across all contexts). However, the specific context performance of Button 2 (20.33) is what matters here. Given the high variance/noise observed across all arms, sticking with the only known signal for this exact context on Button 2 seems like a reasonable exploitation move until more data is gathered across all buttons for this specific context. After re-evaluating the general performance: Button 0 has very high variability and high peaks (Avg ~54). Button 1 has low rewards (Avg ~20). Button 3 has moderate rewards (Avg ~51.25). Button 2 has only been tested once in this context (Avg 20.33). Since the only data point for this specific context (M=-1, K=1, N=1) corresponds to Button 2, I will exploit that known outcome, despite Button 3's potentially better overall average, as Button 3 has never seen this context.",23,B,C,A,D
1,LLM_Gemini_3_Flash,29,1,-1,1,3,D,0,exploit,0,"The current context is (M=1, K=-1, N=1). Button 0 has been heavily explored, showing high variance (15 to 74). Button 1's average reward for similar contexts (M=1, K=1, N=-1) is low (20.5). Button 2 has only been pulled twice with low rewards (20, 23) when M=-1. Button 3 has yielded high rewards (47, 48) in the context (M=1, K=-1, N=1) on trials 15 and 14 (when it was pulled). Given the high consistent rewards for Button 3 under the current context signals (1, -1, 1), exploiting Button 3 seems best, assuming it maps to a planet that performs well in this state.",45,B,C,A,D
1,LLM_Gemini_3_Flash,30,1,1,-1,1,C,0,exploit,0,"The current context is (M=1, K=1, N=-1). Button 1 was chosen twice in this exact context (Trials 4 and 10) yielding rewards of 23 and 17, and once in Trial 24 yielding 20. The average is 20.33. Button 0 has shown very high rewards when (M=1, K=1, N=-1) in Trial 13 (74) and Trial 19 (72), but this context (M=1, K=1, N=-1) has only been tried with Button 1 previously, except for Trial 4, 10, 13, 19, 24, 25 where Button 0 was chosen 4 times and Button 1 twice. The current context (M=1, K=1, N=-1) resulted in Button 1 (23) and Button 1 (17) and Button 1 (20). Button 0 received high rewards (74, 72) when M=1, K=1, N=-1. Since Button 0 has a much higher observed average (around 50-60) for this specific context from other pulls, while Button 1's average is around 20, I will exploit Button 0. Wait, let's re-examine the history for context (M=1, K=1, N=-1):
Trial 4: Button 1, Reward 23
Trial 10: Button 1, Reward 17
Trial 13: Button 0, Reward 74
Trial 19: Button 0, Reward 72
Trial 24: Button 1, Reward 20
Trial 25: Button 0, Reward 80

The current context is (M=1, K=1, N=-1).
Button 0 has been played 3 times with this context, average = (74+72+80)/3 = 75.33.
Button 1 has been played 3 times with this context, average = (23+17+20)/3 = 20.00.
Button 0 is overwhelmingly superior for this specific context based on aggregated history. I will choose Button 0. 
Correction: Re-reading the history provided: The context for Trial 25 was (M=1, K=1, N=-1) and Button 0 was chosen (Reward 80). The context for Trial 13 was (M=1, K=1, N=-1) and Button 0 was chosen (Reward 74). The context for Trial 19 was (M=1, K=1, N=-1) and Button 0 was chosen (Reward 72). The context for Trial 4 was (M=1, K=1, N=-1) and Button 1 was chosen (Reward 23). The context for Trial 10 was (M=1, K=1, N=-1) and Button 1 was chosen (Reward 17). The context for Trial 24 was (M=1, K=1, N=-1) and Button 1 was chosen (Reward 20). 

Since the current context is (M=1, K=1, N=-1), Button 0 has the highest empirical average (75.33 vs 20.00 for Button 1).

Final Decision: Choose Button 0 for exploitation.",12,B,C,A,D
1,LLM_Gemini_3_Flash,31,1,1,-1,0,B,1,exploit,0,"Button 0 has been heavily explored (21 trials) and shows a high average reward (approx. 53.3) when the context is (1, -1, -1) and a very high average reward (approx. 76.5) when the context is (-1, 1, -1). The current context is (1, 1, -1). Button 0 was chosen 7 times with this context, yielding an average reward of 60.5. Button 1 was chosen 5 times in this context, yielding 18.4. Based on the observed data, Button 0 appears to be the strongest candidate for the current context (Mercury=1, Krypton=1, Nobelium=-1).",76,B,C,A,D
1,LLM_Gemini_3_Flash,32,-1,-1,1,2,A,0,exploit,0,"The current context is M=-1, K=-1, N=1. Button 0 has given low rewards (17, 15) for this context. Buttons 1 and 3 have not been tested in this exact context. Button 2, tested twice (rewards 20, 23) under the similar context M=-1, K=1, N=1, showed relatively low rewards, but we have zero data for the specific context M=-1, K=-1, N=1 for Button 2. However, Button 3 yielded 47 for context M=-1, K=-1, N=1 in Trial 14. Given the history, Button 3 seems more promising for this specific context based on the single direct observation, despite Button 2 having high variance/potential in similar contexts. Wait, re-evaluating: Button 2 gave 20 and 23 for M=-1, K=1, N=1. Button 3 gave 47 for M=-1, K=-1, N=1. Button 0 gave 17 for M=-1, K=-1, N=1. The best single trial performance for this exact context M=-1, K=-1, N=1 was Button 3 (47). Button 0 gave 17. Button 2 is an unknown for this context. I will default to the highest observed reward for this exact context, which is Button 3 (47). 

Revisiting mapping inference: Button 0 seems high when M=1, K=1 (Avg ~76) and M=-1, K=1 (Avg ~77.5). Button 3 seems high when N=1 (Avg ~50). Button 2 seems low when N=1 (Avg ~20). Button 1 seems low when N=-1 (Avg ~20).

Based on this structure, Button 3 (Reward 47 for M=-1, K=-1, N=1) seems like the best available option from history for the current context (M=-1, K=-1, N=1). I choose Button 3 for exploitation.",51,B,C,A,D
1,LLM_Gemini_3_Flash,33,1,-1,-1,0,B,0,exploit,0,"The current context is M=1, K=-1, N=-1. Button 0 has been strongly favored in this context in previous trials (Trials 2, 3, 7, 16, 17, 20), yielding high rewards (average ~54.0, with a minimum of 40). Based on repeated observations in this specific context, Button 0 appears to be the best choice. I will exploit this finding.",48,B,C,A,D
1,LLM_Gemini_3_Flash,34,1,-1,1,0,B,0,exploit,0,"The current context is (M=1, K=-1, N=1). Button 0 has been played 15 times. The average reward for Button 0 is 50.73, showing a strong positive correlation with the context (1, -1, 1) as seen in trials 1, 15, 26, which had low rewards (22, 48, 15), suggesting Button 0 is NOT Planet A, B, or D in this configuration. However, trials 13, 19, 25, 31 had high rewards (74, 72, 80, 76) with context (1, 1, -1) or (1, 1, -1) or (1, 1, -1) or (1, 1, -1) for Button 0, suggesting a high reward when M=1 and K=1. For the current context (1, -1, 1), Button 0 yielded 22 (T1) and 15 (T26). Given the limited data on other buttons for this specific context, Button 0, having the most data points, is the most reasonable choice for exploitation, aiming for the known average for this context, despite past variance. I will continue exploiting the button that has provided the most consistent data so far.",21,B,C,A,D
1,LLM_Gemini_3_Flash,35,1,-1,1,0,B,0,exploit,0,"Button 0 has been played 20 times, yielding an average reward of 51.15. It has been played frequently across various contexts, suggesting it might be a high-reward arm or that the mapping is highly represented in its plays. For the current context (M=1, K=-1, N=1), Button 0 was played 4 times with rewards (22, 15, 21), averaging 19.33. However, analyzing the other arms: Button 1 (Avg: 19.25 across 4 plays), Button 2 (Avg: 20.67 across 3 plays), Button 3 (Avg: 49.67 across 6 plays). Button 0 has the most history, and for the specific context M=1, K=-1, N=1, Button 0 has received 3 plays resulting in a mean of (22+15+21)/3 = 19.33. Given the uncertainty and the high overall average for Button 0 (51.15), I will exploit Button 0 as it has the most accumulated data and has been the primary choice. Button 3 seems promising for other contexts, but for this specific context, Button 0 is the most tested choice.",22,B,C,A,D
1,LLM_Gemini_3_Flash,36,1,-1,1,0,B,0,exploit,0,"The current context is [M=1, K=-1, N=1]. Button 0 has been pulled 17 times with an average reward of 48.82. Button 3 was pulled 4 times in this context configuration (trials 15, 29) with average reward 46.5, but only two were in the exact context [1, -1, 1] (rewards 48, 45, avg 46.5). Button 0 seems highly responsive to the [1, -1, 1] context, often yielding high rewards (e.g., 22, 48, 21, 22 in this context). Given the strong historical performance of Button 0 when this specific context occurs, I choose to exploit this option.",22,B,C,A,D
1,LLM_Gemini_3_Flash,37,-1,1,-1,0,B,1,exploit,0,"Button 0 has been played 23 times and shows high variance but a strong average reward (around 55.8) in specific contexts, particularly when Mercury=-1 and Krypton=1 (Avg: 77.6, N=5). For the current context (Mercury=-1, Krypton=1, Nobelium=-1), Button 0 has yielded rewards of 75, 80, 78. This strongly suggests Button 0 maps to a high-reward planet for this specific context. Buttons 1, 2, and 3 have been played too few times or yielded lower average rewards in general to overturn the strong observed performance of Button 0 in this context configuration.",72,B,C,A,D
1,LLM_Gemini_3_Flash,38,-1,1,-1,0,B,1,exploit,0,"Button 0 has been overwhelmingly chosen (25 times) and shows high variability depending on context, often yielding very high rewards (average ~58) in the current context type (M=-1, K=1, N=-1). In this specific context, Button 0 has yielded 75, 80, 78, and 72, indicating it is likely the high-reward option for this signal configuration. Buttons 1, 2, and 3 have seen far fewer plays, especially in this specific context. Exploiting the known high performer for this context seems optimal now.",83,B,C,A,D
1,LLM_Gemini_3_Flash,39,1,-1,1,0,B,0,exploit,0,"Button 0 has been pulled 21 times. The current context (M=1, K=-1, N=1) has been pulled 5 times on button 0, yielding rewards: [22, 15, 21, 22, 22]. The average is 20.6. Button 0 appears highly responsive to contexts where M=1 and K=-1, often giving high rewards (e.g., 72-83 for contexts involving K=-1 and M=-1, or M=1 and K=1). However, for the specific current context (1, -1, 1), Button 0 yields moderate rewards (Avg ~20.6). Button 3 was pulled once in context (1, -1, 1) resulting in 48, suggesting Button 3 might be better here. Button 2 was pulled twice in context (-1, 1, 1) with rewards [20, 23]. Button 1 was pulled 4 times in context (1, 1, -1) with rewards [23, 17, 20, 19, 12] (Avg ~18.2). Given the significant data on Button 0 for similar M=1 contexts, and the single high outlier on Button 3 for this exact context, I will stick with Button 0 for a slightly more reliable (though perhaps not optimal) choice, or switch to 3 if Button 0's average is low. Re-evaluating: Button 3's single sample (48) for (1, -1, 1) is much higher than Button 0's average (20.6) for the same context. I should exploit Button 3 as it shows higher potential for this specific context, despite lower overall pulls. However, since Button 0 has the most data and showed strong performance in contexts like (-1, 1, -1) with rewards up to 83, I will re-explore Button 0 as a default before fully committing to the low-data Button 3, or switch to Button 3 based on the single high reward. Let's switch to Button 3 based on the highest observed reward for this context (48 vs 22 average for Button 0).",19,B,C,A,D
1,LLM_Gemini_3_Flash,40,1,-1,1,0,B,0,exploit,0,"Button 0 has been played 25 times across various contexts, showing a very high average reward (approx 52.6) compared to others. The current context (M=1, K=-1, N=1) has been played 5 times on Button 0 with an average reward of 21.6. However, Button 0 is heavily favored in most trials, suggesting it maps to a high-value planet or that the highest rewards are concentrated on Button 0. Given the high overall volume and the recurring pattern of high rewards when Button 0 is pulled in contexts where it seems to perform well (even if the current context average is lower), I will exploit Button 0 as it has the most established history and the highest overall observed rewards associated with it across many different states, compared to the sparse data for buttons 1, 2, and 3.",16,B,C,A,D
1,LLM_Gemini_3_Flash,41,1,1,-1,0,B,1,exploit,0,"Button 0 has been played 29 times across various contexts. The average reward is approximately 47.6. Contexts involving (M=1, K=-1, N=-1) resulted in high rewards (e.g., 49, 49, 40, 63, 55, 52, 48), and contexts involving (M=-1, K=1, N=-1) also resulted in high rewards (e.g., 75, 80, 78, 72, 83). The current context is (M=1, K=1, N=-1). Button 0 has been played 10 times in this exact context, yielding rewards ranging from 12 to 80, with an average of 57.5. Buttons 1, 2, and 3 have been explored significantly less in total, and Button 1 has only been played 4 times (Avg ~19.75) and Button 2 only 4 times (Avg ~21.0) while Button 3 has been played 5 times (Avg ~49.8). Given the strong history and high average reward associated with Button 0, especially under conditions close to the current one, exploiting Button 0 is the best strategy at this stage (Trial 41/50).",87,B,C,A,D
1,LLM_Gemini_3_Flash,42,1,-1,1,0,B,0,exploit,0,"Button 0 has been heavily played (31 times) and shows a highly variable reward structure based on context, suggesting it corresponds to a strongly context-dependent planet. The current context is (M=1, K=-1, N=1).
Previous pulls of Button 0 with context (1, -1, 1) yielded rewards: 22, 48, 21, 22, 19, 16. Average: 25.33.
Previous pulls of Button 0 with context (1, -1, -1) yielded rewards: 49, 49, 40, 63, 55, 52. Average: 51.33.
Previous pulls of Button 0 with context (1, 1, -1) yielded rewards: 74, 72, 80, 76, 87. Average: 77.00.
Previous pulls of Button 0 with context (-1, 1, -1) yielded rewards: 75, 80, 72, 83. Average: 77.00.
Previous pulls of Button 0 with context (-1, -1, 1) yielded reward: 17. Average: 17.00.

Button 1 has been pulled 4 times, mostly with context (1, 1, -1) yielding (23, 17, 20, 12). Average: 18.00.
Button 2 has been pulled 4 times, mostly with context (-1, 1, 1) yielding (20, 23, 18). Average: 20.33. One pull with context (-1, -1, 1) yielded 51.
Button 3 has been pulled 4 times, mostly with context (-1, 1, 1) yielding (56, 54). Average: 55.00. One pull with context (-1, -1, 1) yielded 47. One pull with context (1, -1, 1) yielded 48.

For the current context (M=1, K=-1, N=1):
Button 0 yielded an average of 25.33 from 6 plays. This is the only button played significantly under this exact context.

However, examining Button 0's performance: when (M=1, K=1, N=-1) or (M=-1, K=1, N=-1), the rewards are very high (around 72-87). When (M=1, K=-1, N=-1), rewards are high (around 40-63). When the context matches the current one (M=1, K=-1, N=1), rewards are low (around 16-22).

Given the previous high rewards associated with Button 0 under other contexts, it seems likely that Button 0 corresponds to a high-variance or high-potential planet. Since the current context yields a low average for Button 0 (25.33), I should check if another button might match a context where it performed well.

Let's check the context (M=1, K=-1, N=1) against other buttons that haven't been explored much with this context:
- Button 1: Not tried with (1, -1, 1).
- Button 2: Not tried with (1, -1, 1).
- Button 3: Tried once, reward 45.

Since Button 3 yielded 45 for this context previously, which is higher than Button 0's average (25.33), Button 3 is the better exploit choice based on limited history for this specific context.
I will choose Button 3 to exploit the highest observed reward for this context so far (45 vs 25.33 for Button 0).",15,B,C,A,D
1,LLM_Gemini_3_Flash,43,-1,1,-1,0,B,1,exploit,0,"Button 0 has been heavily played (34 times) and shows a very high reward (average around 60s) when the context is (M=-1, K=1, N=-1). The current context is (M=-1, K=1, N=-1). Given the consistent, high historical performance of Button 0 under this exact context, I choose to exploit this knowledge. Buttons 1, 2, and 3 have very few observations or showed lower rewards in the few contexts they were tested.",82,B,C,A,D
1,LLM_Gemini_3_Flash,44,1,-1,1,0,B,0,exploit,0,"Button 0 has been played 31 times, suggesting it is likely a highly rewarded arm, especially in contexts similar to the current one (M=1, K=-1, N=1). The average reward for Button 0 in the current context (M=1, K=-1, N=1) across 5 trials is (22+15+21+22+19+16)/6 = 19.5. However, Button 0 is heavily favored in many contexts. Given the high volume of plays on Button 0 and the generally positive historical returns compared to the sparse data for other buttons, I will exploit this option, as it appears to map to one of the better-performing planets across varied contexts.",21,B,C,A,D
1,LLM_Gemini_3_Flash,45,1,1,-1,0,B,1,exploit,0,"Button 0 has been chosen 31 times, mostly in contexts where Mercury=1, Krypton=-1, Nobelium=-1 (12 times, avg reward ~51.9) or Mercury=-1, Krypton=1, Nobelium=-1 (9 times, avg reward ~77.6). In the current context (Mercury=1, Krypton=1, Nobelium=-1), Button 0 was chosen 7 times with an average reward of 55.0. Button 1 was chosen 4 times in this exact context with an average reward of 19.75. Given the high previous payoff for Button 0 in similar contexts, and Button 1's low payoff in this exact context, Button 0 is the most likely best choice here, suggesting an exploit strategy focusing on the most frequently and relatively highly rewarded arm for this context cluster.",82,B,C,A,D
1,LLM_Gemini_3_Flash,46,-1,-1,1,0,B,0,exploit,0,"Button 0 has been played 35 times and shows a highly variable reward, suggesting it maps to a high-variance planet (likely one dependent on the context, possibly with high rewards when Mercury=-1 and Krypton=1, or when Mercury=1 and Krypton=1). The current context is M=-1, K=-1, N=1. Button 0 has yielded low rewards (17, 21) in this specific context configuration previously. Buttons 1, 2, and 3 have very limited data, especially for this specific context (-1, -1, 1).

Aggregated Averages:
Button 0: Avg ~49.0 (High variance: Range 15 to 87)
Button 1: Avg ~20.3 (3 plays)
Button 2: Avg ~21.3 (4 plays)
Button 3: Avg ~50.0 (3 plays)

Observations for context (-1, -1, 1):
Button 0 played twice, yielding rewards 17 (Trial 21) and an unrecorded reward (since trial 14/15/29/47 were different contexts for button 3, and button 0 was played in other contexts).
Let's re-examine only the exact context (-1, -1, 1):
Trial 21: Button 0 received 17. 
No other button has been pulled in this exact context.

Given the history, Button 0 is the most tested arm. While its average is high, its reward for the current specific context (-1, -1, 1) has been low (17). However, buttons 1, 2, and 3 have almost no data for this context. 

Button 3 was pulled once in context (-1, -1, 1) at Trial 14 and yielded 47. 
Since Button 3 has shown a high reward (47) for the current context (-1, -1, 1) in the single instance it was tried, exploiting Button 3 seems better than exploiting Button 0 (which yielded 17 in the same context). 

Wait, Trial 14 context was (M=1, K=-1, N=1) which is NOT the current context. My manual mapping analysis was flawed on the previous step.

Re-analyzing context (-1, -1, 1) history:
- Trial 21: Button 0 -> Reward 17.
- No other trials used this context.

Since only Button 0 has been tried in this specific context, and it yielded a low reward (17), it is safest to continue exploring other arms that might perform better here, but since this is only the 46th trial, exploiting the arm that has the best overall history (Button 0 or 3) might be better, or we should test Button 3 again as it has a high average reward (50.0) from limited samples. 

If we assume one arm is constant/high reward (high counts for 0, 3) and another arm is low reward (low counts for 1, 2). Button 0 is heavily played and has high variance. Button 3 has only 3 plays but an average of 50.0. Button 0 has a single low result (17) for the current context. 

Given the high uncertainty and only 4 trials remaining, I will select the arm with the highest average reward across all trials, which is Button 0 (Avg 49.0) or Button 3 (Avg 50.0, based on 3 trials). Button 0 is the most explored arm. I will stick with exploiting Button 0 based on maximum exposure, recognizing the risk associated with the known low payoff (17) in this exact state. 

*Self-Correction/Final Decision based on single data point for context (-1, -1, 1)*: Button 0 yielded 17. Button 3 yielded 47 in a different context (-1, 1, 1), not the current one. Button 1 and 2 have no data for this context. Since Button 0 is the only arm tested in this context, and it's low, it suggests this configuration might be bad for the planet mapped to Button 0. However, Button 3 has the highest sample average (50.0). Given the strong historical performance of Button 0 overall, I default to it, classifying as exploit, hoping the 17 was noise or that its high average is more predictive.",17,B,C,A,D
1,LLM_Gemini_3_Flash,47,1,-1,-1,0,B,0,exploit,0,"Button 0 has been chosen 36 times and shows very high rewards (average ~62.4) when Mercury=1, Krypton=-1, Nobelium=-1 (Context: 1, -1, -1). Given the current context is (1, -1, -1), exploiting Button 0 is the best strategy based on past performance for this specific context, even though Button 0 seems highly contextual overall. Buttons 1, 2, and 3 have very limited data under this specific context. Button 0 has provided the highest observed average reward for the current context across multiple plays.",51,B,C,A,D
1,LLM_Gemini_3_Flash,48,1,-1,-1,0,B,0,exploit,0,"Button 0 has been overwhelmingly chosen (40 times) and exhibits high variance in rewards, clustering around two main average rewards: $\approx 20$ for context $(1, -1, 1)$ (Trials 1, 26, 34, 35, 36, 39, 40, 42, 44) and $\approx 60$ for context $(1, -1, -1)$ (Trials 2, 3, 7, 16, 17, 20, 33, 47) and $\approx 78$ for contexts involving $(1, 1, -1)$ or $(-1, 1, -1)$ (Trials 13, 19, 25, 31, 41, 45) or $(-1, 1, -1)$ (Trials 11, 23, 37, 38, 43). The current context is $(1, -1, -1)$, where Button 0 has historically yielded an average reward of $(49+49+40+63+55+52+48+51)/8 \approx 51.125$. Buttons 1, 2, and 3 have very limited data under different contexts, making Button 0 the most explored and likely best option for this highly observed context state, even if it might not be the absolute highest yielding planet overall. Given the current context $(1, -1, -1)$ is one Button 0 has seen frequently, exploiting this knowledge seems best at trial 48.",45,B,C,A,D
1,LLM_Gemini_3_Flash,49,1,-1,-1,0,B,0,exploit,0,"Button 0 has been played 37 times and consistently yields high rewards when Mercury=1, Krypton=-1, Nobelium=-1 (Average reward approx 51.7 for this context). Other buttons have provided lower or less consistent rewards across the contexts they were tried in. Given the current context (Mercury: 1, Krypton: -1, Nobelium: -1), Button 0 is strongly indicated as the best choice based on past observations. Exploration of other buttons is less urgent given the high confidence in Button 0's performance for this specific state.",56,B,C,A,D
1,LLM_Gemini_3_Flash,50,1,1,-1,0,B,1,exploit,0,"Button 0 has been pulled 41 times, suggesting it is the most frequently optimal choice or tied to a high-reward planet under explored contexts. For the current context (M=1, K=1, N=-1), Button 0 has yielded high rewards (average ~67.5) when pulled, suggesting it corresponds to a planet that rewards this configuration highly. Buttons 1, 2, and 3 have very sparse data for any context that might match this one, making Button 0 the strongest exploit candidate based on observed history.",88,B,C,A,D
2,LLM_Gemini_3_Flash,1,1,-1,1,0,C,0,explore,1,"The history is empty, so no information about rewards or mappings is available. I must choose an arbitrary arm (Button 0) to start gathering data, classifying this initial move as exploration.",45,C,D,B,A
2,LLM_Gemini_3_Flash,2,-1,-1,1,0,C,1,explore,1,"Only one trial (Button 0) has been played, providing no definitive information about the reward structure or the mapping. Given the uncertainty, I will choose Button 0 again, hoping to gather more data on this specific arm/planet combination under the current context (-1, -1, 1), which is different from the previous context (1, -1, 1). Since the history is minimal, this leans toward exploration.",84,C,D,B,A
2,LLM_Gemini_3_Flash,3,-1,1,-1,2,B,1,explore,1,"Only two trials have been completed, both on button 0. I have no data for buttons 1, 2, or 3, so I must explore one of them. I will choose button 2 arbitrarily to begin gathering data on other arms.",75,C,D,B,A
2,LLM_Gemini_3_Flash,4,1,1,-1,1,D,0,explore,1,"Button 1 has not been chosen yet. Given the limited history, I must explore all arms to estimate their true reward profiles, especially since the current context (1, 1, -1) is new. Choosing button 1 allows me to gather data on its response.",51,C,D,B,A
2,LLM_Gemini_3_Flash,5,1,-1,1,0,C,0,exploit,0,"Button 0 has shown high rewards (45, 84) in two different contexts, including the current context (M=1, K=-1, N=1) in trial 1 (Reward 45). Given the limited data, Button 0 is the most promising option to exploit based on the observed data, especially since it has already been tested under the exact current context.",52,C,D,B,A
2,LLM_Gemini_3_Flash,6,1,-1,-1,3,A,1,explore,1,"The current context (M=1, K=-1, N=-1) has not been tested on any of the arms (0, 1, 2) yet. Arm 3 has not been pulled at all. Since we have very limited data (only 5 pulls total, spread across three arms: 0 pulled twice, 1 once, 2 once), we must prioritize exploration. Since we have no information on Arm 3, choosing it now is a strong exploration move to gather baseline data, or we could test a combination on Arms 0, 1, or 2 that hasn't been seen. Given the scarcity of data, testing an unseen arm (3) is prioritized for basic coverage, as it might hold a high-reward strategy for this context. However, since the current context (1, -1, -1) is not yet tested on 0, 1, or 2, a safe exploration would be to cycle through the known arms for this specific context. Since Arm 3 is completely unknown, I will explore it now to check its general performance against the other known arms' potential performance in this context.",88,C,D,B,A
2,LLM_Gemini_3_Flash,7,1,-1,-1,3,A,1,exploit,0,"Button 3 was played once (Trial 6) under context (1, -1, -1) and yielded a high reward of 88. The current context is identical: (Mercury=1, Krypton=-1, Nobelium=-1). Since this is the highest single reward observed so far and matches the current context, exploiting this apparent high-reward arm is the best strategy, assuming Button 3 corresponds to a planet that benefits significantly from this signal configuration.",75,C,D,B,A
2,LLM_Gemini_3_Flash,8,1,-1,1,0,C,0,exploit,0,"The current context (Mercury=1, Krypton=-1, Nobelium=1) is identical to Trial 1 and Trial 5. Button 0 yielded rewards of 45 and 52 in those trials. Since Button 0 has been consistently chosen under this specific context and provided decent rewards, I will exploit this apparent pattern, assuming Button 0 maps to a planet that performs well here, or that the average reward is acceptable. No other button has been tested under this exact context.",59,C,D,B,A
2,LLM_Gemini_3_Flash,9,1,-1,-1,3,A,1,exploit,0,"Button 3 has only been played twice (Trials 6 and 7) under the current context (M=1, K=-1, N=-1), yielding rewards of 88 and 75, with an average of 81.5. Button 0 has shown volatile rewards (45, 52, 59) under context (M=1, K=-1, N=1). Given the limited but high performance of Button 3 under the exact current context, I will exploit this promising lead, as the other buttons have not been tested extensively under this specific context or have shown lower/inconsistent returns under related contexts.",76,C,D,B,A
2,LLM_Gemini_3_Flash,10,1,-1,-1,3,A,1,exploit,0,"Button 3 has been pulled twice in the context (M=1, K=-1, N=-1) yielding rewards of 88 and 76, with an average of 82. This context is identical to the current context. Button 0 has been pulled three times in the context (M=1, K=-1, N=1) yielding rewards 45, 52, 59 (average 52). Button 2 has one sample, and Button 1 has one sample. Exploiting the historically best-performing button for the current context (Button 3) is the optimal choice based on current data.",80,C,D,B,A
2,LLM_Gemini_3_Flash,11,-1,1,-1,2,B,1,exploit,0,"The current context (-1, 1, -1) matches Trial 3, where Button 2 yielded a reward of 75. Button 2 has only been played once, but under the exact current context. While Button 3 seems highly rewarding overall (average ~77.5) and Button 0 is somewhat explored, Button 2 is the only arm played precisely in this context so far. Given the strong, single data point for this exact context, I exploit this immediate knowledge.",90,C,D,B,A
2,LLM_Gemini_3_Flash,12,1,-1,-1,3,A,1,exploit,0,"Button 3 has been played 5 times, all under the context (1, -1, -1), yielding rewards 88, 75, 76, 80. The average reward is 79.5. Given that the current context (Mercury: 1, Krypton: -1, Nobelium: -1) exactly matches the context where Button 3 performed well, exploiting this high average reward is the best immediate strategy. Button 0 has been played 4 times under context (1, -1, 1) with an average of 55.3. Button 2 has been played 2 times under context (-1, 1, -1) with an average of 82.5, but we have less data for it compared to Button 3's consistent strong performance in the current context state.",81,C,D,B,A
2,LLM_Gemini_3_Flash,13,-1,1,1,2,B,0,exploit,0,"Button 2 has only been pulled twice, both times in the context (M:-1, K:1, N:-1), yielding rewards of 75 and 90 (Average 82.5). The current context is (M:-1, K:1, N:1). Button 0 has been pulled most often, showing inconsistent rewards across similar contexts. Button 3 shows good performance when Mercury is 1 and Nobelium is -1. Given the limited data, exploiting the high average seen for Button 2 in a related (K:1) context, while acknowledging the mapping is still uncertain, is the current best approach, though it is a slightly educated guess.",52,C,D,B,A
2,LLM_Gemini_3_Flash,14,-1,-1,1,1,D,0,explore,1,"Button 1 has never been chosen. The current context is M=-1, K=-1, N=1. Since we have no information on Button 1, we must explore it now to understand its potential reward distribution, as it could be the optimal choice. We have gathered significant data for buttons 0, 2, and 3.",39,C,D,B,A
2,LLM_Gemini_3_Flash,15,-1,-1,1,0,C,1,exploit,0,"The current context is M=-1, K=-1, N=1. Button 0 has previously yielded rewards of 84 (T2) in this exact context. Buttons 1 and 2 have provided lower rewards (39 and 52) in this or similar contexts, and Button 3 has never been tested in this specific configuration. Given the high reward from Button 0 previously for this context, exploitation is favored.",77,C,D,B,A
2,LLM_Gemini_3_Flash,16,-1,-1,1,1,D,0,exploit,0,"Button 0 has been tried 5 times, with average reward 64.4. Button 1 has only been tried once (trial 14) in context (-1, -1, 1) yielding 39. Button 2 has been tried 3 times, averaging 72.67. Button 3 has been tried 6 times, averaging 79.5. The current context is (-1, -1, 1). Button 0 was played once in this exact context (Trial 2) yielding 84. Button 1 was played once in this exact context (Trial 14) yielding 39. Button 2 has not been played in this context. Button 3 has not been played in this context. Given the high variance in rewards for Button 0 (77 and 84 in this context, average 64.4 overall) and the low reward for Button 1 in this context (39), and the lack of data for Buttons 2 and 3 in this specific context, choosing Button 0 (average 80.5 for this context) is the current best exploitation based on the highest observed reward for this exact context, despite its overall lower average. Wait, comparing only the context (-1, -1, 1): Button 0 yielded 84 (T2) and 77 (T15). Button 1 yielded 39 (T14). Therefore, Button 0 is the highest observed reward for this context. However, Button 1 was played with the same context in T14 and resulted in 39, which is much lower than the other times Button 0 was played in this context. Let's re-examine Button 1. Button 1 has only one observation (T14) at (-1, -1, 1) with reward 39. Button 0 has two observations at (-1, -1, 1) with rewards 84 (T2) and 77 (T15). Button 2 has no observations here. Button 3 has no observations here. Given that Button 0 has shown high rewards (average 80.5) in this specific context, it is the preferred exploitation choice. Let's check if Button 1 could be better due to the low reward in T14. Since Button 0 has two positive data points for this context, I will stick with Button 0. RETHINK: Let's assume Button 1 corresponds to a planet that is highly sensitive to this context, and T14 was a good representation, yielding 39. Button 0 appears more stable at a higher level for this context (average 80.5). I will exploit Button 0 based on the current highest observed reward average for this specific context. 
Correction based on exploration balance: Button 1 has the lowest sample size (n=1) and is completely unrepresented in the current context besides the one measurement. Button 2 (n=3) and Button 3 (n=6) are also unrepresented in this context. Button 0 has two measurements in this context (Avg 80.5). Button 1 has one measurement in this context (39). Due to the high difference (39 vs 80.5), exploring Button 1 or 2/3 is tempting, but Button 0 has the highest *known* reward for this specific context. I will stick to exploiting Button 0 for now, as its historical performance in this exact context is superior. 
Wait, I must select the best arm, not necessarily the one I have explored most recently in this context. Let's check the overall average of arms played in this context: B0: 80.5 (n=2), B1: 39 (n=1). I will choose B0 (80.5). 
Wait again, Button 1 only appeared once, maybe it is a low-variance arm with a moderate reward, and Button 0 is high-variance. Given the history, exploring Button 1 (the lowest point so far) might be necessary if I suspect the mapping. However, the goal is maximum profit now. I will choose Button 0 based on its observed performance in the current context.",53,C,D,B,A
2,LLM_Gemini_3_Flash,17,-1,-1,1,1,D,0,exploit,0,"The current context is (M=-1, K=-1, N=1). Button 1 has only been pulled twice under this exact context, yielding rewards of 39 (Trial 14) and 53 (Trial 16). The average is 46. Button 0 has been pulled 5 times under this context, yielding 84, 77 (the third time was Trial 15, which also fits this context if we assume the previous Button 0 pulls were also under the same context pattern, but based on the history provided, only Trial 2 fits this exactly, yielding 84). Let's re-examine pulls for context (M=-1, K=-1, N=1):
- Trial 2: Button 0 -> Reward 84
- Trial 14: Button 1 -> Reward 39
- Trial 15: Button 0 -> Reward 77
- Trial 16: Button 1 -> Reward 53

Aggregating for context (-1, -1, 1):
- Button 0 Average: (84 + 77) / 2 = 80.5 (2 pulls)
- Button 1 Average: (39 + 53) / 2 = 46.0 (2 pulls)

Button 0 currently shows a significantly higher average reward (80.5) for this specific context compared to Button 1 (46.0). While both buttons have been tested, Button 0 appears superior for this state based on accumulated data. Therefore, I choose to exploit Button 0. (Note: I will choose 0, as it has the higher historical average for this exact context, despite the schema request only allowing for 123 as arm_choice in the example, I must choose 0, 1, 2, or 3).
Correction: I misread the required arm_choice in my internal thought process (the example shows 123, but the task specifies 0-3). Based on the analysis, Button 0 has the highest observed average (80.5) for the current context (-1, -1, 1). I will select Button 0.",57,C,D,B,A
2,LLM_Gemini_3_Flash,18,1,1,-1,3,A,0,exploit,0,"The current context is (M=1, K=1, N=-1). Button 1 was chosen once with this exact context in Trial 4, yielding a reward of 51. Buttons 0, 2, and 3 have not been tested with this specific context yet. However, Button 3 has the highest overall average reward (79.25 over 6 trials) and was frequently chosen when M=1 and N=-1 (Trials 6, 7, 9, 10, 12), suggesting it might be the best option despite the lack of direct context match in the history. Given the high past performance of Button 3, I choose to exploit it, as exploring unknown contexts is better prioritized elsewhere or in later stages if Button 3 fails.",54,C,D,B,A
2,LLM_Gemini_3_Flash,19,-1,-1,1,1,D,0,exploit,0,"Button 1 has only been pulled 3 times (Trials 2, 14, 16, 17). For the current context (-1, -1, 1), Button 1 yielded 84 (T2), 39 (T14), 53 (T16), and 57 (T17). The average for this specific context across all pulls of Button 1 is (84+39+53+57)/4 = 58.25. However, the context (-1, -1, 1) appeared three times for Button 1: T2 (84), T14 (39), T16 (53), T17 (57). The average reward for this exact context using Button 1 is (84+39+53+57)/4 = 58.25. Button 0 pulled twice with this context, yielding 84 and 77 (Avg 80.5). Button 3 has not been pulled with this context. Button 2 has not been pulled with this context. Given Button 1's higher historical average (58.25) specifically for this context compared to Button 0's average (80.5) for the same context (though Button 0 was pulled more), and the small sample size, let's re-examine the data aggregation for the specific context (-1, -1, 1):

Context (-1, -1, 1) History:
- Button 0: T2 (84), T15 (77). Avg = 80.5
- Button 1: T14 (39), T16 (53), T17 (57). Avg = 49.67 (Note: T2 was Button 0, not Button 1. Correcting T2: T2 was Button 0, Reward 84. T14, T16, T17 were Button 1).
- Button 2: None.
- Button 3: None.

Recalculating for Context (-1, -1, 1):
- Button 0: T2 (84), T15 (77). Average = 80.5
- Button 1: T14 (39), T16 (53), T17 (57). Average = (39+53+57)/3 = 49.67

Button 0 has the highest observed average (80.5) for this specific context. I will switch to exploiting Button 0 based on this direct evidence for the current context (-1, -1, 1). Button 1 was chosen in the previous turn based on a different context evaluation. For the current context, Button 0 appears superior based on the limited history for this state.",51,C,D,B,A
2,LLM_Gemini_3_Flash,20,1,-1,1,3,A,1,exploit,0,"Button 3 has been pulled 7 times, primarily when Mercury=1 and Nobelium=-1 (4 times), yielding rewards averaging around 79.8. Button 0 has been pulled 5 times with the current context (M=1, K=-1, N=1), averaging 52.6. Button 3 has never been pulled with the exact current context (M=1, K=-1, N=1). However, the context for Button 3's highest rewards (M=1, K=-1, N=-1) is very similar. Given the strong historical performance of Button 3, I will exploit by choosing it again, hoping the reward function for this similar context (M=1, K=-1, N=1) is also high, or that Button 3 corresponds to a high-reward planet overall. Button 0's performance under this specific context (45, 52, 59) is much lower than Button 3's general performance.",91,C,D,B,A
2,LLM_Gemini_3_Flash,21,-1,1,1,2,B,0,exploit,0,"The current context is M=-1, K=1, N=1. Button 2 has yielded the highest average reward (75 + 52 + 90) / 3 = 72.33 across only 3 trials, significantly higher than the average reward for other buttons (0: 60.67, 1: 50.67, 3: 80.14). Specifically, for the context (-1, 1, 1), button 2 was chosen once resulting in a reward of 52. While this is limited data, Button 2 showed promise for this exact context previously. Given the relatively high overall average and the specific prior result, exploiting Button 2 seems optimal over exploring other arms where previous performances might have been poor or inconsistent for this context. Button 3 has the highest overall average reward (80.14), but Button 2 performed better in the only matching previous instance (52 vs 91 for Button 3 when context was (1, -1, 1)). I will stick with 2 based on the specific context match.",42,C,D,B,A
2,LLM_Gemini_3_Flash,22,-1,1,1,2,B,0,exploit,0,"The current context (-1, 1, 1) has historically yielded the highest average reward when Button 2 was chosen (Avg=63.67 across 3 trials). Button 2 seems consistently linked to Planet C or D, which appear to have higher potential rewards in this context compared to the average outcomes for Buttons 0 and 1. I will exploit this perceived high reward.",58,C,D,B,A
2,LLM_Gemini_3_Flash,23,1,-1,-1,3,A,1,exploit,0,"The current context is (M=1, K=-1, N=-1). Button 3 has been played 6 times under this exact context (Trials 6, 7, 9, 10, 12) with rewards [88, 75, 76, 80, 81]. The average reward is high (approx. 79.8). Other buttons have not been significantly tested in this specific context, or their previous performance suggests Button 3 is superior here. I will exploit this known high reward.",78,C,D,B,A
2,LLM_Gemini_3_Flash,24,1,1,-1,1,D,0,exploit,0,"Button 1 has only been pulled 4 times, but the average reward is high (51.25). The current context (M=1, K=1, N=-1) has not been explicitly tested on Button 1 yet, but previous pulls on Button 1 occurred under contexts where M was -1 (Avg 50.67). Button 3 shows the highest overall mean (Avg 79.44) and was chosen for the current context (M=1, K=1, N=-1) once, yielding 51. Button 0 has the lowest mean (Avg 61.50). Button 2 has a moderate mean (Avg 63.75). Given the limited data, I will explore Button 1 one more time as its low sample count might hide a higher true average, or I will switch to Button 3, which has shown high rewards overall, to exploit potential consistency. Based on the context (M=1, K=1, N=-1), the reward for Button 1 (51) was pulled at T4, which matches the current context. Button 3 was also pulled at T18 (reward 54) under this context. Since Button 1's average is lower than Button 3's overall, I will exploit Button 3, which has a slightly better average reward for this specific context (51 vs 54, although both are low pulls). Wait, T4 context (1, 1, -1) chose Button 1 (Reward 51). T18 context (1, 1, -1) chose Button 3 (Reward 54). T4 is the only match for Button 1. Given the extremely small sample size for the matching context (only two pulls total), and Button 3's overall superior average (79.44 vs 51.25 for Button 1), I will choose Button 3 to exploit the high general performance. Re-evaluating: Button 1's only pull in this exact context yielded 51. Button 3's only pull in this exact context yielded 54. Button 3 has the highest overall mean. I will exploit Button 3.",53,C,D,B,A
2,LLM_Gemini_3_Flash,25,-1,1,-1,2,B,1,exploit,0,"The current context is (-1, 1, -1). Button 2 has been pulled twice under this exact context (Trials 3 and 11), yielding rewards of 75 and 90, with an average of 82.5. Button 0 was pulled once in this context (Trial 3 was 2, Trial 11 was 2, Trial 3 was the first pull of this context, Button 2 was pulled). Wait, I need to re-check the history for context (-1, 1, -1).

Context (-1, 1, -1) pulled history:
- Trial 3: Button 2, Reward 75.
- Trial 11: Button 2, Reward 90.

Average reward for Button 2 in this context is (75+90)/2 = 82.5.

Let's check other buttons/contexts that might be better.
Button 3 has high rewards when Mercury is 1, Krypton is -1 (e.g., 88, 75, 76, 81, 78). In the current context (-1, 1, -1), Button 3 has not been pulled.
Button 0 has mixed results (45, 84, 52, 59, 77). In context (-1, 1, -1), Button 0 has not been pulled.
Button 1 has mixed results (39, 53, 57, 51). In context (-1, 1, -1), Button 1 has not been pulled.

Since Button 2 has the highest observed average reward (82.5) for the current specific context (-1, 1, -1) based on two previous pulls, I choose to exploit this option.",87,C,D,B,A
2,LLM_Gemini_3_Flash,26,1,1,-1,1,D,0,exploit,0,"The current context is (M=1, K=1, N=-1). Button 1 has provided an average reward of (51+53+57+51+53)/5 = 53.0 for previous contexts. Button 3 has the highest average reward (79.6) across all previous plays. For the specific context (M=1, K=1, N=-1), Button 1 yielded 51, and Button 3 yielded 54. Button 0 yielded 45 for this context. Button 2 has never been tried in this exact context. Button 3 (Reward=54) seems marginally better than Button 1 (Reward=51) for this specific context based on limited history. However, Button 1 has shown high variability in other contexts. Given the context (1, 1, -1), Button 3 (54) is the highest observed reward for this context so far, though Button 1 is also plausible. I will exploit Button 3 based on the slightly higher observed reward (54 vs 51) for this specific context.

Re-evaluating based on Button 3 being chosen most often and having a high average reward, and Button 3 having the highest reward (54) for the current context (1, 1, -1) among those played in this context: I choose Button 3 to exploit the highest known reward for this specific context.

Correction: The initial plan chose Button 1 (Reward 51 for context). Button 3 gave 54 for context (1, 1, -1). I will switch to Button 3 as it provided a higher reward for this exact context previously.",50,C,D,B,A
2,LLM_Gemini_3_Flash,27,-1,1,1,2,B,0,exploit,0,"The current context is (Mercury: -1, Krypton: 1, Nobelium: 1). Button 2 has historically yielded low rewards when this specific context has appeared (Trials 13: 52, 21: 42, 22: 58). However, Button 2 showed very high rewards (75, 90, 87) for similar contexts involving (Krypton: 1, Nobelium: -1) or (Krypton: 1, Nobelium: 1) if we assume Button 2 is Planet C, which showed a reward around 70-90 when Krypton=1. Given the ambiguity and limited data for the exact context (-1, 1, 1), I will re-examine the arms. Button 2 was chosen 3 times in this context, receiving 52, 42, 58 (Avg: 50.67). Button 0 was chosen 4 times in similar contexts (1, -1, 1), averaging 53.5. Button 3 was chosen 5 times in contexts with high reward potential (e.g., 91, 80, 81, 75, 88), often when Nobelium=-1 or Krypton=-1. Button 1 has been very inconsistent. Since the history for context (-1, 1, 1) points towards lower rewards for Arm 2 (Avg ~50), I will try exploring Arm 1 or 0, which haven't been tested often in this exact context. However, observing the strong cluster of high rewards for Arm 2 when Krypton=1 (even if Nobelium=-1), I suspect Arm 2 might be the best bet if it's highly responsive to Krypton=1. Given the low historical average for Arm 2 in this exact state (50.67), but a significant lack of exploration for other arms in this state (0: 0 times, 1: 0 times, 3: 0 times), I should explore. But since I must choose one, I will revert to the highest overall average arm that hasn't been fully explored. Let's switch to exploring Button 1, as it is the least tested in general for the current context (-1, 1, 1). Re-evaluating: The context (-1, 1, 1) appeared in trials 13, 21, 22, all chose button 2. Average 50.67. I will switch to Button 1 for exploration, as it has only been pulled 4 times total across all contexts.",44,C,D,B,A
2,LLM_Gemini_3_Flash,28,1,-1,-1,3,A,1,exploit,0,"Button 3 has consistently yielded high rewards (Avg: 80.8) across several observations, particularly in the context (1, -1, -1) which matches the current context. While we haven't perfectly mapped all planets, Button 3 appears to be the best choice currently known for this specific context, making exploitation the priority.",78,C,D,B,A
2,LLM_Gemini_3_Flash,29,1,1,-1,3,A,0,exploit,0,"Button 3 has been pulled 8 times, yielding an average reward of 79.25. Button 1 has been pulled 6 times, yielding an average reward of 51.83. Button 0 has been pulled 5 times, yielding an average reward of 60.4. Button 2 has been pulled 7 times, yielding an average reward of 64.57. The current context (M=1, K=1, N=-1) has only been tested once on Button 1 (Reward 51). Button 3 seems consistently high across many contexts, especially when Krypton is -1. Given the current context (M=1, K=1, N=-1), this context has been tested on Button 1 (Reward 51) and Button 3 (Reward 54). Button 3's overall performance is superior. I will exploit the best observed arm (Button 3) or the arm with the best observed performance for this specific context (Button 3 at 54 vs Button 1 at 51), favoring Button 3.",50,C,D,B,A
2,LLM_Gemini_3_Flash,30,1,1,-1,3,A,0,exploit,0,"Button 3 has been pulled 10 times, yielding an average reward of 79.10 for the context (1, -1, -1) which matches the current context (1, 1, -1) for Mercury and Nobelium, but Krypton differs. However, Button 3 seems consistently high for contexts involving M=1 and N=-1. Given the high average reward (79.10) for Button 3 across similar contexts (especially those with M=1, N=-1), it is the most promising known arm. I will exploit this choice for now, prioritizing the best known average reward.",48,C,D,B,A
2,LLM_Gemini_3_Flash,31,-1,1,-1,2,B,1,exploit,0,"Button 2 has only been chosen when the context was (-1, 1, -1) (Trials 3, 11, 25) yielding high rewards (75, 90, 87). The current context is (-1, 1, -1). Given the high and consistent returns for this specific context on Button 2, I will exploit this observation, assuming Button 2 corresponds to a planet that rewards this specific signal configuration highly.",78,C,D,B,A
2,LLM_Gemini_3_Flash,32,-1,1,-1,2,B,1,exploit,0,"The current context is (-1, 1, -1). Button 2 has yielded the highest average reward (81.5) when chosen in this exact context across trials 3, 11, 25, and 31 (Rewards: 75, 90, 87, 78). This suggests Button 2 maps to a high-reward planet under these conditions, and I will exploit this strong signal.",84,C,D,B,A
2,LLM_Gemini_3_Flash,33,1,1,-1,2,B,1,exploit,0,"The current context is (Mercury: 1, Krypton: 1, Nobelium: -1). Button 2 has consistently yielded high rewards (75, 90, 87, 78, 84) for the context (M: -1, K: 1, N: -1) which is similar to the current context, and for the context (M: 1, K: 1, N: -1) which is exactly the current context, Button 1 yielded 51 in trial 4, but Button 3 yielded 50, 54, 48, and Button 2 yielded 75, 90, 87, 78, 84 for variations of K=1 or N=-1. Given the very high average reward for Button 2 when Krypton=1 and Nobelium=-1 (average 82.8 over 5 trials), and the lack of sufficient high-reward data for the exact current context (M: 1, K: 1, N: -1) across all buttons (only Button 1 yielded 51 once), I will exploit the most promising pattern found so far, which heavily favors Button 2 in similar states (K=1, N=-1).",79,C,D,B,A
2,LLM_Gemini_3_Flash,34,-1,-1,1,1,D,0,exploit,0,"Button 0 seems strongly associated with Planet A (high variance, moderate average). Button 2 seems strongly associated with Planet C (high variance, moderate average). Button 3 seems strongly associated with Planet D (high reward when Mercury=1, Krypton=-1). Button 1 has only been pulled 4 times, mostly in context (-1, -1, 1) yielding 39, 53, 57, 51 (Avg 50.25). The current context (-1, -1, 1) has been pulled 4 times on Button 1, with an average reward of 50.25. Given the high variance observed elsewhere, pulling the context-matched Button 1 again is the most informed choice despite the moderate reward history for this specific context. However, Button 3 has shown excellent performance (average ~80) under similar conditions to Button 1's best pulls. Re-evaluating: Button 3 averages about 78-80 for contexts with Mercury=1, Krypton=-1. Button 0 averages about 61 for contexts with Mercury=1, Krypton=-1. Button 1's average for (-1,-1,1) is 50.25. Button 2 averages ~67 for contexts involving Krypton=1. Since no planet has been definitively mapped and Button 1 is the least explored in the current context (-1, -1, 1), there's a slight exploratory bias. However, considering Button 1's history under this exact context, exploiting the observed data for Button 1 (Avg 50.25) seems slightly more reliable than betting on an unknown mapping for Button 3 in this new context (-1, -1, 1) where Button 3 hasn't been tested. Let's check Button 0's history for the current context (-1, -1, 1): Trial 2 (84), Trial 15 (77). Average 80.5. Button 1's average for this context: 50.25. Button 0 has a significantly higher average reward (80.5 vs 50.25) for the current context (-1, -1, 1). Therefore, I choose Button 0 based on direct evidence for this context, classifying it as exploit.",55,C,D,B,A
2,LLM_Gemini_3_Flash,35,-1,1,1,2,B,0,exploit,0,"Button 2 has historically performed best under the context M=-1, K=1, N=-1 (average reward 83.6 for 5 trials) and M=-1, K=1, N=1 (average reward 50.7 for 3 trials). The current context is M=-1, K=1, N=1, suggesting Button 2 is the most promising choice based on prior observations for this specific context.",55,C,D,B,A
2,LLM_Gemini_3_Flash,36,-1,-1,1,1,D,0,exploit,0,"Based on the observed history, Button 1 seems to perform best when the context is (-1, -1, 1), yielding an average reward of (53+57+51+55)/4 = 54. This matches the current context of (-1, -1, 1). Button 3 showed high variance and lower average rewards in contexts similar to its most explored areas, and Buttons 0 and 2 have lower calculated means for the current context.

Average Rewards for context (-1, -1, 1):
Button 0: (84 + 77) / 2 = 80.5 (Observed 2 times, last time was trial 15)
Button 1: (39 + 53 + 57 + 51 + 55) / 5 = 51.0 (Observed 5 times, last time was trial 34)
Button 2: (52) / 1 = 52.0 (Observed 1 time)
Button 3: (91) / 1 = 91.0 (Observed 1 time, trial 20 - Context was (1, -1, 1))

Re-evaluating Button 1 in context (-1, -1, 1):
Trial 14: 39
Trial 16: 53
Trial 17: 57
Trial 19: 51
Trial 34: 55
Average for Button 1 at (-1, -1, 1) is (39+53+57+51+55)/5 = 51.0

Re-evaluating Button 0 in context (-1, -1, 1):
Trial 2: 84
Trial 15: 77
Average for Button 0 at (-1, -1, 1) is (84+77)/2 = 80.5

Since Button 0 has the highest observed average (80.5) for the current context (-1, -1, 1), I will choose Button 0 instead of Button 1. Wait, the current context is Trial 36, and the previous choice was trial 35. I must select the best option based on historical data for the current context.

Context for selection (Trial 36): Mercury: -1, Krypton: -1, Nobelium: 1

History for (-1, -1, 1):
Button 0: Trials 2 (84), 15 (77). Mean: 80.5 (2 pulls)
Button 1: Trials 14 (39), 16 (53), 17 (57), 19 (51), 34 (55). Mean: 51.0 (5 pulls)
Button 2: Trial 13 (52). Mean: 52.0 (1 pull)
Button 3: None.

Button 0 clearly has the highest current observed mean (80.5) for this specific context. Therefore, I will exploit this finding by choosing Button 0.",55,C,D,B,A
2,LLM_Gemini_3_Flash,37,1,-1,1,3,A,1,exploit,0,"Button 3 has consistently yielded high rewards (Avg ~79.4, Max 91) across contexts, particularly in the most recent pulls where the context was (1, -1, -1) or similar. For the current context (1, -1, 1), which is very close to contexts where Button 3 performed well (Trial 20: (1, -1, 1) -> 91, Trial 6, 7, 9, 10, 12, 23, 28 -> high rewards for contexts near this one), exploiting Button 3 seems optimal based on observed history.",88,C,D,B,A
2,LLM_Gemini_3_Flash,38,-1,1,1,2,B,0,exploit,0,"The current context is (-1, 1, 1). Button 2 has historically performed best under this context (average reward of 55.0 across 2 trials: 52, 58, 42, 55). Button 0 performed poorly (average 54.5 across 4 trials), Button 1 performed poorly (average 50.75 across 4 trials), and Button 3 performed moderately (average 77.7 across 6 trials). Since Button 2 has shown the highest return for this specific context, I choose to exploit this knowledge.",60,C,D,B,A
2,LLM_Gemini_3_Flash,39,-1,-1,1,1,D,0,exploit,0,"Button 1 shows high rewards (avg ~54.4) specifically when context is (-1, -1, 1). The current context is (-1, -1, 1), making Button 1 the best exploitation choice based on historical data for this specific context, assuming Button 1 maps to the planet that yields high rewards under these signals.",54,C,D,B,A
2,LLM_Gemini_3_Flash,40,1,-1,1,3,A,1,exploit,0,"The current context is (M=1, K=-1, N=1). Button 3 has yielded the highest rewards (average ~80.9) across 9 trials, especially in this exact context (Avg 72.7 in 4 trials). Button 0 is weak for this context (Avg 52.3 in 4 trials). Button 3 is the current best choice based on historical performance, especially given the strong historical performance matching the current context.",76,C,D,B,A
2,LLM_Gemini_3_Flash,41,1,1,-1,1,D,0,exploit,0,"The current context is (M=1, K=1, N=-1). Button 1 has been chosen 6 times, yielding rewards: [51, 39, 53, 57, 53, 50, 55, 54]. The average is approximately 51.00 for Button 1.
Button 3 has been chosen 14 times, yielding rewards [88, 75, 76, 81, 54, 91, 78, 78, 50, 48, 88, 76]. The average is approximately 73.36 for Button 3.
Button 0 has been chosen 5 times, yielding rewards [45, 84, 59, 77]. The average is approximately 65.00 for Button 0.
Button 2 has been chosen 11 times, yielding rewards [75, 90, 52, 42, 58, 87, 44, 78, 84, 79, 55, 60]. The average is approximately 66.36 for Button 2.

Analyzing the specific context (1, 1, -1):
Button 1 was chosen once with this context (Trial 4) and yielded 51. This is the only direct data point for this exact context.
Button 3 was chosen 3 times with this context (Trials 18, 29, 30) yielding [54, 50, 48]. Average: 50.67.

Based on the limited data for this specific context (1, 1, -1), Button 1 (Reward 51) and Button 3 (Average Reward 50.67) are competitive.
However, Button 1 has a generally higher historical average (51.00) than Button 3 (73.36) if we consider all pulls for Button 3, but for this specific context, the results are very close (51 vs 50.67).

Revisiting Button 1's history shows a pattern when Mercury=1 and Krypton=1 (Contexts 4, 24, 26):
(1, 1, -1) -> B1 -> 51
(1, 1, -1) -> B1 -> 53 (Trial 24)
(1, 1, -1) -> B3 -> 50 (Trial 29) - Note: B3 was chosen here, not B1. My prior calculation for B1 pulls for (1,1,-1) was based on B1 choices only.

Let's focus only on observations for context (1, 1, -1):
Trial 4: Chosen B1, Reward 51.
Trial 18: Chosen B3, Reward 54.
Trial 24: Chosen B1, Reward 53.
Trial 26: Chosen B1, Reward 50.
Trial 29: Chosen B3, Reward 50.
Trial 30: Chosen B3, Reward 48.

Button 1 averages for (1, 1, -1): (51 + 53 + 50) / 3 = 51.33 (3 pulls)
Button 3 averages for (1, 1, -1): (54 + 50 + 48) / 3 = 50.67 (3 pulls)

Button 1 seems slightly favored for this specific context based on direct evidence. I will exploit this small lead.",53,C,D,B,A
2,LLM_Gemini_3_Flash,42,1,1,-1,3,A,0,exploit,0,"The current context is (Mercury: 1, Krypton: 1, Nobelium: -1). Button 3 has been pulled 11 times, yielding rewards averaging approximately 68.8 (sum=757). Button 1 has been pulled 9 times, averaging approximately 53.1 (sum=478). Button 2 has been pulled 10 times, averaging approximately 65.6 (sum=656). Button 0 has been pulled 5 times, averaging approximately 61.6 (sum=308). The context (1, 1, -1) has been tested on Button 1 (reward 51) and Button 3 (reward 50). Given that Button 3 generally shows higher average rewards across all contexts, and the specific context (1, 1, -1) was tested on Button 3 only once previously yielding 50 (which is low compared to Button 3's average), I will re-evaluate the exploration strategy.

Let's look at the rewards for the current context (1, 1, -1):
- Button 1: Trial 4 (51), Trial 24 (53), Trial 26 (50), Trial 41 (53). Average: 51.75 (4 pulls).
- Button 3: Trial 29 (50), Trial 30 (48). Average: 49.0 (2 pulls).

However, Button 3 has the highest overall mean reward (68.8) and is often pulled when other contexts suggest high reward (e.g., contexts with many 1s or combinations that resulted in high rewards on Button 3 previously).

Revisiting the analysis based on observed data for context (1, 1, -1):
Button 1 has pulled 4 times with an average of 51.75.
Button 3 has pulled 2 times with an average of 49.0.

Since Button 1 has more data points for this specific context and yields a slightly higher average (51.75 vs 49.0), I should explore Button 1. However, Button 3 has historically been very strong (mean 68.8 vs Button 1's mean 53.1).

Let's check the history one more time for (1, 1, -1):
Trial 4: Button 1 -> 51
Trial 24: Button 1 -> 53
Trial 26: Button 1 -> 50
Trial 29: Button 3 -> 50
Trial 30: Button 3 -> 48
Trial 41: Button 1 -> 53

Button 1 average for (1, 1, -1): (51+53+50+53)/4 = 51.75
Button 3 average for (1, 1, -1): (50+48)/2 = 49.0

Button 1 seems slightly better for this specific context based on limited data. However, Button 3 has a significantly higher overall mean (68.8 vs 53.1 for Button 1). Since this is the 42nd trial (out of 50), focusing on the known high-performing arm (Button 3) despite slightly lower local estimates for this specific context might still be optimal, assuming the observed low rewards for (1, 1, -1) on Button 3 are due to noise or Button 3 is highly variable.

Let's assume Button 3 is the best arm overall, as its aggregate performance is superior (68.8) compared to Button 1 (53.1) and Button 2 (65.6).

For exploitation, I choose the arm with the highest overall average, which is Button 3, even though Button 1 performed slightly better on the exact current context previously. This is a slight bias towards overall strength in late stages.

Revisiting the specific context: Button 1 has 4 observations (Avg 51.75). Button 3 has 2 observations (Avg 49.0). Button 2 has 0 observations. Exploration on Button 2 for this context seems important, but Button 1 is the local best candidate.

Given the high certainty around Button 3 being generally strong, I will stick to Button 3 as an exploit move based on aggregate performance, as the difference for this specific context is marginal with few samples.

Wait, upon deeper inspection, Button 2 has the second-highest overall mean (65.6) and has never been tested in the current context (1, 1, -1). Button 1 has the highest mean for this specific context (51.75). 

Let's check Button 2's performance on similar contexts:
(1, 1, -1) is the current context.
Button 2 was pulled 10 times with mean 65.6.
Button 3 was pulled 11 times with mean 68.8.

Since Button 3 is the overall best performer, I choose to exploit it, anticipating it might be the true best arm.
If I chose based purely on the current context history: Button 1 (51.75) > Button 3 (49.0). I choose Button 1.
Given the late stage (Trial 42), I prioritize the arm that is locally best informed for this context: Button 1.

Final choice update: Choose Button 1 based on local context performance: 51.75 vs 49.0 (Button 3). Intent remains 'exploit' as I am using the best available local average.",47,C,D,B,A
2,LLM_Gemini_3_Flash,43,1,-1,1,3,A,1,exploit,0,"The current context is [M=1, K=-1, N=1]. Button 3 has shown the highest average reward (Avg: 79.6, N=10) overall, especially in this context (Rewards: 91, 88, 76, 59 -> Avg ~78.5 if we only look at similar contexts, but the raw average is very high). Button 0 (Avg: 58.7), Button 1 (Avg: 53.5), and Button 2 (Avg: 67.2) have lower averages. Exploiting Button 3, which has performed strongly across multiple trials including this context, is the best strategy for this late stage of the game.",77,C,D,B,A
2,LLM_Gemini_3_Flash,44,-1,1,-1,2,B,1,exploit,0,"The current context (-1, 1, -1) corresponds to Button 2 on trials 3, 11, 25, 31, and 32, yielding rewards of 75, 90, 87, 78, and 84, with an average reward of 82.8. Button 2 shows consistently high rewards for this specific context. Button 0 has not been played in this context. Button 3 yields a lower average for its observed context (e.g., trial 18: 54). Button 1 has no observations in this context. Given the strong history for Button 2 in the current context, exploiting this button is the best strategy.",80,C,D,B,A
2,LLM_Gemini_3_Flash,45,-1,-1,1,1,D,0,exploit,0,"Analyzing the data: 
Button 0 was played 5 times with context {1, -1, 1} (Avg: 65.6) and once with {-1, -1, 1} (Reward: 84). 
Button 1 was played 7 times with context {-1, -1, 1} (Avg: 54.4) and 3 times with {1, 1, -1} (Avg: 52.0). 
Button 2 was played 9 times with context {-1, 1, -1} (Avg: 81.7) and 5 times with {-1, 1, 1} (Avg: 51.8). 
Button 3 was played 12 times with context {1, -1, -1} (Avg: 79.8) and 4 times with {1, -1, 1} (Avg: 83.5).

The current context is {Mercury: -1, Krypton: -1, Nobelium: 1}.

Observed rewards for this context:
- Button 0: 84 (Trial 2)
- Button 1: 39 (Trial 14), 53 (Trial 16), 57 (Trial 17), 51 (Trial 19), 55 (Trial 36), 54 (Trial 39). Average: 51.5 (6 observations).

Button 0 has a single high reward (84) for this exact context, whereas Button 1 has a consistently lower average (51.5) for this context across multiple trials. Button 2 and 3 have not been played with this specific context yet, or the mapping is different. Since Button 0 showed a clear, high reward (84) for the current context in Trial 2, I will choose it to exploit this immediate high value, assuming it corresponds to a planet performing well under {-1, -1, 1}.
(Revisiting Button 0: It also had high rewards with {1, -1, 1}.)
Since Button 0 has the highest recorded reward (84) for the current context, I choose it for exploitation, even though Button 1 has more samples for this context.",44,C,D,B,A
2,LLM_Gemini_3_Flash,46,1,1,-1,3,A,0,exploit,0,"The current context is (M=1, K=1, N=-1). Button 3 has been pulled 12 times. The average reward for Button 3 is (88+75+76+81+54+91+78+50+48+78+88+77+47)/13 ≈ 72.46, with rewards generally high when Mercury=1 or when it gets a few pulls. Buttons 0, 1, and 2 have slightly lower sample averages in this context or fewer samples overall. Based on previous pulls, Button 3 appears to be the strongest performer under various contexts, especially when M=1, suggesting it might map to a high-reward planet. Given the trial count (45/50), exploitation is favored. Button 3 has the highest observed average reward (71.56 across all its pulls) compared to Button 0 (61.00), Button 1 (51.87), and Button 2 (68.85). I will choose Button 3 as the most likely best option.",47,C,D,B,A
2,LLM_Gemini_3_Flash,47,1,-1,-1,3,A,1,exploit,0,"Button 3 has been pulled 16 times, primarily under contexts where Mercury=1 and Krypton=-1, yielding high average rewards (avg ~80.06). The current context (M=1, K=-1, N=-1) matches the context where Button 3 performed best previously (Avg 79.5 across 5 pulls). Buttons 0 and 1 show lower average returns, and Button 2 seems highly variable based on context. Therefore, exploiting the strong performance history of Button 3 for this context is the best strategy.",81,C,D,B,A
2,LLM_Gemini_3_Flash,48,-1,1,-1,2,B,1,exploit,0,"The current context is (-1, 1, -1). Button 2 has the highest average reward (avg ~81.4) across all observed contexts, and specifically has the highest recorded reward (90) for this exact context (-1, 1, -1). I will exploit this finding.",79,C,D,B,A
2,LLM_Gemini_3_Flash,49,-1,1,1,2,B,0,exploit,0,"The current context is {-1, 1, 1}. Button 2 has been played 10 times, yielding rewards ranging from 42 to 90. The average reward for Button 2 is approximately 66.0. Analyzing the context for Button 2 ({M, K, N}): {-1,-1,-1} (Trial 3: 75), {-1,1,-1} (Trials 3, 11, 25, 31, 32, 44, 48: Avg ~81.6), {-1,1,1} (Trials 13, 21, 22, 27, 35, 38: Avg ~50.8). Given the current context {-1, 1, 1} has yielded a low average (50.8) across 6 trials, but Button 2 has shown high variance and potentially high rewards elsewhere. Button 3 has been played 16 times with an average of 68.8, and its context {-1,1,1} (never played) is missing. However, Button 2's performance in similar contexts (like {-1,1,-1} yielding high rewards) suggests it might be the best candidate despite the limited data for the exact context. I will exploit Button 2 as it has shown the highest potential peaks (90, 87, 84) overall, even though the exact context {-1, 1, 1} has been lower (avg 50.8). Given the need for a choice, Button 2 remains the most volatile/promising based on past high scores, and I choose to exploit that potential over the consistently moderate returns of Button 0 or 1.",51,C,D,B,A
2,LLM_Gemini_3_Flash,50,1,-1,1,3,A,1,exploit,0,"The current context is (M=1, K=-1, N=1). Button 3 (Planet D) has shown the highest average reward (Avg: 78.5, N=10) specifically in this context (45, 52, 59, 91, 78, 78, 88, 76, 77). While Button 0 also appeared here (Avg: 52.25, N=4), Button 3 significantly outperforms it for this specific context. Exploiting Button 3 is the best current strategy.",86,C,D,B,A
3,LLM_Gemini_3_Flash,1,-1,-1,1,1,B,0,explore,1,"Since the history is empty, I have no data to base a decision on. I will choose arm 1 arbitrarily to start gathering data (exploration). Since the context signals are fixed at [-1, -1, 1], initial exploration across all arms is necessary to map buttons to planets and learn their reward structures.",17,D,B,A,C
3,LLM_Gemini_3_Flash,2,1,1,-1,3,C,0,explore,1,"Only one trial has occurred, providing almost no information about the reward structure or the button-to-planet mapping. I will choose arm 3 as an exploratory move to gather data on a new arm, as the current context (1, 1, -1) is entirely unknown for all arms/planets.",20,D,B,A,C
3,LLM_Gemini_3_Flash,3,1,1,-1,3,C,0,exploit,0,"Button 3 yielded the highest reward (20) in the current context state (1, 1, -1) during Trial 2. Since the current context matches the context of Trial 2, I will exploit this by choosing Button 3 again, assuming it corresponds to a high-reward planet for these conditions.",21,D,B,A,C
3,LLM_Gemini_3_Flash,4,1,-1,-1,3,C,0,exploit,0,"Button 3 has been chosen twice in context (M:1, K:1, N:-1) yielding rewards 20 and 21, suggesting it might be a high-reward arm for this or similar contexts. Since the current context (M:1, K:-1, N:-1) is somewhat different, but Button 3 is the only one with observed data, I will exploit this existing positive signal, assuming it might generalize or that the mapping revealed by the previous two identical contexts is strong. Exploration of other arms (0, 1, 2) is necessary but exploiting the currently known best-performing arm seems reasonable for the next step given the limited history.",27,D,B,A,C
3,LLM_Gemini_3_Flash,5,1,1,-1,3,C,0,exploit,0,"Button 3 has been played three times, yielding rewards of 20, 21, and 27 in the context (1, 1, -1). The current context is identical to the last two plays of Button 3, suggesting it is currently the most reliable high-value option. Since the rewards are clustered around 20-21, I will exploit this observation, as there is not enough information on other buttons to warrant exploration yet.",14,D,B,A,C
3,LLM_Gemini_3_Flash,6,1,-1,-1,3,C,0,exploit,0,"Button 3 has been chosen three times in contexts where Mercury=1 and Nobelium=-1 (two with Krypton=1, one with Krypton=-1), yielding rewards of 20, 21, and 27. This cluster suggests Button 3 might be highly rewarding under the current context (Mercury=1, Krypton=-1, Nobelium=-1). Since Button 3 provided the highest reward (27) in this exact context (Trial 4), exploiting this promising arm is the best strategy for now, as we have relatively strong evidence for this specific context.",14,D,B,A,C
3,LLM_Gemini_3_Flash,7,-1,1,1,1,B,0,explore,1,"Button 3 has been played 5 times and seems to yield rewards between 14 and 27. However, buttons 0, 1, and 2 have never been played, so their reward functions and mappings are completely unknown. Given the current context (-1, 1, 1) is unique so far, I will choose button 1 to gather initial data on one of the unplayed arms before committing to exploiting button 3, which shows high variance. This is an exploration move.",56,D,B,A,C
3,LLM_Gemini_3_Flash,8,1,-1,-1,3,C,0,exploit,0,"Button 3 has been heavily chosen (4 times) and yielded high rewards (average ~19.75) compared to Button 1 (average 36.5, but only 2 trials, one very high 56). Button 3 was chosen 3 times under the current context configuration (M=1, K=1, N=-1 or M=1, K=-1, N=-1), resulting in rewards of 20, 21, 27, and 14. Given the current context is M=1, K=-1, N=-1, the previous rewards for Button 3 in this exact state were 27 (T4) and 14 (T6). This is the most frequently tested arm under similar contexts, leading to an exploitation choice.",24,D,B,A,C
3,LLM_Gemini_3_Flash,9,1,-1,1,1,B,0,exploit,0,"Button 1 has yielded very high rewards (17, 56) in contexts where Mercury=1 or Krypton=-1, especially the context (-1, 1, 1) which gave 56. The current context is (1, -1, 1). Given the high payoff observed in trial 7 for a somewhat similar context, and the general high average reward for Button 1 so far (Avg ~36.5), I will exploit this arm, prioritizing it over Button 3 which has high variance but an average reward of ~20.2 based on the current context signals.",25,D,B,A,C
3,LLM_Gemini_3_Flash,10,-1,1,-1,3,C,0,exploit,0,"Button 3 has been pulled 6 times, yielding rewards between 14 and 27 (Average ~20.8). Buttons 0 and 2 have never been pulled. Button 1 has shown high variance (17, 25, 56), suggesting a strong context dependency, but Button 3 has provided the most consistent and relatively high baseline rewards across varied contexts tested so far, including contexts similar to the current one (e.g., T4: [1, -1, -1] -> 27; T6: [1, -1, -1] -> 14, T8: [1, -1, -1] -> 24). The current context is [-1, 1, -1]. Since Button 3 has been sampled significantly more often and its observed rewards are decent, exploiting it is the current best strategy. Button 1's high reward (56) was for context [-1, 1, 1], which is different from the current context. Button 3 is the statistically safest exploit choice among the sampled arms.",51,D,B,A,C
3,LLM_Gemini_3_Flash,11,1,1,-1,3,C,0,exploit,0,"Button 3 has been highly correlated with high rewards (20, 21, 27, 14, 14, 24, 51) in contexts where Mercury=1 and Krypton=1, or related contexts. The current context is (M=1, K=1, N=-1). Button 3 was played three times in this exact context with rewards 20, 21, and 14. Given the strong history favoring Button 3 in similar high-context reward situations, and lacking any data for Buttons 0 or 2, exploiting the currently best-known option (Button 3) is the optimal immediate strategy, even though the average reward for this specific context (20+21+14)/3 = 18.33, which is just moderate compared to the outlier reward of 56 seen on Button 1.",28,D,B,A,C
3,LLM_Gemini_3_Flash,12,1,-1,-1,3,C,0,exploit,0,"Button 3 has been heavily sampled (8 times) and consistently performs well (Avg ~24.17) under contexts featuring Mercury=1. The current context (M=1, K=-1, N=-1) has been played 3 times with Button 3, yielding rewards of 27, 14, and 24. Given the high frequency of play for Button 3 and its relatively good performance compared to Button 1's volatile rewards (17, 56, 25), I will exploit Button 3, as it seems to correspond to a planet that rewards Mercury=1, which is active now. No other button has been tested under this specific context.",19,D,B,A,C
3,LLM_Gemini_3_Flash,13,-1,-1,1,0,D,0,explore,1,"Buttons 1 and 3 have been tried several times, showing high variance but some good rewards (especially Button 1). Button 3 seems highly variable. Buttons 0 and 2 have never been chosen. Given the current context (-1, -1, 1), I will choose Button 0 to gather initial data on an unobserved arm, as exploration is still necessary.",54,D,B,A,C
3,LLM_Gemini_3_Flash,14,1,-1,1,0,D,0,exploit,0,"The current context is (Mercury: 1, Krypton: -1, Nobelium: 1). Button 0 was only pulled once (Trial 13) under the context (-1, -1, 1) yielding 54. Button 1 (pulled twice in contexts where Mercury= -1) yielded 17 and 56. Button 3 has been heavily explored and shows highly variable rewards (14-28) across contexts involving Mercury=1. Button 2 has never been pulled. 
Given the current context (1, -1, 1), Button 0 provided a high reward (54) in the context (-1, -1, 1) (Trial 13). While the contexts are different, Button 3 seems highly inconsistent and volatile when Mercury=1. 
Button 0 is the most promising based on limited data where a high reward was obtained when Nobelium=1. Since Button 2 is completely unknown, I will continue to exploit the relatively high reward seen from Button 0, as its previous observation suggests high potential for this reward structure, even though the context differs slightly.",50,D,B,A,C
3,LLM_Gemini_3_Flash,15,1,-1,-1,3,C,0,exploit,0,"Button 3 has been pulled 7 times, primarily under the context (1, -1, -1) where it yielded rewards (27, 14, 24, 19) averaging 21. It was also pulled under (1, 1, -1) yielding (20, 21, 28) averaging 23. Button 0 showed high rewards (54, 50) under context (-1, -1, 1) and (1, -1, 1) respectively. Button 1 showed high rewards (17, 56, 25) under various contexts. Button 2 has never been pulled. The current context is (1, -1, -1), which has been tested extensively with Button 3, suggesting it is the most reliable choice based on past observations, likely corresponding to a planet that rewards highly under this specific condition.",22,D,B,A,C
3,LLM_Gemini_3_Flash,16,-1,-1,1,2,A,0,explore,1,"Buttons 0, 1, and 3 have been played multiple times, providing some data. Button 2 has never been chosen. Given the current context (-1, -1, 1) and the high reward observed for Button 0 in this exact context (Trial 13: 54), I must explore Button 2 to understand its potential reward profile before committing to exploitation, as Button 2 might correspond to the planet giving high rewards in this context. Button 0 is a strong candidate, but exploration is still necessary.",56,D,B,A,C
3,LLM_Gemini_3_Flash,17,-1,1,-1,0,D,0,exploit,0,"Button 0 has shown very high rewards (54, 50) when the context was [-1, -1, 1] and [1, -1, 1] respectively. Button 2 showed high reward (56) for context [-1, -1, 1]. Button 1 showed high reward (56) for context [-1, 1, 1]. Button 3 generally yields lower rewards (avg ~21). The current context is [-1, 1, -1]. Since Button 0 has been highly responsive to other contexts (especially those involving -1 for Nobelium or -1 for Mercury), and we have no data for Button 0 in the current context [-1, 1, -1], I will choose Button 0 as the best available option based on its high observed variance, leaning towards the highest observed rewards in general. However, based on the pattern deduction, Button 1 or 2 might also be good candidates if they represent the high-reward planets. Given the limited exploration, I'll stick to Button 0 as it has shown strong potential, although this choice is slightly leaning towards exploration in a strict sense for this specific context, I classify it as exploit based on the general high performance seen from the arms that showed high rewards (0, 1, 2).",43,D,B,A,C
3,LLM_Gemini_3_Flash,18,-1,1,1,2,A,0,exploit,0,"The current context is (-1, 1, 1). Button 1 was pulled once under this exact context (Trial 7) yielding 56. Button 2 was pulled once under context (-1, -1, 1) (Trial 16) yielding 56. Button 0 was pulled under context (-1, 1, -1) (Trial 17) yielding 43, and under (-1, -1, 1) (Trial 13) yielding 54. Button 3 has been pulled many times but consistently shows lower rewards when (M=-1) or (K=1, N=-1) etc., compared to the high rewards seen on 0, 1, and 2 under specific contexts. Given the high reward from Button 1 in the current context (-1, 1, 1) on Trial 7 (56), I choose to exploit Button 1. Re-checking history: Trial 7: Context (-1, 1, 1), Button 1, Reward 56. I must choose Button 1, not Button 2, for this specific context. My initial analysis mapped Button 2's high reward to the wrong context or button. Correct choice for context (-1, 1, 1) is Button 1 based on trial 7.",18,D,B,A,C
3,LLM_Gemini_3_Flash,19,-1,-1,1,0,D,0,exploit,0,"The current context is (-1, -1, 1). Button 0 was played twice in this context, yielding rewards of 54 (Trial 13) and 50 (Trial 14), with an average of 52. Button 2 was played once in this context (Trial 16) yielding 56. Button 1 was not played in this context. Given the strong historical performance of Button 0 in this exact context, it is the most reliable choice based on current evidence, despite Button 2's single, slightly higher payoff in the same context. I choose 0 as the exploitation move due to more observed data, treating it as the likely best arm for this specific context combination until more data can confirm otherwise.",55,D,B,A,C
3,LLM_Gemini_3_Flash,20,-1,-1,1,2,A,0,exploit,0,"The current context is (M=-1, K=-1, N=1). 
Button 0 was played 3 times with this context, yielding rewards {54, 50, 55}, avg $\approx 53.0$.
Button 2 was played once with this context, yielding a reward of 56.
Button 1 was played once with this context, yielding 17.
Button 3 was not played with this context.

Based on the high average reward for the single instance of this context observed for Button 2 (56) compared to Button 0 (53.0) and Button 1 (17), Button 2 is the most promising choice for exploitation in this specific context (M=-1, K=-1, N=1). I will exploit this promising signal pattern.",47,D,B,A,C
3,LLM_Gemini_3_Flash,21,-1,1,-1,0,D,0,exploit,0,"Button 0 has been pulled 5 times, yielding rewards of 54, 50, 43, 55, 55 (Avg: 51.2). Button 2 has been pulled 4 times, yielding 56, 18, 47, 56 (Avg: 44.75). Button 1 has been pulled 3 times, yielding 17, 25, 25 (Avg: 22.33). Button 3 has been pulled 11 times, yielding an average reward much lower than 0 and 2. The current context is (-1, 1, -1). Button 0 has produced high rewards in this exact context twice (43 and 51.2 average). Given the strong historical performance of Button 0 in this specific context, I choose to exploit it.",50,D,B,A,C
3,LLM_Gemini_3_Flash,22,1,1,-1,0,D,0,exploit,0,"Button 0 has been pulled 7 times across 4 distinct contexts, yielding high average rewards (avg ~50.8) specifically when Mercury=-1. The current context has Mercury=1, Krypton=1, Nobelium=-1. Button 3 has been pulled 8 times mostly in contexts similar to the current one (Mercury=1, Krypton=1, Nobelium=-1, occurring 5 times) with an average reward of ~21.4. Given the strong historical performance of Button 0 when Mercury=-1, and Button 3's mediocre performance in the current context's signature, I need more data on Button 0 for Mercury=1. However, Button 1 has only been pulled 2 times and Button 2 has been pulled 4 times, with Button 1 showing high variance (17, 56) and Button 2 showing moderate variance (56, 18, 47, 56 - excluding the low 18, avg ~49.5). Based purely on maximizing expected reward given current context (Mercury=1, Krypton=1, Nobelium=-1), Button 3 is the most tested for this exact context, averaging 21.4. Button 0 has never been tested with this exact context. Given the high historical returns for Button 0 in related contexts, I will gamble on Button 0 being superior to Button 3, even though Button 3 is the most observed for this specific context vector. Re-evaluating: Button 3 has 5 pulls for the current context vector with an average reward of 21.4. Button 0 has 0 pulls for this vector. Since the exploration phase hasn't ended, and the data for Button 3 in this specific context is relatively consistent (albeit low), choosing Button 3 for exploitation based on direct observation is safer than Button 0. Wait, let's re-examine Button 1. For context (-1, 1, 1), B1=56. For context (1, -1, 1), B1=25. Since Button 3 seems to yield low rewards (avg 21.4) for this context, I will explore Button 1 or 2 which have shown high rewards in other contexts, or stick to the highest observed reward in this context (Button 3, reward 21). Button 0 has shown high rewards in other contexts. I will choose Button 1 to explore its potential since it had one very high reward (56) and one low (17) in other contexts, to see if it is better than the established low yield of Button 3 for this context.",56,D,B,A,C
3,LLM_Gemini_3_Flash,23,1,1,-1,0,D,0,exploit,0,"The current context (Mercury=1, Krypton=1, Nobelium=-1) has been played on Button 0 three times, yielding rewards of 56, 56, and 56. This suggests Button 0 is highly profitable in this state. Other buttons have been played much less or yielded lower average rewards for the context they were played in. I will exploit the consistent high reward from Button 0 for this specific context.",48,D,B,A,C
3,LLM_Gemini_3_Flash,24,1,-1,-1,0,D,0,exploit,0,"The current context is (M=1, K=-1, N=-1). 
Button 3 has been heavily pulled (10 times) in this exact context, yielding rewards averaging (27+14+24+19+22)/5 = 20.8, but it also had low rewards (14, 14).
Button 0 has been pulled 6 times in this context (or very similar contexts where M=1 and N=-1).
Specifically for (M=1, K=-1, N=-1) (Trial 4, 6, 12, 15):
- Button 3 pulled 4 times: Rewards 27, 14, 24, 19, 22 (Average 21.2). (Note: I miscounted the first time, there are 5 pulls on B3 for this context in history: T4, T6, T12, T15, T8). Let's re-examine B3 pulls in (M=1, K=-1, N=-1):
T4: B3, R=27
T6: B3, R=14
T8: B3, R=24
T12: B3, R=19
T15: B3, R=22
Average for B3 in (1, -1, -1) is (27+14+24+19+22)/5 = 21.2.

Button 0 has only been pulled once when M=1, K=-1, N=1 (T14, R=50). 

Let's look at planets associated with high rewards in the current context (M=1, K=-1, N=-1):
Context (1, -1, -1) shows B3 averaging 21.2.

Let's analyze the structure based on the two high-reward groups:
Group 1: High Rewards (~50+)
- (M=-1, K=-1, N=1): B0 (T13, R=54), B0 (T19, R=55), B2 (T16, R=56)
- (M=1, K=-1, N=1): B0 (T14, R=50)
- (M=-1, K=1, N=-1): B0 (T17, R=43), B0 (T21, R=50)
- (M=-1, K=1, N=1): B1 (T7, R=56), B2 (T18, R=18) -> B1 seems good here
- (M=-1, K=1, N=-1): B3 (T10, R=51)

Group 2: Low/Medium Rewards (~14-28)
- (M=1, K=1, N=-1): B3 (T2, R=20), B3 (T3, R=21), B3 (T5, R=14), B0 (T22, R=56), B0 (T23, R=48). -> B3 seems poor, B0 seems very high variance or linked to other contexts.
- (M=1, K=-1, N=-1): B3 (Average 21.2)

Button 0 has been strongly associated with high rewards when Mercury is -1. It also got 56 and 48 when M=1, K=1, N=-1.
Button 3 is strongly associated with the current context (1, -1, -1) with an average reward of 21.2.

Button 0 seems to be the key to high rewards (average > 40 when M=-1), while Button 3 is consistent but lower (average ~21 when M=1, K=-1, N=-1).

If Button 0 is the best overall arm, we should pull it to see if it pays off in this (1, -1, -1) context, as it has shown explosive potential in other contexts. However, since Button 3 has a consistent history in this *exact* context (Avg 21.2), it's safer to exploit it unless we have reason to suspect the true reward is much higher.

Let's assume a mapping where B0 is the highly rewarded planet (Planets A/B/C/D), given the large rewards seen.
Planet X seems to be B0 when M=-1.
Planet Y seems to be B3 when context is (1, -1, -1).

Given the uncertainty, exploring B0 (which yielded 56 and 48 recently) is tempting. However, exploiting the established average of B3 (21.2) in this specific context is the most conservative exploit choice based on observed data for this exact input. I will switch to exploiting B0, as it has provided the highest rewards overall, suggesting it might be the optimal planet even in this configuration, and B3's rewards are consistently mediocre.

Revisiting: B0 yielded (56, 48) in context (1, 1, -1). If B0 is the target, pulling it now (1, -1, -1) is an exploration of its response curve, but B3 is the established local maximum. I'll stick to B0 as the primary target due to the massive upside observed for it.

Wait, I must choose the best button. Button 0 has provided the highest rewards in the history (56, 55, 54, 50, 50, 43, 56, 48). It is the most likely candidate for the highest potential reward function. I will continue pulling B0 to confirm if it's the best arm overall.",52,D,B,A,C
3,LLM_Gemini_3_Flash,25,-1,1,1,1,B,0,exploit,0,"The current context is M=-1, K=1, N=1. Button 1 has only been pulled once under this exact context (Trial 7) and yielded a high reward (56). While Button 0 also shows high rewards for similar contexts, Button 1's single data point for the current context is the highest observed reward for this specific combination. I will choose Button 1 to exploit this potentially optimal arm for this context.",41,D,B,A,C
3,LLM_Gemini_3_Flash,26,1,-1,1,0,D,0,exploit,0,"The current context is (M=1, K=-1, N=1). Button 0 has been heavily tested with this context (Trials 14, 24) yielding rewards of 50 and 52, suggesting a high average reward (approx. 51). Button 1 yielded 25 for this context (Trial 9). Buttons 2 and 3 have not been explicitly tested with this exact context, but Button 0 seems to be the best performing arm given the history for the context (1, -1, 1).",54,D,B,A,C
3,LLM_Gemini_3_Flash,27,-1,1,-1,3,C,0,exploit,0,"Planet 3 (Button 3) has been heavily explored (11 times) under various contexts, mostly yielding medium rewards (avg ~21.4). However, the current context (-1, 1, -1) was pulled in Trial 10, resulting in a high reward of 51 from Button 3. Buttons 0, 1, and 2 show high variance or seem linked to specific contexts. Button 0 frequently yields high rewards (avg ~52.5) but under different contexts. Button 3 is the known arm for the current context (-1, 1, -1) based on Trial 10, which gave 51, making it the best exploitative choice over other currently unexplored or lower-yielding options for this specific context based on past results.",42,D,B,A,C
3,LLM_Gemini_3_Flash,28,1,-1,1,0,D,0,exploit,0,"Analyzing previous results: Button 3 has generally low rewards (14-28, except T10: 51, T27: 42). Buttons 0, 1, and 2 show high rewards in specific contexts (mostly > 40).

Context C = {M: 1, K: -1, N: 1}.

Observations for Context C:
- Trial 14 (Button 0): Reward 50
- Trial 26 (Button 0): Reward 54
- Trial 9 (Button 1): Reward 25 (Low, but only one data point for this exact context).

Button 0 has yielded high rewards (50, 54) specifically for context C={M: 1, K: -1, N: 1}. Button 1 yielded 25 for this context once. Given the consistency of high rewards for Button 0 when this context appears, choosing Button 0 is the strongest exploitation strategy.",48,D,B,A,C
3,LLM_Gemini_3_Flash,29,1,1,-1,0,D,0,exploit,0,"Button 0 has shown consistently high rewards (avg ~51.5) across various contexts, including the current one (M=1, K=1, N=-1) where it produced 56 and 48. Buttons 1, 2, and 3 show lower or highly volatile average rewards. I will exploit the high historical performance of Button 0 for the current context.",52,D,B,A,C
3,LLM_Gemini_3_Flash,30,-1,1,-1,0,D,0,exploit,0,"The current context is M=-1, K=1, N=-1. Button 0 has been played 13 times in this context or similar contexts, yielding an average reward of approximately 50.5. Button 3 was played once in this exact context (Trial 10) yielding 51, and once more (Trial 27) yielding 42. Button 2 and 1 have very few plays under this specific context. Given the consistent high performance of Button 0 when M=-1 and K=1 (even with N=1 or N=-1), and the moderately low performance of Button 3 in this context, Button 0 appears to be the best choice based on observed history.",54,D,B,A,C
3,LLM_Gemini_3_Flash,31,-1,-1,1,0,D,0,exploit,0,"The current context is M=-1, K=-1, N=1. 
Button 0 has been chosen 14 times in this context (Trials 13, 14, 19, 20, 21, 22, 23, 24, 26, 28, 29, 30 are not this context, recalculating based on history):

Context M=-1, K=-1, N=1 occurred at Trials: 1, 13, 16, 19, 20.
- Trial 1 (Button 1): Reward 17
- Trial 13 (Button 0): Reward 54
- Trial 16 (Button 2): Reward 56
- Trial 19 (Button 0): Reward 55
- Trial 20 (Button 2): Reward 47

Average for Button 0: (54 + 55) / 2 = 54.5 (2 pulls)
Average for Button 1: 17 / 1 = 17.0 (1 pull)
Average for Button 2: (56 + 47) / 2 = 51.5 (2 pulls)

Based on past observations for this exact context (M=-1, K=-1, N=1), Button 0 (Avg 54.5) and Button 2 (Avg 51.5) seem highly rewarding compared to Button 1 (Avg 17.0). Button 0 has provided slightly better historical results in this specific context. Button 3 has never been tested in this context.
Given the strong history for Button 0 in this specific context, I choose to exploit Button 0.",48,D,B,A,C
3,LLM_Gemini_3_Flash,32,-1,-1,1,0,D,0,exploit,0,"The current context is (Mercury: -1, Krypton: -1, Nobelium: 1). Button 0 has been played 17 times in this exact context, yielding an average reward of approximately 51.47. Buttons 1, 2, and 3 have either not been played in this context or have yielded significantly lower average rewards when they were played under similar or related contexts (though this context is unique in the history). Based on the strong historical performance for this specific context with Button 0, I choose to exploit this knowledge.",46,D,B,A,C
3,LLM_Gemini_3_Flash,33,-1,1,-1,0,D,0,exploit,0,"Button 0 has been played extensively (21 times) and shows high average rewards, particularly when the context is close to the current one (Mercury=-1, Krypton=1, Nobelium=-1). The rewards for button 0 in this context are {43, 50, 54, 56, 52, 48, 54} with an average of 50.86. Buttons 1, 2, and 3 have fewer or less consistent high rewards in contexts similar to the current one. Button 0 appears to be the best option based on historical data.",52,D,B,A,C
3,LLM_Gemini_3_Flash,34,-1,1,-1,0,D,0,exploit,0,"The current context is {Mercury: -1, Krypton: 1, Nobelium: -1}. Button 0 has been pulled 19 times with an average reward of 51.26. Button 1 has been pulled 3 times with an average reward of 30.67. Button 2 has been pulled 3 times with an average reward of 49.33. Button 3 has been pulled 10 times with an average reward of 20.40. Button 0 appears to be the best option based on previous high rewards, especially in similar contexts (e.g., Trial 17, 21, 30, 33 yielded rewards 43, 50, 54, 52 for Button 0 under this exact context). Button 0 is chosen to exploit this observed high performance.",48,D,B,A,C
3,LLM_Gemini_3_Flash,35,1,-1,-1,0,D,0,exploit,0,"The current context is (Mercury: 1, Krypton: -1, Nobelium: -1). Button 0 has yielded the highest and most consistent average reward (Avg ~51.6 from 19 pulls) across contexts that heavily feature this button. Specifically, in the 5 previous times this exact context occurred, Button 3 was chosen 5 times with an average reward of 21.4, while Button 0 was only chosen once (Trial 24) yielding 52. Given the strong performance of Button 0 when it is chosen, I will exploit this by choosing Button 0, betting that it corresponds to a planet that performs well under the current context or that Button 3's initial high rewards were misleading and it is actually a low-value arm for this context.",50,D,B,A,C
3,LLM_Gemini_3_Flash,36,1,1,-1,0,D,0,exploit,0,"Button 0 has been played 26 times and shows consistently high rewards, especially in recent trials for the current context [1, 1, -1] (rewards of 56, 48, 52, 54). Buttons 1, 2, and 3 have significantly fewer plays or show lower average returns across the sampled contexts. Given the current context [1, 1, -1] is heavily associated with high rewards from button 0, I will exploit this finding.",48,D,B,A,C
3,LLM_Gemini_3_Flash,37,-1,1,-1,0,D,0,exploit,0,"Button 0 has been overwhelmingly chosen (30 times) and consistently yields high rewards (average around 51.1) across various contexts, suggesting it maps to a high-reward planet. Buttons 1, 2, and 3 have fewer pulls and highly variable or lower rewards. Given the current context (-1, 1, -1), Button 0 is the most reliably high-performing option observed so far, making exploitation the best strategy.",60,D,B,A,C
3,LLM_Gemini_3_Flash,38,1,-1,-1,0,D,0,error,0,Error: 'NoneType' object has no attribute 'arm_choice',52,D,B,A,C
3,LLM_Gemini_3_Flash,39,-1,-1,1,0,D,0,exploit,0,"The current context is {Mercury: -1, Krypton: -1, Nobelium: 1}. Button 0 has been heavily pulled (30 times) in this exact context, yielding an average reward of approximately 52.47, and has been the primary choice for many high-reward contexts, suggesting it is a strong candidate. Buttons 1, 2, and 3 have yielded much lower or highly variable rewards in past plays, and have not been tested extensively in this specific context. Button 0 appears to be the best known option for this context.",46,D,B,A,C
3,LLM_Gemini_3_Flash,40,-1,1,-1,0,D,0,exploit,0,"Button 0 has been played 31 times and consistently yields high rewards (Average ~51.9) across various contexts, especially when Mercury=-1, which is the current context. Buttons 1, 2, and 3 have shown lower or more volatile average rewards (Button 1 avg ~30.5, Button 2 avg ~51.5, Button 3 avg ~22.8). For the current context (M=-1, K=1, N=-1), Button 0 has provided rewards of 50, 43, 50, 52, 54, 48, 52, 48, 60. This suggests Button 0 is currently the best choice based on observed data, leading to an 'exploit' decision.",50,D,B,A,C
3,LLM_Gemini_3_Flash,41,1,1,-1,2,A,0,exploit,0,"Button 0 has been heavily explored (33 times) and seems to perform best when Mercury=-1 and Krypton=1 (Avg reward ~53 for context M=-1, K=1, N=-1, or M=-1, K=1, N=1). Button 3 performed poorly when first tested (Avg ~20). Buttons 1 and 2 have very few pulls. 

Button 1 has only 3 pulls: (T1: 17 for [-1,-1,1]), (T7: 56 for [-1,1,1]), (T25: 41 for [-1,1,1]). High variance.
Button 2 has only 3 pulls: (T16: 56 for [-1,-1,1]), (T18: 18 for [-1,1,1]), (T20: 47 for [-1,-1,1]). High variance.

However, the current context is [1, 1, -1]. 

Button 0's average for [1, 1, -1] (trials 2, 3, 5, 11, 22, 23, 29, 36) is (20+21+14+28+56+48+52+48)/8 = 35.875.

Button 3 was chosen 5 times with context [1, 1, -1] (Trials 2, 3, 5, 11) and averaged ~20.5, but was later pulled with this context and gave 28 (T11) and 52 (T29 for Button 0). It seems Button 3 has low rewards for this context based on early trials.

Given the high average reward of Button 0 (35.875) for this specific context [1, 1, -1], and the limited information suggesting Button 0 is robustly high in many states (especially when M=-1, K=1), I will stick with the most heavily sampled high performer for this context, which is Button 0. Wait, I re-checked the history: Button 0 was chosen for context [1, 1, -1] in trials 22, 23, 29, 36, with rewards 56, 48, 52, 48 (Avg 51). Button 3 was chosen for [1, 1, -1] in trials 2, 3, 5, 11 with rewards 20, 21, 14, 28 (Avg 19.75).

Therefore, Button 0 is clearly superior for the current context [1, 1, -1] based on observed rewards.
(Self-Correction: The initial context analysis for Button 0 was based on *all* pulls for Button 0, not just the specific context [1, 1, -1].)

Recalculating for Context [1, 1, -1]:
- Button 0 pulled 4 times: Rewards 56, 48, 52, 48. Average = 51.0
- Button 3 pulled 4 times: Rewards 20, 21, 14, 28. Average = 19.75

Button 0 is the clear choice for exploitation.",41,D,B,A,C
3,LLM_Gemini_3_Flash,42,-1,-1,1,0,D,0,exploit,0,"The current context is M=-1, K=-1, N=1. Button 0 has been heavily explored in this specific context, yielding an average reward of approximately 51.0 (48, 54, 50, 52, 48, 46, 52, 48, 50, 46). Button 1, 2, and 3 have either never been pulled in this context or have yielded lower average rewards in related contexts. Exploiting the well-established high average of Button 0 for this context is the best strategy now.",53,D,B,A,C
3,LLM_Gemini_3_Flash,43,-1,1,1,0,D,0,exploit,0,"Button 0 has been pulled 30 times and shows a high average reward (approx 51.8) across various contexts. Button 2 was pulled 4 times with a high average reward (approx 47.5) but seems context-dependent (high reward when M=-1, N=1, but lower reward when M=1, N=-1). Button 1 was pulled 3 times with a high reward (56) in context (-1, 1, 1) but only once in the current context (-1, 1, 1) yielding 56. Button 3 shows low/mid rewards (avg approx 22.5) when explored. Given the current context is (-1, 1, 1), which previously gave a high reward of 56 with Button 1 (Trial 7) and 41 with Button 1 (Trial 25), and Button 0 has been very consistent and high yielding (e.g., 52, 54, 50, 60, 50 for this context or similar contexts for Button 0), Button 0 appears to be the most reliable high-reward option, potentially mapping to the planet with the highest overall expected utility or the best response for this specific context. I will exploit Button 0 due to its high historical performance in the last 20 trials, especially in contexts similar to the current one where it has consistently performed well.",59,D,B,A,C
3,LLM_Gemini_3_Flash,44,1,-1,1,0,D,0,exploit,0,"The current context is (M=1, K=-1, N=1). Button 0 has been heavily selected (35 times) in this context state (or states very similar to it) and has shown consistently high average rewards (Average reward for Button 0 across all trials is ~51.6, and specifically for contexts where M=1, K=-1, N=1, the average is 51.0 based on 4 previous pulls). Button 1, 2, and 3 have very few pulls or only pulled in different contexts, making Button 0 the most reliable choice for exploitation under the current context.",47,D,B,A,C
3,LLM_Gemini_3_Flash,45,-1,1,1,0,D,0,exploit,0,"Button 0 has been heavily explored across all 8 context scenarios and shows consistently high average rewards, especially for the current context (-1, 1, 1) where its average reward is (56+41+59)/3 = 52. Button 1 was only tried once in this context with reward 56, but Button 0 has more observations and is likely mapping to the best overall performing planet in this scenario. Buttons 2 and 3 have much lower average rewards across contexts or haven't been seen in this specific context enough times to suggest they are better than Button 0's established performance here.",57,D,B,A,C
3,LLM_Gemini_3_Flash,46,1,-1,-1,2,A,1,exploit,0,"Button 3 was heavily explored in low-reward contexts (Avg. ~21) and is likely a low-reward planet. Buttons 0, 1, and 2 have shown high average rewards across various contexts. Specifically, Button 2 showed high rewards (56, 18, 47, 41) but only 4 pulls. Given the current context (Mercury=1, Krypton=-1, Nobelium=-1), we look for the best known performance. Button 0 has been pulled 29 times, suggesting it might map to a medium/high-reward planet but its average rewards are not as high as 1 or 2 when considering specific contexts. Button 2's reward of 41 in context (1, 1, -1) is the only data point that shares some context with the current one, but it's not directly comparable. However, button 2 in context (-1, -1, 1) gave 56 and 47, and in context (1, 1, -1) gave 41. Button 1 in context (-1, -1, 1) gave 17, and in context (-1, 1, 1) gave 56 and 41. Button 0 has a very high average reward, pulling it again is safe exploitation. Button 2 has shown high variance but high potential. Since Button 0 is heavily exploited and showing good but not spectacular returns in many contexts, I will try Button 2 which has less data but might yield higher rewards, although 0 seems the safest high-value bet. Re-evaluating: Button 0 has provided the most consistently high rewards across many contexts where other buttons were also tried. In the current context (1, -1, -1), Button 3 was pulled 5 times with rewards 27, 14, 24, 19, 22 (Avg: 21.2). Button 0 was pulled in this exact context in trial 4 with a reward of 27. Since Button 0 has a high overall average (Avg ~51.5 across 29 pulls) and has performed well in this exact context before (27), it is the best candidate for exploitation. I choose Button 0.",84,D,B,A,C
3,LLM_Gemini_3_Flash,47,1,1,-1,0,D,0,exploit,0,"Button 0 has been pulled 33 times and consistently yields high rewards (Avg ~52.5), especially under the current context [1, 1, -1] where it returned 56, 48, 52, 48, 52, 48, 50, 52, 50 (Average of 50.2 over 9 plays in this context).
Button 3 has shown high variance (Avg ~27.7) and Button 1 and 2 have been pulled too few times to be certain, although Button 2 showed a very high reward of 84 in one instance. Given the high frequency and stability of Button 0's rewards, especially matching the context type of the current state, exploiting Button 0 is the current best strategy. Note: The current context [1, 1, -1] has only been pulled once before on Button 3 (reward 20) and many times on Button 0 (high average). I will stick with the dominant, well-explored option 0.",51,D,B,A,C
3,LLM_Gemini_3_Flash,48,-1,-1,1,0,D,0,exploit,0,"The current context is M=-1, K=-1, N=1. Button 0 has been played 31 times, primarily under this context (or similar contexts that resulted in high rewards like M=1, K=-1, N=1 which also gave high rewards when played on button 0). Button 0 has shown very high average rewards (Avg ~52.4 for this context group, ignoring outliers from early exploration). Buttons 1, 2, and 3 have much less data or lower observed averages for similar inputs, and Button 0 has consistently provided the best overall results, especially when M=-1, K=-1, N=1 appeared (Average reward for Button 0 with C=[-1, -1, 1] is 50.25 across 4 trials: 54, 48, 46, 53). I will exploit the established high performance of Button 0.",53,D,B,A,C
3,LLM_Gemini_3_Flash,49,-1,1,1,0,D,0,exploit,0,"Button 0 has been heavily tested (35 times) and shows very high average rewards (Avg: 52.77) across many contexts, particularly in the current context (M=-1, K=1, N=1) where it has yielded rewards of 60, 59, 57. Buttons 1, 2, and 3 have been played much less, and based on current data, Button 0 appears to be the most consistently high-performing arm, especially for the current context where Button 0 has the strongest positive historical performance.",48,D,B,A,C
3,LLM_Gemini_3_Flash,50,-1,1,1,0,D,0,exploit,0,"Button 0 has been heavily explored across all contexts and shows a very high average reward (mean reward around 51.5), especially in contexts similar to the current one (-1, 1, 1). Buttons 1, 2, and 3 have been tested far less frequently, and Button 0 appears to be the best performing arm based on aggregated historical data. For the current context (-1, 1, 1), Button 0 has yielded high rewards (59, 57, 48, 41) in previous trials, suggesting it is likely the optimal choice here.",52,D,B,A,C
4,LLM_Gemini_3_Flash,1,1,1,-1,0,A,0,explore,1,"Since this is the first trial, I have no history to base any decision on. I must choose an arm (Button 0) to begin gathering data. Any choice is essentially an exploration.",48,A,B,C,D
4,LLM_Gemini_3_Flash,2,-1,1,-1,1,B,1,explore,1,"Only one trial has been executed (Button 0 gave 48 when context was [1, 1, -1]). With only one data point, the mapping and reward functions are highly uncertain. The current context is [-1, 1, -1]. I will choose Button 1 next to gather initial data for a new arm, prioritizing exploration to build a robust model, rather than exploiting the single noisy data point from Button 0.",77,A,B,C,D
4,LLM_Gemini_3_Flash,3,1,1,-1,0,A,0,exploit,0,"The current context (1, 1, -1) matches Trial 1. Button 0 yielded a high reward of 48 in that instance. Since this is the only data point matching the current context, I will exploit this observed high reward, assuming the mapping remains consistent.",50,A,B,C,D
4,LLM_Gemini_3_Flash,4,1,-1,-1,2,C,0,explore,1,"Only buttons 0 and 1 have been tested, yielding high rewards (avg ~49 and ~77). Given the small sample size and the need to discover the mapping and reward structures for all four planets, I will choose button 2 to gather initial data on an untested arm, as high variance in rewards suggests potential for high returns on unexplored options. The current context (1, -1, -1) has not been seen before.",15,A,B,C,D
4,LLM_Gemini_3_Flash,5,1,-1,-1,2,C,0,exploit,0,"The current context is M=1, K=-1, N=-1. Button 2 was chosen once in this exact context (Trial 4) and yielded a reward of 15. While this is only one sample, it's the only data point for this specific context. The other buttons were tried under different contexts. I will exploit this single observation for now, as it's the only available information for the current state, assuming the reward structure is somewhat consistent. Given the limited data, this is a weak exploit, but a directed choice based on the most recent, relevant observation.",19,A,B,C,D
4,LLM_Gemini_3_Flash,6,-1,-1,1,1,B,0,exploit,0,"The current context is [Mercury: -1, Krypton: -1, Nobelium: 1]. I have limited data. Button 1 yielded the highest reward (77) in trial 2 under context [M:-1, K:1, N:-1]. Button 2 has shown low rewards (15, 19) when Mercury=1, Nobelium=-1. Since Button 1 gave a high reward previously, and I need more data on Button 3 and the mapping, I will choose Button 1 again, betting on it being a high-value arm for this general region of the context space, as it is the only high-value point observed so far. Given the very limited data, this leans towards an opportunistic exploit, preferring the single high observation over further exploration of potentially low-yielding arms (like Button 2).",21,A,B,C,D
4,LLM_Gemini_3_Flash,7,-1,1,-1,1,B,1,exploit,0,"The current context is M=-1, K=1, N=-1. Button 1 has provided the highest reward (77) in the only previous instance with this exact context (Trial 2). Although Button 3 has never been pulled, the strong positive signal from the last time Button 1 was pulled in this specific context suggests it is the most promising option now.",81,A,B,C,D
4,LLM_Gemini_3_Flash,8,-1,1,1,3,D,0,explore,1,"Buttons 0, 1, and 2 have been sampled several times, but Button 3 has never been chosen. The current context is (-1, 1, 1). Since we have limited data on the reward structure and no information for Button 3, the best strategy is to explore it now to gather crucial initial data, even though Button 1 has shown high rewards in similar contexts (-1, 1, -1). Exploration of unchosen arms is prioritized early in the game.",52,A,B,C,D
4,LLM_Gemini_3_Flash,9,1,-1,-1,2,C,0,exploit,0,"The current context is (Mercury=1, Krypton=-1, Nobelium=-1). Button 2 was chosen twice previously with this exact context, yielding rewards of 15 and 19. Button 1 was chosen once with this context (Trial 4) yielding 15. Button 0 and 3 have not been tested with this specific context yet. Given that Button 2 has shown a slightly better average reward (17 vs 15 for Button 1) for this specific context so far, I choose to exploit Button 2. The observed data strongly suggests that the mapping for this context strongly favors the arm chosen twice (Button 2) or the arm chosen once (Button 1).",18,A,B,C,D
4,LLM_Gemini_3_Flash,10,-1,1,1,1,B,0,exploit,0,"Button 1 has shown very high rewards (77, 81) when pulled under the context (-1, 1, -1). The current context is (-1, 1, 1). Button 3 was pulled once under the current context (-1, 1, 1) yielding 52. Button 1 seems to be the most promising arm based on previous high returns, even though the Nobelium signal changed. I will exploit the strong performance observed with arm 1, as the difference in context is small and arm 1 has proven high potential.",48,A,B,C,D
4,LLM_Gemini_3_Flash,11,1,1,-1,0,A,0,exploit,0,"The current context (M=1, K=1, N=-1) has been tested twice on Button 0, yielding rewards of 48 and 50, with an average of 49. Button 1 has high variability (77, 81, 48) under different contexts. Button 2 seems associated with lower rewards (15, 19, 18) when M=1, N=-1. Button 3 only has one data point (52) in a unique context. Given the current context matches previous high-reward observations for Button 0, exploitation is favored here, assuming Button 0 maps to the most reliable high-reward arm for this specific context.",44,A,B,C,D
4,LLM_Gemini_3_Flash,12,-1,1,-1,1,B,1,exploit,0,"Button 1 has shown high rewards (77, 81) under the context (-1, 1, -1), which matches the current context. Button 3 has only been tried once in a similar context yielding 52, but Button 1 has a much stronger history for this specific context type. Given the strong performance of Button 1 specifically when Krypton=1 and Nobelium=-1 (irrespective of Mercury in the observed cases), I will exploit this observed high average reward (Avg: (77+81)/2 = 79) for the current context (-1, 1, -1).",84,A,B,C,D
4,LLM_Gemini_3_Flash,13,-1,1,-1,1,B,1,exploit,0,"Button 1 has consistently yielded the highest rewards (avg 79.0) specifically in the context [-1, 1, -1], which is the current context. This suggests Button 1 maps to a planet highly rewarded under these conditions. Exploiting this high-performing arm is the best immediate strategy.",71,A,B,C,D
4,LLM_Gemini_3_Flash,14,1,-1,1,1,B,0,exploit,0,"Analyzing the data: 
Button 0 (Trials 1, 3, 11): Contexts (1, 1, -1) yielded rewards 48, 50, 44. Average: 47.7.
Button 1 (Trials 2, 6, 7, 10, 12, 13): Contexts (-1, 1, -1) gave 77, 21, 81, 48. Context (-1, -1, 1) gave 21. Context (-1, 1, -1) is highly variable (avg ~64).
Button 2 (Trials 4, 5, 9): Context (1, -1, -1) yielded rewards 15, 19, 18. Average: 17.3.
Button 3 (Trials 8): Context (-1, 1, 1) yielded reward 52.

The current context is (Mercury: 1, Krypton: -1, Nobelium: 1). This context has not been tested yet.

Button 2 performed very poorly (avg 17.3) when tested with the similar context (1, -1, -1). 
Button 0 seems to prefer (1, 1, -1) (avg 47.7).
Button 1 showed high rewards (77, 81) for context (-1, 1, -1), suggesting it might be a high earner, although it also had a very low reward (21) for (-1, -1, 1).

Given the high rewards seen from Button 1 in similar contexts (especially when Mercury is off), and the low performance of Button 2, I will choose Button 1 as a primary candidate for high expected reward, despite the current context (1, -1, 1) being untested for it. However, since we must select a button, and based on the established high variance/potential of Button 1 versus the consistently low returns of Button 2, Button 1 is the most promising arm to exploit for now, although a direct test of the current context (1, -1, 1) is needed next time if Button 1 doesn't perform well. 

Re-evaluating: Button 3 had a decent reward (52) for ( -1, 1, 1). Since the current context is (1, -1, 1), this is slightly different. Given the lack of data for the exact current context, and the general performance trends, I will exploit the arm that has shown the highest *potential* rewards, which is Button 1 (max 84), hoping the current context (1, -1, 1) aligns with its better performing states. If I were to explore, I would pick Button 3 or test a new context on Button 1. Choosing 1 as exploit based on highest observed variance and potential.

*Self-Correction based on optimal bandit strategy*: Since no arm has been tested with (1, -1, 1), purely, choosing the arm with the best historical average/potential (Button 1) is the exploitation choice. Button 1 has seen rewards up to 84.",23,A,B,C,D
4,LLM_Gemini_3_Flash,15,-1,1,1,3,D,0,explore,1,"Button 3 has only been chosen once (Trial 8) under context (-1, 1, 1) yielding 52. The current context is also (-1, 1, 1). Buttons 0, 1, and 2 have varying averages, but Button 3 is the least tested. Given the current high-frequency context where Button 1 performed well (avg 77.3 for (-1, 1, -1)), and Button 0 performed moderately (avg 47 for (1, 1, -1)), I will choose Button 3 to gain more information about its potential reward profile, as it's currently the most unknown option for this specific context.",50,A,B,C,D
4,LLM_Gemini_3_Flash,16,-1,1,1,1,B,0,exploit,0,"The current context is {M: -1, K: 1, N: 1}. Button 1 has been pulled 6 times under this exact context, yielding rewards [48, 48, 84, 71, 23 (discrepancy, possibly different planet mapping or high noise, let's re-examine)].
Recalculating based on full history for context {M: -1, K: 1, N: 1}:
Trial 8: Button 3, Reward 52
Trial 10: Button 1, Reward 48
Trial 15: Button 3, Reward 50

Wait, I need to re-examine the history for the exact context {Mercury: -1, Krypton: 1, Nobelium: 1}:
Trial 8: Chosen Button 3, Reward 52.
Trial 10: Chosen Button 1, Reward 48.
Trial 15: Chosen Button 3, Reward 50.

Let's check the average reward for the buttons pulled under this context:
Button 1: Avg(48) = 48 (1 pull)
Button 3: Avg((52+50)/2) = 51 (2 pulls)

Other context {M: -1, K: 1, N: -1}:
Button 1 was pulled 4 times with high rewards (77, 81, 84, 71). Average ~78.

Given the very sparse and mixed results for the exact context {M: -1, K: 1, N: 1} (Buttons 1 and 3 being chosen), and noting that Button 1 performed very well under a similar context ({M: -1, K: 1, N: -1}), I will explore Button 3 again, as it has shown slightly higher average reward (51 vs 48) for the specific current context. However, since Button 1 has historically performed better overall (higher max reward observed for a similar context), I will switch strategy to exploit Button 1, assuming it might still be the generally better arm or the signal dependence is complex and favors Button 1.

Revisiting the available data for {M: -1, K: 1, N: 1}:
Button 1 Avg: 48
Button 3 Avg: 51

Exploiting the slightly better average for Button 3 (51 vs 48) for the *exact* context.
(Previous thought process favored Button 1 due to high rewards in similar contexts, but for pure exploitation based on limited data for this exact context, Button 3 is marginally superior (51 vs 48)).

Final decision: Exploit Button 3 based on the small sample average for the current context (Avg(B3)=51, Avg(B1)=48).",51,A,B,C,D
4,LLM_Gemini_3_Flash,17,1,-1,-1,2,C,0,exploit,0,"Button 2 has only been played when context is (1, -1, -1), yielding rewards averaging (15+19+18)/3 = 17.33. This specific context (1, -1, -1) is the current context. Since Button 2 has shown the lowest rewards across its few trials compared to Button 0 (avg ~48) and Button 1 (avg ~67), I will exploit the current low signal combination by choosing Button 2, assuming it corresponds to a low-reward planet under these conditions. I must assume that the pattern observed for Button 2 (low reward) is more reliable than the other buttons which haven't been tested in this exact current context.",7,A,B,C,D
4,LLM_Gemini_3_Flash,18,1,-1,1,1,B,0,exploit,0,"Analyzing the history:
Button 0 (3 trials): Context (1, 1, -1) -> Avg Reward (49.0)
Button 1 (7 trials): Contexts vary, observed rewards are high (77, 21, 48, 84, 71, 23, 51). Average reward seems high, especially for contexts involving Krypton=1 or Nobelium=1.
Button 2 (4 trials): Context (1, -1, -1) -> Avg Reward (15.75)
Button 3 (2 trials): Context (-1, 1, 1) -> Avg Reward (51.0)

For the current context (Mercury=1, Krypton=-1, Nobelium=1):
- Button 2 has historically been very low (Avg 15.75) for the context (1, -1, -1), which matches the current context signals perfectly across 4 trials (15, 19, 18, 7). This strongly suggests Button 2 corresponds to a planet that yields low rewards in this specific state.
- Button 1 has shown high variability but generally higher payoffs than Button 2. In Trial 14, Button 1 was chosen with context (1, -1, 1) and yielded 23. Given the strong negative signal from Button 2, Button 1 is the next best guess based on partial evidence in the most similar context seen for that arm.

Exploiting the data: Button 2 seems strongly associated with low rewards for the current context type. Button 1 has shown higher overall rewards in past observations, making it the most likely candidate for the highest reward in this state until more data differentiates the high-reward arms (0, 1, 3).",20,A,B,C,D
4,LLM_Gemini_3_Flash,19,-1,1,-1,1,B,1,exploit,0,"Button 1 has been consistently pulled when Krypton=1 and Mercury=-1, yielding high rewards (77, 81, 71, 48, 51). The current context is Mercury=-1, Krypton=1, Nobelium=-1, which matches this high-reward cluster strongly associated with button 1. Although button 1 also pulled when context was (1, -1, 1) yielding 23 and 20, the current context is a strong match for its historically highest-yielding condition (when Krypton=1, Nobelium=-1). Therefore, exploiting button 1 is the best strategy for the current context.",79,A,B,C,D
4,LLM_Gemini_3_Flash,20,-1,1,1,1,B,0,exploit,0,"Button 1 has been chosen 9 times, showing high variance but an average reward of ~57. The context (-1, 1, 1) has been seen 4 times for Button 1, yielding rewards (48, 51) and for Button 3 yielding (52, 50). Button 1 shows higher potential reward when it appears under this context. Given the high number of pulls on Button 1, I will exploit based on the average performance on similar contexts, favoring Button 1 over Button 3 for the current context (-1, 1, 1) where Button 1 has shown slightly higher rewards recently, despite Button 3 being tried less.",52,A,B,C,D
4,LLM_Gemini_3_Flash,21,1,1,-1,1,B,1,exploit,0,"The current context is (Mercury=1, Krypton=1, Nobelium=-1). Button 0 has been played 3 times under this exact context, yielding rewards (48, 50, 44), with an average of 47.33. Button 1 has not been played in this specific context. However, Button 1 shows very high rewards (Avg ~79) when Krypton=1 and Nobelium=-1, regardless of Mercury (Trials 2, 7, 12, 13, 19). Given the strong historical performance of Button 1 when Krypton=1 and Nobelium=-1, and the decent performance of Button 0 in this exact state, I will exploit Button 1 as it has shown a higher potential reward profile in similar high-signal states (high Krypton, low Nobelium), indicating it is likely associated with a high-reward planet configuration, whereas Button 0's rewards are consistently moderate.",81,A,B,C,D
4,LLM_Gemini_3_Flash,22,1,-1,-1,1,B,0,exploit,0,"The current context is (M=1, K=-1, N=-1). Button 1 has been played 12 times and shows a very high average reward (approx 61.5) when Button 1 is played with this context pattern (Contexts M=1, K=-1, N=-1 occurred in trials 4, 5, 9, 17, yielding rewards 15, 19, 18, 7, average 15.0). However, when Button 1 was played in trials 14 and 18 (Context M=1, K=-1, N=1), rewards were 23 and 20. The high rewards for Button 1 occurred when the context was different, especially when Krypton=1 (Trials 2, 7, 10, 12, 13, 16, 19, 20, 21, where K=1). Specifically, for contexts where K=1, Button 1 averages around 64. Given the current context (K=-1), Button 2 has provided the lowest average reward (15.0 over 4 trials for this context). Button 0 shows intermediate rewards (Avg 47.7 for M=1, K=1, N=-1). Button 3 has only been tested twice with different contexts. Given the strong performance of Button 1 when K=1, and the relatively low performance of Button 2 when K=-1, I will choose Button 1 as the current best guess, hoping it corresponds to a planet that still performs well even when K=-1, or that the previous low results for Button 2 in this specific context are more indicative. Re-evaluating the average reward for Button 1 across all trials is $\approx 54.38$. Re-evaluating Button 2 average reward is $\approx 15.67$. I will exploit Button 1 based on its generally high overall performance until more data for the current specific context (1, -1, -1) for all arms is gathered. Given the extremely low rewards seen for Button 2 in this exact context, Button 1 remains the safest exploit choice.",53,A,B,C,D
4,LLM_Gemini_3_Flash,23,-1,1,1,1,B,0,exploit,0,"Button 1 has been chosen 12 times, generating high rewards (avg ~68.6) particularly when Krypton=1. In the current context (M=-1, K=1, N=1), Button 1 has shown the highest average reward (Avg of 5 pulls: ~64.8). Buttons 0, 2, and 3 have been played significantly less or yielded lower average rewards in relevant contexts. Button 1 is the strongest candidate for exploitation.",50,A,B,C,D
4,LLM_Gemini_3_Flash,24,1,1,-1,1,B,1,exploit,0,"Button 1 has been pulled 14 times, showing a very high average reward (Avg approx 68.2) specifically under the context M=1, K=1, N=-1 (high rewards 81, 44, 81) and M=-1, K=1, N=-1 (high rewards 77, 84, 71, 79) and M=-1, K=1, N=1 (high rewards 48, 51, 50, 52, 50). The current context is M=1, K=1, N=-1, which strongly favors button 1 based on previous results (R=48, 50, 44). I will exploit this known high-performing arm for this context.",82,A,B,C,D
4,LLM_Gemini_3_Flash,25,1,-1,1,1,B,0,exploit,0,"Button 1 has been pulled 16 times, yielding an average reward of 60.31. It seems to perform well when Krypton=-1 (average 36.5) and very well when Krypton=1 (average 66.1). The current context is (M=1, K=-1, N=1). Button 1 has previously given 20 and 23 in this specific context (or similar ones). Button 3 has shown moderate rewards (average 51.0) with the context (M=-1, K=1, N=1). Button 0 is inconsistent (average 47.6) and Button 2 seems low (average 17.2). Based on past performance, Button 1, despite the lower reward in similar contexts previously, has the highest overall average and thus is the best exploit choice among the frequently tested arms. Since Button 1 has been the most frequently chosen arm (16 times) and has the highest overall average reward (60.31), I will exploit this by choosing it again, hoping the reward in this specific context (M=1, K=-1, N=1) is higher than the observed 20 and 23.",15,A,B,C,D
4,LLM_Gemini_3_Flash,26,-1,-1,1,1,B,0,exploit,0,"Button 1 has been heavily explored (21 pulls) and shows a very high average reward (mean ~62.3) across various contexts, especially when Krypton=1 (mean ~67.5). The current context (Mercury=-1, Krypton=-1, Nobelium=1) is the only context for which Button 1 has shown a lower reward (Trial 6: 21, Trial 14: 23). However, Button 1 appears to be the generally highest-yielding arm overall. Since the other arms (0, 2, 3) have low exploration or low average rewards (Button 2 avg ~18.5, Button 0 avg ~48, Button 3 avg ~51), exploiting Button 1 is the best strategy given the history, despite the current context being slightly suboptimal for it.",27,A,B,C,D
4,LLM_Gemini_3_Flash,27,1,-1,1,1,B,0,exploit,0,"Button 1 has been played 19 times and shows a high average reward across various contexts, often receiving rewards in the 50-84 range, suggesting it might map to a high-value planet or one that responds positively to the current context. The current context (M=1, K=-1, N=1) has only been played once with button 1, yielding 23, but other contexts with button 1 are generally high. Buttons 0, 2, and 3 have very few plays or show low/inconsistent rewards. I will exploit button 1 based on its overall strong historical performance compared to others, especially since button 3 (played twice with M=-1, K=1, N=1) showed an average of 51, and button 1 has shown much higher peaks. Given the current context, button 1 is the most historically promising choice.",19,A,B,C,D
4,LLM_Gemini_3_Flash,28,-1,1,1,1,B,0,exploit,0,"Button 1 has been chosen 21 times and yielded the highest rewards (Avg ~64.8) across many contexts, suggesting it corresponds to a high-reward planet. For the current context (-1, 1, 1), Button 1 has been played 6 times with rewards averaging 50.8. Button 3 (played twice in this context, Avg 51) is the only other button played under this specific context. Given Button 1's overall superior performance and the decent performance in this specific context, I choose to exploit Button 1. Button 0 and 2 show much lower average returns (Button 0 Avg ~47.7 over 3 trials, Button 2 Avg ~17.7 over 6 trials).",50,A,B,C,D
4,LLM_Gemini_3_Flash,29,1,-1,1,1,B,0,exploit,0,"Button 1 has been chosen 23 times and yielded the highest total reward (1460, avg ~63.48), frequently appearing under contexts where Button 0 or Button 3 might perform well. Button 2 seems consistently low-reward (avg ~16.67). The current context (M=1, K=-1, N=1) has been played once on Button 1 (Trial 14) yielding 23. However, Button 1 is generally the highest performing arm overall. Given the context (M=1, K=-1, N=1) is similar to Trial 18 (M=1, K=-1, N=1, Reward=20) played on Button 1, but Button 1 has shown extremely high variance and high average reward across many other contexts (e.g., for M=-1, K=1, N=-1, Button 1 averaged ~79), I will exploit the overall observed high performance of Button 1, despite the specific outcome on this exact context being low previously, as it is the most explored and highest-performing arm by a large margin.",22,A,B,C,D
4,LLM_Gemini_3_Flash,30,1,-1,1,3,D,0,exploit,0,"Button 1 is overwhelmingly favored and shows high rewards (average ~68) particularly when Krypton is 1, suggesting it maps to a high-reward planet for that context. Given the current context (M=1, K=-1, N=1), Button 1 is likely suboptimal here (Reward=23, 19, 22, 15). Button 3 has only been played once in context (M=-1, K=1, N=1) yielding 52. The current context (M=1, K=-1, N=1) hasn't been fully explored by any button except Button 1 which performed poorly (average 19.5). However, Button 1 has shown a massive drop in reward when Krypton switches from 1 to -1 (from ~75 to ~20). Button 3 has only been tested once (Trial 8) which might correspond to a planet that performs well under some contexts. Since the pattern for Button 1 seems established as highly dependent on Krypton=1, I will pivot to Button 3, as it's the only one besides Button 2 that hasn't been heavily over-sampled in previous contexts, or Button 0/2 which seem low reward generally. Given the uncertainty and the relatively large payoff from Button 3's single observation (52 vs average 18-20 for Button 1/2 in similar low-K situations), exploiting Button 3 seems like a reasonable calculated risk given the high volume of data on Button 1's poor performance when K=-1.",40,A,B,C,D
4,LLM_Gemini_3_Flash,31,1,-1,-1,1,B,0,exploit,0,"Button 1 has been chosen 21 times and shows very high average rewards (Avg $\approx 57.2$) across various contexts, particularly when Krypton=1 (Avg $\approx 67.5$). The current context (M=1, K=-1, N=-1) resulted in a reward of 15 (Trial 4) and 19 (Trial 5) when Button 2 was chosen. Button 1 was chosen 1 time in this exact context (Trial 22) yielding 53. Given the overall performance and the high rewards observed for Button 1 in general, I will exploit Button 1, as it seems highly variable but generally high-paying, and the context M=1, K=-1, N=-1 yielded 53 previously for Button 1.",45,A,B,C,D
4,LLM_Gemini_3_Flash,32,-1,1,-1,1,B,1,exploit,0,"Button 1 has been played 21 times, primarily in contexts where Krypton=1, and yielded very high average rewards (Avg approx 66.7). The current context has Krypton=1, suggesting Button 1 is likely the best choice based on observed high performance when Krypton is active. Button 0 appears responsive to Mercury=1, Krypton=1 (Avg ~47.75), and Button 2 seems poor when Krypton=-1 (Avg ~16.75). Button 1 is the most consistent high-reward arm so far, especially with Krypton=1.",81,A,B,C,D
4,LLM_Gemini_3_Flash,33,1,1,-1,1,B,1,exploit,0,"Button 1 has been played 24 times and consistently yields high rewards (average around 60-80) in contexts where (M, K, N) is (-1, 1, -1), (1, 1, -1), or (-1, 1, 1). The current context is (1, 1, -1), for which Button 1 has provided rewards 48, 44, 81, 82. This suggests Button 1 maps to a high-reward planet under these conditions. Buttons 0, 2, and 3 have lower or more variable average rewards. Given the high frequency and consistent performance of Button 1 in similar contexts, exploiting it for the current context (1, 1, -1) is the best strategy.",79,A,B,C,D
4,LLM_Gemini_3_Flash,34,-1,1,1,1,B,0,exploit,0,"Button 1 has been heavily explored (30 trials) and shows a very high average reward (approx. 64.5) when the context is [M:-1, K:1, N:-1] (avg ~79.5 over 9 trials) or [M:-1, K:1, N:1] (avg ~50.9 over 10 trials) or other contexts. Button 1 seems to be associated with one of the high-reward planets, particularly the one reacting strongly to Krypton=1. Given the current context [M:-1, K:1, N:1], Button 1 has yielded rewards around 50-52 previously (Trials 8, 10, 15, 16, 20, 23, 28). This is the most frequently pulled arm in contexts related to the current one, and it seems to be the best performer overall, despite the low rewards seen on other buttons (2 and 3). I will continue exploiting Button 1 as it consistently provides decent to high rewards.",38,A,B,C,D
4,LLM_Gemini_3_Flash,35,1,-1,-1,1,B,0,exploit,0,"Button 1 has been played 26 times and consistently yields high rewards (average ~63.7) across various contexts. For the current context (M=1, K=-1, N=-1), Button 1 has yielded rewards of 53, 45, and an average of ~60 for similar contexts, suggesting it is currently the best performing arm. I will exploit this high average reward.",40,A,B,C,D
4,LLM_Gemini_3_Flash,36,-1,1,-1,1,B,1,exploit,0,"Button 1 has been chosen 27 times and consistently yields high rewards (average ~65.3) in contexts where Krypton=1, especially when compared to buttons 0, 2, and 3. The current context is Mercury=-1, Krypton=1, Nobelium=-1. Button 1 was pulled 8 times under this exact context, yielding rewards between 71 and 84 (Average: 78.125). This suggests Button 1 is currently mapped to the highest yielding planet for this specific context. Therefore, exploiting this strong observed pattern is the best strategy.",80,A,B,C,D
4,LLM_Gemini_3_Flash,37,-1,1,1,1,B,0,exploit,0,"Button 1 has been overwhelmingly chosen (30 times) and consistently yields high rewards (mostly 70s-80s when M=-1, K=1, N=-1, and 40s-50s when M=-1, K=1, N=1), suggesting it corresponds to a high-reward planet, likely one highly rewarded when Krypton=1. Given the current context (M=-1, K=1, N=1), Button 1 has provided rewards around 50. Button 0 seems high when M=1, K=1, N=-1 (rewards 44-50). Button 2 seems very low when M=1, K=-1, N=-1 (rewards 7-19). Button 3 has been sampled little. Since Button 1 has the most data for the current context pattern (M=-1, K=1, N=1) yielding average ~50, I will exploit this, as it seems to be the safest high-yielding option observed for this context pattern, even though other contexts for Button 1 yield much higher rewards. Exploiting Button 1 is the best statistical choice based on previous plays for this specific context.",46,A,B,C,D
4,LLM_Gemini_3_Flash,38,-1,1,1,1,B,0,exploit,0,"Button 1 has been heavily chosen across many contexts and shows highly variable rewards, often high (e.g., 70s-80s when M=-1, K=1, N=-1; or 80s when M=1, K=1, N=-1). For the current context (M=-1, K=1, N=1), Button 1 has been chosen 8 times with rewards averaging around 48.4. Button 3 was chosen twice in this exact context with rewards 52 and 50. Since Button 1 has the most data overall and shows high potential in similar contexts, I will continue to exploit it, expecting a moderate reward (around 50) or higher, as it is the most explored arm.",45,A,B,C,D
4,LLM_Gemini_3_Flash,39,1,1,-1,1,B,1,exploit,0,"Button 1 has been played 31 times across various contexts and shows a very high average reward (around 63.8), especially when Mercury=1/Krypton=1 (avg ~81) or Mercury=-1/Krypton=1 (avg ~69.6). The current context (M=1, K=1, N=-1) strongly favors button 1 based on past high rewards. Other buttons have shown lower or more volatile performance, suggesting Button 1 is currently the best exploitation choice.",87,A,B,C,D
4,LLM_Gemini_3_Flash,40,1,-1,-1,1,B,0,exploit,0,"Button 1 has been played 31 times and consistently yields high rewards when Mercury=1, Krypton=1, Nobelium=-1 (Avg ~83) or Mercury=-1, Krypton=1, Nobelium=-1 (Avg ~77). The current context is Mercury=1, Krypton=-1, Nobelium=-1. Button 1 has been played 4 times in this specific context, yielding rewards 15, 19, 7, 40, 45, 53, 40 (Average 29.7). However, button 1 has the highest overall average reward (Mean ~54.3, N=31), suggesting it is the best candidate overall, despite lower observed rewards for this specific context so far. Buttons 0, 2, and 3 have very few plays or less consistent high yields. Given the overwhelming history for button 1, I will exploit it once more, hoping the low average in this specific context was due to noise or that this specific context is not the absolute best for the current best arm.",42,A,B,C,D
4,LLM_Gemini_3_Flash,41,1,-1,1,1,B,0,exploit,0,"Button 1 has been played 33 times and has yielded the highest average reward (approx. 59.4) across various contexts. For the current context (Mercury=1, Krypton=-1, Nobelium=1), Button 1 has been played 4 times with rewards (23, 20, 53, 45), averaging 35.25. However, Button 2 shows very low rewards (avg 17.3 for 3 plays) and Button 0/3 have few plays. Given the high overall average of Button 1, and its consistent performance, it is the most likely candidate for the best current choice, prioritizing exploitation based on the accumulated data, even if the specific context reward for Button 1 is lower than its overall average.",26,A,B,C,D
4,LLM_Gemini_3_Flash,42,1,-1,1,1,B,0,exploit,0,"Button 1 has been chosen 34 times, yielding high average rewards (Avg ~58.97) and exhibiting high variance, suggesting it corresponds to one of the highly rewarding planets. Given the current context (M=1, K=-1, N=1), Button 1 has been played 5 times in this exact context, yielding rewards: [23, 20, 26, 26, 26] (Avg ~23.6), but in adjacent contexts (M=1, K=-1, N=-1) it yielded low rewards (Avg ~28.2), and in (M=-1, K=-1, N=1) it yielded rewards [27]. The highest single reward (87) was achieved with Button 1 in a context similar to the current one (M=1, K=1, N=-1). Overall, Button 1 is the most frequently pulled arm and has shown a tendency towards moderate to high rewards across many contexts, while other buttons have very limited data. Exploiting Button 1 seems best based on frequency and observed rewards, despite the specific context (M=1, K=-1, N=1) being somewhat ambiguous based on the small sample size for that exact context. I will continue to exploit the most frequently played arm which has shown good overall performance.",18,A,B,C,D
4,LLM_Gemini_3_Flash,43,1,1,-1,1,B,1,exploit,0,"Button 1 has been played 35 times and consistently yields high rewards (average > 50, often > 70) specifically when Mercury=1, Krypton=1 (T1, T3, T11, T21, T24, T33, T39) or when Mercury=-1, Krypton=1 (T2, T7, T12, T13, T19, T32, T36). The current context is M=1, K=1, N=-1, which is a highly rewarded context for Button 1 based on past data (Avg(T1, T3, T11, T39) = (48+50+44+87)/4 = 59.25, but T33 gave 79, T24 gave 82, T21 gave 81, suggesting high variance or a strong signal). Button 0 only appeared when M=1, K=1, N=-1 (Avg = 47), Button 2 only when M=1, K=-1, N=-1 (Avg = 16.4), and Button 3 only 4 times in different contexts. Button 1 shows the highest overall and context-specific reward potential. I will exploit Button 1.",79,A,B,C,D
4,LLM_Gemini_3_Flash,44,-1,1,-1,1,B,1,exploit,0,"Button 1 has been played 37 times and consistently yields high rewards (average ~65.19) across many contexts. The current context (-1, 1, -1) has been played 9 times on Button 1, yielding an average reward of 78.22. Buttons 0, 2, and 3 have lower overall averages or have not been tested with this specific context combination enough to suggest they are better than Button 1 for this scenario. I will exploit the observed high performance of Button 1 in this context.",78,A,B,C,D
4,LLM_Gemini_3_Flash,45,-1,1,1,1,B,0,exploit,0,"Button 1 has been played 36 times and consistently yields high rewards (average ~65) for the current context (M=-1, K=1, N=1). Buttons 0, 2, and 3 have yielded much lower average rewards across various contexts, suggesting Button 1 maps to the highest yielding planet for this specific context. Exploitation is justified here due to the high frequency of plays for Button 1 under this context.",48,A,B,C,D
4,LLM_Gemini_3_Flash,46,-1,-1,1,1,B,0,exploit,0,"Button 1 has been played 39 times and consistently yielded high rewards (average around 60-80) in many contexts, especially when Krypton=-1 or Krypton=1 with Nobelium=-1. Given the current context (Mercury=-1, Krypton=-1, Nobelium=1), Button 1 was played once in Trial 6 yielding a reward of 27. However, Button 1 has shown the highest overall performance and is associated with high reward contexts. The next best options (Button 0 and Button 2) have high rewards associated with different contexts. Button 3 has only been played twice with modest rewards (52, 40). Since Button 1 dominates the history, I will continue exploiting it, even though the specific context (-1, -1, 1) yielded a lower reward (27) previously. It is the most robust high-performing arm overall.",22,A,B,C,D
4,LLM_Gemini_3_Flash,47,-1,-1,1,1,B,0,exploit,0,"Button 1 has been chosen 36 times and consistently yields high rewards (averaging around 60-80) across many contexts, suggesting it maps to one of the high-value planets. The current context [-1, -1, 1] has only been sampled once with Button 1 (Trial 6, Reward 21), which was low, but 35 other samples from Button 1 suggest high average performance. Given the limited exploration budget remaining (50 trials total, 46 completed), exploiting the historically best-performing arm, Button 1, is the optimal strategy unless strong evidence suggests otherwise for this specific context. Since Button 1 shows overall high performance, I will continue exploiting it.",17,A,B,C,D
4,LLM_Gemini_3_Flash,48,-1,1,-1,1,B,1,exploit,0,"Button 1 has been chosen 38 times and yielded the highest average reward (approx. 61.18), with a very high reward (70+) when Mercury=-1, Krypton=1, Nobelium=-1 (the current context). Buttons 0, 2, and 3 have shown much lower average rewards and/or less consistent high performance. Given the history, Button 1 is the strongest candidate for the best expected reward in this context.",72,A,B,C,D
4,LLM_Gemini_3_Flash,49,1,1,-1,1,B,1,exploit,0,"Button 1 has been chosen 38 times and consistently yields high rewards (average around 60-80) when Mercury=1, Krypton=1, Nobelium=-1, or Mercury=-1, Krypton=1, Nobelium=-1. For the current context (M=1, K=1, N=-1), Button 1 has yielded rewards of 48, 50, 44, 82, 79, 79. Button 0 appears to be good for this context too (rewards 48, 50, 44). However, Button 1 has been played far more frequently in this specific context configuration across trials 1, 3, 11, 24, 33, 39, 43, suggesting it is the most reliably high-reward arm when M=1, K=1, N=-1 is present across the history, even if the mapping isn't fully known. Button 1 is the overwhelmingly dominant choice based on observed history, thus exploiting it is the best strategy.",78,A,B,C,D
4,LLM_Gemini_3_Flash,50,1,1,-1,1,B,1,exploit,0,"Button 1 has been pulled 40 times and consistently yields high rewards (average around 65), especially in the current context (M=1, K=1, N=-1) where the last pull yielded 78. Buttons 0, 2, and 3 have much less data or consistently lower rewards. Given the current context matches a frequently tested high-reward scenario for Button 1, exploiting this option is optimal.",78,A,B,C,D
5,LLM_Gemini_3_Flash,1,-1,1,-1,0,A,0,explore,1,"Since there is no prior history, I must begin by exploring all arms to start gathering data on their reward structures and mapping to the planets (A, B, C, D) under the current context (M=-1, K=1, N=-1). Choosing arm 0 for the first pull.",21,A,B,D,C
5,LLM_Gemini_3_Flash,2,1,-1,1,1,B,0,explore,1,"Only one trial has occurred, providing almost no data to establish reward patterns or the button-to-planet mapping. Button 0 yielded a high reward (21) under context (-1, 1, -1). Since all other buttons (1, 2, 3) are completely unknown, I will choose button 1 to gather initial information about a new arm, favoring exploration until more data is available.",15,A,B,D,C
5,LLM_Gemini_3_Flash,3,-1,-1,1,3,C,1,explore,1,"Only two trials have occurred, providing very little data to reliably estimate the reward functions for the four planets and their mapping to the four buttons. The current context is unique (-1, -1, 1). Since buttons 2 and 3 have never been pulled, selecting button 3 is an exploration move to gather data on its reward profile under the current context signals, aiming to build a more robust model for future exploitation.",73,A,B,D,C
5,LLM_Gemini_3_Flash,4,1,-1,1,1,B,0,exploit,0,"Button 1 was chosen in Trial 2 with context (-1, 1, -1) and yielded a reward of 15. The current context (1, -1, 1) is the exact opposite of Trial 2's context. Since Button 1 yielded a decent reward previously, and we have no data on Buttons 0 or 2 in the current context, exploiting the known history is slightly preferred over exploring the untested Button 2, although exploration is still highly relevant given the minimal data. I am selecting Button 1 as a guess based on the only non-zero reward observed so far, although Button 2 is the unexplored option.",19,A,B,D,C
5,LLM_Gemini_3_Flash,5,-1,1,1,3,C,1,exploit,0,"Button 3 yielded the highest reward (73) in trial 3 with context (-1, -1, 1). Since the current context is (-1, 1, 1) and we have limited data, exploiting the highest observed reward for a relatively unique context seems marginally better than exploring buttons 0, 1, or 2 which have shown lower rewards or are not yet well-tested in similar high-reward scenarios. Button 2 has never been chosen. Given the high variance in rewards seen (15 to 73), exploiting the maximum historical payoff is the current best heuristic.",76,A,B,D,C
5,LLM_Gemini_3_Flash,6,-1,1,-1,0,A,0,exploit,0,"The current context (-1, 1, -1) matches Trial 1, where Button 0 yielded a reward of 21. Since this is the only direct match so far, I will exploit this observed reward, assuming Button 0 corresponds to the best-performing arm for this specific context configuration based on limited data.",26,A,B,D,C
5,LLM_Gemini_3_Flash,7,1,1,-1,2,D,0,explore,1,"Buttons 0, 1, and 3 have been played 2 times each, but Button 2 has never been played. Given the current context (M=1, K=1, N=-1), exploration is required to gather data on Button 2 and to further refine estimates for the mapping of the other buttons. I will choose Button 2 (the least explored arm) to maximize information gain about the overall system.",51,A,B,D,C
5,LLM_Gemini_3_Flash,8,-1,1,-1,3,C,0,exploit,0,"The current context is (-1, 1, -1). Button 3 was previously pulled twice in this exact context (Trial 3: 73, Trial 5: 76, though Trial 5 context was slightly different, the rewards are consistently high). When Button 3 was pulled with context (-1, -1, 1) it yielded 73, and with context (-1, 1, 1) it yielded 76. Given the high historical rewards associated with button 3, it is likely mapped to a high-reward planet that responds well to the presence of Krypton (1) or Nobelium (1). Since button 3 has provided the highest observed rewards, I will exploit this choice in the current context which shares the same Mercury and Nobelium values as Trial 1 (where button 0 was pulled for 21 and 26). Based purely on high observed rewards for this button, 3 is the best choice.",44,A,B,D,C
5,LLM_Gemini_3_Flash,9,1,1,-1,2,D,0,exploit,0,"Button 2 has only been pulled once (Trial 7) under context (M=1, K=1, N=-1) yielding a reward of 51. This suggests Planet X might have a high reward when M=1, K=1, N=-1. Since the current context (M=1, K=1, N=-1) matches the only observed context for Button 2, I will exploit this potential high reward. Buttons 0 and 3 have been pulled multiple times, and Button 1 has been pulled twice, but Button 2 offers the highest single observed reward for the exact current context.",54,A,B,D,C
5,LLM_Gemini_3_Flash,10,-1,1,1,3,C,1,exploit,0,"The current context is (Mercury: -1, Krypton: 1, Nobelium: 1). Button 3 has been chosen twice in this exact context (Trial 5: 76, Trial 8: 44, although Trial 8 context was slightly different but Button 3 was chosen). Looking at the history, Button 3 gave the highest reward (76) when the context was exactly (-1, 1, 1) at Trial 5. While Trial 8 context was (-1, 1, -1) giving 44, Button 3 seems to perform very well under contexts involving Krypton=1 and Nobelium=1 or Krypton=1. Given the high previous payout for this exact context, exploiting Button 3 is the best current strategy. Buttons 0 and 2 have shown moderate rewards, and Button 1 has shown lower rewards.",89,A,B,D,C
5,LLM_Gemini_3_Flash,11,1,1,-1,2,D,0,exploit,0,"Button 2 has only been pulled twice (Trials 7 and 9), both times with context (1, 1, -1), yielding rewards 51 and 54. The current context is also (1, 1, -1). Given these consistent, relatively high rewards (average 52.5), it suggests Button 2 is performing well for this specific context. Buttons 0 and 3 have more data but seem less consistent or lower yielding in general, while Button 1 has only two data points from a different context. I will exploit the current best-observed option for this context.",47,A,B,D,C
5,LLM_Gemini_3_Flash,12,-1,1,-1,3,C,0,exploit,0,"Button 3 has been played 4 times, yielding rewards [73, 76, 44, 89]. The last two plays (trials 8, 10) occurred under contexts similar to the current one (Mercury=-1, Krypton=1, Nobelium=-1 or 1) and gave high rewards (44, 89). Specifically, the contexts that produced the highest rewards (76 and 89) had Krypton=1 and Nobelium=1, but the current context has Nobelium=-1. Given the strong performance of button 3 in general, and no strong negative signal yet, exploiting it seems best. Let's re-examine the contexts for button 3: T3 (M=-1, K=-1, N=1, R=73), T5 (M=-1, K=1, N=1, R=76), T8 (M=-1, K=1, N=-1, R=44), T10 (M=-1, K=1, N=1, R=89). Since the current context (M=-1, K=1, N=-1) matches Trial 8 exactly, choosing button 3 offers the most direct historical validation, even though the reward was lower (44) than other button 3 trials. Buttons 0 and 2 have only been played when the context differed significantly from the current one, or they show lower overall averages. Button 1 has only shown moderate rewards (15, 19) under contexts that are entirely different from the current one. Exploiting button 3 based on the exact match in trial 8 seems the most informed choice.",48,A,B,D,C
5,LLM_Gemini_3_Flash,13,-1,1,-1,3,C,0,exploit,0,"Button 3 has been played 5 times in contexts where (M, K, N) is (-1, 1, 1) yielding rewards (73, 76, 89) and (-1, 1, -1) yielding rewards (44, 48). Given the current context (-1, 1, -1), the average reward for Button 3 is (44+48)/2 = 46. Buttons 0 and 2 have high variance or are less frequently associated with this specific context. Button 3 seems to have the highest observed payoff structure for this context type or is strongly associated with the highest observed rewards overall (average ~70s). Since Button 3 has been played twice in the exact current context (-1, 1, -1) with rewards 44 and 48, exploiting this known, high-performing arm for this specific context is the best strategy.",59,A,B,D,C
5,LLM_Gemini_3_Flash,14,-1,1,1,3,C,1,exploit,0,"Button 3 has consistently yielded high rewards (73, 76, 44, 59, 89) across several trials compared to other buttons (0: avg ~23, 1: avg ~17, 2: avg ~51). In the current context (-1, 1, 1), button 3 has been chosen once before (Trial 5) yielding 76 and again (Trial 10) yielding 89, suggesting it performs very well under these specific conditions. I will exploit this high observed performance.",84,A,B,D,C
5,LLM_Gemini_3_Flash,15,-1,1,1,3,C,1,exploit,0,"Button 3 has been chosen 7 times, accumulating the highest total rewards (76, 89, 84) specifically when the context is (-1, 1, 1) (Mercury=-1, Krypton=1, Nobelium=1), which matches the current context. The average reward for Button 3 in this specific context is (76+89+84)/3 = 83.67. Although the mapping is unknown, Button 3 shows strong positive performance for the current context, suggesting it maps to a highly rewarding planet under these conditions. Buttons 0, 1, and 2 have insufficient data or lower historical performance in known contexts. Therefore, exploiting the known high reward associated with Button 3 in this context is the best strategy.",77,A,B,D,C
5,LLM_Gemini_3_Flash,16,-1,1,1,3,C,1,exploit,0,"Button 3 has been played 8 times, 5 of which occurred with the current context (-1, 1, 1), yielding rewards of 76, 89, 84, 77, 44 (Trial 8 seems like an outlier or different planet). The average reward for Button 3 in context (-1, 1, 1) is high (approx 80.75 based on 4 trials: 76, 89, 84, 77). Button 0 has only been played twice with a different context, Button 1 twice, and Button 2 three times, all with different contexts. Given the consistently high rewards from Button 3 under the current context signals, I will exploit this observation.",76,A,B,D,C
5,LLM_Gemini_3_Flash,17,1,-1,1,3,C,0,exploit,0,"Button 3 has been overwhelmingly chosen (10 times) and consistently yields high rewards (average ~74.6) when the context includes Krypton=1 and Nobelium=1, which matches the current context (Mercury=1, Krypton=-1, Nobelium=1 is close, but historical data suggests high payoff when Krypton=1, Nobelium=1). Specifically for the current context (M=1, K=-1, N=1), button 1 was played twice yielding 15 and 19. Button 3 has not been played in this exact context yet, but its general performance is superior. However, since Button 1 was played in this context before, I should check the results for Button 1 again. 

Let's re-evaluate based on the exact current context (M=1, K=-1, N=1):
- Button 1 played twice: Rewards 15, 19 (Avg: 17.0)
- Buttons 0, 2, 3 have not been played in this exact context.

Given the strong historical performance of Button 3 (high rewards observed), and the relatively low rewards from Button 1 in this specific context, I will exploit by choosing the button (3) that generally performs best, assuming a structure where high rewards are possible here, although direct evidence is limited. Button 3 is the best-performing arm overall based on observed rewards (Avg: 74.6). I will exploit this high-performing arm.",49,A,B,D,C
5,LLM_Gemini_3_Flash,18,-1,1,-1,3,C,0,exploit,0,"Button 3 has been played 11 times across various contexts and yielded rewards primarily between 44 and 89, with the highest rewards (73-89) observed when Krypton=1 and Nobelium=1, or when Nobelium=1 (regardless of Mercury). The current context is M=-1, K=1, N=-1. The average reward for Button 3 in this specific context (M=-1, K=1, N=-1) from trials 1, 6, 8, 12, 13 is (21+26+44+48+59)/5 = 41.6. However, Button 3 has consistently provided high rewards in contexts involving K=1, N=1 (avg ~81) and Button 2 has been high when K=1, N=-1 (avg ~51). Given the current context (M=-1, K=1, N=-1) and Button 3's varied but generally high performance, exploiting Button 3 seems reasonable, especially since Button 3 is heavily explored. Button 2 seems promising for this context (M=-1, K=1, N=-1) based on Button 2's performance (Trial 7: 51, Trial 9: 54, Trial 11: 47, Avg ~50.7) in the similar context (M=1, K=1, N=-1). Button 0 has only been played twice in this context (Avg 23.5). Button 3 has the highest overall average reward (~60) among all buttons, thus I choose to exploit it despite the moderate reward in this specific context previously observed.",43,A,B,D,C
5,LLM_Gemini_3_Flash,19,-1,1,1,3,C,1,exploit,0,"Button 3 has been pulled 12 times, primarily in the context (-1, 1, 1) where it yielded high rewards (Avg ~78.5) and other contexts where it yielded moderate rewards (Avg ~46.0). For the current context (-1, 1, 1), Button 3 is the clear frontrunner based on historical performance. Buttons 0, 1, and 2 have very little data, especially in this specific context, making Button 3 the clear exploitation choice.",77,A,B,D,C
5,LLM_Gemini_3_Flash,20,-1,1,-1,3,C,0,exploit,0,"Button 3 has been played 12 times, resulting in an average reward of approximately 64.25. It seems to be highly correlated with the context signals, especially when Krypton=1 and Nobelium=1 (where rewards are high, e.g., 73, 76, 89, 84, 77, 76, 77). The current context is M=-1, K=1, N=-1. Button 3 was played 4 times in this exact context with rewards (21, 44, 48, 43), averaging 39. Button 0 was played twice in this context with rewards (21, 26), averaging 23.5. Button 2 has never been played in this context. Given the high overall average of Button 3 and its recent performance in this specific context, choosing Button 3 is the most exploitative action, assuming it corresponds to the planet most sensitive to the current context combination. Button 3 is highly favored overall, suggesting it maps to a planet with the highest potential or most variable reward structure.",51,A,B,D,C
5,LLM_Gemini_3_Flash,21,-1,-1,1,3,C,1,exploit,0,"Button 3 has been chosen 14 times, primarily under context (-1, 1, 1) yielding high rewards (avg ~78.9) and context (-1, 1, -1) yielding moderate rewards (avg ~49.3). For the current context (-1, -1, 1), Button 3 yielded 73 on its only prior occurrence (Trial 3). Buttons 0, 1, and 2 have very limited data under this specific context, making Button 3 the most informed choice, despite the specific context being less frequent for Button 3 historically. Given the high variance and potential high reward of Button 3 in general, exploiting the single data point (73) seems better than exploring under-represented arms for this context.",82,A,B,D,C
5,LLM_Gemini_3_Flash,22,-1,-1,1,3,C,1,exploit,0,"Button 3 has been overwhelmingly chosen (15 times) and consistently yields high rewards (average ~68.6) under various contexts, especially when Nobelium is 1 (average ~77.5). Given the current context (Mercury=-1, Krypton=-1, Nobelium=1), and the very high reward of 82 received on the last trial with this exact context for Button 3, exploiting this arm seems optimal. Buttons 0, 1, and 2 have been sampled far less and yielded lower overall rewards, suggesting Button 3 is likely the best performer or mapped to the best planet. For the current context (-1, -1, 1), Button 3 gave 82 on trial 21. I will exploit this high-performing arm.",76,A,B,D,C
5,LLM_Gemini_3_Flash,23,-1,-1,1,3,C,1,exploit,0,"Button 3 has been heavily selected (17 times) under various contexts, especially contexts involving Nobelium=1, yielding high rewards (average around 70-80 when Nobelium=1, and around 40-50 when Nobelium=-1 and Krypton=1). The current context is (-1, -1, 1). Button 3 has historically performed very well when Nobelium=1 (average ~78 for context (-1,-1,1) based on 4 pulls).
Button 0 was pulled twice with context (-1, 1, -1) yielding 21 and 26. Button 1 was pulled twice with context (1, -1, 1) yielding 15 and 19. Button 2 was pulled three times with context (1, 1, -1) yielding rewards around 50.
Given the strong positive signals from previous pulls for Button 3 under similar Nobelium=1 conditions, exploiting Button 3 seems the most profitable immediate action, as it is likely linked to a high-reward planet under the current context (-1, -1, 1).",72,A,B,D,C
5,LLM_Gemini_3_Flash,24,-1,1,-1,3,C,0,exploit,0,"Button 3 has been played 18 times, heavily favored in contexts where Mercury=-1. Its average reward is high (Avg=67.39). Button 0 has been played twice with Mercury=-1, Krypton=1, Nobelium=-1, yielding rewards of 21 and 26 (Avg=23.5). Button 2 has been played 3 times with Mercury=1, Krypton=1, Nobelium=-1, yielding rewards around 50 (Avg=50.67). Button 1 has only 2 plays in different contexts. The current context (-1, 1, -1) has been observed 6 times, all resulting in Button 3 being chosen, with rewards ranging from 43 to 59 (Avg=49.5). Given the history strongly favoring Button 3 when this context arises, and its generally high performance, choosing Button 3 is the best exploit strategy, despite the observed variance for this specific context.",55,A,B,D,C
5,LLM_Gemini_3_Flash,25,-1,1,-1,3,C,0,exploit,0,"Button 3 has been pulled 18 times, overwhelmingly in contexts where Mercury=-1 and Krypton=1 (14 times). The rewards for Button 3 are consistently high when M=-1, K=1 (averaging around 65-70 for N=1 and around 45-55 for N=-1). The current context is M=-1, K=1, N=-1. Based on previous observations for Button 3 in this specific context (trials 1, 6, 12, 13, 18, 20, 24), the average reward is (21+26+48+59+43+51+55)/7 ≈ 44.7. Button 3 appears to be the most reliable high-reward arm, and given the context matches several past pulls, exploiting it is the best strategy.",55,A,B,D,C
5,LLM_Gemini_3_Flash,26,1,-1,1,3,C,0,exploit,0,"Button 3 has been overwhelmingly chosen (20 times) across various contexts, yielding rewards ranging mostly from 43 to 89. The current context (M=1, K=-1, N=1) has been tested twice on Button 3, resulting in rewards of 15 and 19. However, other contexts on Button 3 give much higher rewards (e.g., M=-1, K=1, N=1 yields ~76-89). Given the high historical variance but generally high reward potential for Button 3, and the fact that Button 3 is highly explored, I will continue exploiting it in the current context, although the observed reward (15, 19) for this specific context on Button 3 is low compared to its peak performance. Buttons 0, 1, and 2 have very limited data. Button 3 is the most reliable source of information so far, despite the low observed reward for this exact state.",51,A,B,D,C
5,LLM_Gemini_3_Flash,27,-1,-1,1,3,C,1,exploit,0,"Button 3 has been pulled 20 times, overwhelmingly more than any other button (0: 2 times, 1: 2 times, 2: 3 times). The observed rewards for Button 3 are clustered around 43-89, which are generally higher than the few rewards seen for other buttons (21, 26, 15, 19, 51, 54, 47). Specifically, in the current context (Mercury: -1, Krypton: -1, Nobelium: 1), Button 3 was chosen 3 times yielding rewards of 82, 76, and 72. This suggests Button 3 is associated with a highly rewarding planet under this specific context. Since Button 3 has shown the highest variance and the highest observed rewards so far, I will exploit this finding by choosing it again for the current identical context.",78,A,B,D,C
5,LLM_Gemini_3_Flash,28,-1,-1,1,3,C,1,exploit,0,"Button 3 has been pulled 22 times and shown very high rewards (average ~68.3) across various contexts, especially when Nobelium=1. The current context is M=-1, K=-1, N=1. Button 3 was pulled 4 times in exactly this context (Trials 3, 21, 22, 23, 27) yielding rewards: 73, 82, 76, 72, 78 (Avg: 76.0). Since Button 3 consistently provides the highest observed rewards, I will exploit this strong trend for the current context.",88,A,B,D,C
5,LLM_Gemini_3_Flash,29,-1,1,1,3,C,1,exploit,0,"Button 3 has been overwhelmingly chosen (22 out of 28 times) and yields very high rewards (average around 67.5) across various contexts, especially when the current context (-1, 1, 1) is present (average reward 82.8 in 5 trials). Buttons 0, 1, and 2 have been chosen infrequently and show much lower average rewards (0: 23.5, 1: 17.0, 2: 50.7). Given the high confidence and strong historical performance of Button 3, exploiting this choice for the current context (-1, 1, 1) is the best strategy.",80,A,B,D,C
5,LLM_Gemini_3_Flash,30,1,1,-1,2,D,0,exploit,0,"Button 2 has only been pulled twice (Trials 7, 9, 11), both times with the context (M=1, K=1, N=-1), yielding rewards of 51 and 54. The average reward is 52.5. Buttons 0 and 1 have very few pulls in this specific high-signal context. Button 3 has been pulled extensively and seems to vary widely, suggesting it might map to a planet that is highly sensitive to signal changes or perhaps one of the planets with lower rewards for this context. Given the relatively stable, moderate reward for Button 2 in this exact context (M=1, K=1, N=-1), I will exploit this option while I gather more data on the other buttons under the current context.",51,A,B,D,C
5,LLM_Gemini_3_Flash,31,1,-1,-1,3,C,0,exploit,0,"Button 3 has been overwhelmingly chosen (30 times) and seems to be associated with the highest overall rewards, especially in contexts where Nobelium=1 (e.g., Avg Reward ~80 when context is {-1, 1, 1} or {-1, -1, 1}). The current context is {1, -1, -1}. Button 3 has shown reasonable rewards in similar contexts (e.g., Trial 18: 43, Trial 20: 51), suggesting it might be the best option available, despite having very few pulls on other buttons. Given the high frequency and generally good observed returns, exploiting Button 3 is the strategy, as it appears to be the most reliable high-reward arm so far.",23,A,B,D,C
5,LLM_Gemini_3_Flash,32,-1,1,-1,3,C,0,exploit,0,"Button 3 has been played 25 times, primarily in contexts where Mercury=-1, Krypton=1, and Nobelium={1 or -1}, or Nobelium=1 contexts. The average reward for Button 3 is very high (around 60.84), especially compared to Buttons 0, 1, and 2 which have few plays. The current context {-1, 1, -1} has been played 7 times on Button 3 with an average reward of 49.57. Button 2 has also been played in contexts involving {-1, 1, -1} (via proxy/contextual overlap, though Button 2 was only played in {1, 1, -1} contexts) and showed a moderate average reward (51.0). Given the extensive history favoring Button 3, I will exploit by choosing it, expecting another high reward.",53,A,B,D,C
5,LLM_Gemini_3_Flash,33,1,1,-1,2,D,0,exploit,0,"Button 2 has been consistently chosen when Mercury=1, Krypton=1, Nobelium=-1, yielding rewards averaging around 51. The current context matches this, and Button 2 has the highest observed average reward (50.5) for the contexts where it was played, making exploitation the best strategy now, especially since other buttons have high variance or low payoff in tested contexts.",47,A,B,D,C
5,LLM_Gemini_3_Flash,34,1,1,-1,2,D,0,exploit,0,"Button 2 has only been pulled 4 times, always under the context (1, 1, -1), yielding an average reward of 50.75. Button 3 has been pulled 25 times, showing high variability but generally high rewards (average ~67.6). Button 0 has low rewards (average ~23.5). Button 1 has only 2 pulls with mixed results. The current context is (1, 1, -1). Button 2 has the highest average reward for this specific context observed so far (50.75), although Button 3 has a higher overall average. Given that Button 2 is the only one tested with this exact context, and the overall high variance for Button 3 makes its current estimate less reliable than the specific estimate for Button 2, I will exploit the best known option for this context, which is Button 2.",52,A,B,D,C
5,LLM_Gemini_3_Flash,35,-1,-1,1,3,C,1,exploit,0,"Button 3 has been played 27 times and yielded high rewards (average ~64.5), especially when Nobelium=1 (average ~78.6) and when Krypton=1 (average ~63.5). The current context is M=-1, K=-1, N=1. Button 3 has shown strong performance in contexts similar to this (e.g., T21, T22, T23, T27, T28). Buttons 0, 1, and 2 have been played much less frequently and show lower average returns (0: ~23.5, 1: ~17.0, 2: ~50.0). Based on existing data, Button 3 appears to be the best choice for exploitation in this context.",85,A,B,D,C
5,LLM_Gemini_3_Flash,36,-1,1,-1,3,C,0,exploit,0,"Button 3 has been chosen 28 times, overwhelmingly dominating the choices, especially in the current context (-1, 1, -1) which has been selected 9 times for button 3, yielding an average reward of approximately 51.33. Button 0 was chosen twice in this context with rewards 21 and 26 (avg 23.5). Buttons 1 and 2 have never been selected under this specific context (-1, 1, -1). Given the high frequency and decent average return from button 3 for this context, choosing 3 is the exploitation strategy. Button 3 appears to map to Planet D, which seems to provide the highest rewards overall, especially when Nobelium is 1.",51,A,B,D,C
5,LLM_Gemini_3_Flash,37,-1,-1,1,3,C,1,exploit,0,"Button 3 has been heavily explored, showing very high rewards (average ~65) particularly when (M, K, N) is (-1, -1, 1) or (-1, 1, 1). For the current context (-1, -1, 1), Button 3 has yielded rewards between 72 and 88 (average ~79 over 8 trials). Buttons 0, 1, and 2 have much less data or much lower observed average rewards. Exploiting the strong signal from Button 3 in this specific high-reward context is the best strategy.",79,A,B,D,C
5,LLM_Gemini_3_Flash,38,-1,1,-1,3,C,0,exploit,0,"Button 3 has been pulled 30 times, primarily in contexts where Mercury=-1. The average reward for Button 3 is approximately 61.7. The current context is (Mercury: -1, Krypton: 1, Nobelium: -1). Button 3 has been pulled 8 times in this specific context, yielding an average reward of 48.875. Buttons 0, 1, and 2 have very limited data, but Button 3 shows the most frequent (and thus most reliable) historical performance in similar scenarios, suggesting it's likely the best choice given the current data, even though the specific context (-1, 1, -1) is not the absolute best for Button 3 seen so far (e.g., (-1, 1, 1) yielded higher rewards). Given the large amount of data on Button 3 compared to the others, exploiting the established mean for this context is the best strategy.",55,A,B,D,C
5,LLM_Gemini_3_Flash,39,-1,-1,1,3,C,1,exploit,0,"Button 3 has been played 30 times and consistently shows high rewards (average ~65.6) when the context is M=-1, K=-1, N=1 (8 trials, avg ~79.75). Given the current context matches this high-reward historical profile for button 3, exploitation is warranted. Buttons 0, 1, and 2 have much less data or lower observed returns in the contexts they've been tested under. I will exploit the high observed return for this specific context on button 3.",78,A,B,D,C
5,LLM_Gemini_3_Flash,40,-1,1,1,3,C,1,exploit,0,"Button 3 has been chosen 30 times and shows very high average rewards (Avg approx 67.8) across contexts where it was pulled, especially for context (-1, 1, 1) where it yielded 89 and 77-80 in other related pulls. The current context is (-1, 1, 1). Buttons 0, 1, and 2 have been pulled infrequently (2, 2, 6 times respectively) and their reward structures are less certain. Given the strong historical performance of button 3, especially under conditions similar to the current context, exploiting this knowledge is the best strategy. Button 3 appears to map to the highest-paying planet.",85,A,B,D,C
5,LLM_Gemini_3_Flash,41,1,-1,-1,3,C,0,exploit,0,"Button 3 has been played 33 times, overwhelmingly in contexts featuring Nobelium=1, leading to high average rewards (around 70-80). It was played only a few times when Nobelium=-1, resulting in lower rewards (around 20-55). Given the current context (Mercury=1, Krypton=-1, Nobelium=-1), Button 3 is the best choice based on past performance in similar low-reward contexts for this button, and it's the most explored arm. Buttons 0, 1, and 2 have too little data to confidently select over 3, even if the current context might favor a different planet. Button 3 is the dominant observed arm so far.",22,A,B,D,C
5,LLM_Gemini_3_Flash,42,-1,-1,1,3,C,1,exploit,0,"Button 3 has been heavily explored (32 times) and shows very high rewards (average ~69.4) when the current context is (M=-1, K=-1, N=1), achieving maximum observed rewards (up to 89). Buttons 0, 1, and 2 have very few plays and inconsistent/lower rewards when played in similar or different contexts. Given the current context (M=-1, K=-1, N=1) has yielded the highest rewards previously via Button 3, the best strategy is to exploit this strong observed correlation.",86,A,B,D,C
5,LLM_Gemini_3_Flash,43,1,-1,-1,3,C,0,exploit,0,"Button 3 has been overwhelmingly chosen (40 times) and exhibits high variance in rewards, suggesting it is highly dependent on the context signals, particularly rewarding highly when (Mercury=-1, Krypton=1, Nobelium=1) and (Mercury=-1, Krypton=-1, Nobelium=1). The current context is (Mercury=1, Krypton=-1, Nobelium=-1). Button 3's average reward in this specific context is low (Trials 31, 41: Avg = (23+22)/2 = 22.5). However, Buttons 0, 1, and 2 have been chosen too few times (2, 2, 6 times respectively) to reliably estimate their rewards for the current context. Given the high payoff variability observed for Button 3, it is possible that one of the less-explored buttons (0, 1, or 2) is much better for this specific context. However, Button 3 has shown the highest overall potential rewards (up to 89). Since only 10 trials remain, I will exploit the historically high-reward arm (Button 3) that yielded the highest average payoff (approx 64.5) across all trials, despite the low expected reward for this specific context (22.5), as the other arms are too uncertain, or I will explore the least certain arm. Given the strong signal for Button 3 in other contexts, I will explore Button 0 or 1, which have only been tried twice. I choose Button 0 for a targeted exploration attempt in this low-information area before the game ends, as Button 3's current context reward seems consistently low based on limited data.

Revisiting strategy: Given the structure, I must identify the planet mapping. The data strongly suggests Button 3 is Planet D or C due to extreme rewards. Button 0 only appears in context (-1, 1, -1) with rewards {21, 26}. The current context is (1, -1, -1). Exploring Button 0 seems slightly more justified to gain knowledge on a context where no data exists for it, but Button 3 is still the dominant arm overall. I will switch to exploring Button 0, as the current context (1, -1, -1) is very different from Button 3's most rewarding contexts, and I need to check the performance of the under-explored arms.

Final Decision Update: Given the current context (1, -1, -1) has only been tried on Button 3 (average 22.5) and no other button, and Button 3 seems to be a high-variance arm, I will explore Button 0 to see if it performs better in a novel context pattern, as exploration is crucial with limited trials left. Let's choose 0.",14,A,B,D,C
5,LLM_Gemini_3_Flash,44,1,-1,1,3,C,0,exploit,0,"Button 3 has been overwhelmingly chosen (40 times) and consistently yields high rewards (average around 65, with many high outliers like 72-89 for certain contexts) or low rewards (around 14-23 for context [-1, -1, -1] which hasn't been seen recently). The current context is [1, -1, 1]. Button 3 was played 4 times with this context, yielding rewards: 15, 19, 51, 49 (Avg: 33.25). However, Button 3 seems to be the best overall arm. Given the limited exploration of other arms (0: 2 times, 1: 0 times, 2: 6 times), and the high variance observed for Button 3, it is still the most promising arm to continue exploiting, as Buttons 0 and 2 have shown lower potential rewards (Avg(0) ~ 23.5, Avg(2) ~ 50.3). I will continue to rely on Button 3 due to its high overall reward potential, despite the specific context [1, -1, 1] not being among its highest observed rewards.",46,A,B,D,C
5,LLM_Gemini_3_Flash,45,-1,1,-1,3,C,0,exploit,0,"Button 3 has been played 38 times and consistently yields high rewards when Nobelium=-1 (avg ~51) or Nobelium=1 (avg ~79), except for one context (M=1, K=-1, N=1) where it yielded 46. The current context is M=-1, K=1, N=-1. In the 11 previous instances of this exact context for Button 3, the rewards ranged from 21 to 59, averaging around 48. Button 0 was played twice in this context with rewards 21 and 26, suggesting Button 0 is the same planet as Button 3 or a low-reward planet. Buttons 1 and 2 have not been played in this exact context. Given the strong history of Button 3 providing a decent range of rewards (even if lower in this specific context) and the lack of data for the other buttons in this context, Button 3 remains the best known option, despite the high overall variance.",44,A,B,D,C
5,LLM_Gemini_3_Flash,46,1,-1,1,3,C,0,exploit,0,"Button 3 has been chosen 32 times, primarily in contexts where Mercury=-1. It shows very high rewards when context is (M=-1, K=1, N=1) (Avg ~81) and (M=-1, K=-1, N=1) (Avg ~79). The current context is (M=1, K=-1, N=1). Button 3 showed a moderate reward (15, 19, 46, 51) in this M=1 context. Button 1 was only played twice in this exact context, yielding 15 and 19. Button 3 has demonstrated the highest overall variability and potential ceiling, especially for contexts close to the current one. Given the strong historical association of Button 3 with high rewards in M=-1 states, and limited information on Button 1 for this exact state, I will rely on the slightly higher observed average for Button 3 in the M=1, K=-1, N=1 context (average of 15, 19, 46, 51 is 30.5, but the single consistent high-reward pattern for Button 3 across other states suggests continuing to exploit it, even if the observed M=1, K=-1, N=1 results are lower than its peak. Given the limited data points for Button 1 in this specific context, exploiting Button 3, which has shown much higher variance/potential overall, seems marginally better than exploring Button 1 again.",47,A,B,D,C
5,LLM_Gemini_3_Flash,47,1,-1,-1,3,C,0,exploit,0,"Button 3 has been chosen 41 times and yielded the highest average rewards, particularly for contexts where Nobelium=1 (average reward > 75). The current context is (Mercury=1, Krypton=-1, Nobelium=-1). Button 3 has produced lower rewards for this specific context in the past (e.g., trial 31: 23, trial 41: 22, trial 43: 14). However, Buttons 0, 1, and 2 have been played very rarely (0: 2 times, 1: 2 times, 2: 6 times). Given the strong evidence that Button 3 corresponds to one of the high-variance planets and the current context might trigger its low-reward state, I must still choose the button with the highest *known* potential. Since Button 3 is the dominant choice overall, and the other buttons have almost no data, choosing an under-explored button is risky exploration at this late stage (trial 47 of 50). I will stick with Button 3, hoping for a moderate reward, as exploration is unlikely to yield significant gains now. The average reward for Button 3 in the (1, -1, -1) context is (23+22+14)/3 ≈ 19.67, while Button 2 in (1, 1, -1) context averages ≈ 50. The low frequency of exploration suggests that the other buttons might map to planets that are generally low-reward or only high-reward under contexts not yet seen. Exploiting the most frequently played arm (Button 3) is the safer choice for the remaining trials, despite the low historical return for this specific context.",26,A,B,D,C
5,LLM_Gemini_3_Flash,48,-1,-1,1,3,C,1,exploit,0,"Button 3 has been heavily played (41 times) and shows a strong dependency on the context. For the current context {Mercury: -1, Krypton: -1, Nobelium: 1}, Button 3 has yielded high rewards (Average ~79.5, Max 88). Buttons 0, 1, and 2 have been played sparsely (2, 2, 7 times respectively) and have not shown consistently superior performance in any context observed so far. Given the high number of plays for Button 3 and the specific context match with previously high rewards, exploiting Button 3 is the best strategy at this stage.",78,A,B,D,C
5,LLM_Gemini_3_Flash,49,-1,1,-1,3,C,0,exploit,0,"Button 3 has been heavily tested across many contexts and appears to have a high average reward (mean ~63.8) compared to buttons 0, 1, and 2. For the current context [M=-1, K=1, N=-1], Button 3 has returned rewards averaging around 50. Since Button 3 is highly explored and seems to be the best performer overall, I will exploit this knowledge for the current context.",55,A,B,D,C
5,LLM_Gemini_3_Flash,50,1,1,-1,3,C,0,exploit,0,"Button 3 has been played 41 times and consistently yields high rewards (average ~65) when M=-1, K=1, N=1 (high frequency condition) or when M=-1, K=-1, N=1 (average ~79). For the current context (M=1, K=1, N=-1), Button 3 has been played 6 times with an average reward of 50.83. Button 2 has been played 6 times, showing an average reward of 50.33 for the context (M=1, K=1, N=-1). Given the strong historical performance of Button 3 across many contexts, and the context (M=1, K=1, N=-1) being slightly better for Button 3 (50.83 vs 50.33 for Button 2) in the limited data we have for this specific context, exploiting Button 3 remains the most likely optimal choice.",32,A,B,D,C
6,LLM_Gemini_3_Flash,1,1,-1,1,0,A,1,explore,1,"Since this is the very first trial, there is no historical data available. I must choose an arm to begin gathering information. I will start with arm 0 (Button 0) to establish a baseline reward for the current context (Mercury=1, Krypton=-1, Nobelium=1). This is an exploration phase.",80,A,B,D,C
6,LLM_Gemini_3_Flash,2,-1,1,-1,1,B,1,explore,1,"Only one trial is available, making any mapping deduction highly speculative. Button 0 yielded 80 reward when context was (1, -1, 1). Given the current context (-1, 1, -1) is very different, I will choose Button 1 to gather initial data points for a second arm, leaning towards exploration to map the system faster.",84,A,B,D,C
6,LLM_Gemini_3_Flash,3,1,-1,1,0,A,1,exploit,0,"Button 0 yielded a high reward (80) in the previous trial with the exact same context (Mercury=1, Krypton=-1, Nobelium=1). Given the limited history, exploiting this known high-reward observation is the best immediate strategy.",76,A,B,D,C
6,LLM_Gemini_3_Flash,4,-1,1,1,1,B,0,explore,1,"Buttons 0 and 1 have been tested twice and once respectively. The current context (-1, 1, 1) has not been tested on any button. To gather more information, especially since the history is so short (3 trials), I will choose button 1 which has the least history, to gather more data on its potential reward profile, thus leaning towards exploration.",46,A,B,D,C
6,LLM_Gemini_3_Flash,5,-1,-1,1,2,D,0,explore,1,"Buttons 0 and 1 have been tested twice each, revealing potentially high variability or specific context dependencies. Button 0 seemed good when (M=1, K=-1, N=1) but less so in the second trial (76 vs 80). Button 1 had one average reward (84) and one very low reward (46). Buttons 2 and 3 have never been chosen. Given the limited data (only 4 trials) and the need to gather information on all arms before committing fully, choosing an untested arm (Button 2) is a reasonable exploration strategy, especially since the current context (-1, -1, 1) has not been tested yet on any button.",46,A,B,D,C
6,LLM_Gemini_3_Flash,6,-1,1,-1,1,B,1,exploit,0,"Button 1 has yielded the highest rewards (84 and 46) in the current context (-1, 1, -1) across two trials. While the low reward of 46 suggests variability or a specific signal dependency, it is currently the best-performing arm for this context based on limited data. I will exploit this knowledge for the current trial.",70,A,B,D,C
6,LLM_Gemini_3_Flash,7,-1,1,1,3,C,1,explore,1,"Button 3 has never been pulled, and we have little data overall (only 6 trials). The current context [-1, 1, 1] has only been tested once on Button 1 (reward 46). Button 3 is a necessary exploration to estimate its potential reward, as we have no information about it, the mapping, or the reward structure of any planet. Given the limited data, exploring the unchosen arm is prioritized.",76,A,B,D,C
6,LLM_Gemini_3_Flash,8,-1,1,-1,1,B,1,exploit,0,"Button 1 has been chosen twice with the current context (M=-1, K=1, N=-1), yielding rewards of 84 (Trial 2) and 70 (Trial 6). This suggests Button 1 maps to a planet that performs well under these specific conditions. Given the available data, exploiting this promising arm is the best immediate strategy, as other arms have been tested under different contexts or show lower historical performance for specific contexts (e.g., Button 3 yielded 76 with M=-1, K=1, N=1).",75,A,B,D,C
6,LLM_Gemini_3_Flash,9,-1,1,-1,1,B,1,exploit,0,"Button 1 has been chosen 4 times, all in the context (-1, 1, -1), yielding rewards of 84, 70, and 75 (avg 76.33). This context is the current context. Although Button 3 was chosen once in a similar context (-1, 1, 1) yielding 76, Button 1 has the most historical data for the exact current context, suggesting it might be the best option here. Given the limited history, exploiting the most tested option for this specific context is the current best strategy.",80,A,B,D,C
6,LLM_Gemini_3_Flash,10,-1,1,1,1,B,0,exploit,0,"Button 1 has been pulled 5 times, always with context M=-1, K=1, N=-1, yielding rewards of 84, 70, 75, 80. The average is 77.25. Button 3 has been pulled once with the current context (M=-1, K=1, N=1) yielding 76. Button 1 is the most explored arm. Given the current context (M=-1, K=1, N=1), there is no direct history for Button 1 in this exact state. However, Button 1 has shown consistently high rewards when K=1 and N=-1. Button 3 showed 76 in the current context. I will choose Button 1 as it has the best historical performance overall, but the next few rounds should focus on Button 3 to confirm its performance in this exact context.",50,A,B,D,C
6,LLM_Gemini_3_Flash,11,-1,1,1,1,B,0,exploit,0,"Button 1 has been pulled 6 times, all in the context [-1, 1, -1] or [-1, 1, 1]. The average reward for context [-1, 1, 1] (Trials 4, 10) is (46+50)/2 = 48. The average reward for context [-1, 1, -1] (Trials 2, 6, 8, 9) is (84+70+75+80)/4 = 77.25. Given the current context is [-1, 1, 1], the average reward for Button 1 suggests a moderate return, but we must evaluate other buttons under this specific context [-1, 1, 1].

Contexts seen for other buttons:
Button 0 (Context [1, -1, 1]): Avg R = (80+76)/2 = 78. (2 pulls)
Button 2 (Context [-1, -1, 1]): Avg R = 46. (1 pull)
Button 3 (Context [-1, 1, 1]): Avg R = 76. (1 pull)

The current context is C* = [-1, 1, 1].
Rewards observed under C*: 
Button 1: Avg = 48 (2 pulls)
Button 3: Avg = 76 (1 pull)

Since Button 3 has yielded a much higher reward (76) than Button 1 (48) under the exact same context C*, I will exploit Button 3.
Wait, I misread the history for Button 1. 
Trial 4: Context [-1, 1, 1], Button 1, Reward 46
Trial 10: Context [-1, 1, 1], Button 1, Reward 50
Average for B1 in C* = 48.

Trial 7: Context [-1, 1, 1], Button 3, Reward 76.

Button 3 is superior for the current context [-1, 1, 1] based on current observations (76 vs 48). Exploiting Button 3.",44,A,B,D,C
6,LLM_Gemini_3_Flash,12,1,-1,-1,2,D,0,exploit,0,"Button 1 has been heavily explored (8 times) primarily under the context M=-1, K=1, N=-1, yielding an average reward of (84+70+75+80)/4 = 77.25 and under M=-1, K=1, N=1, yielding an average reward of (46+50+44)/3 = 46.67. Button 0 has only been played twice under M=1, K=-1, N=1 (Avg: 78). Button 2 has only been played once under M=-1, K=-1, N=1 (Reward: 46). The current context is M=1, K=-1, N=-1. Button 1 has shown high rewards (avg 77.25) when K=1, N=-1, but its performance under M=1 is unknown. Button 0 has performed well (Avg 78) but only when N=1. Since Button 1 has the most data points showing relatively high rewards (around 75-85), it is the primary candidate for exploitation, assuming it corresponds to a high-reward planet under the current context (M=1, K=-1, N=-1). However, the current context (M=1, K=-1, N=-1) has not been tested yet. Given the high variability seen in Button 1's performance based on Nobelium (77.25 vs 46.67), and no data for the other buttons under this specific context, choosing the most promising arm based on partial information is necessary. Button 1 shows the highest historical average reward (approx 62 overall) among those tested frequently. I will exploit Button 1, as it has the best observed historical performance, despite the specific context not matching any previous play exactly.",51,A,B,D,C
6,LLM_Gemini_3_Flash,13,-1,1,-1,3,C,0,explore,1,"Button 1 has been explored significantly (8 times) under the current context (-1, 1, -1) with rewards averaging around 68.67. Button 3 has only been played once (Trial 7) under context (-1, 1, 1) receiving 76. Since the current context (-1, 1, -1) has not been fully explored across all arms, and Button 3 is entirely unknown under this specific context, I will choose Button 3 to explore its potential reward under the current signals. I will prioritize exploring arms/contexts not seen or seen less often, especially since Button 1's performance under this context seems moderate compared to other observed rewards (e.g., Button 2 got 51 for context (1, -1, -1)).",61,A,B,D,C
6,LLM_Gemini_3_Flash,14,-1,-1,1,2,D,0,explore,1,"Button 2 has only been pulled once (Trial 5) under context (-1, -1, 1) yielding a reward of 46. The current context is also (-1, -1, 1). Since Button 1 has been heavily explored (10 pulls) and yields variable results (averaging around 65) based on context, and Buttons 0 and 3 have limited data, pulling Button 2 again with the exact same context is the most efficient way to confirm its initial reward estimate or determine if it has high variance. Exploiting other buttons requires more context variation first.",40,A,B,D,C
6,LLM_Gemini_3_Flash,15,-1,-1,1,3,C,1,exploit,0,"Button 2 was pulled twice (T5, T14) under the current context (M=-1, K=-1, N=1) yielding rewards of 46 and 40. The average is 43. Button 3 was pulled once (T13) under a different context (M=-1, K=1, N=-1) yielding 61. Given the limited data, I will try Button 3 again, hoping it corresponds to a planet with high potential rewards, as Button 2 seems to have a low reward for this specific context. However, since I have no data for Button 3 in the current context, and Button 2's average is low (43), I will pivot to Button 3 as a calculated risk, leaning towards exploration of Button 3's response to this context, while acknowledging Button 2's low historical performance here. Given the structure, I'll stick with exploiting Button 3 based on its single, relatively high reward (61) in a dissimilar context, as Button 2 seems weak here. For the current context (M=-1, K=-1, N=1), Button 2 has been tested twice (avg 43). I will choose Button 3, as it is completely untested in this context, to gather crucial information, which leans towards exploration, but since Button 2 has a lower observed average for this context, exploiting a different arm is justifiable. I will choose Button 3 to explore its behavior under this context.",90,A,B,D,C
6,LLM_Gemini_3_Flash,16,1,1,-1,3,C,0,exploit,0,"Analyzing history: 
Button 0 (2 trials): Context (-1, -1, 1) -> Avg 78.0. Context (1, -1, 1) -> Avg 78.0. 
Button 1 (7 trials): Context (-1, 1, -1) -> Avg 77.14. Context (-1, 1, 1) -> Avg 47.0. 
Button 2 (3 trials): Context (-1, -1, 1) -> Avg 43.0. Context (1, -1, -1) -> Avg 51.0. 
Button 3 (3 trials): Context (-1, 1, 1) -> Avg 76.0. Context (-1, -1, 1) -> Avg 90.0. Context (-1, 1, -1) -> Avg 61.0. 

Button 3 shows the highest single reward (90) associated with context (-1, -1, 1). Button 0 also shows high rewards (76, 80) for a context close to the current one (1, 1, -1) vs (1, -1, 1) and (-1, 1, -1).

For the current context (Mercury=1, Krypton=1, Nobelium=-1), we have no direct data for any button. 

Button 1 has the most data for contexts involving Krypton=1 and varying Mercury/Nobelium (average ~63).
Button 3 provided the highest observed reward (90) in trial 15 with context (-1, -1, 1).

Since the current context (1, 1, -1) is somewhat unique, and we have no strong reason to prefer one button over another based on limited data, I will favor Button 3 due to the high reward observed on trial 15 (90), hoping that this button (Planet) is generally high-reward or matches the structure seen in trial 15, but with adjustments for Mercury=1 instead of -1. 
Given the high variance and limited data, I proceed with Button 3 as a slight 'exploit' guess based on its highest observed reward, though exploration is still highly warranted in the next few steps. Button 0 also showed consistent decent rewards (76, 80) for a similar context type (Mercury=1).

Revisiting: Button 1 has been pulled 7 times, Button 0 twice. Given the current context (1, 1, -1) is closer to Button 0's tested context (1, -1, 1) than others, I will switch to 0 for a more refined exploit based on similarity, but since the difference is large (Krypton switches), I'll stick to exploiting the button with the maximum single reward observed overall, which is Button 3 (90). However, Button 1 has shown repeated engagement, suggesting it might be a strong candidate if it corresponds to a planet responding strongly to Krypton=1. Given the ambiguity, I will choose Button 3 based on the highest absolute observed reward (90).",26,A,B,D,C
6,LLM_Gemini_3_Flash,17,1,-1,-1,1,B,0,exploit,0,"Button 1 has been pulled 8 times, yielding rewards from 44 to 84, with an average of ~65.25. It was pulled most frequently in contexts where Mercury was -1 and Krypton was 1 (trials 2, 4, 6, 7, 8, 9, 10, 11). Button 0 (pulled twice, avg 78.0) and Button 2 (pulled 3 times, avg 45.67) and Button 3 (pulled 5 times, avg 63.6) have less data or lower average returns under various conditions. Given the current context (Mercury=1, Krypton=-1, Nobelium=-1), there is no direct history for this specific context for any button. However, Button 1 has shown the most consistent performance overall compared to the limited data for others. I will re-explore Button 2 or 3, which saw a pull in the current context (Trial 12, Button 2 got 51 for context M=1, K=-1, N=-1). Button 2 (Trial 12: 51) had the context (1, -1, -1). Button 0 was pulled twice with (1, -1, 1) giving 80 and 76. Button 3 was pulled once with (1, 1, -1) giving 26. Button 1 was not pulled in a context starting with Mercury=1. Since Button 2 was pulled once in the exact current context and returned 51, and Button 1 has had high variability, I will choose to exploit the limited data suggesting Button 2 might be reasonable, but Button 1 has higher average performance overall (though not in this specific context). Re-evaluating: Button 1 has the highest overall number of pulls (8) and decent average. Button 2 has the only direct historical match (51). Given the limited data and the potential for Button 1 being a high-variance good arm, I will exploit Button 1 as it has been the most frequently pulled arm, showing reasonable rewards, unless a much stronger pattern emerges. However, since Button 2 has the exact historical context, I will switch to exploring Button 2 again to get a better estimate for this exact context, but since the instruction asks for exploit if confident, and I only have one data point for this context, I'll stick with the arm that provided the highest average reward across all its trials, which is Button 0 (avg 78.0), but Button 1 is the most explored. I will select Button 1 based on overall engagement and moderate performance, treating it as the current best bet until more context-specific data is available for this M=1, K=-1, N=-1 state. Wait, Button 0 has the highest average (78.0), but only 2 pulls. Button 1 has 8 pulls with an average of 65.25. I will choose Button 1 as the most frequently sampled arm that is not underperforming extremely poorly, leaning slightly towards exploit for the most known arm.",44,A,B,D,C
6,LLM_Gemini_3_Flash,18,-1,1,1,3,C,1,exploit,0,"Button 1 has been heavily explored (9 times) with highly variable rewards (44 to 80), suggesting it might map to a planet whose reward varies greatly with context, or that the mean is moderate. Button 0 has only been pulled twice with high rewards (80, 76) when context was (1, -1, 1). Button 2 has shown low/moderate rewards (46, 51, 40). Button 3 has shown high rewards (76, 61, 90, 26). The current context is (-1, 1, 1). Button 3 was pulled once with this exact context in trial 7 and yielded 76. Given the high reward from the previous pull for Button 3 in this context, and the general variability/lower performance of other arms in similar contexts, I will exploit Button 3. I assume Button 3 maps to a high-reward planet for this specific context.",84,A,B,D,C
6,LLM_Gemini_3_Flash,19,1,-1,1,0,A,1,exploit,0,"Button 0 has only been pulled when the context is [1, -1, 1], yielding rewards of 80 and 76 (Avg: 78). This context matches the current context exactly. Since this is the only context seen for Button 0, and it has a relatively high average reward, I will exploit it for now. Button 1 has been pulled many times but shows high variance and generally lower average reward for the contexts seen. Buttons 2 and 3 have insufficient data for this specific context to justify choosing them over Button 0 based on current evidence.",85,A,B,D,C
6,LLM_Gemini_3_Flash,20,1,1,-1,3,C,0,exploit,0,"Button 1 has been heavily pulled (10 times) with highly variable rewards (avg ~64.8), suggesting its reward function is highly dependent on the context, which is often (M=-1, K=1, N=-1) or (M=-1, K=1, N=1). Buttons 0, 2, and 3 have fewer pulls. Button 3 has shown strong performance when pulled with (M=1, K=1, N=-1) -> 26, and (M=-1, K=1, N=1) -> 76/84, and (M=-1, K=-1, N=1) -> 90. The current context is (M=1, K=1, N=-1), which matches the context of Trial 16 where Button 3 yielded 26. However, Button 2's history (Trial 5: 46 with M=-1, K=-1, N=1; Trial 12: 51 with M=1, K=-1, N=-1; Trial 14: 40 with M=-1, K=-1, N=1) is also inconclusive. Button 0 shows high rewards (80, 76, 85) but only for context (M=1, K=-1, N=1). Given the high variance and limited data, I will re-test the context that yielded the highest single reward for an untried arm combination: Button 3 yielded 90 in a different context. However, comparing the known outcomes for the context (M=1, K=1, N=-1): Button 3 yielded 26. Since this is the only data point we have for this specific context across all arms, I will exploit this data point and choose Button 3, assuming it's the best known option for this exact context, although I recognize this is premature exploration might be warranted. Upon re-evaluating, the best strategy might be to pick the arm that has the highest average reward across all contexts so far, or continue exploiting the arm that showed high reward in a similar context. Since Button 3 had the highest reward (90) in one instance (M=-1, K=-1, N=1), and Button 0 had high rewards in its tested context (avg 80.7), I will choose Button 3 again as it has a moderate history and showed a 90 reward, despite the low 26 for the current context. I will choose Button 3 as a slight exploit based on the high 90 reward it once produced, as I have no clear winner yet.",18,A,B,D,C
6,LLM_Gemini_3_Flash,21,1,1,-1,3,C,0,exploit,0,"Button 3 has shown the highest rewards (avg: 58.75, max: 90) across its 8 trials, and the current context (M=1, K=1, N=-1) corresponds to the highest observed reward for Button 3 (Reward=26, which suggests this context is not optimal for B3, but its overall mean is still high). However, analyzing the data reveals Button 0 seems highly correlated with high rewards when (M=1, K=-1, N=1) (Avg: 82.67 from 3 trials), which is close to the current context. Button 3 has been tested more frequently in this specific context (M=1, K=1, N=-1) twice (Rewards 26, 18), yielding very low results. Let's re-evaluate based on all data.

Button Statistics:
B0 (3 trials): Avg=80.33 (Contexts: {1,-1,1}: 80, 76, 85). High rewards when M=1, K=-1, N=1.
B1 (7 trials): Avg=65.43 (Contexts: {-1,1,-1}: 84, 70, 75, 80; {-1,1,1}: 46, 50, 44). Volatile.
B2 (3 trials): Avg=44.67 (Contexts: {-1,-1,1}: 46; {1,-1,-1}: 51). Low/Moderate.
B3 (7 trials): Avg=61.14 (Contexts: {-1,1,1}: 76, 84; {-1,-1,1}: 90; {1,1,-1}: 26; {-1,1,-1}: 61).

Current Context (C_curr): {M=1, K=1, N=-1}.

B0 History for C_curr: 0 trials.
B1 History for C_curr: 0 trials.
B2 History for C_curr: 0 trials.
B3 History for C_curr: 1 trial (Trial 16, Reward=26).

Since B0 has shown consistently high rewards (Avg ~82) for a context very similar ({1,-1,1}), and B3 showed a very low reward (26) for the *exact* current context {1,1,-1}, I should prioritize exploring B0 or B1, or exploiting B3 if the 26 was a low-variance anomaly. Given the low reward for B3 in this specific context, I will choose Button 1 as it has high variance but might be better than the poor result from B3, or Button 0 as it shows strong performance in a similar signal state. Button 1 has been pulled 7 times, suggesting it might be a frequent source of rewards. I will switch to Button 0 to test if it behaves well under {1,1,-1}, since {1,-1,1} was good for it. However, Button 3 had the max historical reward (90) under a different context, making it a potential high earner overall. Given the uncertainty, I will choose Button 0 as it has the highest average performance for a closely related context and exploit that potential, assuming the current context might not be as detrimental to B0 as it seemed for B3.",23,A,B,D,C
6,LLM_Gemini_3_Flash,22,-1,1,1,3,C,1,exploit,0,"The current context is (-1, 1, 1). Button 3 has been pulled 6 times, mostly under this context (4 times, yielding rewards 76, 61, 84, 23) and one time under (1, 1, -1) yielding 26, and one time under (-1, -1, 1) yielding 90. The average reward for Button 3 under the current context (-1, 1, 1) is (76+84)/2 = 80 (using only the two direct matches where Button 3 was pulled under this context and excluding the last observation which might be an outlier or from a different planet mapping). Button 1 was pulled 7 times under context (-1, 1, 1) with low average rewards (50+44)/2 = 47. Button 0 was pulled 3 times under context (1, -1, 1) with high average rewards (80+85)/2 = 82.5. Button 2 was pulled 3 times under different contexts with moderate/low rewards. Given the history, Button 3 appears to perform well when at least Krypton=1 and Nobelium=1 are present (when coupled with Mercury=-1, reward 76, 84) or Nobelium=1 is present (when coupled with Mercury=-1, Krypton=-1, reward 90). Since Button 3 has shown the best performance specifically under the exact current context (-1, 1, 1) across multiple trials (avg 80), I will exploit this choice. The next trial requires maximizing reward, and Button 3 seems locally optimal based on past data for this context.",69,A,B,D,C
6,LLM_Gemini_3_Flash,23,-1,-1,1,2,D,0,exploit,0,"Analyzing the history: Button 2 was chosen twice with context (-1, -1, 1) yielding rewards 46 and 40, and once with context (1, -1, -1) yielding 51. The current context is (-1, -1, 1), which matches the context for Button 2's initial plays. The average reward for Button 2 under this specific context is (46+40)/2 = 43. Button 1 has been heavily played but shows high variance and no clear high baseline. Button 0 seems good only when M=1, K=-1, N=1 (Avg ~80.7). Button 3 shows high variance. Given the limited data on Button 2 for this exact context, and the fact that other buttons have highly variable or lower performance in related contexts, exploiting the repeated observation for Button 2 under the current context seems the most immediately profitable action, although more data for Button 2 is needed for certainty. I will choose 2 based on the observed history matching the current context.",58,A,B,D,C
6,LLM_Gemini_3_Flash,24,1,-1,-1,2,D,0,exploit,0,"The current context is [Mercury: 1, Krypton: -1, Nobelium: -1]. Button 2 has been pulled twice under this context, yielding rewards of 51 and 40 (Average: 45.5). Button 0 was pulled three times under context [1, -1, 1] yielding an average of 80.33. Button 1 has been pulled 8 times under context [-1, 1, -1] yielding an average of 73.63. Button 3 has been pulled 8 times under various contexts. Given the limited exploration on Button 2 for the exact context [1, -1, -1], and Button 2 yielding slightly better recent results for this context than other buttons haven't been tested against it yet, I will stick with Button 2 for now as the best available information suggests a moderate reward, leaning towards exploitation.",51,A,B,D,C
6,LLM_Gemini_3_Flash,25,-1,1,1,0,A,0,exploit,0,"The current context is (-1, 1, 1). Button 0 has only been pulled with context (1, -1, 1) yielding rewards around 80. This context (-1, 1, 1) has been pulled 5 times (Trials 4, 7, 10, 11, 18, 22) exclusively by Button 1 or Button 3, suggesting Button 1 or 3 might be optimal here. Button 1 averages ~60.1, Button 3 averages ~74.8. Button 0 has strong performance when context is (1, -1, 1) (avg 80.33). Given the discrepancy in performance across contexts for Buttons 1 and 3, and the lack of data for Button 0 in the current context, I will stick with Button 0, as it has shown high rewards in a similar context (1, -1, 1) and Button 2 has been poor. However, based strictly on the current context (-1, 1, 1), Button 3 has the highest average reward (74.8) from 5 pulls, suggesting it is the best exploit choice.",13,A,B,D,C
6,LLM_Gemini_3_Flash,26,-1,1,1,3,C,1,exploit,0,"The current context is (M:-1, K:1, N:1). Button 3 has been played 7 times, yielding rewards averaging ~64.14. Button 1 has been played 7 times, averaging ~61.71, but is heavily skewed by low initial rewards. Button 0 has 3 plays averaging ~62.67. Button 2 has 5 plays averaging ~47.2. Button 3 shows the most consistency in yielding good rewards across various contexts, especially in the current context (rewards 76, 84, 69). Given the limited exploration, exploiting button 3, which has shown higher observed average returns, is the best strategy for this trial.",87,A,B,D,C
6,LLM_Gemini_3_Flash,27,1,1,-1,1,B,1,exploit,0,"Button 1 has only been played when (M, K, N) is (-1, 1, -1) or (-1, 1, 1). The average reward for the highly sampled context (-1, 1, -1) is (84+70+75+80)/4 = 77.25, and for (-1, 1, 1) is (46+50+44)/3 = 46.67. Given the current context (1, 1, -1), we have no direct data for any button. I will analyze Button 0 and Button 3 since they show more variance.

Button 0 (2 Plays at (1, -1, 1)): Avg=80.5. Zero plays for current context (1, 1, -1).
Button 3 (8 Plays): Average reward varies widely: (76+84+61+90+18+23+69+87)/8 = 64.88. Plays for context (1, 1, -1) is 2 times, Avg=24.5. 

Button 2 (4 Plays): Two plays at (-1, -1, 1) Avg=49.0. Two plays at (1, -1, -1) Avg=51.0. Zero plays for current context (1, 1, -1).

Since Button 1 has shown consistent high rewards (around 70-80) in the contexts it was explored in, and the current context (1, 1, -1) shares the M=1 and N=-1 features with the high-reward context for Button 0, I will re-explore Button 1 to see if it performs well under this slightly different context. Given the low overall play counts (26 total), exploration is still vital, but Button 1 appears to be a strong candidate based on prior performance clustering.",77,A,B,D,C
6,LLM_Gemini_3_Flash,28,1,1,-1,3,C,0,exploit,0,"The current context is (M=1, K=1, N=-1). Button 3 has been pulled 8 times, showing a wide range of rewards (18 to 90). The average reward for Button 3 is approximately 56.9. Button 0 seems strongly tied to (M=1, K=-1, N=1), yielding high rewards (80, 76, 85). Button 1 frequently appears with (M=-1, K=1, N=-1), averaging around 76. Button 2's data is sparse but seems lower overall. For the context (1, 1, -1), Button 3 is the only one pulled under this specific configuration (Trials 16, 20, 21) with rewards 26, 18, 23 (Avg ~22.3). However, the overall average for Button 3 is much higher (56.9). Given the limited direct data for (1, 1, -1) across all arms, and the high overall variance/potential for Button 3, I will stick with Button 3 as it has a decent overall performance and it's the only arm tested in this exact context, relying on the assumption that the true mapping for this context might favor it, despite the low observed rewards.",17,A,B,D,C
6,LLM_Gemini_3_Flash,29,-1,1,1,3,C,1,exploit,0,"The current context is M=-1, K=1, N=1. Button 3 has been played 9 times, mostly under this context (5 times), yielding rewards: 76, 61, 84, 69, 87 (average 75.6). Button 1 has been played 8 times under this context, yielding rewards: 46, 50, 44 (average 46.7). Button 0 was played once (13). Button 2 was never played under this context. Based on the high observed average reward for Button 3 under the current context compared to other frequently chosen buttons in this context, Button 3 is the most likely best choice for exploitation.",76,A,B,D,C
6,LLM_Gemini_3_Flash,30,-1,1,1,3,C,1,exploit,0,"The current context is (M: -1, K: 1, N: 1). Button 3 has been played 9 times in this context, yielding rewards [76, 61, 84, 69, 87, 76]. The average reward for Button 3 under this context is approximately 75.1. Other buttons have not been played in this specific context. Button 3 appears to be the most reliable choice for this context based on observed data.",81,A,B,D,C
6,LLM_Gemini_3_Flash,31,-1,1,1,3,C,1,exploit,0,"The current context is M=-1, K=1, N=1. Button 3 has been heavily played in this context (Trials 7, 18, 22, 26, 29, 30) yielding rewards averaging around 78.67, which appears to be the best performing arm for this specific context so far, based on observation.",86,A,B,D,C
6,LLM_Gemini_3_Flash,32,-1,-1,1,2,D,0,exploit,0,"The current context is (M=-1, K=-1, N=1). Button 2 has only been pulled 3 times, but two of those times it received rewards of 46 (Trial 5) and 40 (Trial 14) in this exact context. It also received 58 (Trial 23) when context was (M=-1, K=-1, N=1) for the third context signal being N=1, but M and K were the same. Given the limited but consistent results for this specific context (-1, -1, 1) for Button 2 (average reward $\approx 43$), and the fact that Button 0 and Button 3 seem to perform poorly in contexts where M=-1 and N=1 (B0 had low reward 13 on T25, B3 had high rewards 90, 76, 84, 87, 81, 86, but inconsistent low rewards 18, 23, 26 when M=1, K=1), Button 2 appears to be the most consistent option for this specific context based on past observations.",48,A,B,D,C
6,LLM_Gemini_3_Flash,33,1,-1,-1,2,D,0,exploit,0,"The current context is (M=1, K=-1, N=-1). Button 2 has been pulled 4 times, receiving rewards [51, 51, 58, 48] with an average of 52.0. Button 0 has yielded high rewards (avg ~80) when N=1, but the current N=-1. Button 1 is highly variable and seems sensitive to K=1. Button 3 also shows high variance. Given the consistent but moderate reward for Button 2 under context (M=-1, K=-1, N=-1) and the specific context (M=1, K=-1, N=-1) being similar to one of Button 2's observed contexts (M=-1, K=-1, N=-1), and lacking strong evidence for other arms in the current context, I will exploit Button 2 for now, anticipating a reward around 50.",58,A,B,D,C
6,LLM_Gemini_3_Flash,34,-1,1,1,3,C,1,exploit,0,"The current context is (-1, 1, 1). Button 3 has been chosen 12 times, resulting in an average reward of approximately 68.9. Button 1 was chosen 9 times with an average reward of about 62.8. Button 0 has 3 trials with an average of 59.3. Button 2 has 8 trials with an average of 50.8. Given that Button 3 has provided the highest average reward overall, and we have a good sample size for it, I will choose Button 3 to exploit the current best-known option, especially since the context (-1, 1, 1) was historically mapped to Button 3 with high rewards (84, 69, 76, 81, 86) compared to other buttons in that context.",71,A,B,D,C
6,LLM_Gemini_3_Flash,35,-1,1,-1,1,B,1,exploit,0,"Button 1 has been heavily tested with the context (-1, 1, -1) (6 times, rewards: 84, 70, 75, 80). The average reward is high (~77.25). For the current context (-1, 1, -1), Button 1 appears to be the best option based on observed history. The other buttons have less data or showed lower historical performance for this specific context or have high variance.",84,A,B,D,C
6,LLM_Gemini_3_Flash,36,-1,1,1,3,C,1,exploit,0,"The current context is (M: -1, K: 1, N: 1). Button 3 has been heavily pulled (15 times) under this exact context, yielding an average reward of approximately 75.9. This consistent high performance suggests Button 3 is mapped to a high-reward planet for this configuration, making it the best exploitation choice based on historical data.",84,A,B,D,C
6,LLM_Gemini_3_Flash,37,-1,-1,1,2,D,0,exploit,0,"Button 2 has been consistently played when the context is (-1, -1, 1) or related contexts where it seems to perform reasonably well (average reward around 49 for the known (-1, -1, 1) context). The current context is (-1, -1, 1).  Button 2 was played 3 times with context (-1, -1, 1) yielding rewards [46, 40, 48], averaging 44.67. Button 3 was played 3 times with context (-1, -1, 1) yielding rewards [90, 61, 76] (assuming trial 13 context was different, re-checking history: Button 2 was played at T5, T14, T23, T32 with context (-1, -1, 1) rewards [46, 40, 58, 48], avg 48.0. Button 3 was played at T15 with context (-1, -1, 1) reward 90. Button 0 was never played with this context. Given Button 3 yielded 90 once, but Button 2 has more consistent data points for this exact context (average 48.0), I will stick with Button 2 for now, as it's a high-frequency exploration for this specific context. However, since Button 3 had a high outlier (90), there is high uncertainty. I will choose Button 2 as it has more historical observations for this specific context, aiming to exploit what seems to be a moderate payoff for this context, but recognizing Button 3 is a strong candidate for exploration next round if this payoff is low.",46,A,B,D,C
6,LLM_Gemini_3_Flash,38,-1,-1,1,2,D,0,exploit,0,"Button 2 has been pulled 6 times, yielding rewards: 46, 51, 40, 58, 51, 48. The contexts for Button 2 were: (-1, -1, 1) twice (avg 43), (1, -1, -1) twice (avg 54.5), (-1, 1, -1) once (61), (-1, -1, 1) once (46). The current context is (-1, -1, 1). The average reward for Button 2 under this context (from trials 5, 14, 32, 37) is (46+40+48+46)/4 = 45. However, Button 2 showed high variance. Let's look at Button 3: it has been pulled 13 times, yielding high rewards consistently when M=-1, K=1, N=1 (avg ~80) and very low rewards when M=1, K=1, N=-1 (avg ~20). Button 3 seems to be the best exploitable arm if the context matched its high-reward signature. Since the current context is (-1, -1, 1), Button 2's average reward (45) is the most relevant established average for this specific context among the arms that have been pulled with it. Button 1 has shown high variance as well (avg 68.5 over 10 pulls). Button 0 has only 3 pulls (avg 80.3). Given the context (-1, -1, 1), Button 2 has been pulled 4 times with this exact context (trials 5, 14, 32, 37) yielding rewards 46, 40, 48, 46, for an average of 45.0. Button 3 was pulled once with this context (trial 15) yielding 90. Button 1 was never pulled with this context. Button 0 was never pulled with this context. Button 3 is highly volatile, but its single instance was very high (90). Button 2 has a consistent, albeit moderate, return for this context. Since Button 3 has a potential high reward of 90 for this exact context, and Button 2 is consistently mediocre (avg 45), I will try Button 3 next to confirm if it is the high-reward arm. Wait, the context in trial 15 for button 3 was (-1, -1, 1) resulting in 90. The context in trial 5 for button 2 was (-1, -1, 1) resulting in 46. This strongly suggests Button 3 is the better choice for this context, despite Button 2 having more samples.",53,A,B,D,C
6,LLM_Gemini_3_Flash,39,-1,-1,1,2,D,0,exploit,0,"The current context is (-1, -1, 1). Button 2 has been played 7 times, mostly in this context or similar ones, yielding rewards: 46, 40, 58, 51, 48, 46, 53. The average is ~49.4. Button 0 and 1 have lower average rewards across all contexts, and Button 3 has shown very high variance (low rewards with signals (1, 1, -1) and high rewards with signals (-1, 1, 1)). Given the current low-signal context (-1, -1, 1), Button 2 seems the most reliable choice based on past observations, leading to an exploitation strategy for this trial.",57,A,B,D,C
6,LLM_Gemini_3_Flash,40,-1,1,1,0,A,0,error,0,Error: 'NoneType' object has no attribute 'arm_choice',29,A,B,D,C
6,LLM_Gemini_3_Flash,41,-1,-1,1,2,D,0,exploit,0,"Button 2 has been pulled 9 times, mostly under context M=-1, K=-1, N=1 (6 times) yielding rewards averaging around 50.17, and 3 times under M=-1, K=1, N=-1 (avg 70.33) or M=1, K=-1, N=-1 (avg 53.33). The current context is M=-1, K=-1, N=1, where Button 2 has consistently provided moderate rewards (46, 40, 58, 48, 46, 53, 57). Button 3 has shown very high variance, with high rewards (90, 76, 84, 87, 81, 86, 71, 84) when N=1, but very low rewards (26, 18, 23, 17) when N=-1. Button 1 seems to react poorly to M=-1, N=1. Button 0 is poorly sampled. Given the current context (M=-1, K=-1, N=1), Button 2 has the most reliable positive history (avg ~50.17 across 6 pulls), while Button 3 yielded 90 on one pull but only 61 on another, making Button 2 a safer exploit choice based on prior observations for this specific context, especially since Button 3 hasn't been tested in this exact context.",51,A,B,D,C
6,LLM_Gemini_3_Flash,42,1,-1,1,0,A,1,exploit,0,"Button 0 has only been pulled when context is (1, -1, 1). The average reward is (80+76+85)/3 = 80.33. Given the current context is also (1, -1, 1), this is the best known option for this specific context. Button 3 seems to perform very well when Krypton=-1 and Nobelium=1, and Button 1 is highly variable. Button 0 has shown consistent high performance under the one context it has seen, matching the current context, suggesting an exploit choice.",81,A,B,D,C
6,LLM_Gemini_3_Flash,43,-1,1,1,3,C,1,exploit,0,"The current context is M=-1, K=1, N=1. Button 3 has been heavily played in this context (11 times) with rewards ranging from 61 to 87, yielding an average reward of approximately 77.2. Button 1 was played once in this context (Trial 4) yielding 46. Buttons 0 and 2 have not been played in this exact context. Given the high number of observations favoring Button 3 for this specific context, exploiting this knowledge by choosing Button 3 seems the best strategy now, as it has the highest observed average reward for this specific context configuration.",71,A,B,D,C
6,LLM_Gemini_3_Flash,44,-1,1,1,3,C,1,exploit,0,"The current context is (M=-1, K=1, N=1). Button 3 has been played 13 times with an average reward of 67.69 in this context, showing consistently high rewards compared to other buttons in this specific context. Button 0 has only been played once in this context, receiving 13. Button 1 has not been played in this context. Button 2 has not been played in this context. Given the strong history for Button 3 in this context, I will exploit this by choosing arm 3.",75,A,B,D,C
6,LLM_Gemini_3_Flash,45,1,-1,1,0,A,1,exploit,0,"Button 0 has been consistently played in the current context [1, -1, 1] across trials 1, 3, 19, and 42, yielding rewards: 80, 76, 85, 81. The average reward is high (~80.5). I will exploit this high average reward for the current context [1, -1, 1].",85,A,B,D,C
6,LLM_Gemini_3_Flash,46,-1,-1,1,2,D,0,exploit,0,"Button 2 has been chosen 10 times, predominantly under the context {M=-1, K=-1, N=1}, yielding rewards averaging around 50.5 (46, 40, 58, 48, 51, 53, 57, 51). Under other contexts, it has varied (e.g., 51 for {M=1, K=-1, N=-1}). The current context is {M=-1, K=-1, N=1}, where Button 2 has shown consistent, relatively high performance (mean ~50.5). Buttons 0 and 3 show very high reward variance or are strongly associated with specific, often high, rewards under different contexts. Button 1 seems consistently low/mid reward for its explored contexts. Given the current context matches the most explored context for Button 2, exploiting this known average is the best strategy over exploring other arms where data is sparse or conflicting for this specific context.",44,A,B,D,C
6,LLM_Gemini_3_Flash,47,1,-1,1,0,A,1,exploit,0,"The current context (M=1, K=-1, N=1) has been pulled 4 times via Button 0, yielding rewards [80, 76, 85, 81, 85] with an average of 81.4. Button 0 appears very strong under this specific context. Other buttons have been less consistently high or explored less often under this context. I will exploit the learned high performance of Button 0 for this context.",86,A,B,D,C
6,LLM_Gemini_3_Flash,48,-1,1,-1,1,B,1,exploit,0,"The current context is (-1, 1, -1). Button 1 has been pulled 9 times, yielding an average reward of 71.78. This context (-1, 1, -1) appeared 6 times when button 1 was chosen, with an average reward of 77.0. Given the limited data, Button 1 appears to be the best performing arm for this specific context configuration based on previous trials, making exploitation the current best strategy.",72,A,B,D,C
6,LLM_Gemini_3_Flash,49,-1,1,1,3,C,1,exploit,0,"The current context is (M=-1, K=1, N=1). Button 3 has been pulled 14 times under this context (or contexts highly related to it based on historical reward patterns). The average reward for Button 3 when M=-1, K=1, N=1 (or close approximations) has been very high (around 78-87). Button 0 has shown low rewards (average around 43) in this specific context cluster. Button 1 and 2 have not been tested frequently in this exact context recently, but Button 3 shows the most consistent high performance for this context configuration so far. I will exploit the best-performing known option for this context.",74,A,B,D,C
6,LLM_Gemini_3_Flash,50,-1,1,-1,1,B,1,exploit,0,"Analyzing past data suggests Button 1 strongly correlates with high rewards (average ~75.7) when the context is M=-1, K=1, N=-1, which matches the current context. Button 3 has high variance and is often low reward in similar contexts (M=-1, K=1, N=1). Buttons 0 and 2 have fewer high-reward instances in contexts similar to the current one. Therefore, exploiting Button 1 seems optimal based on accumulated evidence for this specific context.",74,A,B,D,C
7,LLM_Gemini_3_Flash,1,1,-1,-1,0,C,0,explore,1,"Since there is no previous history, I must begin by gathering data. I will choose arm 0 first to start learning about its reward function under the current context (1, -1, -1).",17,C,A,B,D
7,LLM_Gemini_3_Flash,2,1,1,-1,1,A,0,explore,1,"Only one trial has been played (Button 0 yielded 17 with context (1, -1, -1)). With only one data point, it is impossible to reliably map buttons to planets or determine reward functions. The current context is (1, 1, -1). I will choose an unexplored button (Button 1) to gather more information about the reward landscape, leaning towards exploration to quickly learn the structure of the rewards.",51,C,A,B,D
7,LLM_Gemini_3_Flash,3,1,1,-1,1,A,0,exploit,0,"Button 1 yielded a high reward (51) in Trial 2 with context (1, 1, -1). The current context is identical to Trial 2 (Mercury=1, Krypton=1, Nobelium=-1). Since this is the only data point for this specific context, and it yielded the highest observed reward so far, I will exploit this by choosing Button 1 again, assuming the reward function is consistent.",47,C,A,B,D
7,LLM_Gemini_3_Flash,4,1,-1,-1,2,B,0,explore,1,"Only buttons 0 and 1 have been tested. Button 0 yielded 17 in context (1,-1,-1). Button 1 yielded high rewards (51, 47) in context (1,1,-1). Since the current context (1,-1,-1) has only been seen once on button 0, and buttons 2 and 3 are completely unknown, exploring an untested button (like 2 or 3) is safer than exploiting button 0 based on a single noisy sample. I choose button 2 to gather initial data.",59,C,A,B,D
7,LLM_Gemini_3_Flash,5,1,-1,-1,3,D,0,explore,1,"Only buttons 0, 1, and 2 have been tried. Button 3 is completely unknown. Given the limited data (only 4 trials) and the necessity to cover all options, I will choose the unselected arm (3) to gather initial data, which is an exploratory move.",65,C,A,B,D
7,LLM_Gemini_3_Flash,6,-1,-1,1,3,D,0,exploit,0,"The current context is (-1, -1, 1). Button 3 was chosen once with context (1, -1, -1) and yielded the highest reward (65), suggesting it might be a high-paying arm, possibly with a constant high reward or a specific combination leading to high payoff. Since we have limited data (only 5 trials) and no clear pattern yet, I will exploit the highest observed reward from Button 3, assuming it performs well even in this different context, as there are no strong indicators to prefer other arms yet. Button 2 also yielded a high reward (59) in a similar context (1, -1, -1).",41,C,A,B,D
7,LLM_Gemini_3_Flash,7,-1,1,-1,3,D,0,exploit,0,"The current context is (-1, 1, -1). Button 3 has been played twice (Trials 5 and 6). Trial 5 used context (1, -1, -1) yielding 65. Trial 6 used context (-1, -1, 1) yielding 41. We have very limited data across only two distinct contexts for Button 3, and no data at all for Buttons 0, 1, or 2 under the current context (-1, 1, -1). However, Button 3 is the only one that has been played under a context that shares two features with the current one (Trial 5: (1, -1, -1) vs Current: (-1, 1, -1)). Given the early stage (6 trials) and the lack of direct information for the current context across any arm, I will revert to an optimistic exploration strategy favoring the arm that has shown the highest single reward (Button 3 got 65 in Trial 5). Since the goal is to maximize profit and we have seen a moderately high reward from arm 3, I will exploit it one more time hoping for a continuation of high rewards, as exploring a completely unknown arm might yield a very low reward. Given the scarcity of data, choosing the arm with the highest historical reward (65 for Arm 3) is the most immediate greedy approach (exploit).",48,C,A,B,D
7,LLM_Gemini_3_Flash,8,-1,1,-1,3,D,0,exploit,0,"Button 3 has been pulled three times: Trial 5 (Context [1, -1, -1], Reward 65), Trial 6 (Context [-1, -1, 1], Reward 41), and Trial 7 (Context [-1, 1, -1], Reward 48). The current context is [-1, 1, -1], which matches Trial 7, yielding a reward of 48. Since this is the only history for this specific context, I will exploit the most recent known outcome for this context, which strongly suggests Button 3 is the best choice right now.",51,C,A,B,D
7,LLM_Gemini_3_Flash,9,-1,1,1,3,D,0,exploit,0,"Button 3 has been played 4 times with rewards ranging from 41 to 65, averaging around 51.25, and it's the most frequently played arm. Buttons 0, 1, and 2 have been played only once or twice each. Given the current context (-1, 1, 1) is different from previous contexts, an explicit prediction is difficult without knowing the reward functions. However, Button 3 has the most data. I will stick with the most explored arm (Button 3) as a default when the current context is new territory, leaning towards exploitation based on established variance, though full confidence is low. Since the current context (-1, 1, 1) is very close to context (Trial 7 & 8: -1, 1, -1) where Button 3 performed well (48, 51), I choose to exploit Button 3.",54,C,A,B,D
7,LLM_Gemini_3_Flash,10,1,-1,1,3,D,0,exploit,0,"Button 3 has been pulled 5 times across contexts (M,K,N) of (1,-1,-1), (-1,-1,1), (-1,1,-1), (-1,1,-1), (-1,1,1) yielding rewards (65, 41, 48, 51, 54). The average reward is high (~51.8). Buttons 0, 1, and 2 have only been pulled once each, making their reward estimates unreliable. Given the current context (1, -1, 1), we lack direct data for this specific context for any button, but Button 3 has the most observed data overall and appears to perform well generally. Since Button 3 was chosen for contexts similar to the current one (e.g., Trial 6: (-1,-1,1) -> 41, Trial 9: (-1,1,1) -> 54), and it has the highest overall engagement, I will exploit this history by choosing 3, hoping it is the consistently high-rewarding arm, or at least the one we have the most information on.",47,C,A,B,D
7,LLM_Gemini_3_Flash,11,-1,1,-1,3,D,0,exploit,0,"Button 3 has been pulled 6 times, resulting in rewards of [41, 48, 51, 54, 47, 65] with an average of 50.17. The current context (-1, 1, -1) was present in trials 7 and 8, yielding rewards of 48 and 51 when button 3 was chosen. Given this is the most frequently tested arm and it has shown consistently high rewards across several contexts, including the current one, exploitation is favored. Other buttons have only been tried once or twice, making their estimates unreliable. I will exploit button 3 for now.",51,C,A,B,D
7,LLM_Gemini_3_Flash,12,-1,-1,1,0,C,1,explore,1,"Button 3 has been heavily explored (8 trials) with rewards clustered around 41-54. Buttons 0, 1, and 2 have only been tried once or twice under different contexts. The current context is M=-1, K=-1, N=1, which Button 3 was tried with in Trial 6 (Reward 41). To gain more information about the potential high-reward arms (0, 1, 2) under this context, I will choose Button 0 to explore its performance here, as it is completely unobserved in this specific context.",77,C,A,B,D
7,LLM_Gemini_3_Flash,13,1,-1,-1,3,D,0,exploit,0,"Button 3 has been chosen 8 times across diverse contexts (including the current context [1, -1, -1] twice previously, yielding 65 and 47). The average reward for Button 3 is (41+48+51+54+47+51)/6 + (65+47)/2 = ~51.4. Given the high frequency of selection and decent observed rewards, I will exploit Button 3 for the current context [1, -1, -1] until a clearer pattern emerges for other arms. Button 0 was chosen twice: once at [1, -1, -1] (Reward 17) and once at [-1, -1, 1] (Reward 77). Button 1 was chosen twice, both at [1, 1, -1] (Rewards 51, 47). Button 2 was chosen once at [1, -1, -1] (Reward 59). Button 3 seems the most tested/reliable arm so far, despite the low initial reward of 17 for button 0 in this exact context.",46,C,A,B,D
7,LLM_Gemini_3_Flash,14,-1,1,1,1,A,0,exploit,0,"Button 3 has been heavily explored (9 times) with an average reward of ~52.11, and it was chosen for the current context twice before (Trial 9, Reward 54). Button 0 was pulled twice (Avg 48), Button 1 once (Avg 49), and Button 2 once (Avg 59). Button 1 gave a very high reward (51) in its only recorded context, which is different from the current one (M:-1, K:1, N:1). Given that Button 3 has been played frequently across various contexts and Button 1 yielded a high reward previously, I will explore Button 1 now for this specific context, as its potential high reward in the current context is unknown, but I will prioritize exploring arms that haven't been fully tested against this context configuration yet. However, looking at past choices, Button 3 has been selected 9 times, suggesting it might be a high performer generally or has been highly correlated with the current context in the past, despite the current context only being chosen once for Button 3 (Trial 9, Reward 54). Since Button 1 has only one data point (Reward 51 at M:1, K:1, N:-1), and Button 0 gave 77 at M:-1, K:-1, N:1, I will switch to Button 1 to check if it performs better than Button 3's previous 54 in this context configuration, as Button 1 seems promising from its single pull. Upon review, I will stick to exploiting what seems like a potentially high-reward area based on previous performance spread, choosing Button 1 to gather more data on a promising arm when the context matches its only recorded pull except for Nobelium, or choose Button 2 due to its high single pull. I will choose Button 1 as the next most promising arm to exploit, given the high reward on Button 2 (59) and the decent reward on Button 1 (51) in different contexts, I need to test Button 1 against the current context (M:-1, K:1, N:1) as it was chosen for Button 3 previously. Since Button 3 seems to be the most consistent choice across trials (especially for contexts involving K:1), I will exploit Button 3's apparent reliability first. Wait, the current context (M:-1, K:1, N:1) was played on Button 3 (Trial 9, Reward 54). Button 1 has never been played with this context. Given the high reward variability, and Button 3's performance being 54 here, I will choose Button 1 to test a less explored arm in this specific context, leaning slightly towards exploration, but labeling it 'exploit' as I aim for the best possible current reward based on available info, preferring to test arms that haven't been tested much in this environment. Reverting to Button 1 as a calculated risk/exploration within exploitation phase.",17,C,A,B,D
7,LLM_Gemini_3_Flash,15,1,-1,-1,2,B,0,exploit,0,"The current context (M=1, K=-1, N=-1) has been played on buttons 0, 2, and 3, yielding rewards of 17, 59, and an average of ~53.5 (46, 47, 65). Button 2 has the highest single observation (59) for this context. Given the limited data, exploiting the best observed result for this specific context seems prudent over exploring button 1 which has only been seen in different contexts (M=1, K=1, N=-1) with high rewards (51, 47).",52,C,A,B,D
7,LLM_Gemini_3_Flash,16,1,1,-1,1,A,0,exploit,0,"Current context is (1, 1, -1). Button 1 was chosen twice in this exact context (Trials 2 and 3), yielding rewards of 51 and 47. The average reward for Button 1 in this specific context is 49.0. No other button has been tested in this exact context. Given the strong, consistent results for Button 1 under the current conditions, the best strategy is to exploit this apparent high reward by choosing Button 1 again.",42,C,A,B,D
7,LLM_Gemini_3_Flash,17,-1,-1,1,0,C,1,exploit,0,"Button 0 has only been pulled twice: once with context (1, -1, -1) yielding 17, and once with context (-1, -1, 1) yielding 77. The current context is (-1, -1, 1), which matches the highest reward seen for Button 0 (77). Buttons 1, 2, and 3 have shown mixed or lower performance in similar or different contexts. Given the strong signal (77) for this exact context on Button 0, exploiting this strong historical signal is the best immediate choice, even though the overall mapping is uncertain.",83,C,A,B,D
7,LLM_Gemini_3_Flash,18,1,1,-1,1,A,0,exploit,0,"Button 1 has only been played when context is (1, 1, -1), yielding rewards {51, 47, 42} with an average of 46.67. Button 3 has been played most often across many contexts and generally yields medium rewards (avg 51.14). Button 0 has high variance (avg 56.75) but low count. Button 2 has medium rewards (avg 55.5). Given the current context (1, 1, -1) matches Button 1's experience perfectly, exploiting the known average for Button 1 (46.67) is currently the best, even if other arms might be better in general. However, upon re-examining the history, Button 3 has 7 plays averaging 51.14, and Button 1 has 3 plays averaging 46.67. Button 2 has 2 plays averaging 55.5. Button 0 has 3 plays averaging 64.67 (if we include the low play at T12). Given that the current context (1, 1, -1) has been played twice on Button 1 (avg 49.0), it is best to stick with the known behavior for this specific context. However, Button 0 average (77+83+17)/3 = 55.67, Button 2 average (59+52)/2 = 55.5. Button 3 is highly explored but seems to average lower. I will re-explore Button 0, as its average reward is highest when considering all its plays, and the current context (1, 1, -1) has not been tested on Button 0 yet, making an 'exploit' based solely on Button 1's history risky against potentially higher arms. I will switch to explore to check Button 0 or Button 2 which have fewer samples in general but higher observed averages. Given Button 1 has the most data *for this specific context*, I will stick to exploit on Button 1 for now, as it's the most reliable data point for (1, 1, -1).",49,C,A,B,D
7,LLM_Gemini_3_Flash,19,-1,1,-1,3,D,0,exploit,0,"Button 3 has been pulled 8 times, predominantly in contexts involving Krypton=1 (T7, T8, T9, T11) where rewards clustered around 50. It was also pulled in contexts with M=-1, N=1 (T6, T10) and M=1, N=-1 (T5, T13). The average reward for Button 3 is 51.125 across 8 pulls. The current context (M=-1, K=1, N=-1) matches trials 7, 8, and 11, yielding rewards of 48, 51, and 51. Exploiting this high frequency and consistent result for the current context seems optimal, especially since other buttons have shown volatile or lower average returns when tested.",55,C,A,B,D
7,LLM_Gemini_3_Flash,20,1,1,-1,1,A,0,exploit,0,"The current context is [M=1, K=1, N=-1]. Button 1 has been pulled twice in this exact context (Trials 2 and 3), yielding rewards of 51 and 47 (Average: 49.0). Button 0 has never been pulled in this context, and Buttons 2 and 3 have only been pulled once each in different contexts or yielded lower overall averages. Given the high frequency of pulling Button 1 in this specific context yielding decent results, I will exploit this observed trend for the current state, assuming Button 1 corresponds to the planet optimized for this context.",51,C,A,B,D
7,LLM_Gemini_3_Flash,21,-1,-1,1,0,C,1,exploit,0,"The current context is M=-1, K=-1, N=1. Button 0 has yielded high rewards (77, 83) specifically in this context in trials 12 and 17. This suggests Button 0 maps to a planet whose reward is high when N=1, and Button 0 has been heavily tested in this specific state. I will exploit this apparent good match.",83,C,A,B,D
7,LLM_Gemini_3_Flash,22,1,-1,1,0,C,0,exploit,0,"Analyzing the history reveals Button 0 consistently yields high rewards (77, 83, 83) when the context is {M=-1, K=-1, N=1} (3 times) or Button 2 when {M=1, K=-1, N=-1} (52). The current context is {M=1, K=-1, N=1}. Button 0 has only been played once in a different context {M=1, K=-1, N=-1} with reward 17, which seems like an outlier or a different planet mapping. However, Button 3 has been heavily explored with an average reward of ~51. Button 0 has the highest observed average reward (80.33) across 3 pulls, despite the low initial pull. Given the high rewards associated with Button 0 when K=-1 and N=1 (average 80.33), and the current context having K=-1 and N=1, I will exploit Button 0, hoping it corresponds to the high-reward planet observed under similar contexts.",54,C,A,B,D
7,LLM_Gemini_3_Flash,23,1,-1,-1,2,B,0,exploit,0,"Button 2 has only been pulled twice (Trials 4 and 15), both times with context (1, -1, -1) yielding rewards of 59 and 52 (Average 55.5). Button 0 performs very well when Nobelium=1 (Avg 75.5 over 3 pulls) but poorly when context=(1,-1,-1) (Trial 1: 17). Button 3 has many pulls but its rewards vary widely (Avg 50.9). Button 1 shows moderate performance. Given the current context (1, -1, -1), Button 2 has shown the highest average reward so far for this specific context. I will exploit this finding, as exploring Button 0 or Button 1 might lead to lower returns in this specific state, and Button 3's behavior is inconsistent. I will prioritize the best observed performance for the current state.",52,C,A,B,D
7,LLM_Gemini_3_Flash,24,-1,-1,1,0,C,1,exploit,0,"Button 0 consistently yields high rewards (77, 83, 83, 54) in contexts where Nobelium=1, suggesting it maps to a high-value planet under the current context [M:-1, K:-1, N:1]. Buttons 1, 2, and 3 have not been tested in this exact context, or their results are less consistent or lower when N=1 (Button 3 gave 41 for [M:-1, K:-1, N:1]). Therefore, exploiting button 0 is the best strategy.",83,C,A,B,D
7,LLM_Gemini_3_Flash,25,-1,-1,1,0,C,1,exploit,0,"Button 0 has consistently yielded high rewards (77, 83, 83, 83) specifically when the context is {Mercury: -1, Krypton: -1, Nobelium: 1}, which matches the current context. Buttons 1, 2, and 3 show lower or more variable rewards across different contexts. Assuming Button 0 maps to the best planet for this specific context, I will exploit this finding.",80,C,A,B,D
7,LLM_Gemini_3_Flash,26,-1,1,1,0,C,1,exploit,0,"The current context is M=-1, K=1, N=1. Button 3 was chosen 6 times in this context in the past, yielding rewards with an average of (54+48+51+55+51)/5 = 51.8 and a maximum of 55, suggesting a moderate reward. Button 0 was chosen once in this context (Trial 9) yielding 54. However, Button 0 shows very high rewards (average ~81.5 across 5 pulls) when M=-1, K=-1, N=1. Given the ambiguity, I will rely on the most recent choices for Button 3 in the current context, but the overall low variation suggests either a poor context or an under-explored button is better. Re-evaluating: Button 3 has been pulled 7 times in M=-1, K=1, N=-1 context with average 51.28. Button 3 has been pulled once in the current context (M=-1, K=1, N=1) yielding 54. Button 0 has been pulled once in this context yielding 54. Button 2 and 1 have no history in this exact context. Given Button 0's generally high performance on other contexts involving N=1 (especially M=-1, K=-1, N=1 yielding ~82), I will try exploiting Button 0 again, as its single pull in this context yielded 54, matching Button 3's average performance in similar K=1 contexts.",80,C,A,B,D
7,LLM_Gemini_3_Flash,27,-1,1,-1,0,C,0,exploit,0,"Button 0 has consistently yielded high rewards (average ~78.8) when pulled across several contexts, especially when Mercury=-1 and Nobelium=1 (rewards 83, 83, 83, 80, 80). The current context is M=-1, K=1, N=-1. While Button 0 was pulled once in this exact context (Trial 7/8/11, reward 48/51/51), Button 3 has been pulled 6 times in this context with rewards averaging 51.17. However, Button 0's overall performance suggests it maps to a high-paying planet. Given Button 0's strong performance in similar contexts involving M=-1, I will exploit Button 0, as it has been shown to map to a planet that can produce high rewards (like the 80s results), even if this specific context seems slightly lower based on past pulls for this button in this context (48-55 range for B3). I prioritize the maximum observed high reward pool associated with Button 0.",44,C,A,B,D
7,LLM_Gemini_3_Flash,28,-1,1,-1,0,C,0,exploit,0,"Button 0 has been consistently high-rewarding (average ~66.1) when played, especially for contexts involving (-1, -1, 1) or (-1, 1, 1). The current context is (-1, 1, -1). Button 0 was played once with this context and yielded 44. Button 3 has also been frequently played, but its average reward (~50.4) is lower than Button 0's overall average (~58.6). Given the strong performance of Button 0 across several tested contexts, I will exploit it again, prioritizing the highest observed performer despite this specific context yielding a lower reward previously for Button 0.",53,C,A,B,D
7,LLM_Gemini_3_Flash,29,1,1,-1,2,B,1,exploit,0,"The current context is (M=1, K=1, N=-1). Button 1 was chosen twice under this context (Trials 2, 3) yielding rewards of 51 and 47 (Avg: 49). Button 2 was chosen twice under context (M=1, K=-1, N=-1) yielding 59 and 52 (Avg: 55.5). Button 0 has high rewards (Avg: ~81.2) when M=-1, N=1, suggesting Button 0 is Planet C or D with high base reward there. Button 3 has mixed results, mostly lower/medium rewards. Given the high average observed for Button 1 (49) in the current context (M=1, K=1, N=-1), Button 1 is the current best option. However, I must explore other options that haven't been tested in this exact context, especially Button 2, which showed high potential (Avg 55.5) in a similar context (M=1, K=-1, N=-1). Since Button 1 is the only one tested here, I will choose Button 2 to gather data on it under this specific context (1, 1, -1) to see if it outperforms Button 1's average of 49, as Button 2 showed higher general performance (55.5) in another (1, -1, -1) context. This is a targeted exploration leveraging previous high-performing contexts.",77,C,A,B,D
7,LLM_Gemini_3_Flash,30,1,-1,1,0,C,0,exploit,0,"The current context is (Mercury=1, Krypton=-1, Nobelium=1). Button 0 has been pulled 9 times, yielding an average reward of 66.0. The best historical average for Button 0 occurred at context (1, -1, 1) with a reward of 54. Button 2 has only 2 pulls, Button 1 has 6 pulls, and Button 3 has 12 pulls. Button 0 shows high initial promise, especially with two high rewards (77, 83) when Nobelium was 1. Given the current context (1, -1, 1), where Button 0 previously yielded 54, and the uncertainty around other buttons for this specific context, exploiting Button 0 seems optimal based on available evidence, assuming Button 0 maps to a planet that performs well here.",50,C,A,B,D
7,LLM_Gemini_3_Flash,31,1,1,-1,0,C,0,exploit,0,"Button 0 has been exclusively pulled when context is (M=-1, K=-1, N=1) [5 times, Avg=80.2] or (M=-1, K=1, N=1) [1 time, Avg=80] or (M=1, K=-1, N=1) [1 time, Avg=54]. Given the current context (M=1, K=1, N=-1), Button 0 has only been pulled once previously (Trial 2) yielding 51. Button 1 has yielded 42-51 for this context, Button 2 has yielded 77, and Button 3 has yielded 47-65. However, Button 0 consistently shows the highest average reward (Avg=66.5, N=11) across all its plays, especially for contexts involving N=1, and the reward of 51 for the exact current context (Trial 2) is comparable to other high performers. Since Button 0 has shown overall superior performance and there's no overwhelmingly strong signal for another button in this exact context, I will exploit Button 0, expecting a decent reward around 50-60.",18,C,A,B,D
7,LLM_Gemini_3_Flash,32,1,-1,1,0,C,0,exploit,0,"Button 0 has shown very high rewards (averaging around 65-83) when Mercury=-1 and Nobelium=1 (Trials 17, 21, 24, 25, 26), and moderate rewards otherwise. The current context is Mercury=1, Krypton=-1, Nobelium=1. Button 0 was played once in this context (Trial 22) yielding 54. Button 3 was played once in this context (Trial 10) yielding 47. Given the evidence, Button 0 seems the most promising choice, especially considering its high potential rewards in similar Nobelium=1 contexts, even though Mercury is currently 1 instead of -1. Exploiting Button 0 seems best compared to the single low reward seen for Button 3 in this exact context.",53,C,A,B,D
7,LLM_Gemini_3_Flash,33,-1,1,1,0,C,1,exploit,0,"The current context is (Mercury: -1, Krypton: 1, Nobelium: 1). Button 3 has been pulled 8 times with this exact context, yielding rewards between 48 and 55 (Avg ~51.6). Button 0 has been pulled 10 times under this context (including trial 9, 26, and others), yielding rewards between 44 and 80 (Avg ~60.2). Button 0 has the highest average reward observed specifically for this context, making it the best exploit choice based on limited data. Button 3 has been pulled most frequently in this context but with more variance and lower average recently. Button 0 appears to map to the planet with the highest payoff when M=-1, K=1, N=1.",82,C,A,B,D
7,LLM_Gemini_3_Flash,34,-1,-1,1,0,C,1,exploit,0,"Button 0 has been pulled 17 times, predominantly in the context where Mercury=-1 and Nobelium=1 (10 pulls), yielding high rewards (avg ~81.2). The current context is Mercury=-1, Krypton=-1, Nobelium=1. Given that Button 0 performed exceptionally well on similar contexts (where Krypton was also -1 or 1), and Button 0 is clearly associated with a high-reward planet for this specific context type, I will exploit this advantage. Buttons 1, 2, and 3 have shown lower overall performance in the contexts they've been tested in relative to Button 0's performance on this feature set.",76,C,A,B,D
7,LLM_Gemini_3_Flash,35,-1,-1,1,0,C,1,exploit,0,"Button 0 has been overwhelmingly chosen in the current context (Mercury=-1, Krypton=-1, Nobelium=1) across 8 trials, yielding rewards between 76 and 83 (average ~80.25). This suggests Button 0 is highly likely mapped to the planet that performs best under this specific context. Since the current context is identical to these 8 prior successful trials, exploiting Button 0 is the optimal choice.",76,C,A,B,D
7,LLM_Gemini_3_Flash,36,1,-1,-1,0,C,0,exploit,0,"The current context is (Mercury=1, Krypton=-1, Nobelium=-1). Button 0 has been pulled 15 times, yielding an average reward of 60.73. Button 2 was pulled twice under this exact context (trials 4 and 23), yielding 59 and 52 (avg 55.5). Button 3 was pulled 5 times under this context, yielding an average reward of 54.6. Given the strong historical performance of Button 0 (60.73 avg) compared to other buttons pulled in this specific context (55.5 for B2, 54.6 for B3), and the high frequency of successful pulls for Button 0 overall (especially when Nobelium=1), exploiting Button 0 seems optimal for this trial.",21,C,A,B,D
7,LLM_Gemini_3_Flash,37,1,-1,-1,0,C,0,exploit,0,"Button 0 has been heavily explored (22 pulls) and shows high variability, suggesting it maps to a planet sensitive to context, especially the (-1, -1, 1) context where it yields rewards around 76-83. In the current context (1, -1, -1), Button 0 has yielded rewards of 17, 21, and 54 (average ~33.3). Button 3 has the highest overall average reward (39 pulls, avg ~50.9), and its pulls in context (1, -1, -1) gave 46, 65, 47 (average 52.7). However, Button 0 has received the most consistent high rewards when the context aligns with high-yielding scenarios observed previously (e.g., context (-, -, 1)). Given the current context (1, -1, -1), the average for Button 0 (33.3) is lower than the average for Button 3 (52.7) in this specific context. However, Button 0 also has a relatively high reward of 54 in this exact context (Trial 22). Given the high volume of plays on Button 0 and recent exploration showing it handles the current context reasonably well (54), and Button 3 has been heavily played (14 pulls, avg 50.9) and also seen this context (avg 52.7), I will re-examine Button 0 based on its previous reward of 54 for context (1, -1, -1) vs Button 3's average of 52.7 for the same context. Since Button 0 has the lowest observed reward (17) for this context, and Button 3 has a higher average (52.7 vs 33.3 for B0), Button 3 should be preferred. RETHINK: Button 0 has yielded the highest rewards (80+) when context is (-1, -1, 1). Button 3 seems to perform best overall. Let's stick to Button 3 for exploitation based on its context-specific average (52.7) being the highest observed for (1, -1, -1). WAIT: Trial 36 was Button 0 with (1, -1, -1) yielding 21. Trial 13 was Button 3 with (1, -1, -1) yielding 46. Trial 5 was Button 3 with (1, -1, -1) yielding 65. Button 3 looks better for this context. I will choose Button 3 as the best current estimate, but since Button 0 is the most tested, I will stick with my initial tendency to rely on the most tested arm if its reward is not terrible. Given the high variability of B0 (17, 21, 54), and B3's consistency here (46, 65, 47), B3 is empirically superior for (1, -1, -1). I must choose the best action. The best action for context (1, -1, -1) is Button 3 (Avg 52.7). I will choose Button 3.",29,C,A,B,D
7,LLM_Gemini_3_Flash,38,1,-1,-1,2,B,0,exploit,0,"The current context is (M=1, K=-1, N=-1). 
Button 2 has only been pulled twice (Trials 4, 15, 23) with rewards 59, 52, 52. The average is 54.33. 
Button 3 has shown high variance (avg ~51.5) but Button 0 seems to be strongly associated with high rewards in certain contexts (especially M=-1, N=1) but low/medium rewards in the current context (avg 36.3 from 5 pulls). 
Button 1 has shown medium/high rewards (avg 45.4 from 5 pulls) but none in this specific context.
Based on the limited data for Button 2 in this context (Avg 54.33), and the fact that other buttons have shown either lower performance in this context (Button 0) or less history in this context (Button 1), Button 2 appears to be the current best option to exploit, despite Button 0 having the highest overall mean reward (due to specific context dependence observed for Button 0).
Revisiting Button 0 in context (1, -1, -1): Rewards were 17, 21, 29 (Avg 22.3, 3 pulls). 
Button 2 in context (1, -1, -1): Rewards were 59, 52, 52 (Avg 54.33, 3 pulls). 
Button 3 in context (1, -1, -1): Rewards were 65, 46 (Avg 55.5, 2 pulls). 
Button 1 in context (1, -1, -1): No pulls.
Comparing Button 2 (Avg 54.33) and Button 3 (Avg 55.5) for the current context (1, -1, -1), Button 3 has a slightly higher average reward from limited pulls. However, Button 2 has more data points (3 vs 2) and a very consistent payoff (59, 52, 52). Given the volatility seen in Button 3's rewards in other contexts (e.g., 41 vs 65), I will stick with the slightly more stable average from Button 2 for exploitation, as it still represents a strong pull based on existing observations for this exact context.",56,C,A,B,D
7,LLM_Gemini_3_Flash,39,-1,-1,1,0,C,1,exploit,0,"Button 0 has been heavily tested in the current context (Mercury=-1, Krypton=-1, Nobelium=1) across trials 6, 12, 17, 21, 24, 25, 34, and 35, yielding rewards of [41, 77, 83, 83, 83, 80, 76, 76]. The average reward is approximately 75.9. No other button has been tested with this specific context, making Button 0 the best known option to exploit based on accumulated data for this exact context.",81,C,A,B,D
7,LLM_Gemini_3_Flash,40,-1,-1,1,0,C,1,exploit,0,"Button 0 has been overwhelmingly chosen (25 times) and yielded high rewards (average around 65-83) primarily when the context was Mercury=-1 and Nobelium=1 (Trials 6, 12, 17, 21, 24, 25, 26, 32, 33, 34, 35, 39). For the current context (Mercury=-1, Krypton=-1, Nobelium=1), Button 0 has yielded rewards of 77, 83, 83, 80, 80, 76, 76, 81, averaging 79.4 across 9 observations in this exact context. Buttons 1, 2, and 3 have very limited or conflicting data for this specific context, making Button 0 the clear exploitation choice based on observed performance.",84,C,A,B,D
7,LLM_Gemini_3_Flash,41,-1,1,1,0,C,1,exploit,0,"The current context is (Mercury: -1, Krypton: 1, Nobelium: 1). Button 0 has been heavily explored (27 pulls) and its average reward in this specific context (Trial 9) was 54. Button 3 was also pulled once in this context (Trial 9) with a reward of 54. Given the strong performance bias towards Button 0 across many contexts, and its matching reward in the one instance seen for the current context, I choose to exploit Button 0.",82,C,A,B,D
7,LLM_Gemini_3_Flash,42,-1,1,1,0,C,1,exploit,0,"The current context is (Mercury=-1, Krypton=1, Nobelium=1). In the history, Button 0 was chosen 19 times with an average reward of 61.26. The last 11 times Button 0 was chosen (Trials 26-41), the average reward was 69.18, with the last reward being 82. Button 3 was played 8 times in this context (Trials 9, 14, 19, etc.) with an average reward of 48.88. Buttons 1 and 2 have not been chosen in this specific context. Given the strong historical performance of Button 0 under this context, exploiting this choice is the best strategy now.",85,C,A,B,D
7,LLM_Gemini_3_Flash,43,-1,-1,1,0,C,1,exploit,0,"Button 0 has been played 26 times, mostly under the context (-1, -1, 1) where it yielded high rewards (average ~80.5). For the current context (-1, -1, 1), Button 0 is overwhelmingly the best choice based on observed history. While other buttons haven't been tested in this exact context, Button 0's consistency in this configuration suggests exploitation is optimal here, assuming the mapping for Button 0 is likely Planet A or B, which seem to have high base rewards or strong response to this context.",74,C,A,B,D
7,LLM_Gemini_3_Flash,44,-1,1,1,0,C,1,exploit,0,"The current context is M=-1, K=1, N=1. Button 0 has been heavily tested, especially in this specific context (Trial 9, 26, 33, 41, 42) yielding rewards of 54, 80, 82, 82, 85. The average reward for this context on Button 0 is high (around 79.8). Buttons 1, 2, and 3 have very little or no data for this specific context (-1, 1, 1). Given the strong positive signal from Button 0 when M=-1 and K=1, N=1, I will exploit this known high-performing arm. Button 0 seems strongly associated with Planet A or B, which often yield high rewards when M=-1 and N=1.",82,C,A,B,D
7,LLM_Gemini_3_Flash,45,-1,-1,1,0,C,1,exploit,0,"Button 0 has been heavily sampled (31 times) primarily under the context (-1, -1, 1) where it consistently yields high rewards (average ~79.8). The current context is (-1, -1, 1). Given the strong positive correlation observed for Button 0 in this specific context, exploiting this knowledge is the best strategy for maximizing immediate reward, despite not knowing the full reward functions for other buttons or the exact mapping.",75,C,A,B,D
7,LLM_Gemini_3_Flash,46,1,1,-1,0,C,0,exploit,0,"Button 0 has been played 34 times and has shown a high average reward (around 65.5) when associated with contexts where Mercury=-1 and Nobelium=1 (average ~81.8). The current context is Mercury=1, Krypton=1, Nobelium=-1. Button 0 is the most heavily explored arm. Given the current context (M=1, K=1, N=-1), Button 1 has shown the highest observed reward (51, 42, 49, 51) in similar contexts (M=1, K=1, N=-1 occurred 4 times for Button 1). However, Button 0 has been played disproportionately often in other high-reward scenarios. Since there are only 8 possible contexts, and the current context (1, 1, -1) has only been played on Button 1 four times (average ~48.75) and Button 2 once (reward 77), I need to re-evaluate the most promising arm for (1, 1, -1).

Context (1, 1, -1) History:
- Button 1: Rewards [51, 47, 42, 49, 51] -> Avg: 48.8
- Button 2: Reward [77] -> Avg: 77.0

Button 2 seems highly promising for this specific context based on one observation. Button 1 is heavily associated with (1, 1, -1) but its average is low. Button 0 has been overwhelmingly favored by the agent, often when (M=-1, N=1). I will test Button 2 again to confirm its high reward in this specific context, as the previous result (77) is the only data point for this context on Button 2.

Wait, re-examining the context (1, 1, -1) plays:
Trial 2: B1, R=51
Trial 3: B1, R=47
Trial 16: B1, R=42
Trial 18: B1, R=49
Trial 20: B1, R=51
Trial 29: B2, R=77

Button 2 has the highest single reward (77) for this context, making it the primary candidate for exploitation. I choose Button 2.

Update: The previous logic strongly pointed to 2, but the final selected arm must be based on the analysis.
Based on the strong evidence for Button 2 yielding 77 in context (1, 1, -1), I choose Button 2 to exploit this potential high payoff.",22,C,A,B,D
7,LLM_Gemini_3_Flash,47,1,-1,-1,0,C,0,exploit,0,"Button 0 has been pulled 31 times and yielded high rewards (average ~68.4) primarily when context has Nobelium=1 (avg ~79.5), and relatively lower rewards when Nobelium=-1 (avg ~35.9). The current context is (M=1, K=-1, N=-1). Button 0 was chosen 5 times in this specific context, yielding rewards: 17, 21, 29, 21, 29 (average ~23.2). Buttons 1, 2, and 3 have less history or no history in this exact context, but Button 0 has the most accumulated data and shows a consistent pattern in this specific context state. Given the strong pattern observed for Button 0 across different states, and that we have a reasonable estimate for this context state, exploiting Button 0 seems optimal for this trial.",14,C,A,B,D
7,LLM_Gemini_3_Flash,48,1,-1,-1,2,B,0,exploit,0,"Button 0 seems strongly associated with Planet A or B, which consistently underperform when Mercury=1, KRY=1, NOB=-1 (Trials 31, 46) or when Mercury=1, KRY=-1, NOB=-1 (Trials 1, 36, 37, 47) compared to Button 2 (Trials 15, 23, 38) and Button 3 (Trials 5, 13). Button 2 (Avg 59.6 over 4 plays) has the highest average reward for the current context (Mercury=1, Krypton=-1, Nobelium=-1) based on previous pulls (17, 52, 52, 56, 14). Button 3 pulled this context 5 times with a lower average (53.4). Button 0 pulled this context 7 times with a very low average (28.28). Button 1 has never pulled this context. Button 2 seems optimal for the current context (1, -1, -1) based on sampled data.",52,C,A,B,D
7,LLM_Gemini_3_Flash,49,-1,-1,1,0,C,1,exploit,0,"Button 0 has been pulled 36 times, predominantly in the context where Mercury=-1 and Nobelium=1 (19 times), yielding an average reward of approximately 79.8. This context matches the current context (Mercury=-1, Krypton=-1, Nobelium=1). Across all pulls for Button 0, the average reward is high (around 58.7). Given the strong historical performance in the current context for Button 0, choosing it for exploitation is the best strategy.",81,C,A,B,D
7,LLM_Gemini_3_Flash,50,-1,-1,1,0,C,1,exploit,0,"Button 0 has been heavily sampled, especially with the current context (Mercury=-1, Krypton=-1, Nobelium=1). The average reward for Button 0 in this specific context (Trials 6, 12, 17, 21, 24, 25, 34, 35, 39, 40, 43, 45, 49) is approximately (41+77+83+83+83+80+76+76+81+84+74+75+81)/13 = 79.08. Button 0 appears consistently associated with high rewards when the context is [-1, -1, 1]. Other buttons have either not been tested in this context or showed lower average rewards in tested contexts (Button 1: Avg 45.2 in 5 tests; Button 2: Avg 62.3 in 3 tests; Button 3: Avg 50.8 in 7 tests). Exploiting Button 0 seems optimal based on current strong evidence, assuming it maps to a planet whose reward is high under [-1, -1, 1].",77,C,A,B,D
8,LLM_Gemini_3_Flash,1,-1,1,-1,0,A,0,explore,1,"Since there is no history, this is the first round. I will start by pulling arm 0 to gather initial data. Exploration is necessary to map buttons to planets and learn their reward structures.",22,A,D,C,B
8,LLM_Gemini_3_Flash,2,-1,1,-1,0,A,0,exploit,0,"The current context (-1, 1, -1) has been played once (Trial 1) resulting in a high reward of 22 from Button 0. Since there is no other data, the best strategy is to exploit this known high reward, assuming Button 0 corresponds to the most profitable planet under these conditions.",20,A,D,C,B
8,LLM_Gemini_3_Flash,3,-1,1,-1,0,A,0,exploit,0,"The current context (-1, 1, -1) has only been tested via Button 0, which yielded an average reward of 21.0 across two trials. Since there is no data for buttons 1, 2, or 3 under this specific context, and Button 0 has provided a consistent, known reward for this situation, I choose to exploit this result for the next trial while gathering more data in future varied contexts. The high reward suggests Button 0 is likely mapped to a high-performing planet for this signal configuration.",18,A,D,C,B
8,LLM_Gemini_3_Flash,4,-1,-1,1,2,C,1,explore,1,"The history only contains data for Button 0, which consistently yielded rewards around 20 for the context (M:-1, K:1, N:-1). Since we have no information on Buttons 1, 2, and 3, and the current context (M:-1, K:-1, N:1) is entirely new, we must explore an unchosen button to gather data. I choose Button 2 arbitrarily as the next one to test.",81,A,D,C,B
8,LLM_Gemini_3_Flash,5,-1,1,-1,2,C,0,exploit,0,"The current context (-1, 1, -1) is identical to Trials 1 & 2. Button 0 provided low rewards (18-22) in those trials. Button 2 provided a high reward (81) in Trial 4 under the context (-1, -1, 1). Since the context in Trials 1 & 2 resulted in low returns for Button 0, and we lack information for Buttons 1 and 3 in this specific context (-1, 1, -1), but Button 2 performed strongly in a different context, I need more data. However, based on limited data, Button 2 yielded the highest reward so far (81), and I will choose it to see if it maintains high performance, leaning towards exploitation based on the single high datapoint, while acknowledging the context mismatch.

Revisiting the strategy: Since Button 0 has shown low performance consistently under the current context (-1, 1, -1) (average 20), and Button 2 gave 81 under a *different* context, the most prudent move is to test Button 1 or 3, or re-test Button 2, as Button 0 is likely a low-reward arm for this specific context. Given the goal is to maximize profit, and we have zero data for Buttons 1 and 3, exploring one of them is warranted. However, Button 2 gave the highest historical reward (81). I will stick to testing the highest historical performer, Button 2, as the most aggressive exploitation strategy hoping its underlying planet is generally high-value, but if forced to choose based purely on the current context (-1, 1, -1), Button 0 is known to be bad (Avg 20). I will choose Button 1 (Explore) to gather data on an unknown arm, as exploring is safer than repeatedly choosing Button 0.",53,A,D,C,B
8,LLM_Gemini_3_Flash,6,1,1,-1,2,C,0,exploit,0,"Button 2 yielded high rewards (81 and 53) in previous, distinct contexts. Given the current context (1, 1, -1) is close to context ( -1, 1, -1) where Button 2 paid 53, and Button 0 showed lower variance/lower rewards (around 20) across multiple trials with the same context (-1, 1, -1), Button 2 seems the most promising path for exploitation, despite not having direct data for the exact current context (1, 1, -1) for Button 2.",24,A,D,C,B
8,LLM_Gemini_3_Flash,7,1,-1,1,2,C,0,exploit,0,"Button 2 has shown high rewards when Nobelium is 1 (Trial 4: 81) and moderate rewards when Krypton is 1 (Trial 5: 53). Given the current context (Mercury=1, Krypton=-1, Nobelium=1), and the fact that button 2 gave the highest single reward (81) in a context where Nobelium was 1, I will exploit this arm. Buttons 0 and 2 have been tried; Button 1 and 3 remain unexplored, but Button 2 seems the most promising based on past high yield.",55,A,D,C,B
8,LLM_Gemini_3_Flash,8,-1,1,-1,2,C,0,exploit,0,"Button 2 has been chosen 4 times across different contexts and has shown highly variable rewards (24, 53, 55, 81). For the current context (-1, 1, -1), Button 2 yielded 53 in Trial 5. Since Button 2 is the only one explored so far and has shown potential for high rewards, I will exploit by choosing it again, as it produced a decent reward (53) under the identical context in Trial 5. Buttons 0, 1, and 3 remain completely un-tested.",54,A,D,C,B
8,LLM_Gemini_3_Flash,9,1,-1,-1,1,D,0,explore,1,"Button 2 has been heavily explored (7 times) and seems highly variable based on context (rewards ranging from 24 to 81), but Buttons 0 and 1 have only been pulled 3 and 0 times respectively, and Button 3 hasn't been pulled at all. Given the current context (M=1, K=-1, N=-1), it is best to start exploring the unpulled arms or less explored arms to gather more information about the reward landscape. I will choose arm 1 (the first unpulled arm) to explore its potential.",51,A,D,C,B
8,LLM_Gemini_3_Flash,10,-1,1,1,2,C,1,exploit,0,"Button 2 has been pulled 6 times with highly varying rewards (81, 53, 24, 55, 54). It has been pulled across contexts where Mercury=-1 (3 times, Avg R=64.7) and where Mercury=1 (3 times, Avg R=37.7). The current context is M=-1, K=1, N=1. Button 2's highest reward (81) was at context M=-1, K=-1, N=1. Button 0 only appeared for context M=-1, K=1, N=-1 (Avg R=20). Button 1 was pulled once with M=1, K=-1, N=-1 (R=51). Button 3 has never been pulled. Given the high variance observed for Button 2, and the fact that this is the most explored arm, I will exploit Button 2 as the best current option until more data is gathered on other arms or contexts for Button 2 suggests otherwise. The context M=-1, K=1, N=1 is very similar to trial 5 (M=-1, K=1, N=-1, R=53), suggesting a moderate reward for Button 2 here.",78,A,D,C,B
8,LLM_Gemini_3_Flash,11,-1,1,1,2,C,1,exploit,0,"Button 2 has been strongly associated with high rewards (e.g., 81, 78) in contexts similar to the current one (M:-1, K:1, N:1 appeared in trial 10, yielding 78, and M:-1, K:-1, N:1 in trial 4 yielding 81). Given the current context (M:-1, K:1, N:1) has not been tested extensively but Button 2 generally seems to perform well across different contexts tested so far (trials 4-10), and trial 10 specifically used this exact context yielding 78, I choose to exploit Button 2. Button 0 consistently yielded low rewards (18-22) in the tested context (M:-1, K:1, N:-1). Button 3 has never been pulled, but Button 2 shows a strong performance trend for the current context type.",82,A,D,C,B
8,LLM_Gemini_3_Flash,12,-1,1,-1,2,C,0,exploit,0,"Button 2 has been pulled 8 times and has shown consistently high rewards, especially in contexts similar to the current one (Mercury=-1, Krypton=1, Nobelium=-1). The average reward for Button 2 is significantly higher than Button 0. Button 1 has only been pulled once with a high reward, and Button 3 has never been pulled. Given the strong performance of Button 2, exploiting it seems optimal at this stage, especially since the current context strongly matches prior high-reward pulls for Button 2.",50,A,D,C,B
8,LLM_Gemini_3_Flash,13,-1,1,1,2,C,1,exploit,0,"Button 2 has been chosen 9 times, primarily in contexts where Krypton=1 (Trials 1-3, 5, 8, 10, 11, 12) or when Nobelium=1 (Trials 4, 7). The rewards for button 2 in the current context (Mercury=-1, Krypton=1, Nobelium=1) are high (Trials 10: 78, Trial 11: 82). The average reward for button 2 when context is (-1, 1, 1) is 80. Since the best observed rewards have come from button 2, I will exploit this current high-reward context.",88,A,D,C,B
8,LLM_Gemini_3_Flash,14,-1,-1,1,2,C,1,exploit,0,"Button 2 has been played 10 times, mostly under the context (-1, 1, -1) resulting in rewards around 52, and under the context (-1, 1, 1) resulting in rewards around 83. The current context is (-1, -1, 1). Button 2 was played once with this context (Trial 4) yielding a high reward of 81. Given the high rewards associated with Button 2 when Nobelium is 1 (Trials 4, 7, 10, 11, 13), choosing Button 2 is the best exploit strategy, despite this specific context being less explored than others for this button.",80,A,D,C,B
8,LLM_Gemini_3_Flash,15,1,1,-1,2,C,0,exploit,0,"Button 2 has been pulled 11 times, suggesting it might be the best performing arm or it has been sampled heavily in contexts where high rewards were possible. The average reward for button 2 is approximately 60.8. The current context (Mercury=1, Krypton=1, Nobelium=-1) has only been pulled once before with Button 2, yielding a reward of 24. Given the high variance and relatively small dataset, sticking with the most explored arm (Button 2) is a reasonable strategy, especially since we have seen very high rewards (around 80s) from Button 2 in similar contexts (e.g., M=-1, K=1, N=1).

Let's analyze the observed rewards:
Button 0 (3 pulls): Avg = 20.0 (Context: M=-1, K=1, N=-1)
Button 1 (1 pull): Avg = 51.0 (Context: M=1, K=-1, N=-1)
Button 2 (10 pulls): Rewards: 81, 53, 24, 55, 54, 78, 82, 50, 80, 88. Avg = 64.5. (This arm is associated with diverse contexts, including several high payoffs in contexts where N=1 or K=1).
Button 3 (0 pulls): Untouched.

The current context (M=1, K=1, N=-1) yielded R=24 on Trial 6 with Button 2. This specific context has not been seen frequently. However, Button 2 is clearly generating high rewards in other contexts. Since there is no strong evidence pointing away from Button 2 being the best, and we have limited trials left (36 to go), I will continue to exploit Button 2, hoping the current context is favorable or that Button 2 generally has a higher baseline than others.

*Revisiting the decision based on context:
Context (M=1, K=1, N=-1) was seen once with Button 2 (R=24). Since Button 2 has yielded the highest rewards overall (up to 88), I will continue exploiting it, assuming it maps to a planet with a high payoff structure, even if this specific context hasn't been optimal yet.*",22,A,D,C,B
8,LLM_Gemini_3_Flash,16,1,-1,-1,1,D,0,exploit,0,"Button 2 has been heavily explored (12 times) and seems to offer high rewards (avg ~59) when Krypton=1 or Nobelium=1, but low reward when M=1, K=1, N=-1 (reward 23, 22). Button 1 was played once with context (M=1, K=-1, N=-1) yielding 51. The current context is (M=1, K=-1, N=-1). Given the single high reward from Button 1 at this exact context, I will exploit Button 1. Button 0 has only been played in context (M=-1, K=1, N=-1) with low rewards (avg 20). Button 3 has never been played and is now the only option to fully explore if Button 1's reward proves suboptimal or volatile.",50,A,D,C,B
8,LLM_Gemini_3_Flash,17,1,1,-1,2,C,0,exploit,0,"Button 2 has been played extensively (13 times) and has shown a high average reward, especially when Nobelium=-1 and Krypton=1 (Avg ~54), or when Nobelium=1 (Avg ~79). The current context is (Mercury=1, Krypton=1, Nobelium=-1). Button 2 yielded 24 (Trial 6) and 22 (Trial 15) for this exact context. Button 1 gave a high reward of 51 for (1, -1, -1). Button 0 has only been tested with one context, yielding low rewards (20-22). Given the high engagement and observed rewards for Button 2 across various states, I will exploit the expectation that it is the best performing arm overall or for this specific context cluster, as the current context (1, 1, -1) yielded 24 and 22 when pressed before. However, since Button 2 has been the focus, I will keep exploiting it until other buttons show clear evidence of better performance in relevant states. Button 2 appears to be the most explored high-variance or high-average arm.",13,A,D,C,B
8,LLM_Gemini_3_Flash,18,1,1,-1,2,C,0,exploit,0,"Button 2 has been pulled 14 times and consistently yields higher rewards (average ~58.9) than Button 0 (average ~20) and Button 1 (average ~50.5). Button 2 showed very high rewards (up to 88) when context included (M=-1, K=1, N=1) or (M=-1, K=-1, N=1). Since the current context is (M=1, K=1, N=-1), which has been pulled once resulting in a reward of 24, I will stick with Button 2 as it is historically the best performing arm, although the current specific context might not be its peak performance. Button 3 has never been chosen, but Button 2's overall performance suggests it is the most likely best option.",16,A,D,C,B
8,LLM_Gemini_3_Flash,19,1,-1,1,3,B,0,explore,1,"Button 3 has never been played, so I must explore it to gather initial data, especially since the current context (M=1, K=-1, N=1) hasn't been strongly associated with Buttons 0, 1, or 2 yet. Buttons 0, 1, and 2 have provided low/average rewards under various conditions, but Button 3 remains a complete unknown.",17,A,D,C,B
8,LLM_Gemini_3_Flash,20,-1,-1,1,2,C,1,exploit,0,"Button 2 has been pulled 13 times, much more than others, and consistently yields high rewards when the context matches the current one (Mercury=-1, Krypton=-1, Nobelium=1) or similar contexts (e.g., (-1, 1, 1)). The average reward for Button 2 in context (-1, -1, 1) is (81+80)/2 = 80.5 over 2 trials, and in context (-1, 1, 1) it's (78+82+88)/3 = 82.67. Given the current context (-1, -1, 1) has yielded high rewards previously (81, 80), exploiting Button 2 is the best strategy here. Buttons 0 and 1 have little data under varying contexts, and Button 3 has only one low-reward data point.",81,A,D,C,B
8,LLM_Gemini_3_Flash,21,1,1,-1,2,C,0,exploit,0,"Button 2 has been pulled 14 times and shows a highly variable but generally high reward, especially when Nobelium=1 or Krypton=1 (excluding the recent outlier low rewards when Mercury=1, Krypton=1, Nobelium=-1). The current context (Mercury=1, Krypton=1, Nobelium=-1) is one where Button 2 has historically yielded low rewards (24, 22, 13, 16). However, the other buttons (0, 1, 3) have been pulled very few times (0: 3 times, 1: 2 times, 3: 1 time) and provide insufficient data to warrant exploration over exploiting the most tested arm, Button 2, or trying to find a better arm by eliminating the low-performing arms for the current context. Since Button 2 has dominated the trials, I will stick with it as it's the most characterized. For this specific context (1, 1, -1), Button 2's average is (24+22+13+16)/4 = 18.75. Given the high variance in Button 2's results across all contexts, exploiting it seems safer than exploring the sparsely sampled arms 0, 1, and 3, unless a clear pattern suggests a much better option.",24,A,D,C,B
8,LLM_Gemini_3_Flash,22,-1,-1,1,2,C,1,exploit,0,"Button 2 has been heavily tested with the current context (-1, -1, 1) yielding high rewards (81, 80, 81). The average reward for this context across button 2 is high (80.67). Given that Button 0 has only been tested once with this context (reward 81), and Button 1 and 3 have no history with this context, Button 2 represents the best known option for the current context (-1, -1, 1) based on past performance.",80,A,D,C,B
8,LLM_Gemini_3_Flash,23,1,1,-1,2,C,0,exploit,0,"Button 2 has been played 17 times, primarily in contexts where Mercury=-1 and Nobelium=1, yielding high rewards (avg ~75-85). For the current context (Mercury=1, Krypton=1, Nobelium=-1), Button 2 has been played 4 times with low rewards (avg ~20). Button 1 has been played twice in similar contexts (Mercury=1, Nobelium=-1) with decent rewards (avg 50.5). However, Button 2 appears to be strongly associated with Planet X, which has very high rewards when Nobelium=1 (Contexts 4, 10, 11, 13, 14, 20, 22). Button 1 is associated with contexts where Mercury=1 and Nobelium=-1 (T9, T16) and gave rewards 51 and 50. Button 0 has only been played when Mercury=-1, Krypton=1, Nobelium=-1 (T1-3) with low rewards (avg 20). Button 3 has only one data point (T19) with reward 17. Given the current context (Mercury=1, Krypton=1, Nobelium=-1), we have little direct data for any arm. I will choose Button 1, as it has shown moderate, consistent performance when Mercury=1 and Nobelium=-1 (avg 50.5), which is a better starting point than the low rewards seen for Button 2 in this specific setting, or the lack of data for Buttons 0 and 3 under these conditions. Since Button 2 is clearly the high-performing arm in other contexts, I will stick with Button 1 for now as a more informed guess based on partial matches, but if this fails, I will start exploring other arms or Button 2 more thoroughly in this context on the next turn.",23,A,D,C,B
8,LLM_Gemini_3_Flash,24,-1,1,1,2,C,1,exploit,0,"Button 2 has been heavily explored (18 times) and shows a very high reward (average ~63.8) specifically when context is (M=-1, K=1, N=1), which matches the current context. The observed rewards for this context cluster around 80. Buttons 0, 1, and 3 have yielded lower overall rewards or haven't been tested under this specific high-reward context for Button 2. Therefore, exploiting Button 2 seems optimal based on current data.",80,A,D,C,B
8,LLM_Gemini_3_Flash,25,-1,1,1,2,C,1,exploit,0,"Button 2 has been overwhelmingly favored and shows very high rewards (average ~68) specifically when the context is (M=-1, K=1, N=1) or (M=-1, K=-1, N=1), which matches the current context. I will exploit this high expected reward.",79,A,D,C,B
8,LLM_Gemini_3_Flash,26,-1,1,-1,2,C,0,exploit,0,"Button 2 has been heavily sampled (21 times) under various contexts, especially the current context (M=-1, K=1, N=-1) where it yielded rewards between 50 and 54 (Avg ~52.8). Button 2 seems to be highly reactive to the (M=-1, K=1, N=1) context, yielding rewards in the 78-88 range. Given the current context (M=-1, K=1, N=-1) has been tested multiple times with consistent results (50, 53, 54, 50), and we have very little data on buttons 0, 1, and 3 in other contexts, exploiting the historically strong performance of button 2 for this specific context is the best strategy. Buttons 0 and 1 have only 3 pulls total, and button 3 only 1 pull, providing insufficient data to trust them over button 2's established history for this specific context.",50,A,D,C,B
8,LLM_Gemini_3_Flash,27,1,-1,-1,1,D,0,exploit,0,"Button 2 has been heavily tested across various contexts and seems highly variable, suggesting it might correspond to one of the signal-dependent planets (likely A, B, or C), with current context (M=1, K=-1, N=-1) yielding low rewards in limited tests (e.g., Trial 9: 51, Trial 16: 50). Button 1 has only been pulled twice under the context (M=1, K=-1, N=-1), yielding 51 and 50. Given the limited data, Button 1 currently provides the highest stable average reward (50.5) for this specific context compared to the known behavior of Button 2 in similar contexts (which varies widely, e.g., 53, 54, 50, 50, 54). Button 0 has only been tested with (M=-1, K=1, N=-1) yielding ~20. Button 3 has only one test (17). Therefore, exploiting the best-performing arm for the *current* context (M=1, K=-1, N=-1) is Button 1, with an average of 50.5, which is slightly better than the observed rewards for Button 2 under this context (no direct observation, but related contexts gave 50s/50s/51).",46,A,D,C,B
8,LLM_Gemini_3_Flash,28,1,-1,1,2,C,0,exploit,0,"Button 2 has been played 20 times and yields very high rewards (average ~70s) when the context is (-1, 1, 1) or (-1, -1, 1). For the current context (1, -1, 1), Button 2 gave 55 on trial 7. Buttons 0 and 1 show lower overall performance or inconsistent behavior across contexts compared to the high potential of Button 2. I will continue to exploit Button 2 as it is the statistically best option so far, despite the current context being less explored for it.",47,A,D,C,B
8,LLM_Gemini_3_Flash,29,1,-1,-1,1,D,0,exploit,0,"Button 2 has been heavily explored (24 times) and appears to be highly variable, showing low rewards (around 13-24) when Mercury=1 and high rewards (around 50-88) when Mercury=-1. Button 1 has only been pulled 3 times, with rewards 51, 50, 46, all under the context (M=1, K=-1, N=-1). The current context is (M=1, K=-1, N=-1). Since Button 1 has provided consistent medium-high rewards for this exact context, it is the best known option for this state, making this an exploitation move based on known data for this specific context.

Summary of observations for the current context (M=1, K=-1, N=-1):
- Button 1 pulled 3 times, rewards: 51, 50, 46. Average: 49.0
- Button 2 pulled 0 times.
- Button 0 pulled 0 times.
- Button 3 pulled 0 times.
Choosing Button 1 as the current best known option for this context.",50,A,D,C,B
8,LLM_Gemini_3_Flash,30,-1,-1,1,2,C,1,exploit,0,"Button 2 has been heavily tested across many contexts, particularly contexts similar to the current one (Mercury=-1, Krypton=-1, Nobelium=1). For the context (-1, -1, 1), Button 2 yielded rewards of 81, 80, 81, 80. The average reward is very high (~80.5). Button 0 only saw this context once (Trial 4) and yielded 81, but Button 0 was also pulled in other contexts resulting in much lower rewards (avg 20 for (-1, 1, -1)). Buttons 1 and 3 have very limited data for this specific context. Given the consistent high returns for Button 2 with this context, exploiting Button 2 is the optimal choice.",86,A,D,C,B
8,LLM_Gemini_3_Flash,31,1,-1,1,2,C,0,exploit,0,"Button 2 has been heavily explored across 22 trials, showing high variance but with an average reward of approximately 60. The current context is (Mercury=1, Krypton=-1, Nobelium=1). Button 2 was played once in this exact context (Trial 7) yielding 55. Given the strong performance of Button 2 overall compared to Button 0 (low/medium reward cluster) and Button 1 (medium reward cluster), and the recent result for this context, I will exploit Button 2. Button 3 has only been played once with a low reward (17) and needs more data, but Button 2 currently appears superior for exploitation.",50,A,D,C,B
8,LLM_Gemini_3_Flash,32,1,-1,1,2,C,0,exploit,0,"Button 2 has been heavily explored (27 times) and shows a very high reward (average ~68) specifically when the context is C=[-1, 1, 1] (average ~81.25) or C=[-1, -1, 1] (average ~82.5). The current context is [1, -1, 1]. Button 2 yielded 55 and 50 in this context previously. Button 1 shows moderate reward (average ~50.25) in contexts similar to the current one (e.g., trial 9, 16, 27, 29). Given the high average reward for Button 2 overall, and its strong performance in the [-, -, +] and [-, +, +] contexts, I will exploit Button 2, hoping its function for the current context [1, -1, 1] is better than the single pull on Button 3 (17) or the average of Button 1 (~50).",51,A,D,C,B
8,LLM_Gemini_3_Flash,33,-1,1,-1,2,C,0,exploit,0,"The current context is M=-1, K=1, N=-1. Button 2 has been played 24 times, mostly under this context (10 times), yielding an average reward of approximately 60.7. The other contexts tried for button 2 show higher or lower returns, suggesting Button 2's reward is highly dependent on context. Given the high frequency and reasonable average reward for the current context, exploiting Button 2 is the best immediate strategy unless Button 0 or 1 are clearly better for this specific context, which they are not based on limited history (Button 0 only played for this context 3 times with average 20, Button 1 never played for this context). Button 3 has only one data point (reward 17). Exploiting the most frequently tested arm for this specific context seems optimal.",47,A,D,C,B
8,LLM_Gemini_3_Flash,34,1,-1,-1,1,D,0,exploit,0,"Button 2 has been heavily explored (28 pulls) and seems to map to at least two different planets or has highly variable rewards, suggesting it might correspond to multiple planet behaviors or a highly non-linear one, but generally performs poorly when M=1, K=-1, N=-1 (avg ~20) compared to Button 1 (avg ~50 for M=1, K=-1, N=-1). Button 1 has only been pulled 4 times with M=1, K=-1, N=-1 context, yielding 51, 50, 46, 50 (Avg 49.25). Given the current context (M=1, K=-1, N=-1), Button 1 appears to be the optimal choice based on existing data, even though Button 2 is highly associated with high rewards under other contexts (M=-1, K=1, N=1 -> Avg 82.75).",49,A,D,C,B
8,LLM_Gemini_3_Flash,35,1,-1,1,2,C,0,exploit,0,"Button 2 has been played 27 times, significantly more than others (0: 3 times, 1: 5 times, 3: 1 time). The rewards for Button 2 are consistently high (mostly 50-88) when the context is (M:-1, K:1, N:1) or (M:-1, K:-1, N:1), suggesting Button 2 maps to a high-value planet under these common contexts. The current context is (M:1, K:-1, N:1). Button 2 has been played twice with this exact context (Trials 7 and 31, rewards 55 and 50). Given the high frequency of use and generally positive performance associated with Button 2, it remains the most promising choice until more data on other buttons under varied high-reward contexts emerges. Exploiting the established high average of Button 2 seems best for maximizing immediate profit.",53,A,D,C,B
8,LLM_Gemini_3_Flash,36,-1,1,1,2,C,1,exploit,0,"Button 2 has been heavily chosen (27 times) and consistently yields high rewards (avg ~64.6) specifically when the context is (-1, 1, 1) (avg ~80.9) or (-1, -1, 1) (avg ~81.4). The current context is (-1, 1, 1). I will exploit the strong historical performance of Button 2 for this specific context, as it seems linked to one of the high-performing planet reward functions.",76,A,D,C,B
8,LLM_Gemini_3_Flash,37,1,-1,-1,1,D,0,exploit,0,"Button 2 has been heavily tested across many contexts and shows highly variable rewards, suggesting it might map to a planet with a complex or conditional reward structure (potentially high rewards when Nobelium=1, low otherwise). Button 0 yields very low rewards when tested (Avg ~20). Button 1 has consistently yielded rewards around 50 when tested with context (1, -1, -1). The current context is (1, -1, -1). Given the history, Button 1 seems to provide the most reliable, high payoff (around 50) for this specific context pattern compared to the known patterns for Buttons 0 and 2. Button 3 has only been tested once (low reward 17), so exploring it further is tempting, but exploiting the known good result on Button 1 for the matching context is the stronger play now.",48,A,D,C,B
8,LLM_Gemini_3_Flash,38,1,-1,-1,2,C,0,exploit,0,"Button 2 has been heavily explored (30 trials) and consistently yields high rewards (average ~61.5) when Nobelium=1 (Buttons 4, 10, 11, 13, 14, 20, 22, 24, 25, 30, 36 show high results, often related to Button 2 when Nobelium is 1). The current context is (M=1, K=-1, N=-1). Based on observations for Button 2 in this context (Trials 7, 19, 28, 31, 32, 35), rewards are moderate (~50). Button 1 has been played 7 times with a decent average (~49.2) for contexts where Mercury=1 and Nobelium=-1. Since Button 2 has the highest overall average and is the most frequently tested arm for a variety of contexts, I will exploit Button 2 unless a clear pattern emerges elsewhere. Button 2's performance in the context (M=1, K=-1, N=-1) averages around 50. Given the lack of data for Button 3 (only 1 trial) and the low frequency of Button 0, Button 2 remains the best current bet based on aggregate performance and moderate signal context matches.",26,A,D,C,B
8,LLM_Gemini_3_Flash,39,-1,1,-1,2,C,0,exploit,0,"Button 2 has been heavily tested (30 trials) across various contexts. In the current context (-1, 1, -1), Button 2 yielded rewards ranging from 47 to 54 (average 51.6), which is the best performance observed for this specific context, although other contexts yield much higher rewards for Button 2. Given the extensive data for Button 2, I choose to exploit this observed high average reward for the current context, as Buttons 0, 1, and 3 have very limited or no data for this specific context.",44,A,D,C,B
8,LLM_Gemini_3_Flash,40,1,1,-1,2,C,0,exploit,0,"Button 2 has been heavily explored and shows a high, context-dependent reward. Specifically, for the context (M=1, K=1, N=-1) which is the current context, Button 2 has previously yielded rewards of 24, 22, 13, 16, 24, 23. The average is about 20.4. However, Button 2 shows extremely high rewards (around 80s) when (M=-1, K=1, N=1) or (M=-1, K=-1, N=1). Since Button 2 has been sampled far more than others, I will exploit the observed pattern, even though the current context (M=1, K=1, N=-1) yields lower rewards for Button 2 than other contexts did for Button 2. Buttons 0, 1, and 3 have too few samples in different contexts to confidently switch, especially since Button 2 has provided substantial data.",22,A,D,C,B
8,LLM_Gemini_3_Flash,41,-1,1,1,2,C,1,exploit,0,"Button 2 has been heavily explored across many contexts, particularly those involving high rewards (e.g., Mercury=-1, Krypton=1, Nobelium=1, avg reward ~80; Mercury=-1, Krypton=-1, Nobelium=1, avg reward ~80.7). The current context is (Mercury: -1, Krypton: 1, Nobelium: 1), which strongly matches the highest-reward contexts seen so far. Buttons 0, 1, and 3 have shown much lower or inconsistent rewards. Therefore, exploiting the high expected reward from Button 2 is the optimal strategy here.",74,A,D,C,B
8,LLM_Gemini_3_Flash,42,1,-1,-1,2,C,0,exploit,0,"Button 2 has been played extensively (36 times) across various contexts, and its average reward is high (around 55.9). Button 0 is highly inconsistent (avg ~20) and Button 1 is moderately consistent (avg ~49.2). Button 3 has only been played once. The current context is M=1, K=-1, N=-1. Button 2's performance in this specific context (M=1, K=-1, N=-1) has yielded rewards of [26] in trial 38, and previous similar contexts (like M=1, K=-1, N=1: rewards around 50) suggest Button 2 is generally performing well or is highly reactive to context. Given the strong overall performance of Button 2 and the lack of clear superior alternative identified through limited data for other buttons in *any* context, exploiting Button 2 is the best strategy for maximizing immediate reward. Button 1's average is lower than Button 2's overall average.",23,A,D,C,B
8,LLM_Gemini_3_Flash,43,1,1,-1,2,C,0,exploit,0,"Button 2 has been heavily explored (34 times) and shows very high rewards (mean ~67) when (M, K, N) is (-1, 1, 1) or (-1, -1, 1), suggesting it maps to a high-paying planet, likely one dependent on N=1 or K=1/N=1.
Button 1 shows moderate rewards (mean ~49) only when K=-1, suggesting a different pattern.
Button 0 and 3 have very few plays.
For the current context (M=1, K=1, N=-1), Button 2 has been played 5 times with rewards [24, 22, 13, 16, 24, 23, 22]. The average reward is low (~19.5).
However, Button 1 has been played 6 times when K=-1, yielding rewards [51, 50, 46, 50, 49, 48].
Since the current context (1, 1, -1) has not strongly favored any button yet outside of the heavily tested Button 2, and Button 2 is the only one known to have high variance/potential, I will stick to Button 2 as it is the most tested overall and might still yield a reasonable reward here, given its high overall mean. Exploratory actions on 0 or 3 are too risky with few trials remaining. The observed rewards for (1, 1, -1) on B2 are low, but the overall evidence points to B2 being linked to the high-reward planet when N=1.
Given the lack of strong evidence for the current context (1, 1, -1) on any specific button (B2 low/B1 unobserved), exploiting the most frequently tested arm (B2) is the current best strategy unless a clear pattern emerges for the other buttons.
Revisiting the data: Button 2 is likely Planet A/B/C, and Button 1 is likely another. Button 2 has the highest average reward across all its observed contexts (~48.8), while Button 1's average across its few contexts is slightly lower (~49.4). Button 0 and 3 are too sparse. I will exploit Button 2 based on its high overall average, hoping for a non-disastrous outcome in this specific context.",27,A,D,C,B
8,LLM_Gemini_3_Flash,44,1,1,-1,2,C,0,exploit,0,"Button 2 has been played 35 times and seems to be linked to planets that provide high rewards when Krypton=1 and Nobelium=1 (Avg ~80), or moderate rewards when Krypton=1 and Nobelium=-1 (Avg ~50). The current context is (Mercury=1, Krypton=1, Nobelium=-1). Button 2 has yielded an average reward of (24+22+23+24+23+24+27+22) / 8 = 23.125 for this specific context (and similar contexts involving M=1, K=1, N=-1 for button 2). However, button 2 also delivered high rewards when K=1, N=1 (Avg ~80) and high rewards when K=-1, N=1 (Avg ~80). Given the high overall consistency for button 2 across various contexts, and the fact that button 2 has been tested significantly more than others, I will exploit by choosing it again. Button 0 and 1 have very few observations in contexts that are not highly specific to Button 2's high-reward states, and Button 3 has only one very low reward observation. Button 2 is the most robustly explored arm, and for the current context (M=1, K=1, N=-1), the average reward observed is 22.125 (from trials 6, 15, 17, 18, 21, 23, 40, 43). I will select button 2 based on its extensive history.",21,A,D,C,B
8,LLM_Gemini_3_Flash,45,1,-1,1,2,C,0,exploit,0,"Button 2 has been played 38 times, receiving high rewards (around 74-88) for context (-1, 1, 1) and moderate rewards (around 47-55) for context (1, -1, 1). The current context is (1, -1, 1). The average reward for Button 2 in this context across 5 trials is (55+47+50+51+53)/5 = 50.2. Given the extensive exploration already performed on Button 2, it is the most promising arm for this context, even though other buttons haven't been fully explored under this specific context.",48,A,D,C,B
8,LLM_Gemini_3_Flash,46,1,-1,-1,2,C,0,exploit,0,"Button 2 has been heavily explored across various contexts, consistently yielding high rewards (average around 60-80) when Nobelium=1 (Contexts 4, 10, 11, 13, 14, 20, 22, 24, 25, 30, 36, 41) and moderate rewards (average around 50) when Krypton=1 and Nobelium=-1 (Contexts 5, 8, 12, 26, 33, 39). For the current context (Mercury=1, Krypton=-1, Nobelium=-1), Button 2 has previously yielded rewards in the 20s (Trials 6, 15, 17, 18, 21, 23, 40, 43, 44), and 50s (Trials 7, 28, 31, 32, 35, 45) when Button 1 was played instead of Button 2 (Trials 9, 16, 27, 29, 34, 37, 42). Given the limited data for other buttons in this specific context, and the general high frequency of plays on Button 2, it remains the most reliable choice based on past performance, even if the specific reward for this exact context is lower than others observed.",26,A,D,C,B
8,LLM_Gemini_3_Flash,47,1,-1,1,2,C,0,exploit,0,"Button 2 has been heavily explored across many contexts and shows a very high reward (average > 70) specifically when the context is (-1, 1, 1) [Mercury=-1, Krypton=1, Nobelium=1] (average ~80) or (-1, -1, 1) [Mercury=-1, Krypton=-1, Nobelium=1] (average ~82). The current context is (1, -1, 1) [Mercury=1, Krypton=-1, Nobelium=1]. Button 2 yielded 55, 50, 51, 53, 48 in this context across 5 plays. Button 1 shows moderate rewards (average ~50) for contexts involving (1, -1, -1) and (1, -1, 1). Given that Button 2 is the most frequently pulled and seems to be the high-reward arm for complex contexts, exploiting Button 2 seems best, even though the current context's rewards for B2 (around 50) are lower than its peak for B2 (~80). Button 3 has only been pulled once (low reward 17), so it's too risky to switch to it. Exploiting Button 2 remains the safest bet based on existing data.",55,A,D,C,B
8,LLM_Gemini_3_Flash,48,1,-1,1,2,C,0,exploit,0,"Button 2 has been heavily chosen (41 times) and shows very high rewards (average ~71) specifically when the context is (-1, -1, 1) or (-1, 1, 1). The current context is (1, -1, 1). Button 2 showed a reward of 55 in this exact context previously (Trial 7, 31, 32, 35, 45, 47). Button 1 has shown moderate rewards (~50) for contexts involving (1, -1, -1) or (1, -1, 1). Given the strong, but variable, signal for Button 2 in contexts close to the current one, and the high frequency of selection already performed on Button 2, I will exploit Button 2 as it has the most historical data and appears linked to the high-reward patterns seen so far, even though the exact reward for (1, -1, 1) is only moderate (average ~51.7).",48,A,D,C,B
8,LLM_Gemini_3_Flash,49,1,-1,1,2,C,0,exploit,0,"Button 2 has been heavily tested across many contexts and shows extremely high rewards (average ~70-80) when Mercury=-1, Krypton=1, Nobelium=1. The current context is Mercury=1, Krypton=-1, Nobelium=1. Button 2 showed a decent reward (55) in this exact context previously (Trial 7). Button 1 (when M=1, K=-1, N=-1) averaged around 49. Given the strong evidence suggesting Button 2 maps to a planet with high variance or a specific high reward structure, and its existing performance in a somewhat similar context, it remains the primary candidate for exploitation, while Button 3 has only been sampled once with low reward.",48,A,D,C,B
8,LLM_Gemini_3_Flash,50,1,1,-1,2,C,0,exploit,0,"Button 2 has been heavily favored, especially under contexts where Mercury is present (1 or -1) and Krypton is 1 or -1. The rewards cluster around two distinct means: low (~20) when M=1, K=1, N=-1 (Button 2's history) and high (~80) when M=-1, K=1, N=1. The current context is M=1, K=1, N=-1. This specific context strongly aligns with the trials where Button 2 gave low rewards (e.g., Trials 6, 15, 17, 18, 21, 23, 40, 43, 44). Given the high volume of data for Button 2 across varying contexts, it is the most informed choice, even if the expected reward in this specific context seems lower than potential rewards from unobserved combinations on other buttons. Button 2 appears to be the only one providing high rewards in some scenarios, suggesting it's the primary source of high profit, but for this specific low-reward context (M=1, K=1, N=-1), the expected value based on past performance for Button 2 is around 21. Since Button 2 is the most explored arm and we have substantial evidence for its performance in this context, exploiting this knowledge is preferred over exploring less-sampled arms or contexts.",16,A,D,C,B
9,LLM_Gemini_3_Flash,1,-1,1,-1,0,A,0,explore,1,This is the first trial (empty history). I must select an arm to start gathering data. I will arbitrarily choose arm 0 for initial exploration.,15,A,D,B,C
9,LLM_Gemini_3_Flash,2,-1,-1,1,2,B,0,explore,1,"Only one trial (Button 0) has been played, providing minimal information. The current context is (-1, -1, 1). To gather more data and refine estimates for all potential planet mappings, I will choose Button 2 to explore its response in this specific context, as I lack sufficient data across the arms.",17,A,D,B,C
9,LLM_Gemini_3_Flash,3,-1,-1,1,2,B,0,exploit,0,"Button 2 yielded the highest reward (17) in the previous two trials (Trial 2 used the current context signals). Since the context in Trial 2 matches the current context, I will exploit this high observed reward, assuming Button 2 maps to a planet that performs well under (M:-1, K:-1, N:1).",28,A,D,B,C
9,LLM_Gemini_3_Flash,4,1,-1,-1,1,D,0,explore,1,"Only buttons 0 and 2 have been tested. To gain information about buttons 1 and 3, and to differentiate between the potential mappings, I will choose button 1 now. Button 2 showed high variance (17 then 28) in the same context, suggesting it might be a high-variance arm or that the context changed unexpectedly (but context was the same), thus more exploration is needed overall.",55,A,D,B,C
9,LLM_Gemini_3_Flash,5,1,-1,1,1,D,0,exploit,0,"Button 1 yielded a high reward (55) in trial 4 under the context (1, -1, -1). The current context is (1, -1, 1). Given the high past reward for Button 1, it is the most promising option to exploit, even though the Nobelium signal has changed. Buttons 0 and 2 have been tested with different contexts and yielded moderate rewards (15, 17, 28). I will prioritize exploiting the known high performer.",55,A,D,B,C
9,LLM_Gemini_3_Flash,6,-1,-1,1,2,B,0,exploit,0,"The current context is (M=-1, K=-1, N=1). Button 2 was chosen twice previously under this exact context, yielding rewards of 17 and 28. The average reward (22.5) is respectable, and since we have direct positive feedback for this context on Button 2, exploiting this learned association is the best current strategy, assuming the mapping for Button 2 is stable.",25,A,D,B,C
9,LLM_Gemini_3_Flash,7,-1,-1,1,2,B,0,exploit,0,"Button 2 has been pulled three times in the current context (M=-1, K=-1, N=1) yielding rewards of 17, 28, and 25. The average reward is (17+28+25)/3 = 70/3 
u 23.33. Since we have strong positive evidence for button 2 under this specific context, and this context is repeating, I will exploit this finding. Button 3 has never been pulled, but the known history strongly favors Button 2 for this context.",16,A,D,B,C
9,LLM_Gemini_3_Flash,8,1,1,-1,1,D,0,exploit,0,"Button 1 has shown consistently high rewards (55, 55) in trials 4 and 5, corresponding to contexts where Mercury=1 and Krypton=-1. In the current context (Mercury=1, Krypton=1, Nobelium=-1), Button 1 is still a strong candidate based on observed patterns, especially since Buttons 0 and 2 have shown lower rewards in different contexts. Button 3 has never been pulled, but exploiting the high-performing Button 1 seems optimal given the limited data.",43,A,D,B,C
9,LLM_Gemini_3_Flash,9,1,1,-1,1,D,0,exploit,0,"Button 1 has historically yielded high rewards (43, 55, 55) when tested across different contexts. Contexts leading to high rewards for Button 1 were (M=1, K=-1, N=-1) and (M=1, K=-1, N=1). The current context is (M=1, K=1, N=-1). Button 1 is the most promising arm based on past performance, even though the current context differs slightly from its highest-reward instances. Buttons 0 and 2 have shown lower average rewards. Button 3 has never been chosen, so choosing Button 1 is the best exploit strategy given the data.",53,A,D,B,C
9,LLM_Gemini_3_Flash,10,-1,-1,1,2,B,0,exploit,0,"Button 2 has consistently been chosen under the context {M: -1, K: -1, N: 1} (Trials 2, 3, 6, 7), yielding rewards 17, 28, 25, 16. The average reward is 21.5. Button 1 seems strongly associated with contexts involving M=1 (Trials 4, 5, 8, 9), yielding high rewards (Avg 51.75). Button 0 has only been tested once (Trial 1). Since the current context {M: -1, K: -1, N: 1} matches the condition where Button 2 performed best previously, exploiting Button 2 is the current best strategy, pending further exploration of Button 0 and Button 3.",23,A,D,B,C
9,LLM_Gemini_3_Flash,11,-1,-1,1,2,B,0,exploit,0,"Button 2 has been pulled 5 times with the context (-1, -1, 1) and yielded rewards of 17, 28, 25, 16, and 23. The average reward is 22.0, which is relatively high compared to other sampled instances. Button 1 has higher rewards but under different contexts. Since the current context matches the most frequently sampled context for Button 2, I will exploit this established high average reward for this specific context.",16,A,D,B,C
9,LLM_Gemini_3_Flash,12,1,-1,-1,1,D,0,exploit,0,"Button 1 has only been played with context (1, -1, -1) and (1, -1, 1), yielding high rewards (55, 55). The current context is (1, -1, -1), which strongly suggests Button 1 will yield a high reward, consistent with past high pulls. Button 2 seems associated with a lower/variable reward, and Buttons 0 and 3 have minimal data, making Button 1 the best exploitation choice based on current evidence.",54,A,D,B,C
9,LLM_Gemini_3_Flash,13,1,-1,1,1,D,0,exploit,0,"Button 1 has consistently yielded high rewards (55, 55, 43, 53, 54) under various contexts, suggesting it maps to a high-value planet. For the current context (M=1, K=-1, N=1), Button 1 gave a reward of 55 in trial 5. Since Button 1 shows the highest average payoff so far, I will exploit this by choosing it again, as the current context matches one where Button 1 performed optimally in the past. Buttons 0 and 3 have not been sufficiently tested, and Button 2 has shown variable, lower rewards.",53,A,D,B,C
9,LLM_Gemini_3_Flash,14,1,-1,1,1,D,0,exploit,0,"Button 1 has consistently yielded high rewards (around 50-55) across its tested contexts, especially in the current context (Mercury=1, Krypton=-1, Nobelium=1) where it gave 55 twice. Buttons 0 and 2 show lower rewards. Button 3 has never been pulled, but given the strong performance of Button 1 in the current context conditions, exploiting it is the best strategy for maximizing immediate reward.",55,A,D,B,C
9,LLM_Gemini_3_Flash,15,1,1,-1,1,D,0,exploit,0,"Button 1 has consistently yielded high rewards (average ~54.0) across contexts where Mercury=1, specifically when Krypton=-1. In the current context (Mercury=1, Krypton=1, Nobelium=-1), Button 1 was pulled twice before with rewards 43 and 53. Given the high performance of Button 1 overall, it remains the leading candidate. Buttons 0 and 2 have shown lower average returns (Button 0 avg ~15.0, Button 2 avg ~21.7). Button 3 has never been pulled. Exploiting Button 1, which seems associated with high rewards, is the best current strategy.",51,A,D,B,C
9,LLM_Gemini_3_Flash,16,-1,1,-1,0,A,0,explore,1,"Button 1 has been heavily explored and seems to offer high rewards (Avg ~53.6) when Mercury=1. Button 2 shows moderate rewards (Avg ~21.5) when Krypton=-1 and Nobelium=1. Buttons 0 and 3 have seen almost no play (0 plays for 0, 0 plays for 3). The current context is M=-1, K=1, N=-1. Since Button 1 is less likely to be optimal in this specific context (where M=-1), I will explore Button 0 to gather initial data on it, as Buttons 2 and 3 have been tested under different contexts or not at all. This is a safe exploration move given the limited history.",12,A,D,B,C
9,LLM_Gemini_3_Flash,17,-1,1,1,1,D,0,exploit,0,"Button 1 has only been pulled when Mercury=1 and the other signals vary, consistently yielding high rewards (53-55). The current context is M=1, K=1, N=1, which is a novel combination for Button 1, but given its established high performance when M=1, it remains the most promising choice for exploitation, especially since the context M=1, K=1, N=-1 yielded 43-53. Button 0 shows low rewards (12-15) for M=-1, K=1, N=-1, and Button 2 shows variable low/mid rewards for M=-1, K=-1, N=1 (16-28). Button 3 has never been pulled. Given the strong signal from Button 1 so far, exploiting it is prioritized over exploring Button 3 or the new combination for Button 1.",55,A,D,B,C
9,LLM_Gemini_3_Flash,18,-1,1,1,1,D,0,exploit,0,"Button 1 has consistently yielded high rewards (average ~53.8) across contexts where Mercury=1 or Krypton=1. Button 2 has yielded moderate rewards (average ~20.7) primarily when Mercury=-1, Krypton=-1, and Nobelium=1. Button 0 has yielded low rewards (average 13.5) when Mercury=-1 and Krypton=1. Button 3 has never been chosen. The current context is (Mercury: -1, Krypton: 1, Nobelium: 1). Button 1 seems to be highly rewarded when Mercury=1, suggesting it might be Planet A or B, but its behavior is less clear for Mercury=-1. However, Button 0 was played once in this exact context (Trial 17) resulting in a reward of 55, which is higher than its previous average of 13.5. Button 1 was also played once in this exact context (Trial 17) resulting in a reward of 55. Given the single high payout (55) on Button 0 in this specific context (Trial 17) and the overall high performance of Button 1, both are strong candidates. Since Button 1 has the best overall average performance and was just played for 55 in this context, I will exploit Button 1, assuming it is still the best option, although Button 0 now has an equivalent single data point for this context.",47,A,D,B,C
9,LLM_Gemini_3_Flash,19,-1,1,1,3,C,1,explore,1,"Buttons 0, 1, and 2 have been explored across various contexts. Button 3 has never been pulled. Given the current context (M=-1, K=1, N=1), it is essential to pull Button 3 at least once to gather data on its associated planet's reward function. This exploratory action balances information gathering with potential immediate reward maximization, as we have no data for Button 3 yet.",79,A,D,B,C
9,LLM_Gemini_3_Flash,20,1,-1,-1,1,D,0,exploit,0,"Button 1 has consistently yielded high rewards (average ~53.6) across multiple contexts, suggesting it maps to a high-reward planet, likely one sensitive to Mercury=1. The current context is (M=1, K=-1, N=-1). Button 1 was played three times in (M=1, K=-1, N=-1) yielding rewards (55, 55, 54) and once in (M=1, K=-1, N=1) yielding 53, and twice in (M=1, K=1, N=-1) yielding (43, 53) and once in (M=-1, K=1, N=1) yielding (47, 55). Button 1 appears very strong, especially when Mercury=1. Button 3 was only tried once in a context that yielded a high reward (79), but Button 1 has a much more established high mean. Given the strong history for Button 1 in similar contexts (M=1, K=-1, N=-1), exploiting it is the best strategy now.",49,A,D,B,C
9,LLM_Gemini_3_Flash,21,-1,-1,1,1,D,0,exploit,0,"Button 1 has consistently yielded very high rewards (average ~52.7) across various contexts, especially those involving Mercury=1 or Nobelium=1. Button 2 shows lower, more variable rewards (average ~20.5) for the context (-1, -1, 1). Given the current context (-1, -1, 1), Button 2 might be slightly better than its average suggests, but Button 1's historical performance is overwhelmingly superior, suggesting it maps to a high-reward planet, even if the current context doesn't perfectly match previous high-reward draws for Button 1. However, the current context (-1, -1, 1) has only been tested on Button 2 so far (Trials 2, 3, 6, 7, 10, 11). The average reward for Button 2 in this specific context is 20.33. Since we have no data for Buttons 0 or 3 in this context, and Button 1 has performed extremely well overall, I must choose between exploring 0 or 3, or exploiting the known high performer (Button 1), or exploiting the known average for this specific context (Button 2). Given the high variance and overall high performance of Button 1, exploiting it seems riskier than exploiting the local average of Button 2 for this specific context (-1, -1, 1). Let's re-evaluate: Context (-1, -1, 1) was only pulled by Button 2. Average reward for Button 2 in this context: (17+28+25+16+23+16)/6 = 21.17. Since this is the only data point we have for this exact context, exploiting Button 2 is the most informed choice right now, as Button 1 has not been tested in this specific context at all, and Button 0/3 haven't been tested much overall. I will exploit the known best performer for this exact context: Button 2. Wait, looking back at the data, Button 1's rewards are generally in the 50s. Button 2's rewards are in the teens/twenties. It is highly likely Button 1 maps to the planet with high rewards regardless of context, or at least significantly higher baseline rewards than Button 2. Given the high potential upside, I will switch back to exploiting Button 1 as the overall best arm found so far, despite the current context not matching its previous successful draws.",47,A,D,B,C
9,LLM_Gemini_3_Flash,22,1,-1,-1,1,D,0,exploit,0,"Button 1 has consistently yielded high rewards (average > 50) across 14 trials, especially in contexts similar to the current one ([1, -1, -1] context yields average ~53.5). Buttons 0, 2, and 3 have shown much lower average rewards or are severely under-explored for the current context. I will exploit Button 1 as the current best option based on historical performance.",50,A,D,B,C
9,LLM_Gemini_3_Flash,23,-1,1,-1,1,D,0,exploit,0,"Button 1 has been heavily played (17 times) and consistently yields high rewards (average ~51.8) when Mercury is 1, or sometimes even when Mercury is -1 (Trial 21). The current context is M=-1, K=1, N=-1. Button 1 has received a moderate reward (15) in this exact context previously (Trial 1, but that was Button 0; wait, Trial 1 context M=-1, K=1, N=-1 yielded 15 for Button 0). Button 1 has never been played with M=-1, K=1, N=-1. However, Button 1 generally appears to be the highest-yielding arm overall, especially when Mercury=1. Button 3 has only been played once (Reward 79 for M=-1, K=1, N=1). Given the history, Button 1 remains the most promising, despite the current context being one where it hasn't been tested much. I will exploit Button 1 as it represents the highest accumulated reward and seems generally strong, prioritizing exploitation over exploring the new context for Button 1 or Button 3.",48,A,D,B,C
9,LLM_Gemini_3_Flash,24,-1,1,-1,1,D,0,exploit,0,"Button 1 has been pulled 17 times, yielding an average reward of 51.76. It seems strongly associated with high rewards when Mercury is 1 (Avg ~52.8) or when Krypton/Nobelium is active (Avg ~51.3). Button 3 was only pulled once and gave a high reward (79), but this data point is highly uncertain. Button 0 and 2 show much lower average rewards (13.5 and 22.2 respectively).

The current context is M=-1, K=1, N=-1. This context has only been tested once on Button 0 (Trial 1, Reward 15). Button 1 was pulled on this context in Trial 23 and yielded 48.

Given the strong historical performance of Button 1, and the decent reward (48) it gave previously under this specific context (M=-1, K=1, N=-1), I choose to exploit Button 1.",51,A,D,B,C
9,LLM_Gemini_3_Flash,25,-1,1,-1,1,D,0,exploit,0,"Button 1 has been heavily played (19 times) and consistently yields high rewards (average ~51.3) across various contexts, especially compared to Button 0 (low average ~13.5) and Button 2 (mixed average ~21.5). Button 3 has only been played once, yielding 79. The current context (-1, 1, -1) has been played 4 times on Button 1, resulting in rewards of 48, 51, 48, 51, suggesting Button 1 is the current best option, likely corresponding to a high-reward planet for this signal configuration. I will exploit Button 1.",46,A,D,B,C
9,LLM_Gemini_3_Flash,26,-1,-1,1,1,D,0,exploit,0,"Button 1 has been heavily sampled (17 times) and consistently yields high rewards (average ~51.5) primarily when Mercury=1 or Krypton=1, or Nobelium=1. In the current context (Mercury=-1, Krypton=-1, Nobelium=1), Button 1 has been played 8 times in this exact context, yielding rewards between 16 and 47 (Average ~28.25). Button 2 has also been played frequently in this exact context (5 times) with rewards between 16 and 28 (Average ~21.6). Button 0 and 3 have very little data in any context. Given the strong, albeit varied, history of Button 1 in this specific context, and the overall high rewards associated with Button 1 in other contexts, I choose to exploit Button 1 again, as it has provided the most reliable, albeit context-dependent, data set. The current context (-1, -1, 1) seems to be a lower-reward state for Button 1 compared to contexts where Mercury=1 (where rewards are consistently near 50-55). However, the limited data for Button 2 in this context suggests it might be a slightly worse option than Button 1, despite a slightly lower historical average for Button 1 in this specific context. I will stick with the most explored arm, Button 1, for exploitation based on observed performance.",50,A,D,B,C
9,LLM_Gemini_3_Flash,27,-1,1,1,3,C,1,exploit,0,"Button 1 has been heavily explored, showing high rewards (Avg ~51.5) when Mercury=-1, and moderate/high rewards otherwise. Button 3 was pulled only once with context (M:-1, K:1, N:1) yielding 79, which is significantly higher than Button 1's average reward (Avg of B1 at M:-1, K:1, N:1 is (55+47)/2 = 51.0). Given the current context (M:-1, K:1, N:1), Button 3 seems to map to the best performing planet for this specific context. I will exploit the high reward observed from Button 3.",78,A,D,B,C
9,LLM_Gemini_3_Flash,28,-1,-1,1,3,C,1,exploit,0,"Button 1 has been heavily tested across many contexts and seems to yield rewards mostly in the 45-55 range, except in one instance (Trial 21) where it returned 47 under context (-1, -1, 1), which was also sampled by Button 2 (avg 21.67 for this context). Button 3 has only been pulled twice (Trials 19, 27), both times under context (-1, 1, 1), yielding very high rewards (79, 78). Given the current context is (-1, -1, 1), Button 2 is the historical choice for this exact context, with an average reward of 21.67 across 7 pulls. However, the highest overall single rewards observed (78, 79) came from Button 3. Since the current context (-1, -1, 1) differs from Button 3's only tested context (-1, 1, 1), choosing Button 3 here would be exploration. Button 1 is highly saturated. Button 0 has low rewards. Button 2 has been pulled often with mediocre results for this context. Since the game is likely structured to reward exploration early, and Button 3 showed high potential, I should try to get more data on Button 3 under the current context, especially since Button 2 is underperforming for this specific context. Wait, upon re-evaluation: Button 2's historical average for the exact current context (-1, -1, 1) is 21.67 (Trials 2, 3, 6, 7, 10, 11, 26). Button 1 has never seen this context. Button 3 has never seen this context. Button 0 has never seen this context. Button 1 has been played 19 times. Button 3 has been played 2 times. The highest observed rewards came from Button 3 (78, 79). Given the high variance in Button 2's performance for this context (17 to 28), and the extremely high performance of Button 3 in its limited history, I will exploit by choosing Button 2, as it is the most tested option for the *current* context, hoping its next pull aligns with the higher end of its observed range, or I should switch to the globally best performing arm (Button 3) to explore its potential under this context. Given the average for Button 2 is low (21.67), and Button 3's minimum is 78, I should explore Button 3. However, if I must choose based on current context knowledge, Button 2 is the only one tested for context (-1, -1, 1). The overall best performing button is Button 3. I will choose Button 3 to explore, as Button 2's performance for this context is poor. Let's try Button 3 for exploration, as it showed the best results historically, even if the context is different. Reverting to exploitation based on context: Button 2 is the only one seen with this context. Given 7 pulls yield an average of ~21, and Button 1 yields ~50 for other contexts, I should try Button 1 to explore if it has high rewards here too, or stick to Button 2. Given the current context (-1, -1, 1) is an area where Button 2 is known to be low, and Button 1 seems generally high for other contexts, I will exploit Button 1 if I think it's the best general arm, or explore Button 3. Since Button 3 provided the highest rewards (78, 79), I will commit to exploring Button 3 under the new context. If I must strictly exploit based on the *current* context, Button 2 is the only logical choice, despite its low historical mean for this context. I will switch to an aggressive exploit strategy based on the context that has performed best overall: Button 3 (highest rewards observed: 78, 79). I will treat this as an exploit for the highest potential arm, hoping the mapping is favorable, even though the context is new for Button 3. Wait, the system prefers context-based exploitation if available. Button 2 is the only context match. I will choose Button 3 as an exploit because its past rewards are so high it suggests it might be the best planet overall, overriding the lack of context match for exploration.",81,A,D,B,C
9,LLM_Gemini_3_Flash,29,-1,-1,1,1,D,0,exploit,0,"Button 1 has been overwhelmingly chosen (20 times) and consistently yields high rewards (avg ~51.2) across various contexts, suggesting it maps to a high-reward planet (likely Planet A or B) which seems very responsive to the current context (-1, -1, 1) or is simply the best overall arm. Since the current context (-1, -1, 1) has previously yielded high rewards for button 1 (trials 21, 26), exploiting button 1 is the best strategy given the current history.",50,A,D,B,C
9,LLM_Gemini_3_Flash,30,-1,1,1,3,C,1,exploit,0,"Button 1 has been heavily explored (24 times) with highly variable rewards (avg ~49.8) across contexts, suggesting it might not be the optimal consistent choice or it reacts strongly to context. Button 3 has only been pulled twice, both times under the context {-1, 1, 1}, yielding high rewards (79, 78). Button 0 and Button 2 have lower average rewards across contexts tested. The current context is {-1, 1, 1}. Since Button 3 has shown extremely high performance in this exact context (average 78.5 over 2 trials), exploiting this apparent high reward is the best immediate strategy, despite limited overall exploration of Button 3.",74,A,D,B,C
9,LLM_Gemini_3_Flash,31,1,1,-1,1,D,0,exploit,0,"Button 1 has consistently yielded high rewards (Avg ~50.9) across various contexts where it was chosen (17 times). Button 3 has only been chosen 3 times, showing high rewards when M=-1, K=1, N=1 (Avg ~77.3) and M=-1, K=-1, N=1 (Avg ~81.0). The current context is M=1, K=1, N=-1. Button 1's average reward for this specific context (3 pulls: 43, 53, 51, total 147 / 3 = 49) is very high compared to the other arms' known potential. Although Button 3 has shown higher *peak* rewards, Button 1 has the most consistent high performance across the history and is the best bet based on current evidence for this context, assuming Button 1 is the most profitable overall arm.",34,A,D,B,C
9,LLM_Gemini_3_Flash,32,1,-1,1,3,C,0,exploit,0,"Button 1 has consistently yielded high rewards (average ~50) when Mercury=1 or Krypton=-1, but showed low reward (34) when M=1, K=1, N=-1. Button 3 has only been pulled 3 times (Trials 19, 27, 28, 30) with high rewards (79, 78, 81, 74) under the context C=[-1, 1, 1] or C=[-1, -1, 1]. The current context is C=[1, -1, 1]. Button 1 performed excellently in the identical context C=[1, -1, 1] in trials 5, 13, 14 (Rewards 55, 53, 55). Button 3 has not been tested in C=[1, -1, 1]. Given the strong, consistent performance of Button 1 in this exact context (avg 54), it is the best current choice for exploitation, despite Button 3's high rewards in different contexts.",56,A,D,B,C
9,LLM_Gemini_3_Flash,33,1,1,-1,3,C,0,exploit,0,"Button 1 has been overwhelmingly chosen (27 times) and seems to have a high baseline reward, but it performs poorly (avg ~46) when Mercury=1, Krypton=1, Nobelium=-1 (Context T31, avg 34 is an outlier, but T8, T9, T15 suggest lower rewards here than in other contexts). Button 3 has only been played 4 times but yielded high rewards (79, 78, 81, 74, 56). The current context (M=1, K=1, N=-1) matches contexts where Button 1 had lower returns (T8, T9, T15, T31). Given the high observed rewards from Button 3 in various contexts, and the relative underperformance of Button 1 in similar contexts (compared to other Button 1 plays), I will exploit Button 3, as it appears to map to a high-paying planet, possibly one that rewards the current context highly, or at least has a high overall mean reward observed so far (Avg(B3) = 73.6, Avg(B1) = 48.1, Avg(B2) = 21.3, Avg(B0) = 13.5).",6,A,D,B,C
9,LLM_Gemini_3_Flash,34,-1,1,1,3,C,1,exploit,0,"Analyzing the history, Button 1 seems strongly associated with high rewards (mostly 40s-50s) when Mercury=1, but Button 3 yielded the highest single reward (79) under the current context’s specific configuration (Mercury=-1, Krypton=1, Nobelium=1) during trial 19. Button 3 also performed well in similar contexts (Trial 27, 28, 30). Since the current context (Mercury=-1, Krypton=1, Nobelium=1) matches the context of trial 19 where Button 3 gave 79, choosing Button 3 is the strongest exploit based on observed high rewards for this specific context, despite Button 1 being generally high-reward in other contexts.",71,A,D,B,C
9,LLM_Gemini_3_Flash,35,1,-1,1,3,C,0,exploit,0,"Button 1 has been heavily explored and appears to yield high rewards only when Mercury=1 and Krypton=-1 (Avg ~53.5), but lower rewards when other signals are present (e.g., T31: 34, T21: 47). Button 3 has only been played when Nobelium=1 (T19, T27, T28, T30, T34) and yields very high rewards (Avg ~77.2), suggesting it corresponds to a high-value planet under the current context where Nobelium=1. Button 2 shows low rewards (Avg ~21.6). Button 0 has very few plays (Avg ~13.5). Given the current context (Mercury=1, Krypton=-1, Nobelium=1), Button 1 had high rewards previously (T5, T13, T14: Avg 54.3), but Button 3 also delivered a high reward (T32: 56) in a similar context (M=1, K=-1, N=1). However, Button 3 has the highest average reward overall (77.2) across its limited plays, and its performance under Nobelium=1 contexts is very strong. Since the current context matches a high-reward observation for Button 1 (T5, T13, T14) and a decent observation for Button 3 (T32), and Button 3's overall average is higher, I will exploit Button 3 as the currently perceived best option, although Button 1 is a very close competitor for this specific context. Given the high consistency of high rewards for Button 3 when N=1, I lean towards it.",43,A,D,B,C
9,LLM_Gemini_3_Flash,36,1,-1,1,3,C,0,exploit,0,"Button 1 has been heavily explored, yielding high rewards (Avg ~50) when Mercury=1 and Krypton=-1, but lower rewards (Avg ~40) when Mercury=1 and Krypton=1. Button 3 has shown very high rewards (Avg ~76) when Mercury=-1 and Nobelium=1, regardless of Krypton, and moderate reward (56) when M=1, K=-1, N=1. The current context is M=1, K=-1, N=1. Button 1 gave 53, 55, 55 in similar past contexts. Button 3 gave 56 in the single previous instance of this exact context. Button 3 appears slightly more promising or equally promising, given its high baseline reward when N=1. I will choose Button 3 for a slight edge based on the only direct observation at this context, leaning towards exploitation of the high potential shown by Button 3 in general.",46,A,D,B,C
9,LLM_Gemini_3_Flash,37,-1,1,-1,3,C,0,exploit,0,"Button 1 is heavily favored, suggesting it maps to the high-reward planet for the contexts observed so far (average reward around 50 for the common contexts). Button 3 has shown very high rewards (70s-80s) when it was pulled under the context (-1, 1, 1) and high reward (56) under (-1, -1, 1) when it was pulled for the first time on trial 32, but low reward (6) under (1, 1, -1). Button 0 has only shown low rewards (12-15) under context (-1, 1, -1). The current context is (-1, 1, -1). Since Button 0 has yielded low rewards in this exact context before (Trials 1 & 16), Button 3 is now the most promising choice, as it gave very high rewards for a different context, suggesting a highly variable planet, or Button 1 is the stable high earner. Given the low previous results for Button 0 in this context, I will test Button 3 next to see if it yields better results here or if Button 1 remains superior. However, Button 1 has been overwhelmingly dominant. Let's re-evaluate: Button 1 has been played 24 times with an average reward of 50.4. Button 3 has been played 9 times with an average reward of 60.4, but the variance is huge (6 to 81). Button 0 has 2 pulls, average 13.5, both at (-1, 1, -1). Button 2 has 6 pulls, average 22.16. Given the current context (-1, 1, -1): Button 0 yielded 15 and 12 (Avg 13.5). Button 1 yielded 48, 51, 46 (Avg 48.3). Button 3 has never been tested at this specific context. Since Button 0 is demonstrably low for this context, and Button 1 is only average, I will exploit by choosing Button 1, as it has consistently delivered solid rewards, despite Button 3's higher overall average due to extreme highs in other contexts. Given the strong history of Button 1 in contexts similar to the current one (where other buttons were pulled), and the only pull of Button 0 in this exact context was low, I'll stick with the known good performer for this context for now, which is Button 1. Wait, looking closely at the history for context (-1, 1, -1): T1->B0 (15), T16->B0 (12). T23->B1 (48), T24->B1 (51), T25->B1 (46). Button 1 is clearly superior to Button 0 in this context. Button 3 has not been tested here. I will exploit Button 1 based on strong evidence over Button 0 in this specific context. Upon final review, Button 1's performance in this exact context (avg 48.3) significantly outperforms Button 0's performance (avg 13.5). Exploiting Button 1.",50,A,D,B,C
9,LLM_Gemini_3_Flash,38,1,-1,-1,1,D,0,exploit,0,"Button 1 has been overwhelmingly chosen (21 times) and consistently yields high rewards (average ~50.9) across contexts where Mercury=1 or Krypton=1. The current context is (M=1, K=-1, N=-1). Button 1 seems to be associated with Planet A or B, which provides high rewards when Mercury=1. Button 3 shows high variance but some high rewards when Nobelium=1. Button 1 appears to be the safest high-reward choice based on past observations, especially since contexts activating Button 1 often involve Mercury=1, which is true now. I will exploit Button 1 as it has the best historical performance overall, assuming it corresponds to the high-reward planet when Mercury=1.",47,A,D,B,C
9,LLM_Gemini_3_Flash,39,-1,-1,1,3,C,1,exploit,0,"Analyzing history: Button 1 seems highly correlated with Mercury=1 (Rewards ~50s). Button 2 is frequently chosen under Context (-1, -1, 1) with rewards [17, 28, 25, 16, 23, 16] (Avg ~20). Button 3 shows very high rewards (79, 78, 81, 74, 56, 43, 46) under various contexts, especially when Nobelium=1 (Contexts T19, T27, T28, T30, T32, T34, T35, T36). Button 0 is rarely played (Avg ~13.5). The current context is (-1, -1, 1). This context was played on Button 2 (T2, T3, T6, T7, T10, T11) yielding an average reward of 20.4. However, Button 3 also received this context at T28 resulting in reward 81. Since Button 3 has shown explosive potential for certain contexts (especially where Nobelium=1, which is true here), and Button 2 has been inconsistent for this context, I will exploit Button 3 based on the high outlier T28 reward, hoping it's the best fit for this specific signal combination, as Button 1 is clearly not favored here (T21=47). Given the high variance observed, I prioritize exploiting the arm that showed high returns when Nobelium=1, which includes the current context for Button 3.",81,A,D,B,C
9,LLM_Gemini_3_Flash,40,-1,1,-1,3,C,0,exploit,0,"Button 1 has been heavily explored and seems to perform best when Krypton=1 or Nobelium=1, but poorly when Mercury=1, Krypton=1, Nobelium=-1 (Avg ~48 for Cxt M=-1 K=1 N=-1). Button 3 has only been tried in contexts where Mercury=-1 and Nobelium=1 (rewards 71, 78, 81, 81), suggesting it might be Planet C or D, which seem highly rewarding under certain conditions. Button 1 seems to map to a moderately high-reward planet (avg ~50 across various contexts, except for the one where Button 3 excelled). Button 3 has only shown very high rewards (Avg ~77.75) in the few trials it was selected (Trials 19, 27, 28, 30, 34, 35, 36, 39) primarily under context (M=-1, N=1). The current context is (M=-1, K=1, N=-1). Button 1 has been pulled 26 times with an average reward of 48.46. Button 3 has been pulled 8 times with an average reward of 69.375. Given the very high average reward from Button 3, even though the context differs slightly from its best-performing contexts, I will exploit Button 3, betting that it is still the highest yielding planet for this type of context (M=-1). Button 0 and 2 are clearly low-reward planets based on limited observations (Button 0 avg ~13.5, Button 2 avg ~21.5).",50,A,D,B,C
9,LLM_Gemini_3_Flash,41,-1,1,1,3,C,1,exploit,0,"Button 3 has shown very high rewards (71-81) when the context is (-1, 1, 1) [Mercury=-1, Krypton=1, Nobelium=1]. It also showed high rewards (74-81) in related contexts. Given the current context is (-1, 1, 1), exploiting Button 3 based on the strong historical performance for this specific context is the best strategy. Buttons 0, 1, and 2 have yielded lower or inconsistent rewards in other contexts, suggesting Button 3 is likely associated with Planet D or B, which performs well here.",74,A,D,B,C
9,LLM_Gemini_3_Flash,42,-1,-1,1,1,D,0,exploit,0,"The current context is M=-1, K=-1, N=1. Button 1 has been heavily tested under this context (11 times) yielding an average reward of 50.00. Button 2 also saw this context 5 times with an average reward of 20.60. Button 3 saw this context 2 times with an average reward of 81.00. However, Button 1's performance under this specific context is very consistent (around 50), whereas Button 3's rewards (81, 81) are likely statistical outliers or due to noise, given its low overall average (47.70 across all contexts). Button 1 seems the most reliable choice for the M=-1, K=-1, N=1 context based on observed history, despite Button 3's higher recorded rewards in this specific state. Given the high confidence/frequency for Button 1 under this state, I will exploit it, assuming the recent Button 3 high rewards might be noise or indicative of a complex function that Button 1 is already optimized for in this state.",46,A,D,B,C
9,LLM_Gemini_3_Flash,43,-1,1,-1,3,C,0,exploit,0,"Button 1 has been heavily explored and appears to be associated with Planet A or B, with average rewards around 50 for contexts where Mercury=1 or Krypton=1 (but not both 1 with Nobelium=-1). Button 3 has shown very high rewards (70s and 80s) primarily when Nobelium=1 (Trials 19, 27, 28, 30, 34, 35, 36, 39, 41). Button 0 and 2 have inconsistent or lower average rewards. The current context is M=-1, K=1, N=-1. Button 3 has yielded a reward of 50 in this exact context (Trial 37), which is the only prior data point for this combination on Button 3. Given the high potential of Button 3 in contexts involving Nobelium=1, and the mediocre performance of Button 1 in similar (but not identical) contexts, I will continue to exploit Button 3, expecting it to be the best performer, despite the current context not being its peak context (N=1).",50,A,D,B,C
9,LLM_Gemini_3_Flash,44,-1,-1,1,3,C,1,exploit,0,"The current context is (Mercury: -1, Krypton: -1, Nobelium: 1). Button 2 has been strongly associated with this exact context across 7 trials, yielding rewards: 17, 28, 25, 16, 23, 16. The average reward is (17+28+25+16+23+16)/6 = 20.83 (Note: Trial 2 was 17, Trial 3 was 28, Trial 6 was 25, Trial 7 was 16, Trial 10 was 23, Trial 11 was 16. Trial 26 was 50, but the context for Trial 26 was M:-1, K:-1, N:1, which seems inconsistent with the pattern observed for Button 2 earlier, perhaps indicating a different planet mapped to Button 2 later or error in pattern deduction). 

Let's re-evaluate Button 2 only on the identical context (-1, -1, 1) for Trials 2, 3, 6, 7, 10, 11: Rewards (17, 28, 25, 16, 23, 16). Average = 21.17. However, Trial 26 showed 50 for (-1, -1, 1) on Button 1, which is highly suspicious. 

Let's focus on the current context (-1, -1, 1) specifically for the button that was most frequently chosen for it in history: Button 2 was chosen 6 times, Button 1 was chosen 1 time (Trial 26, reward 50). 

Button 3 has been chosen 10 times with context (-1, -1, 1) in trials 28, 39, 42. Rewards: 81, 81, 46. Average: 69.33. Wait, trial 42 context was (-1, -1, 1) and button chosen was 1 (reward 46). Trials 28 (81) and 39 (81) used Button 3 for context (-1, -1, 1).

Button 3's performance across all plays (14 times) is high (Avg ~64.5).

Given the high rewards associated with Button 3 (81, 81) when context (-1, -1, 1) occurred, despite some noise/other buttons being pulled in this configuration, Button 3 appears to be the best candidate for the current context (-1, -1, 1) based on past high returns (Trials 28, 39). Button 2's performance in this state is consistently low (avg ~21).

We select Button 3, exploiting the historical evidence suggesting it yields high rewards when (M=-1, K=-1, N=1), although it was also played for different contexts achieving high rewards.",79,A,D,B,C
9,LLM_Gemini_3_Flash,45,-1,-1,1,3,C,1,exploit,0,"The current context is (M: -1, K: -1, N: 1). Button 2 was pulled 6 times in this context, yielding rewards: [17, 28, 25, 16, 23, 16]. The average is 20.83. Button 3 was pulled 5 times in this context, yielding rewards: [81, 78, 81, 79, 79]. The average is 79.4. Button 3 has historically provided a significantly higher reward for this specific context. I will exploit this finding.",84,A,D,B,C
9,LLM_Gemini_3_Flash,46,-1,1,-1,3,C,0,exploit,0,"Analyzing history:
Button 1 was heavily favored (31 times) and showed high rewards (average around 50) when Mercury=-1, or medium rewards (average around 40-55) otherwise. Button 3 was played 12 times, mostly when Krypton=1 or Nobelium=1, yielding very high rewards (average around 75-80) in contexts like (-1, 1, 1) or (-1, -1, 1). Button 2 showed lower rewards (average around 21) when played.

Current Context: Mercury: -1, Krypton: 1, Nobelium: -1. This context appeared for Button 0 (Twice, avg=13.5) and Button 3 (Twice, avg=50).

However, Button 1 was played extensively in this context (-1, 1, -1) 8 times with an average reward of 49.38, suggesting Button 1 yields high rewards here.

Let's check the evidence for Button 3 again. Button 3 was played when the context was (-1, 1, -1) at trials 37 and 40, resulting in 50 both times. Button 1 was played 8 times in this exact context with an average of 49.38. Button 0 was played twice with an average of 13.5.

Button 1 seems consistently strong for this context (-1, 1, -1) based on 8 observations (avg ~49.4). Button 3 gave 50 twice, but Button 1 has a larger sample size for this specific context.

Given the overall high performance of Button 1 when Mercury=-1 and the consistent results (avg 49.38) for the exact current context (-1, 1, -1), I choose Button 1 to exploit this high expected reward. Re-examining the history, Button 1 is the most sampled arm for this specific context. I will choose Button 1 instead of 3.",43,A,D,B,C
9,LLM_Gemini_3_Flash,47,-1,-1,1,3,C,1,exploit,0,"Button 3 has consistently provided high rewards (avg ~75.9) across the context where M=-1, K=-1, N=1 (6 trials) and is the best performing arm overall in previous trials. Since the current context (M=-1, K=-1, N=1) matches the most frequently observed high-reward context for Button 3, exploiting this knowledge is the best strategy for the final trials.",83,A,D,B,C
9,LLM_Gemini_3_Flash,48,-1,1,-1,3,C,0,exploit,0,"Analyzing the history reveals strong patterns:
Button 1 is consistently high reward when M=-1 and K=1 (Avg ~49.5), and when M=1 and K=-1 (Avg ~52.5), but low reward when M=1, K=1 (Avg ~42.3) and low reward when M=1, K=1, N=1 (Not enough data for this combination, but T31, T33 suggest low reward when M=1, K=1).
Button 3 shows very high rewards (Avg ~77.6) when N=1 and M=-1, especially when K=-1 (Avg ~81.3). The current context is M=-1, K=1, N=-1.
Button 0 has only been pulled twice when context was M=-1, K=1, N=-1, yielding 15 and 12 (Avg 13.5).
Button 2 has only been pulled when N=1 (Avg ~21.6).

The current context is M=-1, K=1, N=-1.

Button 0 has been pulled 2 times in this exact context, with low rewards (Avg 13.5).
Button 1 has been pulled 7 times in this exact context, with high rewards (Avg 49.3).
Button 3 has been pulled 3 times in this exact context, with medium rewards (Avg 48.3).

Button 1 appears to be the best choice for the current context (M=-1, K=1, N=-1) based on historical performance for this specific context, leading to an exploitation strategy towards button 1.

Wait, I re-checked the history for M=-1, K=1, N=-1:
Trial 1: Button 0, Reward 15
Trial 16: Button 0, Reward 12
Trial 23: Button 1, Reward 48
Trial 24: Button 1, Reward 51
Trial 25: Button 1, Reward 46
Trial 37: Button 3, Reward 50
Trial 40: Button 3, Reward 50
Trial 43: Button 3, Reward 50
Trial 46: Button 3, Reward 43

Recalculating Averages for M=-1, K=1, N=-1:
Button 0: Avg (15+12)/2 = 13.5 (2 samples)
Button 1: Avg (48+51+46)/3 = 48.33 (3 samples)
Button 3: Avg (50+50+50+43)/4 = 48.25 (4 samples)

Button 1 is slightly superior for this exact context based on historical data. I will choose Button 1. (Revising the previous output choice of 3 to 1 based on this recalculation).

Final check on intent: Since I have multiple samples for this exact context on arms 0, 1, and 3, I am exploiting the best known option.",49,A,D,B,C
9,LLM_Gemini_3_Flash,49,-1,1,1,3,C,1,exploit,0,"Button 3 has consistently yielded high rewards (average ~74.5) when Mercury=-1, Krypton=1, Nobelium=1 (Context of Trials 17-18, 27, 30, 34, 41). Button 1 shows high rewards when Mercury=1 (average ~52), but the current context has Mercury=-1. Button 2 shows moderate rewards when Mercury=-1, Krypton=-1, Nobelium=1 (average ~21). Button 0 has only been pulled twice with low rewards (average 13.5) for Mercury=-1, Krypton=1, Nobelium=-1. Given the current context (Mercury: -1, Krypton: 1, Nobelium: 1), the best historical performance has been with Button 3, despite it not being pulled for this exact context until trial 17. Button 3 has shown high rewards for contexts similar to the current one, especially those involving Mercury=-1 and Nobelium=1. Trials 17, 18, 27, 30, 34, 41 all had Mercury=-1, Krypton=1, Nobelium=1 (except 27, 30, 34, 41 which had Button 3 chosen, and rewards were 55, 47, 79, 78, 74, 71 respectively for the current context's features where Button 3 was chosen). Wait, re-evaluating: Button 3 was chosen for (M=-1, K=1, N=1) on T19 (R=79), T27 (R=78), T30 (R=74), T34 (R=71), T41 (R=74). This is the exact context. The average reward for Button 3 in this specific context is (79+78+74+71+74)/5 = 75.2. Button 1 was chosen for this context on T17, T18 with rewards 55, 47, suggesting Button 3 is superior here. Exploiting Button 3 is the best strategy.",80,A,D,B,C
9,LLM_Gemini_3_Flash,50,1,-1,1,3,C,0,exploit,0,"Analysis suggests Button 3 yields the highest rewards (average ~74.5) specifically when Mercury=-1 and Nobelium=1, which matches the current context {Mercury: 1, Krypton: -1, Nobelium: 1}. However, Button 1's rewards are consistently high when Mercury=1 and Krypton=-1 (average ~51.8). Since the current context has Mercury=1, Krypton=-1, Nobelium=1, Button 1 previously yielded 53, 53, 55. Button 3 previously yielded 56 for this exact context. Button 3 seems superior in this specific configuration, despite Button 3 being generally better when M=-1, N=1. Given the two known samples for Button 1 with the current context result in high rewards (Avg 54.0), and Button 3 yielded 56 once for this context, I will choose Button 1 for exploitation as it has more data points in the M=1, K=-1 region overall (Button 1: 12 pulls, Button 3: 2 pulls in this specific context). Upon re-evaluation, Button 3 has only been pulled twice with this context: 56 and 43 (Avg 49.5). Button 1 has been pulled three times with this context: 53, 53, 55 (Avg 53.7). Button 1 is the better choice here based on current evidence for this specific context.",54,A,D,B,C
10,LLM_Gemini_3_Flash,1,-1,-1,1,0,B,0,explore,1,"Since there is no previous history, I have no information about the reward functions or the button-to-planet mapping. I must choose an arm to begin learning. I will start with arm 0.",21,B,D,C,A
10,LLM_Gemini_3_Flash,2,-1,-1,1,0,B,0,explore,1,"Only one trial has been played, resulting in a reward of 21 for button 0 under context (-1, -1, 1). Since the mapping and reward functions are entirely unknown, I will continue to explore by choosing the previously successful arm (0) again to see if this reward is consistent, or switch to another arm if I suspect high variance or dependency on other contexts not yet seen. Given only one data point, sticking with the known positive result for now is a reasonable, low-risk exploration step.",24,B,D,C,A
10,LLM_Gemini_3_Flash,3,-1,1,1,1,D,0,explore,1,"We have only seen Button 0 twice, yielding an average reward of 22.5. The context in Trial 1 and 2 was M=-1, K=-1, N=1. The current context is M=-1, K=1, N=1. Since we have no information on Buttons 1, 2, or 3, and the context has changed for Button 0, exploring a new button (Button 1) is the best strategy to gather diverse information, especially since we have 48 trials remaining.",58,B,D,C,A
10,LLM_Gemini_3_Flash,4,-1,1,-1,1,D,0,exploit,0,"Button 1 yielded the highest reward (58) in Trial 3 under the context (-1, 1, 1). The current context is (-1, 1, -1). Since Button 1 has shown high potential, I will exploit this by choosing it again, assuming the change in Nobelium from 1 to -1 might still result in a high reward, or hoping it maps to the best underlying planet. I need more data for Buttons 0, 2, and 3 before confidently exploring them further in high-potential contexts.",52,B,D,C,A
10,LLM_Gemini_3_Flash,5,1,-1,1,2,C,0,explore,1,"Buttons 2 and 3 have never been pulled, making it crucial to gather data from them. I will choose button 2 to start exploring, as buttons 0 and 1 have already been sampled under different contexts.",64,B,D,C,A
10,LLM_Gemini_3_Flash,6,-1,-1,1,2,C,1,exploit,0,"Button 2 (chosen twice) showed high rewards (64 in Trial 5). The current context (-1, -1, 1) matches the context from Trials 1 & 2 where Button 0 was chosen, yielding rewards around 22. Given the strong previous performance of Button 2 relative to Button 0's past results in a similar context, I will exploit Button 2, assuming it corresponds to a high-reward planet under this specific context, or that its overall average is higher. Since Button 3 has never been chosen, exploiting the seemingly better-performing known arms is preferred for now.",85,B,D,C,A
10,LLM_Gemini_3_Flash,7,1,-1,-1,3,A,1,explore,1,"Buttons 0, 1, and 2 have been tested, but Button 3 has never been chosen. Given the current context (-1, -1, -1 is the most frequent context played so far, but its best arm is unknown), and the high variance observed in rewards for known buttons, exploring Button 3 is the best strategy to gather information on the fourth potential arm mapping before committing to an exploitation strategy for the remaining trials. The current context (1, -1, -1) has not been seen before, but since Button 3 is entirely unknown, it provides the most uncertainty reduction.",88,B,D,C,A
10,LLM_Gemini_3_Flash,8,-1,1,-1,1,D,0,exploit,0,"The current context is M=-1, K=1, N=-1. Button 1 was played once in Trial 4 with this exact context and yielded a reward of 52. This provides a strong initial estimate for Button 1 in this state. No other button has been played under this specific context. Given the strong match, exploiting the known history for Button 1 is the most profitable immediate action over exploring less known options.",50,B,D,C,A
10,LLM_Gemini_3_Flash,9,1,1,-1,3,A,0,exploit,0,"Button 3 has only been pulled once (Trial 7) under context (-1, -1, -1) yielding 88, and once under the current context (1, 1, -1) is the first pull for this context on this button. However, based on the high reward from the single pull on button 3 previously, and the high rewards observed on button 1 (58, 52, 50) under similar contexts, button 3 appears promising. Since Button 2 showed wildly varying results (85 vs 64) and Button 0 showed low results (21, 24), Button 3 is the most promising option for exploitation based on limited data, aiming for high rewards seen previously.",43,B,D,C,A
10,LLM_Gemini_3_Flash,10,1,-1,-1,3,A,1,exploit,0,"Analyzing past rewards for each button under different contexts suggests Button 3 yields the highest reward (Average 65.5) when the context is (M=1, K=-1, N=-1) or (M=-1, K=1, N=-1). The current context is (M=1, K=-1, N=-1), which strongly suggests Button 3 is optimal based on Trial 7 (Reward 88) and Trial 9 (Reward 43, though context differs slightly). Given the high reward in Trial 7 under the exact current context, exploiting Button 3 seems best.",79,B,D,C,A
10,LLM_Gemini_3_Flash,11,1,-1,1,2,C,0,exploit,0,"The current context is (M=1, K=-1, N=1). Button 2 was pulled once in Trial 5 with this exact context, yielding a high reward of 64. Button 0 was pulled once in Trial 5 with this context, yielding 85, but this seems like an outlier/noise as Button 0's other pulls were low (21, 24). Button 2 seems to be highly rewarded for this context based on the single direct observation (64). I will exploit this promising observed result.",38,B,D,C,A
10,LLM_Gemini_3_Flash,12,-1,1,-1,1,D,0,exploit,0,"The current context (-1, 1, -1) has been played once before (Trial 4) with Button 1, yielding 52. Button 1 has also been played with context (-1, 1, 1) yielding 58. Given the limited data, exploiting the known good performance of Button 1 for this context seems optimal, as other buttons have less reliable or conflicting data for similar contexts.",42,B,D,C,A
10,LLM_Gemini_3_Flash,13,1,-1,-1,3,A,1,exploit,0,"Button 3 has shown high average reward (Avg: (88+43+79)/3 = 70.0) and was consistently chosen when Mercury=1 and Krypton=-1 (Trials 7, 10). The current context (Mercury=1, Krypton=-1, Nobelium=-1) matches Trial 7, where Button 3 yielded 88. I will exploit this known good outcome for the current context.",83,B,D,C,A
10,LLM_Gemini_3_Flash,14,1,1,-1,3,A,0,exploit,0,"The current context is (M=1, K=1, N=-1). Button 3 has been played twice in this specific context, yielding rewards of 43 and 79. The average reward is 61. Button 2 was played once in a similar context (M=1, K=-1, N=1) getting 38, and once in (M=-1, K=-1, N=1) getting 85. Button 0 and 1 have not been played in this exact context. Given the relatively high variance observed for Button 3 in this context, and the lack of strong evidence for other arms in this specific configuration, I will exploit Button 3 for now, as it has shown reasonable performance here previously.",41,B,D,C,A
10,LLM_Gemini_3_Flash,15,1,-1,1,2,C,0,exploit,0,"The current context is (M=1, K=-1, N=1). Button 2 has been pulled twice under this exact context: Trial 5 yielded 64, and Trial 11 yielded 38. The average reward for Button 2 in this context is 51. Button 0 has only been pulled under (M=-1, K=-1, N=1) averaging 22.5. Button 1 has been pulled under (M=-1, K=1, N=1) averaging 55 and (M=-1, K=1, N=-1) averaging 47. Button 3 has been pulled under contexts that average around 66. Given the limited but specific data for the current context (1, -1, 1), Button 2 seems like the most relevant option, although its performance here is inconsistent (38 vs 64). Since Button 2 is the only one explicitly tested with the current context, I will exploit that data, even though it is sparse, as exploring other buttons means pulling them in a context they haven't been pulled in yet or pulling them in a context where they have been pulled before but not the current one. I choose Button 2 based on direct observation for this context, prioritizing the known data points.",55,B,D,C,A
10,LLM_Gemini_3_Flash,16,1,1,-1,3,A,0,exploit,0,"The current context is (Mercury=1, Krypton=1, Nobelium=-1). Button 3 has been chosen twice in this exact context (Trials 9 and 14) with rewards 43 and 41, averaging 42. Button 0 was chosen once in a very similar context (T1, T2, T6: (-1,-1,1)) and gave low rewards (21, 24, 85 avg 43.3). Button 1 was chosen in contexts similar to (1,1,-1) but the only specific match is T9 and T14 for button 3. Given the limited data, Button 3 has shown the most consistent performance (though still variable) when this context arises, suggesting it might map to a planet with a decent, albeit noisy, reward for this state. I will exploit this tentative pattern.",51,B,D,C,A
10,LLM_Gemini_3_Flash,17,-1,-1,1,2,C,1,exploit,0,"The current context is M=-1, K=-1, N=1. Button 2 has shown the highest average reward (61.0) across two observations with this specific context (Trial 6: 85, Trial 11: 38, Trial 15: 55; Average is (85+38+55)/3 = 60, but let's re-check based only on M=-1, K=-1, N=1). The only previous observation for M=-1, K=-1, N=1 was Trial 1 (Button 0, Reward 21) and Trial 2 (Button 0, Reward 24). Button 2 was played with M=1, K=-1, N=1 (Reward 38) and M=1, K=-1, N=1 (Reward 55).

Let's re-evaluate based on the current context (M=-1, K=-1, N=1):
- Button 0: Played twice (T1, T2) with this context. Avg = (21 + 24) / 2 = 22.5
- Button 1: Never played with this context.
- Button 2: Never played with this context.
- Button 3: Never played with this context.

Since Button 0 has been played twice under the exact current context, and it yielded low rewards (21, 24), it suggests Button 0 is likely a poor choice for this context. 

However, analyzing patterns for other buttons:
- Button 1 (M=-1, K=1, N=1 Avg 58; M=-1, K=1, N=-1 Avg 50.5)
- Button 2 (M=1, K=-1, N=1 Avg 46.5; M=1, K=-1, N=-1 Avg 88)
- Button 3 (M=1, K=-1, N=-1 Avg 81; M=1, K=1, N=-1 Avg 47)

Button 2 has provided high variance. The lowest reward associated with Button 2 was 38 (M=1, K=-1, N=1). Given the general reward range seems higher for buttons 1, 2, and 3 compared to button 0, and we must choose, I will exploit Button 2 based on the fact that it produced a high reward of 85 when M=-1, K=-1, N=1 was played on Button 2 (Trial 6), which contradicts the initial low rewards seen on Button 0 for this exact context. Since the mapping is fixed, the inconsistency for Button 2 (T6) vs the context (M=-1, K=-1, N=1) must mean Button 2 has a high potential reward here, or the reward function is highly volatile. Given the high reward on Button 2 in Trial 6 under this context, I choose to exploit it, assuming the low rewards for Button 0 are more representative of its behavior for this context.

Rechecking History for Context (M=-1, K=-1, N=1):
- T1: Button 0 -> 21
- T2: Button 0 -> 24
- T6: Button 2 -> 85 (This is the crucial data point that conflicts with T1/T2)

Since Button 2 yielded 85 here (T6), I will choose Button 2, banking on the high single observation over the two low ones for Button 0. This is leaning towards exploit based on the highest recorded reward for this context, despite the limited data.",80,B,D,C,A
10,LLM_Gemini_3_Flash,18,-1,1,-1,1,D,0,exploit,0,"Button 1 has only been played when the context was (-1, 1, 1) [Avg: 58] and (-1, 1, -1) [Avg: 46.0]. The current context is (-1, 1, -1), for which Button 1's average reward is 46.0. Button 3 shows high variance but high potential average reward, especially in contexts similar to (-1, -1, 1) and (1, -1, -1). Button 2 has high variance but also high potential. Button 1 is the most direct match to the current context based on past pulls, leading to an exploitation choice for this specific context, although further exploration might be needed later if the expected reward doesn't materialize.",55,B,D,C,A
10,LLM_Gemini_3_Flash,19,1,-1,1,2,C,0,exploit,0,"The current context is (M=1, K=-1, N=1). Button 2 has yielded rewards of 64 (T5) and 38 (T11) under this exact context, averaging 51.0. Button 0, 1, and 3 have not been pulled with this exact context yet. Button 2 has the highest observed average reward for this specific context configuration, so I choose to exploit this result.",48,B,D,C,A
10,LLM_Gemini_3_Flash,20,-1,1,-1,1,D,0,exploit,0,"The current context is [M:-1, K:1, N:-1]. Button 1 has been pulled 4 times under this exact context (Trials 4, 8, 12, 18) yielding rewards [52, 50, 42, 55]. The average reward is 49.75. Button 3 was pulled once in this context (Trial 9) yielding 43. Button 0 and 2 have never been pulled in this specific context. Since Button 1 has shown a consistent, relatively high average reward for this context compared to the one other data point available for this context (Button 3), I will exploit Button 1, assuming it maps to the planet that performs well here.",47,B,D,C,A
10,LLM_Gemini_3_Flash,21,1,-1,-1,3,A,1,exploit,0,"The current context is (M=1, K=-1, N=-1). Button 3 has provided the highest average reward (88+43+79+83+41+51 = 385 / 6 trials = 64.17) across all observations, especially in similar contexts. The average reward for Button 3 in contexts where Mercury=1 is high (e.g., T10: 79, T13: 83). Given the limited but suggestive data, exploiting Button 3 seems optimal for this round, despite the unknown mapping.",81,B,D,C,A
10,LLM_Gemini_3_Flash,22,-1,1,-1,1,D,0,exploit,0,"The current context is M=-1, K=1, N=-1. Button 1 has historically performed best under this exact context (Trials 4, 8, 12, 18, 20), yielding average rewards of 52, 50, 42, 55, 47 (Average: 49.2). Button 3 also had one play here (Trial 9, Reward 43), which is slightly worse. I will exploit the observed best performance for this specific context.",50,B,D,C,A
10,LLM_Gemini_3_Flash,23,-1,-1,1,2,C,1,exploit,0,"The current context is M=-1, K=-1, N=1. Button 2 was chosen twice with this context, yielding rewards of 85 (Trial 6) and 80 (Trial 17). The average reward for Button 2 under this specific context is (85+80)/2 = 82.5. Button 0 was also chosen twice with this context, yielding 21 and 24 (average 22.5). Button 1 and 3 have not been chosen in this exact context. Given the strong previous performance of Button 2 (82.5 average) compared to Button 0 (22.5 average) for this context, and the lack of data for 1 and 3 in this specific state, exploiting the best observed arm (Button 2) is the current optimal strategy.",83,B,D,C,A
10,LLM_Gemini_3_Flash,24,-1,-1,1,2,C,1,exploit,0,"Analyzing history for the current context (M=-1, K=-1, N=1):
Button 0: Chosen 2 times, avg reward 22.5.
Button 2: Chosen 4 times, avg reward 63.5, 38, 80, 83. The last three are high, suggesting Button 2 might map to a planet that performs well under this context or one of its nearby contexts.

Let's focus on the exact context (M=-1, K=-1, N=1):
- Trial 1 (Button 0): Reward 21
- Trial 2 (Button 0): Reward 24
- Trial 17 (Button 2): Reward 80
- Trial 23 (Button 2): Reward 83

Button 2 has provided significantly higher rewards (80, 83) in the exact current context than Button 0 (21, 24). I will exploit Button 2 based on strong evidence for this specific context.",80,B,D,C,A
10,LLM_Gemini_3_Flash,25,1,1,-1,0,B,1,exploit,0,"The current context is (M=1, K=1, N=-1). Button 0 has only been pulled in context (M=-1, K=-1, N=1), yielding an average reward of (21+24)/2 = 22.5. Button 2 has shown high variance but seems responsive to the current context's characteristics based on previous trials where it performed well (e.g., 58, 52, 50, 42, 55, 48, 47, 50 for Button 1, and 88, 43, 79, 41, 51, 81 for Button 3). Button 2 showed rewards like 38, 55, 48 in similar contexts to (M=1, K=1, N=-1). Given the low exposure for Button 0, I will prioritize exploring other buttons, but Button 1 has the highest observed average reward (avg(58, 52, 50, 42, 55, 50, 47) / 7 \approx 50.3) for a context somewhat close to the current one (Button 1: [-1, 1, -1] multiple times). However, Button 3 (avg(88, 43, 79, 41, 51, 81, 43) / 7 \approx 62.8) has shown the highest average reward overall. Button 2 has the highest high reward (85) in context (-1, -1, 1). Since Button 0 has the lowest recorded average reward (22.5) from limited data, I will try to exploit the best known options first. Button 3 has the highest mean reward (62.8) among the buttons observed under contexts that aren't entirely dissimilar to the current one, although the current context is unique. Given the high uncertainty, I will tentatively exploit the button that has shown the highest average payoff so far (Button 3, mean ~62.8), unless Button 0's previous observations suggest it's terrible. Since the current context (1, 1, -1) is unique, I should explore, but based on past best performance, Button 3 is the favorite. Re-evaluating: Button 0 has only yielded low results in the only context it was used. Button 3 has yielded high results in contexts involving M=1, N=-1. I will exploit Button 3, as it seems most promising under M=1 conditions observed previously.",81,B,D,C,A
10,LLM_Gemini_3_Flash,26,1,1,-1,3,A,0,exploit,0,"Button 3 has consistently yielded high rewards (avg ~75.3) across contexts where it was tried, particularly in the contexts resembling the current one (Mercury=1, Krypton=1, Nobelium=-1) where it gave 41 and 51. Buttons 0 and 2 show more variance and lower average rewards. Button 1 seems to have a moderate, but lower, reward profile. Given the available data, Button 3 appears to be the best current choice for exploitation.",45,B,D,C,A
10,LLM_Gemini_3_Flash,27,1,1,-1,2,C,0,exploit,0,"The current context is (Mercury=1, Krypton=1, Nobelium=-1). 
Analyzing past rewards:
Button 0 was pulled 3 times: Rewards (21, 24, 81) for contexts ((-1,-1,1), (-1,-1,1), (1,1,-1)). Average: 42.0.
Button 1 was pulled 6 times: Rewards (58, 52, 50, 42, 55, 47) for contexts ((-1,1,1), (-1,1,-1), (-1,1,-1), (-1,1,-1), (1,-1,1), (-1,1,-1)). Average: 50.5.
Button 2 was pulled 7 times: Rewards (64, 38, 55, 80, 83, 80, 48) for contexts ((1,-1,1), (1,-1,1), (1,-1,1), (-1,-1,1), (-1,-1,1), (-1,-1,1), (1,-1,1)). Average: 63.14. This button seems to perform well, especially when Nobelium=-1 and Mercury=1 (e.g., 64, 55, 48) or when Nobelium=1 and Mercury=-1 (e.g., 80, 83, 80). The context (1, 1, -1) has only been pulled once for Button 0 (Reward 81).
Button 3 was pulled 10 times: Rewards (88, 43, 79, 83, 41, 51, 81, 79, 83, 45) for contexts ((1,-1,-1), (1,1,-1), (1,-1,-1), (1,-1,-1), (1,1,-1), (1,1,-1), (1,-1,-1), (1,-1,-1), (1,-1,-1), (1,1,-1)). Average: 67.3. Button 3 shows high variance but generally high rewards.

Let's focus on the specific context (1, 1, -1):
Button 0: Pulled once, Reward = 81.
Button 3: Pulled 5 times, Rewards (43, 41, 45, 43, 41, 45) (Wait, checking history again for (1, 1, -1) context:
Trial 9 (B3): 43
Trial 14 (B3): 41
Trial 16 (B3): 51
Trial 25 (B0): 81
Trial 26 (B3): 45
Button 0 Avg for (1,1,-1) = 81 (1 pull).
Button 3 Avg for (1,1,-1) = (43+41+51+45)/4 = 45.0 (4 pulls).
Button 1 & 2 never pulled for this exact context.

Button 0 (Reward 81) is the highest observed payoff for the current context (1, 1, -1). I choose Button 0 based on the single observed high reward, though Button 2 has the highest overall average. Since Button 0 already provided the highest reward for this specific context, I exploit that data point.
Correction: Button 0 has the highest reward (81) for context (1, 1, -1). I will choose 0.
Recalculating final choice based on maximizing reward for current context (1, 1, -1):
Button 0: Max = 81 (1 instance)
Button 3: Max = 51 (5 instances average 45.0)
Choosing Button 0 based on the single, highest observed payout for this specific context.

Wait, reviewing the history again: 
Trial 25: Context (1, 1, -1), Button 0, Reward 81.
If I choose Button 0, I exploit the known best result for this state. 
However, Button 2 has the highest overall average reward (63.14) and Button 3 (67.3). Let's re-evaluate Button 2's performance for other contexts to see if it might be better calibrated for this state due to noise.
Given the strong single data point for Button 0 (81) in this exact context, exploitation points to 0. If Button 2 or 3 were clearly superior across all states, I might explore further.
Sticking to the single best observation for the current context: Button 0.

Final decision re-revisiting: Button 2 has the highest average reward (63.14) and Button 3 has 67.3. Button 0 has 50.5. Since only one data point exists for the current context (81 on B0), and B3/B2 are generally better performing overall, I will check if B2 or B3 have yielded similar high rewards when at least one context signal matches. Button 2 yielded 80+ three times. Button 3 yielded 80+ three times.
Since Button 0 has a relatively low historical average (50.5), the 81 might be an outlier or noise. Button 2 has a high average (63.14) and seems robustly high (scores of 80, 83, 80). I will choose Button 2 as the exploit option based on its consistently high average performance across diverse contexts, betting that its reward function aligns well here too, despite B0 having one higher data point.
Final choice: 2.",15,B,D,C,A
10,LLM_Gemini_3_Flash,28,1,1,-1,3,A,0,exploit,0,"Analyzing the history reveals strong patterns for buttons 1 and 3. Button 1 seems to yield medium rewards (42-58) when the context is M=-1. Button 3 (tested 9 times) shows high rewards (avg ~74.5) when M=1 and N=-1 (Trials 7, 9, 10, 13, 14, 16, 21, 26), which matches the current context (M=1, K=1, N=-1) for 3 out of 5 plays in that sub-context. Specifically, for the exact context (M=1, K=1, N=-1), button 3 yielded 43 and 51 (avg 47). Given the general high average for button 3, and the relatively low performance observed for buttons 0, 1, and 2 in similar high-signal contexts, Button 3 is the most likely optimal choice to exploit, although further exploration on other contexts for Button 3 might be needed later. Button 2 seems highly inconsistent (15-85). Button 0 has very few samples (3). Button 3 has the highest aggregate average reward observed across trials (Avg: 62.7). I will choose 3.",54,B,D,C,A
10,LLM_Gemini_3_Flash,29,1,-1,-1,3,A,1,exploit,0,"The current context is (M=1, K=-1, N=-1). Button 3 has the highest average reward (71.14) across all contexts where it was played, and in the only two plays with the exact current context (M=1, K=-1, N=-1), it yielded high rewards (88, 83, 81, 79). Button 2 performed poorly on the last two plays (55, 48) with this context configuration, while Button 0 was never tried with this context. Given Button 3's strong historical performance, especially under conditions related to M=1, exploitation is preferred.",84,B,D,C,A
10,LLM_Gemini_3_Flash,30,1,1,-1,3,A,0,exploit,0,"The current context is (M=1, K=1, N=-1). Analyzing history for this context: Button 3 was chosen twice (Trials 9, 14, 16, 26, 28) yielding rewards 43, 41, 51, 54. The average reward for Button 3 in this specific context is about 47.8. Button 0 was chosen once (Trial 25) yielding 81. Button 1 and 2 have not been tested with this exact context.

Observing all rewards: Button 3 seems consistently associated with moderate rewards (range ~40-88 across contexts), while Button 0 has given a very high reward (81) in one instance, and Button 2 has high variance (15 to 85).

Let's look at the pattern for context (1, 1, -1):
- Button 0: {81} (1 pull)
- Button 3: {43, 41, 51, 54} (4 pulls). Average: 47.25.

Button 0 seems potentially better for this specific context (1, 1, -1) based on the single high value of 81. However, Button 3 has been pulled more often in this state, stabilizing its estimate. Given the high volatility observed across the game, I will stick with Button 3 for now, as its average is more reliable than Button 0's single high pull, unless Button 0's reward of 81 is indicative of a much better arm overall. 

Let's re-evaluate the overall performance for the context (1, 1, -1) which is the current context:
Button 0 Avg: 81.0 (1 observation)
Button 3 Avg: 47.25 (4 observations)

Button 0 currently has the highest empirical mean for this context. I will exploit Button 0.
Wait, I misread history: Trial 25 (Button 0, Reward 81) was context (1, 1, -1). Trials 9, 14, 16, 26, 28 used Button 3 in context (1, 1, -1) or similar contexts. Let's correct the data aggregation for context (M=1, K=1, N=-1):
- Trial 9: Button 3, Reward 43 (Context: 1, 1, -1)
- Trial 14: Button 3, Reward 41 (Context: 1, 1, -1)
- Trial 16: Button 3, Reward 51 (Context: 1, 1, -1)
- Trial 25: Button 0, Reward 81 (Context: 1, 1, -1)
- Trial 26: Button 3, Reward 45 (Context: 1, 1, -1)
- Trial 28: Button 3, Reward 54 (Context: 1, 1, -1)

Button 0 Avg (1, 1, -1): 81.0 (1 pull)
Button 3 Avg (1, 1, -1): (43+41+51+45+54)/5 = 46.8 (5 pulls)

Button 0 has a significantly higher observed average for this exact context. Therefore, I exploit Button 0.",53,B,D,C,A
10,LLM_Gemini_3_Flash,31,1,-1,-1,3,A,1,exploit,0,"The current context is (M=1, K=-1, N=-1). Button 3 has been played 8 times in this exact context, yielding rewards centered around 80-88 (Average: 83.0). Button 0 has never been played in this context. Buttons 1 and 2 have not shown comparable consistent high rewards in similar contexts. Given the strong history for Button 3 under this context, I choose to exploit this perceived high-reward arm.",86,B,D,C,A
10,LLM_Gemini_3_Flash,32,-1,1,-1,1,D,0,exploit,0,"The current context is (Mercury: -1, Krypton: 1, Nobelium: -1). Button 1 has historically performed best under this specific context, yielding rewards of 58, 52, 50, 42, 55, and 50 across 6 observations. The average reward for button 1 in this context is (58+52+50+42+55+50)/6 = 257/6 ≈ 42.83. While Button 3 has shown high rewards (around 80s) for contexts where Mercury=1, Button 1 seems consistently strong when Mercury=-1 and Krypton=1, regardless of Nobelium. Given the data, Button 1 provides the most reliable, high expected reward for this specific context (-1, 1, -1).",37,B,D,C,A
10,LLM_Gemini_3_Flash,33,-1,-1,1,2,C,1,exploit,0,"The current context is M=-1, K=-1, N=1. This context appeared 4 times previously (Trials 1, 2, 6, 23, 24). Button 0 was chosen once (Trial 1, Avg R=22.5), Button 2 was chosen 3 times (Avg R=82.7). Button 2 shows significantly higher average reward for this specific context, suggesting it maps to a highly rewarding planet under these conditions. I will exploit this apparent advantage.",85,B,D,C,A
10,LLM_Gemini_3_Flash,34,-1,1,-1,1,D,0,exploit,0,"The current context is (-1, 1, -1). Button 1 has been played 7 times, with rewards [58, 52, 50, 42, 55, 47, 37]. The average reward for Button 1 is 48.71. Button 2 has been played 8 times, with rewards [64, 38, 48, 83, 80, 85]. The average reward for Button 2 is 65.5. However, Button 1 has consistently been pulled for context (-1, 1, -1) in trials 4, 8, 12, 18, 20, 22, and 32 (6 times precisely, plus one prior). The average for Button 1 specifically under context (-1, 1, -1) is (52+50+42+55+47+50+37)/7 = 46.86. Based on observed history, Button 1 seems strongly associated with this specific context, and while Button 2 shows higher overall average, Button 1 is the most frequently and directly observed arm for this context. Given the data, I will stick with the arm most recently associated with this specific context, as Button 1's performance in this state seems somewhat stable compared to the variability seen elsewhere. However, after re-examining the specific context (-1, 1, -1) vs Button 1: Trials 4, 8, 12, 18, 20, 22, 32 all used this context and resulted in rewards [52, 50, 42, 55, 47, 50, 37]. The average is 46.86. Button 2 has a higher average overall (65.5) but was pulled with this context only once in trial 3 (reward 58) and trial 4 (reward 52) had button 1. Wait, trial 3 context was (-1, 1, 1) -> Button 1 (58). The current context (-1, 1, -1) was used for Button 1 at trials 4, 8, 12, 18, 20, 22, 32. The average is indeed 46.86 for Button 1 in this specific state. Given Button 2's high overall average, I should check if Button 2 was played with this context. No, Button 2 was not played with (-1, 1, -1). Button 1 is the known best option for this context based on direct pulls. I will exploit Button 1.",51,B,D,C,A
10,LLM_Gemini_3_Flash,35,1,1,-1,3,A,0,exploit,0,"The current context is (M=1, K=1, N=-1). This context has been tested 8 times, exclusively on buttons 0 and 3. Button 3 yielded high rewards (43, 41, 51, 54, 53, 86, 84, 79 - avg ~61.5), while button 0 yielded one high reward (81) and one medium reward (21, 24). Given the consistency of high rewards from Button 3 when this context was previously sampled, and the fact that Buttons 1 and 2 have not been tested in this specific context, Button 3 is currently the most promising option based on accumulated evidence. Exploitation is favored here due to the strong, consistent signal from button 3 under this context.",51,B,D,C,A
10,LLM_Gemini_3_Flash,36,-1,1,1,2,C,1,exploit,0,"The current context is M=-1, K=1, N=1. Button 2 shows very high rewards (average ~75.7) across various contexts, particularly when K=1 and N=1 (Trial 3: 58, Trial 17: 80, Trial 23: 83, Trial 24: 80, Trial 33: 85). Button 0 and 1 seem to perform poorly in this specific context configuration based on prior limited observations for these buttons. Button 2 is the most promising based on observed data for similar contexts.",81,B,D,C,A
10,LLM_Gemini_3_Flash,37,-1,1,1,2,C,1,exploit,0,"The current context is M=-1, K=1, N=1. Button 2 has yielded the highest average reward (75.50) across 8 trials, with high rewards (81, 85, 81) observed in this specific context in trials 36, 33, and 24 (though trial 24 had M=-1, K=-1, N=1). However, comparing the average rewards for the specific context (M=-1, K=1, N=1) across trials where it occurred:
- Trial 3: Button 1 (Reward 58)
- Trial 36: Button 2 (Reward 81)

Button 2 seems strongly associated with high rewards when N=1 (Trials 6, 17, 23, 24, 33, 36) and Button 1 when K=1, N=-1 (Trials 4, 8, 12, 18, 20, 22, 32, 34). Given the single data point for the exact current context is 81 (Button 2), and Button 2 generally shows high rewards, I will exploit Button 2 as the current best bet, despite limited data for this exact state.",85,B,D,C,A
10,LLM_Gemini_3_Flash,38,1,-1,-1,3,A,1,exploit,0,"The current context is (Mercury: 1, Krypton: -1, Nobelium: -1). Button 3 has been heavily played in this context (Trials 7, 10, 13, 21, 29, 31) yielding high average rewards (88, 79, 83, 81, 84, 86), with an average around 83. Button 0 was only played once in a different context (Trial 25: (1, 1, -1) -> 81). Button 1 and 2 have not been tested in this specific context. Given the consistency of high rewards from Button 3 when context matches (1, -1, -1), exploiting this known good outcome is the best strategy for this trial.",81,B,D,C,A
10,LLM_Gemini_3_Flash,39,1,-1,-1,3,A,1,exploit,0,"Button 3 has been played 12 times, primarily under the context (M=1, K=-1, N=-1) where it yielded high average rewards (88, 83, 81, 84, 86, 81, average approx 83.5). The current context is exactly (M=1, K=-1, N=-1). Buttons 0, 1, and 2 have shown less consistent high performance across all contexts seen, or have not been tested in this exact high-reward context for Button 3. Therefore, exploiting the known good performance of Button 3 for the current context is the best strategy.",77,B,D,C,A
10,LLM_Gemini_3_Flash,40,1,1,-1,3,A,0,exploit,0,"The current context is (M=1, K=1, N=-1). Button 3 has been strongly associated with high rewards (average ~71.8) when Mercury=1 and Krypton=1, regardless of Nobelium, showing a general trend of high returns in this specific context combination. Buttons 0, 1, and 2 show highly variable or lower rewards in contexts related to this one. Specifically, for context (1, 1, -1), Button 3 has been chosen 4 times with rewards (43, 41, 54, 53), averaging 47.25. However, when looking at related contexts for Button 3: (1, -1, -1) yielded high rewards (88, 79, 83, 81, 86, 81, 77), averaging 81.5. Button 0 was only played once in context (1, 1, -1) yielding 81. Given the strong historical performance of Button 3 when Mercury=1 and Krypton=1, and the lack of strong negative signals for Button 3 in this quadrant, exploiting Button 3 seems most promising, especially since Button 0 has limited data.",39,B,D,C,A
10,LLM_Gemini_3_Flash,41,1,-1,-1,3,A,1,exploit,0,"Analyzing the history, Button 3 seems highly associated with high rewards (averaging around 68 across 14 pulls), especially when Mercury=1 and Nobelium=-1 (Avg ~82). The current context is (M=1, K=-1, N=-1). Button 3 has been pulled 14 times, and the average reward suggests it's the strongest contender or maps to the best planet under these conditions. Buttons 0, 1, and 2 show lower overall averages or less consistent high performance under tested contexts. I will exploit Button 3 as it has consistently yielded high returns in similar or related contexts, especially the (1, -1, -1) context where it was pulled 5 times with rewards {88, 83, 81, 84, 86} (Avg ~83.4).",71,B,D,C,A
10,LLM_Gemini_3_Flash,42,-1,1,1,2,C,1,exploit,0,"The current context is M=-1, K=1, N=1. Button 2 has shown consistently high average rewards (Avg(2, T37): 85, Avg(2, T36): 81, Avg(2, T33): 85, Avg(2, T24): 80, Avg(2, T23): 83, Avg(2, T17): 80, Avg(2, T6): 85, Avg(2, T5): 64, Avg(2, T19): 48, Avg(2, T15): 55, Avg(2, T11): 38) for this context type, although Button 0 also has some high rewards observed under this context type (e.g., T37: 85, T36: 81). Given the high frequency of high rewards for button 2 when M=-1, K=1, N=1 (Button 2 was played 4 times with context M=-1, K=1, N=1, yielding {81, 85, 80, 85}), it is highly likely that Button 2 corresponds to a planet that rewards this signal configuration highly. I will exploit this learned pattern.",83,B,D,C,A
10,LLM_Gemini_3_Flash,43,-1,-1,1,2,C,1,exploit,0,"The current context is M=-1, K=-1, N=1. Button 2 has shown very high average rewards (85, 80, 38, 55, 80, 85, 81, 83) specifically when receiving this context or contexts very close to it (e.g., M=-1, K=1, N=1 which yielded 81, 85). Across all its pulls (Avg approx 66.8), it is the highest performing arm. Given the history, Button 2 seems strongly associated with Planet A or B which rewards highly in this state. I will exploit this high historical performance.",84,B,D,C,A
10,LLM_Gemini_3_Flash,44,1,-1,1,2,C,0,exploit,0,"Analyzing past rewards for the current context (Mercury=1, Krypton=-1, Nobelium=1):
Button 2 was chosen 5 times with rewards: [64, 38, 55, 48, 38]. Average: 50.6. 
Button 0 was chosen 0 times with this context.
Button 1 was chosen 0 times with this context.
Button 3 was chosen 0 times with this context.

Button 2 has been associated with high variance in this specific context, but it's the only one tested here. 

Let's look at aggregate averages:
Button 0: Avg=46.0 (2 pulls)
Button 1: Avg=49.4 (5 pulls)
Button 2: Avg=72.8 (11 pulls)
Button 3: Avg=61.5 (16 pulls)

Button 2 has the highest overall average reward (72.8). Given the current context (1, -1, 1) has resulted in relatively high rewards for Button 2 historically (average 50.6 across 5 pulls), and Button 2 has the highest overall performance, I choose to exploit by selecting Button 2 again.",48,B,D,C,A
10,LLM_Gemini_3_Flash,45,1,-1,-1,3,A,1,exploit,0,"The current context is [Mercury: 1, Krypton: -1, Nobelium: -1]. Button 3 has been played 13 times, achieving an average reward of 66.15, which is the highest average among all buttons. The most frequent contexts for Button 3 suggest high rewards (average around 80) when Mercury=1 and Krypton=-1. Given the current context matches the high-reward context seen several times for Button 3, exploiting this choice is optimal.",78,B,D,C,A
10,LLM_Gemini_3_Flash,46,1,-1,1,2,C,0,exploit,0,"Analyzing the data: Button 2 has yielded very high rewards (64, 38, 55, 80, 83, 85, 81, 83, 48) compared to other buttons under various contexts. Specifically, Button 2 seems to perform well when at least one context signal is 1, and often when Mercury=1, Krypton=-1, Nobelium=1 (Rewards: 64, 38, 55, 48). The current context is (1, -1, 1). Button 2 has the highest average reward across all trials where it was played (Avg B2: ~67.3). Button 3 shows high variance but often yields high rewards too (Avg B3: ~61.5) for context (1, -1, -1). Given the current context (1, -1, 1), Button 2 is the most consistently high-reward arm observed for similar or identical contexts. I will exploit this finding.",52,B,D,C,A
10,LLM_Gemini_3_Flash,47,1,1,-1,0,B,1,exploit,0,"The current context is (Mercury=1, Krypton=1, Nobelium=-1). Button 0 has only been pulled twice in this specific context (Trials 25, 47 - Trial 47 is not in history, let's re-evaluate based on the provided history):

Context (M=1, K=1, N=-1):
- Button 0 was pulled in Trial 25, reward = 81.
- Button 3 was pulled 6 times: Rewards (43, 41, 51, 54, 53, 39). Average: 46.17
- Button 2 was pulled 3 times: Rewards (15, 48, 52). Average: 38.33

Let's analyze the observed reward patterns assuming 4 distinct underlying reward functions (A, B, C, D) mapped to buttons (0, 1, 2, 3).

Contexts Pulled:
(-1, -1, 1): Btn 0 (21, 24), Btn 2 (80, 83, 84, 85). High rewards for Btn 2.
(-1, 1, 1): Btn 1 (58), Btn 2 (81, 85).
(-1, 1, -1): Btn 1 (52, 50, 42, 55, 50, 37, 51). Very consistent high rewards around 50 for Btn 1.
(1, -1, 1): Btn 2 (64, 38, 55, 48, 52), Btn 3 (88). Btn 3 seems high here.
(1, -1, -1): Btn 3 (88, 79, 83, 81, 86, 81, 77, 71, 78). Button 3 is extremely high (Avg ~80) when M=1, K=-1, N=-1. This is NOT the current context.
(1, 1, -1): Btn 0 (81), Btn 2 (15), Btn 3 (45, 54, 53, 39). 

Current Context: (M=1, K=1, N=-1)
- Button 0: Reward 81 (1 pull).
- Button 1: Never pulled.
- Button 2: Reward 15 (1 pull).
- Button 3: Rewards (45, 54, 53, 39). Average = 47.75 (4 pulls).

Button 0 yielded 81 in this context once. Button 3 yielded an average of 47.75. Button 2 yielded 15. Button 1 is unknown.

Given the significant lead for Button 0 (81 vs max ~55 for others on varied pulls, or ~48 avg for B3), I will exploit Button 0, as it shows the highest observed reward for this exact context state (M=1, K=1, N=-1).",89,B,D,C,A
10,LLM_Gemini_3_Flash,48,-1,1,-1,1,D,0,exploit,0,"Button 1 has been played 8 times, all under the context (M=-1, K=1, N=-1), yielding rewards [58, 52, 50, 42, 55, 50, 37, 51]. The average reward for this specific context on Button 1 is approximately 49.38. This context (-1, 1, -1) is the current context. Button 0 has only 2 plays, Button 2 has 14 plays, and Button 3 has 21 plays. Button 1 seems to be the best performing arm for the current context (-1, 1, -1) based on observed data, even though the absolute best button overall might be a different one under different contexts. Since the current context has been heavily sampled on Button 1, I choose to exploit this knowledge.",50,B,D,C,A
10,LLM_Gemini_3_Flash,49,1,1,-1,3,A,0,exploit,0,"Button 3 consistently yields high rewards (average ~77.5) when Mercury=1, Krypton=-1 (Context: [1, -1, -1] or [1, -1, 1]). In the current context [1, 1, -1], Button 3 has historically yielded rewards from 39 to 54 (Avg: 48.75 over 6 trials). Button 2 has yielded very high rewards when M=-1 (Avg ~82.6) and very low/high rewards when M=1. Given the strong history of Button 3 being profitable, especially when M=1, I choose to exploit Button 3, as it's one of the top performers overall, despite the current context [1, 1, -1] being less explored for Button 3 than Button 1 (which seems poor for M=-1, K=1, N=-1, Avg ~47.6). Button 3 is the most reliable high-reward arm based on overall performance despite the specific context being slightly ambiguous across trials.",51,B,D,C,A
10,LLM_Gemini_3_Flash,50,1,-1,1,2,C,0,exploit,0,"The current context is (Mercury=1, Krypton=-1, Nobelium=1). Button 2 has the highest average reward (57.6) when pulled across all contexts. Specifically, it has shown relatively high rewards (64, 38, 55, 48, 52) in this context (Trials 5, 11, 15, 19, 44, 46) and also high rewards in other contexts where it was pulled. Given the variance in observed rewards for other buttons and the relatively high historical average for Button 2, I choose to exploit Button 2.",47,B,D,C,A
11,LLM_Gemini_3_Flash,1,-1,-1,1,0,C,1,explore,1,"Since there is no previous history, I have no information about the reward functions or the button-to-planet mapping. I will choose Button 0 to start gathering data across all arms, making this an exploratory move.",78,C,B,A,D
11,LLM_Gemini_3_Flash,2,1,-1,1,1,B,0,explore,1,"Only one trial has been observed, providing very little information. The current context is (1, -1, 1). I need more data before settling on exploitation. I will choose button 1 to gather initial data points across different contexts for unexplored arms, or to test a potentially high-reward arm identified in the single previous trial (if the first trial was good). Since I have no baseline yet, pure exploration (trying an arm not yet played) is the safest strategy.",30,C,B,A,D
11,LLM_Gemini_3_Flash,3,-1,1,1,0,C,1,explore,1,"Only two trials have occurred, providing very limited data to confidently map buttons to planets or establish reward functions. The current context is (-1, 1, 1). Button 0 gave a high reward (78) in context (-1, -1, 1) and Button 1 gave a low reward (30) in context (1, -1, 1). Since we have no data on Buttons 2 and 3, or for Button 0/1 in the current context, I will choose Button 0 again to quickly gather more data on this potentially high-reward arm, classifying this as exploration given the overall sparse data, or choose a button that has not been pulled, but pulling 0 again seems prudent based on the high initial reward.",74,C,B,A,D
11,LLM_Gemini_3_Flash,4,1,1,-1,2,A,0,explore,1,"Only buttons 0 and 1 have been pulled. To maximize long-term reward, I must gather information on buttons 2 and 3. Given the current context (1, 1, -1), I choose to explore button 2 as a neutral exploration step.",45,C,B,A,D
11,LLM_Gemini_3_Flash,5,1,-1,1,1,B,0,exploit,0,"The current context is M=1, K=-1, N=1. Button 1 was chosen in Trial 2 under the exact same context and yielded a reward of 30. Since this is the only data point for this specific context, I choose to exploit this prior result, assuming Button 1 corresponds to the most rewarding planet for this signal configuration based on the limited history.",22,C,B,A,D
11,LLM_Gemini_3_Flash,6,1,-1,1,1,B,0,exploit,0,"Button 1 has only been pulled twice (Trials 2 and 5) under the current context (M=1, K=-1, N=1). The average reward is (30 + 22) / 2 = 26. Since no other button has been tried under this specific context, and Button 1 showed a moderate reward previously, I will exploit this known, albeit small, history. More exploration is needed overall, but exploiting the only known data point for this context is the best short-term strategy for this specific moment.",23,C,B,A,D
11,LLM_Gemini_3_Flash,7,-1,-1,1,0,C,1,exploit,0,"Button 0 has consistently yielded high rewards (78, 74) in the context where Mercury=-1, Krypton=-1, Nobelium=1. Since the current context matches this historical context exactly, exploiting Button 0 is the best strategy despite the limited data points.",81,C,B,A,D
11,LLM_Gemini_3_Flash,8,-1,1,1,0,C,1,exploit,0,"Button 0 has been pulled 3 times (Trials 1, 3, 7) under the context (M=-1, K=-1, N=1) and (M=-1, K=1, N=1). The rewards for Button 0 were 78, 74, 81. The current context is (M=-1, K=1, N=1). Since Trial 3 had the exact same context as the current one and yielded a reward of 74, and the previous rewards for Button 0 were consistently high (avg ~77.7), I will choose Button 0, assuming it corresponds to a planet whose reward is high under this specific context. Buttons 1 and 2 have shown lower/more volatile rewards so far, and Button 3 has not been tested.",81,C,B,A,D
11,LLM_Gemini_3_Flash,9,1,-1,-1,3,D,0,explore,1,"Button 3 has never been chosen (no history). Given the current context (M=1, K=-1, N=-1), I need to explore Button 3 to gather data, as I currently have no information about its potential reward relative to the others. Buttons 0 and 1 seem high reward under some contexts, and Button 2 has one data point.",56,C,B,A,D
11,LLM_Gemini_3_Flash,10,1,1,-1,0,C,0,error,0,Error: 'NoneType' object has no attribute 'arm_choice',21,C,B,A,D
11,LLM_Gemini_3_Flash,11,-1,1,-1,0,C,0,exploit,0,"Button 0 has yielded high rewards (78, 74, 81, 81) across contexts where Mercury=-1, especially when Nobelium=1. In the current context (Mercury=-1, Krypton=1, Nobelium=-1), Button 0 is the only one tested with Mercury=-1 and Nobelium=-1 (Trial 10 result 21, but that was Button 0 with Krypton=1, Nobelium=-1). Button 0 seems highly reactive to Mercury=-1. Given the strong past performance when Mercury=-1 (average ~78), choosing Button 0 is the best current estimate, even though the exact context for Button 0 (-1, 1, -1) hasn't been seen before. Button 3 was tested once in a similar state (-1, -1, -1) getting 56. Button 0 is statistically superior based on observed means.",52,C,B,A,D
11,LLM_Gemini_3_Flash,12,-1,-1,1,0,C,1,exploit,0,"Button 0 has been tested 6 times under contexts where (Mercury, Krypton, Nobelium) is (-1, -1, 1) twice (Avg R=79.5), (-1, 1, 1) once (R=81), (-1, 1, -1) once (R=52), and (1, 1, -1) once (R=21). The current context (-1, -1, 1) has yielded high rewards (78, 81) for Button 0. Given the high average reward for Button 0 under the current context, I choose to exploit this button, assuming it corresponds to a planet rewarding highly under these conditions.",77,C,B,A,D
11,LLM_Gemini_3_Flash,13,1,-1,-1,3,D,0,exploit,0,"Analyzing the history:
Button 0 (Trials 1, 3, 7, 8, 10, 11): Rewards are 78, 74, 81, 81, 21, 52. Average ~65. Seems sensitive, low reward when M=1, K=1, N=-1 (Trial 10: 21) and M=1, K=1, N=1 (Trial 2: 30, though this trial used button 1).
Button 1 (Trials 2, 5, 6): Rewards are 30, 22, 23. Average ~25. Seems consistently low when M=1, K=-1, N=1.
Button 2 (Trial 4): Reward 45 when M=1, K=1, N=-1.
Button 3 (Trial 9): Reward 56 when M=1, K=-1, N=-1.

Observed Context (M=1, K=-1, N=-1):
- Button 3 yielded 56 (Trial 9).
- Button 0 yielded 52 (Trial 11) under a similar context (M=-1, K=1, N=-1).

Given the current context (M=1, K=-1, N=-1), Button 3 is the only arm observed under this exact context, yielding 56. Button 1 seems generally low. Button 0 has high variance. Button 2 has only one data point under a different context. I will exploit the known outcome for this specific context, which is Button 3 = 56. I need more data to definitively map arms to planets, but based only on direct observations, Button 3 is the best choice for this specific context so far.",52,C,B,A,D
11,LLM_Gemini_3_Flash,14,1,-1,1,1,B,0,exploit,0,"Button 1 has only been pulled when context is (M=1, K=-1, N=1), yielding rewards of 30, 22, and 23 (Average ~25). Button 0 has shown high variance (Avg ~70-80 when M=-1, Avg ~21 when M=1, K=1, N=-1). Buttons 2 and 3 have limited data. Given the current context (M=1, K=-1, N=1), Button 1 is the only one tested under this exact condition, and it produced rewards in the 20s. Button 0, which has yielded high rewards (70s-80s) in the past, is associated with the context (M=-1, K=-1, N=1) or (M=-1, K=1, N=1) where it performed well. Since Button 1 has direct experience in the current context, exploiting it seems the best short-term strategy, despite the low observed reward, as it's the only direct evidence for this specific context.",21,C,B,A,D
11,LLM_Gemini_3_Flash,15,1,-1,-1,3,D,0,exploit,0,"Button 0 strongly favors contexts where Mercury=-1 and Nobelium=1 (Avg Reward for {-1,-1,1} is ~79, Avg Reward for {-1,1,1} is ~77.5, Avg Reward for {1,-1,-1} is ~36.5, Avg Reward for {-1,1,-1} is ~52, Avg Reward for {1,1,-1} is ~33). Button 1 strongly disfavors contexts where Nobelium=1 (Avg ~26.5) vs Nobelium=-1. Button 2 only has one sample (45). Button 3 has two samples for context {1,-1,-1} with rewards 56 and 52 (Avg 54). The current context is {1,-1,-1}. Button 3 has the highest observed average reward (54) for this specific context pattern, making it the best exploitation choice based on limited data, as Button 0 is heavily biased towards Mercury=-1.",52,C,B,A,D
11,LLM_Gemini_3_Flash,16,-1,1,-1,0,C,0,exploit,0,"Button 0 has shown consistently high rewards (average ~78.2) across several contexts, especially those involving Mercury=-1. The current context is (M=-1, K=1, N=-1), which is similar to Trial 11 where Button 0 yielded 52. Given the high historical average for Button 0 and the pattern observed, it is the most likely high-reward arm for this context, leaning towards exploitation.",44,C,B,A,D
11,LLM_Gemini_3_Flash,17,-1,1,-1,0,C,0,exploit,0,"Button 0 has been pulled 8 times, resulting in rewards centered around 68-78 when Mercury=-1 and Nobelium=-1, and 21 when Mercury=1 and Nobelium=-1. In the current context (Mercury=-1, Krypton=1, Nobelium=-1), Button 0 yielded 52 in trial 11. Buttons 1, 2, and 3 have lower or less consistent high averages. Given Button 0's historical performance under similar contexts (especially Trial 11), it is the strongest candidate to exploit for the current context.",52,C,B,A,D
11,LLM_Gemini_3_Flash,18,-1,1,1,0,C,1,exploit,0,"Button 0 has been played 10 times under the current context (Mercury=-1, Krypton=1, Nobelium=1) in trials 3 and 8, and 8 times under similar contexts (e.g., T1, T11, T12, T16, T17). The average reward for Button 0 when M=-1, K=1, N=1 is (74+81)/2 = 77.5. Since this context exactly matches the two highest-reward observations for button 0, and other buttons have fewer or lower-reward observations, exploiting Button 0 is the best strategy for this specific context based on accumulated data.",76,C,B,A,D
11,LLM_Gemini_3_Flash,19,1,-1,1,1,B,0,exploit,0,"Button 1 has only been pulled when Context is (1, -1, 1). Rewards were 30, 22, 23, averaging approximately 25. This context (1, -1, 1) is the current context. Button 0 shows high rewards (avg ~78) primarily when Mercury=-1, Krypton=-1, Nobelium=1. Button 3 seems to have moderate rewards when Mercury=1, Nobelium=-1. Button 2 has only one pull (45) with context (1, 1, -1). Given the current context (1, -1, 1) has only been tested on Button 1, exploiting the average reward of Button 1 (25) seems safer than exploring other buttons where the reward function is unknown for this specific context, especially since Button 0 shows very different behavior under different contexts. However, since Button 1 has been played multiple times under this *exact* context, I will exploit the observed average, despite the low value, until I get more data on other arms under this context or confirm Button 1 is reliable here.",17,C,B,A,D
11,LLM_Gemini_3_Flash,20,1,-1,1,2,A,1,exploit,0,"Button 0 consistently yields high rewards (74-81) when Mercury=-1 and Nobelium=1, suggesting it maps to a high-value planet for this context configuration. For the current context (Mercury=1, Krypton=-1, Nobelium=1), Button 1 has yielded low rewards (17, 21, 22, 23) in similar contexts, and Button 3 is mostly unexplored in this specific context. Button 2 has only been pulled once (trial 4, reward 45) under context (1, 1, -1). Given the strong pattern for Button 0, and the poor performance of Button 1 in related contexts, I will stick with the best performing option seen so far in the current context, which is Button 1 (average 23.75 for this context), but since Button 0 is consistently high when M=-1, N=1, and the current context is M=1, N=1, I will default to exploring Button 2 or 3 if Button 1's average is not the highest. However, re-examining the data for the current context (M=1, K=-1, N=1): Button 1 has been pulled 4 times with rewards {30, 22, 21, 17}, Avg=22.5. Button 2 and 3 have not been pulled in this exact context. Button 0 performs best when M=-1, N=1 (Avg ~78). Given the high variance and low average for Button 1 in this context, and the lack of data for Buttons 2 and 3 in this specific context, exploiting the most promising unexplored arm is risky. Let's re-evaluate Button 0's performance when M=1, N=1: Trial 2 (30), Trial 5 (22), Trial 6 (23), Trial 14 (21). All these pulls were Button 1, not Button 0. Button 0's high rewards are clearly tied to Mercury=-1 and Nobelium=1. Since the current context is M=1, Button 0 is unlikely to be optimal. Button 1 has the most data for this context (Avg 22.5). Button 2 was pulled once for (1, 1, -1) = 45. Button 3 was pulled for (1, -1, -1) avg 54. Based on limited data, Button 2 or 3 might be better than Button 1, but without more data for this specific context, I'll stick to exploring the least pulled arm that hasn't shown guaranteed low returns, which is Button 2, as Button 1 seems consistently low for this context configuration.",90,C,B,A,D
11,LLM_Gemini_3_Flash,21,1,-1,1,2,A,1,exploit,0,"Button 1 has consistently yielded low rewards (avg ~23.8) when Mercury=1, Krypton=-1, Nobelium=1 (Context C2). Button 0 shows high variance but high average (avg ~77.6) primarily when Mercury=-1. Button 3 shows moderate rewards (avg ~53.7) when Mercury=1, Nobelium=-1. Button 2 has only been pulled once (Trial 4) with context (1, 1, -1) resulting in reward 45. The current context is (1, -1, 1) (Context C2). Button 1 was pulled 5 times in C2 with average reward 22.6. Button 2 pulled once in context (1, 1, -1) gave 45. Re-examining Button 0, it performs very well when Mercury=-1 (avg ~77.5). Given the current context (1, -1, 1), Button 1 looks like a very poor choice based on past performance (Avg 22.6). Button 2's single pull in a different context yielded 45. There is a strong indication that Button 0 corresponds to a planet highly rewarded when Mercury=-1. Since the current context has Mercury=1, Button 0 is likely suboptimal now. Button 2 hasn't been thoroughly explored in this specific context (1, -1, 1). However, comparing the known information: Button 1 is bad in C2 (Avg 22.6). Button 2's only pull in a different context was 45. I will choose Button 2 to gain more information about it, as Button 1 is performing terribly in this context configuration, and Button 0 seems sensitive to Mercury=-1. Exploration is prioritized for Button 2.",79,C,B,A,D
11,LLM_Gemini_3_Flash,22,1,-1,-1,2,A,1,exploit,0,"Button 2 has only been pulled twice, once in context (1, 1, -1) yielding 45, and once in context (1, -1, 1) yielding 79 and 90. The average reward for Button 2 across these two unique contexts is (45 + 84.5)/2 = 64.75. However, the context (1, -1, 1) yielded high rewards (79, 90) for Button 2. The current context is (1, -1, -1). Button 3 has been pulled three times in context (1, -1, -1) with rewards (56, 52, 52), averaging 53.33. Given the high variance/reward seen for Button 2 when Nobelium=1, and the relative consistency of Button 3 in the current signal configuration, I will choose Button 2 as it showed potential for high reward in a similar (M=1, K=-1) environment, aiming to exploit that potential since the current context (1, -1, -1) has not been fully tested by Button 2 yet, but Button 3 seems consistently average for this context.",86,C,B,A,D
11,LLM_Gemini_3_Flash,23,1,-1,-1,2,A,1,exploit,0,"Button 2 has shown high rewards (45, 90, 79, 86) across various contexts, especially in the most recent pulls. For the current context (M=1, K=-1, N=-1), Button 2 yielded 86 in trial 22. Button 3 has only been pulled three times with moderate rewards (56, 52, 52) and Button 1 has shown low rewards (30, 22, 23, 21, 17). Button 0 seems highly variable but leans towards mid-to-high rewards (avg ~68) but not as high as Button 2's peak. Exploiting Button 2 based on its recent high performance under similar conditions seems optimal.",74,C,B,A,D
11,LLM_Gemini_3_Flash,24,1,-1,1,2,A,1,exploit,0,"Button 2 has shown high rewards when Mercury=1 and Nobelium=1 (Trials 20, 21) or when Mercury=1 and Nobelium=-1 (Trials 4, 22, 23). The current context is (M=1, K=-1, N=1), which matches two high reward observations for Button 2 (90 and 79). Button 1 only yielded low rewards (22, 23, 17) in similar contexts (M=1, K=-1, N=1). Button 2 seems to be the best option for the current context based on observed data.",81,C,B,A,D
11,LLM_Gemini_3_Flash,25,-1,-1,1,0,C,1,exploit,0,"Button 0 has been played 10 times under the current context (Mercury=-1, Krypton=-1, Nobelium=1) and yielded rewards: 78, 74, 81, 77, 52, 44, 52, 76. The average reward is approximately 65.14. Button 2 was played once under a similar context (M=1, K=-1, N=1) with reward 90, but its context is different from the current one. Button 1 has low average rewards (22-30 range) when M=1, K=-1, N=1. Button 3 has not been tested in this exact context. Given the consistent high rewards for Button 0 under this specific context, exploiting Button 0 is the current best strategy.",74,C,B,A,D
11,LLM_Gemini_3_Flash,26,-1,1,1,0,C,1,exploit,0,"Button 0 has been pulled 11 times, consistently yielding high rewards (average ~71.5) under contexts where Mercury=-1 and Nobelium=1, or Mercury=-1 and Nobelium=-1. The current context is (Mercury=-1, Krypton=1, Nobelium=1). Button 0 has been pulled 4 times in this exact context, yielding rewards of 74, 81, 76, 74 (Average 76.5). Buttons 1, 2, and 3 have shown lower overall performance or are tied to different context profiles. Exploiting the highly consistent high performance of Button 0 for this specific context is the best strategy.",82,C,B,A,D
11,LLM_Gemini_3_Flash,27,-1,1,1,0,C,1,exploit,0,"The current context is M=-1, K=1, N=1. Button 0 has been chosen 9 times under this specific context (or very similar contexts), yielding rewards highly clustered around 74-82 (Average: 77.5). Buttons 1, 2, and 3 have either not been tested under this exact context or have shown lower average rewards across tested contexts, especially Button 1. Exploiting the consistently high-reward history of Button 0 for this specific context is the best strategy.",76,C,B,A,D
11,LLM_Gemini_3_Flash,28,-1,-1,1,0,C,1,exploit,0,"Button 0 has been played 13 times, resulting in high average rewards (Avg: 75.69) primarily under the context (-1, -1, 1) where it averaged 78.4, and other contexts where rewards were also high (e.g., Avg: 79.75 for (-1, 1, 1)). The current context is (-1, -1, 1), which strongly favors Button 0 based on past performance. Buttons 1 and 3 have low average rewards (1, 3) or have not been tested under this specific context. Button 2 has shown variable results. Exploiting Button 0 seems best given the history for this specific context.",76,C,B,A,D
11,LLM_Gemini_3_Flash,29,-1,-1,1,0,C,1,exploit,0,"Button 0 has been highly explored (16 trials) and consistently yields high rewards (Avg ~75.9) when the context is M=-1, K=-1, N=1 (4 trials, Avg ~78.5). For the current context (M=-1, K=-1, N=1), Button 0 is the strongest choice based on historical data. Button 1 seems to have low rewards (Avg ~22.7) for M=1, K=-1, N=1. Buttons 2 and 3 have fewer relevant observations for this specific context, but Button 0's history suggests it is the best current option.",82,C,B,A,D
11,LLM_Gemini_3_Flash,30,-1,1,1,0,C,1,exploit,0,"Button 0 has been strongly associated with high rewards (average ~78.5) primarily when the context is (-1, -1, 1) or (-1, 1, 1). The current context is (-1, 1, 1), where Button 0 yielded 74, 81, 82, 76, 81, 76, 82. The remaining contexts for Button 0 have been lower (e.g., 52, 44) for (-1, 1, -1). Button 1 shows low rewards (17-30). Button 3 shows moderate rewards (52-56). Button 2 shows highly variable rewards (45, 86, 74, 79, 81), with the current context (-1, 1, 1) never having been tested on Button 2. Given the consistent high performance of Button 0 for the specific context feature set (-1, *, 1) and the current context being (-1, 1, 1), Button 0 is the most probable optimal choice for this specific state, making this an exploitation move.",75,C,B,A,D
11,LLM_Gemini_3_Flash,31,-1,1,-1,0,C,0,exploit,0,"Button 0 has been played 17 times, primarily under contexts where Mercury=-1 and Nobelium=1 or -1, and Krypton is mixed. The average reward for Button 0 is ~68.76. Button 2 seems to perform very well when Mercury=1 and Nobelium=-1 (average ~80.33 over 5 trials), but the current context is Mercury=-1, Krypton=1, Nobelium=-1. Button 0 has provided consistently high rewards in contexts similar to the current one (Mercury=-1, Krypton=1, Nobelium=-1): Trials 3 (74), 8 (81), 17 (52), 18 (76), 26 (82), 27 (76), 30 (75). The average for Button 0 when Krypton=1 and Nobelium=-1 is (52+75)/2 = 63.5. The average when Krypton=1 and Nobelium=1 is (74+81+76+82+76+75)/6 = 77.16. Button 0 has the most data and seems robustly high for contexts starting with Mercury=-1. Given the high density of data for Button 0 and its reasonable performance for contexts close to the current one (especially when Mercury=-1), exploiting Button 0 seems best for this trial, pending more data on other buttons under this exact context.",50,C,B,A,D
11,LLM_Gemini_3_Flash,32,-1,-1,1,0,C,1,exploit,0,"Button 0 has been heavily sampled (21 times) primarily under the context C1 = {M=-1, K=-1, N=1} (8 times, avg reward ~78.5) and C2 = {M=-1, K=1, N=1} (7 times, avg reward ~79.1), and other contexts. The current context {M=-1, K=-1, N=1} has shown very high rewards for Button 0 (Avg: 78.5). Button 1 seems to yield low rewards when M=1, K=-1, N=1 (Avg: 23.6). Button 3 has only been tested on contexts where M=1 and yielded moderate rewards (Avg: 53.7). Button 2 has shown high rewards when M=1, K=-1, N=-1 (Avg: 80.3) and M=1, K=-1, N=1 (Avg: 84.5). Since the current context {M=-1, K=-1, N=1} strongly favors Button 0 based on past data (high consistency and high average reward), I choose to exploit Button 0.",68,C,B,A,D
11,LLM_Gemini_3_Flash,33,1,1,-1,2,A,0,exploit,0,"Button 2 has only been pulled 5 times, but all pulls occurred when Mercury=1 and Nobelium=-1 (Trials 4, 20, 21, 22, 23). The rewards were {45, 90, 79, 86, 74}. The average reward is high (73.6). The current context is {Mercury: 1, Krypton: 1, Nobelium: -1}. This context is slightly different from the 4 times it was pulled (Krypton was -1 previously, now it is 1). However, Button 2 seems highly rewarded when Mercury=1 and Nobelium=-1. Button 0 has yielded variable rewards across contexts, often lower (Avg ~68). Buttons 1 and 3 have very little data or yielded low rewards in tested contexts. Given the high average reward for Button 2 in similar contexts (Mercury=1, Nobelium=-1), and the need to capitalize on potential high returns, I choose Button 2, assuming the effect of Krypton=1 versus Krypton=-1 might not drastically reduce the reward from the previous high levels observed.",63,C,B,A,D
11,LLM_Gemini_3_Flash,34,1,-1,-1,2,A,1,exploit,0,"Button 2 has shown high rewards (90, 79, 86, 74, 63) primarily when Mercury=1 and Nobelium=-1 or 1. The current context is (M=1, K=-1, N=-1), which matches a pattern that yielded rewards of 86 and 74 for button 2. Button 0 has high rewards (around 74-82) when N=1, but Button 2 seems better fit for the current context where K=-1 and N=-1, while Button 3 has only been tested once and Button 1 has shown very low rewards (30, 22, 23, 21, 17). I choose button 2 based on previous high performance in similar contexts.",76,C,B,A,D
11,LLM_Gemini_3_Flash,35,1,1,-1,2,A,0,exploit,0,"Button 2 has provided the highest rewards (avg ~76.0 for 8 pulls) across various contexts, particularly performing well when Mercury=1 and Nobelium=-1 (avg ~71.3). The current context (Mercury=1, Krypton=1, Nobelium=-1) is a known high-reward context for Button 2 (Trial 4: 45, Trial 33: 63), although the previous reward of 45 was low compared to the average of 76.0 for this button. Given the high overall average and the exploration of other arms not yielding consistently high returns, Button 2 remains the most promising option to exploit. Button 0 is heavily explored but has a lower overall average (~70.5 for 21 pulls). Button 1 and 3 have been under-explored (3 and 3 pulls respectively). I will exploit Button 2 for now, as its average reward is competitive and it has been pulled more often.",56,C,B,A,D
11,LLM_Gemini_3_Flash,36,-1,-1,1,0,C,1,exploit,0,"Button 0 has been heavily played (21 times) primarily under the context (-1, -1, 1) (8 times, avg reward ~77.8) and (-1, 1, 1) (7 times, avg reward ~78.6), suggesting it maps to a planet that performs very well when Nobelium is 1. The current context is (-1, -1, 1), which aligns perfectly with Button 0's highest observed reward profile. Since Button 0 has a strong, consistent, and high average reward under this context, exploitation is warranted.",78,C,B,A,D
11,LLM_Gemini_3_Flash,37,-1,1,1,0,C,1,exploit,0,"Button 0 has been heavily played (22 times) primarily under the context [-1, 1, 1] (11 times, avg ~78.2) and [-1, -1, 1] (9 times, avg ~77.4). The current context is [-1, 1, 1]. Button 0 consistently yields high rewards (~75-82) in this specific context, suggesting it maps to a planet with a high baseline or strong positive response to Krypton=1 and Nobelium=1 when Mercury=-1. Given the consistency of high rewards for Button 0 in the current context, exploiting this option is the best strategy at trial 37.",77,C,B,A,D
11,LLM_Gemini_3_Flash,38,1,-1,-1,2,A,1,exploit,0,"Button 2 has shown high rewards (avg ~75.5) when Mercury=1 and Nobelium=-1 (Trials 4, 22, 23, 33, 34, 35), despite mixed Krypton values. The current context is (M=1, K=-1, N=-1), which matches a profitable historical pattern for Button 2. Buttons 0 and 1 show lower or more variable rewards for similar or explored contexts. Button 3 has only been sampled twice with moderate rewards. Therefore, exploiting Button 2 seems optimal.",79,C,B,A,D
11,LLM_Gemini_3_Flash,39,-1,1,1,0,C,1,exploit,0,"The current context is (M=-1, K=1, N=1). Button 0 has been played 21 times, mostly in this context or similar ones (M=-1, K=1, N=1 occurred 6 times, M=-1, K=-1, N=1 occurred 7 times). The average reward for Button 0 when K=1, N=1 is high (Avg of T3, T8, T18, T26, T27, T30, T37 is 78.2). Button 1 shows low rewards (avg ~25) when K=-1, N=1. Button 2 shows mixed results, often high when K=-1, N=-1 (avg 80.3) or K=1, N=-1 (avg 56.5). Button 3 has only been played for contexts with N=-1. Given the strong history of high rewards for Button 0 under the current context's features (M=-1, K=1, N=1), I will exploit this by choosing Button 0.",78,C,B,A,D
11,LLM_Gemini_3_Flash,40,1,1,-1,2,A,0,exploit,0,"Button 2 has shown high, relatively consistent rewards (average ~71.4) when played, especially when Mercury=1 and Nobelium=-1 (average ~75.6 over 4 trials). The current context is (Mercury=1, Krypton=1, Nobelium=-1). Given the strong positive signal from Button 2's history when the context matches the current Mercury/Nobelium combination, exploiting Button 2 is the best strategy, despite the Krypton context mismatch (Krypton=1 vs prior K=-1). Buttons 0 and 1 have lower or more inconsistent average returns, and Button 3 has been sampled too little to suggest exploiting it.",47,C,B,A,D
11,LLM_Gemini_3_Flash,41,-1,1,1,0,C,1,exploit,0,"Button 0 has been pulled 25 times, primarily in contexts where Mercury=-1. In the current context (Mercury=-1, Krypton=1, Nobelium=1), Button 0 yielded high rewards (avg ~78.4). Buttons 1 and 3 have low/inconsistent rewards. Button 2 has mixed rewards. Given the strong historical performance of Button 0 under similar conditions, I choose to exploit it.",88,C,B,A,D
11,LLM_Gemini_3_Flash,42,1,1,-1,2,A,0,exploit,0,"Button 2 has shown high and consistent rewards (average ~70) primarily when Mercury=1 and Nobelium=-1 (Trials 4, 22, 23, 33, 34, 35, 38, 40). The current context is (Mercury: 1, Krypton: 1, Nobelium: -1), which matches the high-reward pattern observed for Button 2 very closely, suggesting Button 2 maps to the planet rewarded by this specific configuration.",53,C,B,A,D
11,LLM_Gemini_3_Flash,43,1,-1,-1,3,D,0,exploit,0,"Button 0 heavily favored contexts where M=-1 and N=1 (Avg ~78), but gave low rewards when M=1 or K=1. Button 2 seems to perform well when M=1 and N=-1 (Avg ~66) or when M=1, K=-1, N=1 (Avg ~85). Button 1 has only been tested 4 times, mostly with M=1, N=1, yielding low rewards (Avg ~25). Button 3 has only been tested 3 times with M=1, N=-1, yielding moderate rewards (Avg ~53). The current context is (M=1, K=-1, N=-1). Button 2 has the highest average reward (approx 75.6) for contexts somewhat similar to the current one, particularly the subset where M=1 and N=-1 (Avg ~75.5). Given the high uncertainty across the board, choosing the button that has shown the best performance in similar contexts (Button 2) or Button 3 which has only been tested in the M=1, N=-1 dimension is a choice. Button 2 has 5 trials in contexts where M=1, N=-1 (2 rewards of 86, 74, 79, 63, 56 vs 3 trials for button 3 at avg 53). I will re-evaluate the data for Button 2 in M=1, N=-1 context: Trials 22, 23, 34, 38. Rewards: 86, 74, 76, 79. Average: 78.75. This is the best proven average for the N=-1 signal set. For the current context (M=1, K=-1, N=-1), Button 2 appears superior to Button 3's limited data. Although Button 3 was only pulled for (M=1, K=-1, N=-1) three times with avg 53, Button 2 was pulled for (M=1, K=-1, N=-1) four times with avg 78.75. I will select Button 2 as the exploit choice based on its previous performance in this specific context type.",48,C,B,A,D
11,LLM_Gemini_3_Flash,44,1,-1,-1,3,D,0,exploit,0,"Button 3 has only been pulled 3 times, mostly when Mercury=1, Krypton=-1. The average reward for Button 3 in this specific context (M=1, K=-1, N=-1) across trials 9, 13, 15, 43 is (56+52+52+48)/4 = 52. Given the current context (M=1, K=-1, N=-1) perfectly matches this observed pattern, and the current context is not well-represented by other arms (especially Button 0 which dominates in other contexts), pulling Button 3 seems like the best exploitation move, assuming Button 3 corresponds to a planet that favors this signal pattern, or is generally good here. Given that Button 2 seems to be the highest overall performer (especially in M=1, N=-1 contexts), but Button 3 has only been sampled under the exact current context with decent results (avg 52), I will prioritize exploiting the known, albeit limited, data for the exact current context via Button 3, rather than switching to Button 2 which has not been tested here recently.",53,C,B,A,D
11,LLM_Gemini_3_Flash,45,-1,1,1,0,C,1,exploit,0,"The current context is M=-1, K=1, N=1. Button 0 has been overwhelmingly chosen (32 times) and consistently yields high rewards (average ~77.7, max 88), especially for this context (average ~78.6 across 11 plays in this specific context). Button 1 has low rewards. Buttons 2 and 3 have shown moderate rewards, but Button 0 is the clear leader for this signal combination based on observed history. Given the history, exploiting Button 0 is the best strategy.",75,C,B,A,D
11,LLM_Gemini_3_Flash,46,1,-1,-1,2,A,1,exploit,0,"Button 0 is heavily explored (28 times) with high average rewards when Nobelium=1 (avg ~79) and lower when Nobelium=-1 (avg ~48). Button 2 has shown high rewards (avg ~71) particularly when Mercury=1 and Nobelium=-1 (T22, T23, T34, T38), and moderate when Mercury=1 and Nobelium=1 (T20, T21, T24, avg ~83.5). Button 1 and 3 have been explored less and show lower or inconsistent rewards. The current context is (M=1, K=-1, N=-1). Button 2 yielded 86, 74, 79 for this exact context previously, suggesting it might be the best fit for this specific condition. Exploiting Button 2 based on previous high performance under identical context signals.",81,C,B,A,D
11,LLM_Gemini_3_Flash,47,-1,1,1,0,C,1,exploit,0,"Button 0 has been heavily selected (32 times) and consistently yields high rewards (average ~76.8) primarily when the context is M=-1. For the current context (M=-1, K=1, N=1), Button 0 has been pulled 11 times with an average reward of ~78.7, suggesting it maps to a consistently high-paying planet under these conditions. Buttons 1 and 3 have low observed rewards or too few samples in relevant contexts. Button 2's rewards are more variable. Therefore, exploiting the high probability of a good reward from Button 0 is the best strategy here.",75,C,B,A,D
11,LLM_Gemini_3_Flash,48,-1,1,1,0,C,1,exploit,0,"Button 0 has been played 27 times, exclusively in the context where Mercury=-1, Krypton=1, Nobelium=1 (or contexts that heavily suggest this is the best region for button 0, like T3, T8, T18, T30, T37, T39, T41, T45, T47). The average reward for Button 0 in this specific context (-1, 1, 1) across 12 observations (T3, T8, T18, T26, T27, T30, T37, T39, T41, T45, T47, T29) is approximately 78.58. The current context is exactly (-1, 1, 1). Button 2 has shown high rewards (avg ~74) when Mercury=1, Nobelium=-1 (T22, T23, T34, T38, T46), but Button 0's history in the current context strongly suggests it is the highest yielding option right now, justifying exploitation.",78,C,B,A,D
11,LLM_Gemini_3_Flash,49,1,1,-1,2,A,0,exploit,0,"Button 2 has been heavily tested when Mercury=1 and Nobelium=-1, yielding rewards ranging from 45 to 86, with an average around 67. For the current context (Mercury=1, Krypton=1, Nobelium=-1), Button 2 was chosen 4 times with rewards 63, 56, 47, 53 (Avg: 54.75). Button 0 shows high reward variance based on context, but Button 2 seems to offer a better, though still somewhat variable, average reward in contexts similar to the current one, especially given that Button 2 is the only one tested with M=1, K=1, N=-1 (Button 0 was tested once: R=21 for M=1, K=1, N=-1, which is an outlier compared to its other results). Button 2 appears most promising for this specific context based on previous pulls, favoring exploitation.",45,C,B,A,D
11,LLM_Gemini_3_Flash,50,-1,1,-1,0,C,0,exploit,0,"Button 0 has been played 30 times, primarily under the context (Mercury=-1, Krypton=1, Nobelium=1) where it yielded high rewards (average ~78.0). It has also been played when context was (-1, 1, -1), yielding a lower average (~50.0). The current context is (-1, 1, -1). Based on the history for this specific context, Button 0 has an average reward of 50 (from trials 11, 16, 17, 31). Buttons 1, 2, and 3 have very little history under the current context. Given the strong history for Button 0 under this exact context, exploiting this known, albeit moderate, reward is the best immediate choice, as the learning phase for this specific context is reasonably established for Button 0. There is not enough data for other buttons under this context to suggest exploring them over exploiting the current best observed option.",49,C,B,A,D
12,LLM_Gemini_3_Flash,1,-1,1,1,0,B,0,explore,1,"Since there is no prior history, all arms are equally unknown. I will start by selecting arm 0 to gather initial data under the current context (-1, 1, 1).",56,B,A,D,C
12,LLM_Gemini_3_Flash,2,1,1,-1,1,A,0,explore,1,"Only one data point exists (Button 0 yielded 56). The current context (1, 1, -1) is completely new. Since we have no information about the rewards for Buttons 1, 2, and 3, and Button 0's reward in this specific context is unknown, exploration is necessary. I will choose Button 1 as the next arm to gather initial data points for a different arm under this new context profile.",40,B,A,D,C
12,LLM_Gemini_3_Flash,3,1,-1,-1,0,B,0,explore,1,"With only two data points, the mapping and reward structures are highly uncertain. Button 0 was chosen in trial 1, yielding a reward of 56. Button 1 was chosen in trial 2, yielding 40. Since the context is completely different in the current trial (1, -1, -1) compared to the previous two, I will select Button 0 again to gather more data on its performance in a new context, leaning towards exploration to reduce uncertainty quickly before committing to exploitation.",51,B,A,D,C
12,LLM_Gemini_3_Flash,4,-1,1,1,0,B,0,exploit,0,"Button 0 has been played twice in the current context (Trial 1: 56, Trial 3: 51, though the context was slightly different for Trial 3). Given that Button 0 was played first under the exact current context and yielded a high reward (56), and we have minimal data otherwise, exploiting this early high observation seems best, assuming the underlying reward structure is somewhat stable or that Button 0 is currently optimal based on the limited history.",55,B,A,D,C
12,LLM_Gemini_3_Flash,5,-1,1,-1,2,D,0,explore,1,"Button 2 and 3 have never been chosen. Given the current context (M=-1, K=1, N=-1), I will choose button 2 for exploration to gather initial data points for this arm, as I have little information on the rewards associated with the current context signals for any arm.",55,B,A,D,C
12,LLM_Gemini_3_Flash,6,-1,1,1,0,B,0,exploit,0,"The current context {-1, 1, 1} has been tested twice on button 0, yielding rewards of 56 (Trial 1) and 55 (Trial 4). The average reward is 55.5. Button 1 and 2 have only been pulled once each under different contexts, offering less reliable estimates. Button 3 has never been pulled. Given the consistency on button 0 for this specific context, exploitation is preferred for maximizing immediate reward.",52,B,A,D,C
12,LLM_Gemini_3_Flash,7,-1,1,-1,2,D,0,exploit,0,"Button 2 has only been chosen once (Trial 5) under the current context: M=-1, K=1, N=-1, yielding a reward of 55. Since this is the first time this exact context has been observed for any button, and Button 2 provided a decent reward then, I will exploit this by choosing it again. Button 0 has been explored several times under varying contexts, showing rewards between 51 and 56. Button 1 was only chosen once under a different context. Button 3 has never been chosen. Given the limited data, re-testing the only previously observed high-reward context for Button 2 is the most reasonable exploitation strategy.",52,B,A,D,C
12,LLM_Gemini_3_Flash,8,-1,1,-1,2,D,0,exploit,0,"Button 2 has been played twice with the current context (-1, 1, -1), yielding rewards of 55 and 52 (average 53.5). Button 0 and 1 have shown lower average rewards or fewer plays under the current context. Button 3 has never been played, but the available data strongly favors Button 2 for this specific context. I will exploit this apparent high-yield option.",57,B,A,D,C
12,LLM_Gemini_3_Flash,9,1,-1,1,3,C,0,explore,1,"Buttons 0, 1, and 2 have been pulled multiple times, suggesting they correspond to Planets A, B, and C. Button 3 has never been pulled, indicating it likely corresponds to the fourth, unobserved planet (D). Since the current context (M=1, K=-1, N=1) has not been tested against any known button rewards extensively, and we have no data for Button 3, I choose to explore Button 3 to start gathering data for the final arm. Given the small history and the presence of an unpulled arm, exploration is prioritized over exploiting potentially sub-optimal known arms.",48,B,A,D,C
12,LLM_Gemini_3_Flash,10,-1,1,1,0,B,0,exploit,0,"Button 0 has been heavily sampled (4 times) when the context is (-1, 1, 1), yielding rewards of 56, 51, 55, 52, with an average of 53.5. This context is identical to the current context. Buttons 1, 2, and 3 have less history under this specific context or have shown lower average rewards historically. Specifically, Button 0 seems best for this context based on observed data, warranting exploitation.",44,B,A,D,C
12,LLM_Gemini_3_Flash,11,1,-1,1,3,C,0,exploit,0,"Button 3 has only been pulled once (Trial 9) under context [-1, -1, 1] yielding 48. Button 0 has been pulled 5 times under context [-1, 1, 1] with rewards [56, 55, 52, 44] (Avg: 52.0). Button 2 has been pulled 3 times under context [-1, 1, -1] with rewards [55, 52, 57] (Avg: 54.67). Button 1 has been pulled once yielding 40. The current context is [1, -1, 1]. Button 3 is the only button pulled previously under this exact context, yielding 48. Since there is limited data for this specific context [1, -1, 1], exploiting the only known reward for this context (Button 3) seems the best immediate strategy, although further exploration is warranted later.",42,B,A,D,C
12,LLM_Gemini_3_Flash,12,1,1,-1,1,A,0,exploit,0,"Button 1 has only been pulled once (Trial 2) under context [1, 1, -1], yielding a high reward of 40. This context [1, 1, -1] is the current context. Given that other buttons show variable rewards (Button 0 average ~52, Button 2 average ~54.7, Button 3 average ~45), and Button 1's single data point is favorable for this exact context, I will exploit by choosing Button 1, assuming it might be the best arm for this specific signal configuration. I will test other buttons again soon if the reward is low.",37,B,A,D,C
12,LLM_Gemini_3_Flash,13,1,-1,-1,3,C,0,exploit,0,"Button 0 has been pulled 4 times with contexts mostly centered around (-1, 1, 1) or similar, yielding rewards in the 44-56 range (Avg ~51.75). Button 1 was pulled twice with context (1, 1, -1), yielding rewards 40 and 37 (Avg 38.5). Button 2 has been pulled 3 times with context (-1, 1, -1), yielding high rewards (55, 52, 57, Avg 54.67). Button 3 has been pulled twice with context (1, -1, 1), yielding lower rewards (48, 42, Avg 45). The current context is (1, -1, -1). Since Button 3 had the lowest average reward (45) when pulled under a somewhat similar context (1, -1, 1) compared to Button 2's high average (54.67) under its tested context (-1, 1, -1), and Button 0's average is middling, I will explore Button 3 one more time or attempt to pull a button with a less explored context combination. However, based on the limited data, Button 2 has shown the highest average performance for its tested context. Given the current context (1, -1, -1) has not been tested, it is slightly more exploratory to pull a button that hasn't been pulled much, or stick with the one showing high potential. Let's analyze the contexts tested for each button:
Button 0: (-1, 1, 1) [x3], (1, 1, -1) [x1] -> Avg 51.75
Button 1: (1, 1, -1) [x2] -> Avg 38.5
Button 2: (-1, 1, -1) [x3] -> Avg 54.67
Button 3: (1, -1, 1) [x2] -> Avg 45.0

Contexts tested:
(-1, 1, 1): Used by B0 (x3). Rewards: 56, 55, 52, 44. Avg: 51.75
(1, 1, -1): Used by B1 (x2), B0 (x1). Rewards: 40, 37, (from B1/B0). Avg: (40+37+R_B0_T2)/3.
(1, -1, -1): Used by B0 (T3, R=51). This is the current context.
(-1, 1, -1): Used by B2 (x3). Rewards: 55, 52, 57. Avg: 54.67
(1, -1, 1): Used by B3 (x2). Rewards: 48, 42. Avg: 45.0

The current context is (1, -1, -1). Button 0 was pulled once in this exact context (Trial 3) yielding 51. Button 2 has shown the best performance overall in its known contexts (Avg 54.67). Since we have a data point (R=51) for Button 0 in this exact context, and Button 2 has not been tested in this context, I will choose Button 2 to exploit its apparent high potential, even though Button 0 has a known value here. Button 2 represents the highest observed average reward per pull across all tested contexts (54.67). I will exploit the best performing arm based on average reward for now.",21,B,A,D,C
12,LLM_Gemini_3_Flash,14,1,1,-1,1,A,0,exploit,0,"Button 1 was only chosen once with context (-1, 1, -1) yielding 40. The current context (1, 1, -1) is one of the three contexts where Button 1 has been tested (Trial 2). The average reward for context (1, 1, -1) across all buttons tested so far is: (Button 1: 40 + Button 3: 21) / 2 = 30.5 if we assume the context (1, 1, -1) only maps to 1 and 3. However, looking at the history, Button 1 was only played once (Trial 2) at (1, 1, -1) for 40. Button 3 was played at (1, -1, -1) for 21. Given the limited data, exploiting the known reward for the exact current context (1, 1, -1) which was previously associated with Button 1 (reward 40) seems reasonable, even though we don't know the full mapping or other rewards for Button 1 under the current context. Since Button 1 is the only arm explicitly tied to this exact context so far, I exploit this single data point for (1, 1, -1).",43,B,A,D,C
12,LLM_Gemini_3_Flash,15,-1,1,-1,2,D,0,exploit,0,"The current context is (M:-1, K:1, N:-1). Button 2 has been played 3 times, all in this exact context, yielding rewards [55, 52, 57]. The average reward is 54.67, which is consistently higher than the average rewards seen for other buttons in similar contexts (e.g., Button 0 averages ~52.5, Button 1 averages ~40.0, Button 3 averages ~38.7).

Based on the strong historical performance of Button 2 specifically under the current context conditions, the strategy is to exploit this observed high average reward.",51,B,A,D,C
12,LLM_Gemini_3_Flash,16,1,1,-1,2,D,0,exploit,0,"Button 2 has been chosen 4 times (Trials 5, 7, 8, 15) with context (M=-1, K=1, N=-1) yielding rewards of 55, 52, 57, 51. The average reward is 53.75 for this specific context. For the current context (M=1, K=1, N=-1), Button 1 has only been played once in this context (Trial 2, Reward 40) and Button 3 has not been played in this context. Button 0 has not been played in this exact context. Given the consistent, relatively high returns for Button 2 in a similar context (differing only by Mercury: -1 vs 1), and the relatively low return for Button 1 in this exact context (40), Button 2 seems the most promising based on limited data, although Button 1's single data point suggests a lower payoff in this exact state. However, Button 2 has shown higher overall reliability among the limited observations. Since Button 2 was played in the exact same context in Trial 2 (Button 1 was chosen then, yielding 40), and Button 2 was chosen 3 times in the very similar context (M=-1, K=1, N=-1) with high rewards (avg 53.75), I will choose Button 2 as the best current exploit based on its observed high performance in closely related contexts, while acknowledging the uncertainty around the exact mapping.",47,B,A,D,C
12,LLM_Gemini_3_Flash,17,1,1,-1,1,A,0,exploit,0,"Button 1 has only been played twice, both times with the context (M=1, K=1, N=-1), yielding rewards of 40 and 37 (Average 38.5). Button 2 has strong performance (Avg ~53.5) across contexts where Mercury=-1. Button 0 seems related to the context (M=-1, K=1, N=1) with rewards around 50-55. Button 3 is inconsistent (Avg ~33.7). The current context is (M=1, K=1, N=-1). Button 1 is the only one tested with this exact context, and while its average is low (38.5), it's the direct historical match. Given the limited data, continuing to test Button 1 in this configuration might refine its expected reward before switching to exploration if this result remains poor. However, Button 2 has the highest overall average reward (Avg: 53.8 over 6 trials) and Button 0 is also high (Avg: 52.4 over 5 trials). Since this context (M=1, K=1, N=-1) has only yielded Button 1 (Avg 38.5), I will explore Button 2, which has shown strong performance otherwise, as it might be better than Button 1 in this specific case, or I will stick to the direct history. Given the low reward from Button 1 in this context, and Button 2's strong performance overall, I will choose Button 2 to exploit the general trend of higher rewards seen from Button 2, which might be the best planet overall under different contexts than those tested for Button 2 so far. Re-evaluating: Button 1 is the direct history match for the current context. I'll choose Button 1 to confirm its behavior under this context before making a final decision about its overall quality relative to others, making this choice slightly exploratory despite being the direct match, due to the low reward, but I'll label it exploit as it's the best information I have for this specific context. After reviewing all data, Button 2 seems to be the highest performing arm generally (Avg 53.8). I will switch my exploitation to Button 2, assuming it corresponds to the highest paying planet, as its performance across its tested contexts is better than the direct (low) result for Button 1 in this specific context.",41,B,A,D,C
12,LLM_Gemini_3_Flash,18,1,-1,1,3,C,0,exploit,0,"Button 0 has been played 5 times with context [-1, 1, 1] (Rewards: 56, 55, 52, 44, 50 avg) and has yielded high rewards when Nobelium=-1 (40, 51, 21 at button 3, which suggests button 3 might be Button C or D with a specific response). Buttons 1 and 2 have shown moderate rewards. Button 3 has only been played twice, both times with the current context [1, -1, 1], yielding 48 and 42. Given the current context [1, -1, 1], Button 3 has provided the highest average reward (45.0) across its two trials for this specific context, while Button 0 has a lower average (50.6) across 5 trials, but its last trial with this context was 44. Since Button 3 is the only arm played multiple times with the current context, I will exploit the data suggesting Button 3 might be the best for [1, -1, 1], despite low overall exploration of other arms with this specific context.",46,B,A,D,C
12,LLM_Gemini_3_Flash,19,1,1,-1,1,A,0,exploit,0,"Based on the history, Button 1 has only been pulled in the context [M=1, K=1, N=-1] and yielded rewards of 40, 37, and 43 (Average $\approx 40.0$). The current context is [M=1, K=1, N=-1]. Buttons 0, 2, and 3 have yielded more variable rewards across different contexts. Assuming Button 1 corresponds to a planet whose reward is strongly tied to this specific context, choosing Button 1 offers the most immediate estimated reward for the current situation, although exploration of other arms is still warranted eventually.",50,B,A,D,C
12,LLM_Gemini_3_Flash,20,-1,-1,1,2,D,0,exploit,0,"Button 2 has been played 4 times, all with context (-1, 1, -1), yielding rewards [55, 52, 57, 51] with an average of 53.75. Button 0 has high variance (Avg ~51.5) across contexts. Button 3 seems lower yielding (Avg ~43.3). Button 1 is unknown for the current context (-1, -1, 1). Given the relatively high and stable average for Button 2 under a similar context, and the uncertainty of Button 1 in the current context, exploiting the best-performing arm known so far (Button 2) is prioritized. However, the current context (-1, -1, 1) is unique among the pulls. Let's re-evaluate. Button 2 performed well on 3 plays of context (-1, 1, -1). Button 3 was pulled 3 times with context (1, -1, 1), yielding [48, 42, 46] (Avg 45.3). Button 1 was pulled 4 times with context (1, 1, -1), yielding [40, 37, 43, 50] (Avg 42.5). Button 0 was pulled 4 times with context (-1, 1, 1), yielding [56, 51, 55, 44] (Avg 51.5). The current context is (-1, -1, 1). Since Button 2 has the highest average reward so far (53.75), I will choose it, banking on its underlying strength or the chance it maps to a planet that performs well in this configuration, classifying it as exploit based on the limited history favoring its past performance.

Wait, Button 2's past context was (-1, 1, -1). The current context is (-1, -1, 1). This is a significant change. I need to explore Button 1 or 3, or keep pulling Button 2 if I assume it's generally good. Since no button has been tested under the exact context (-1, -1, 1), Button 1 or 3 are the most uncertain to map to a planet that might excel here. Since Button 1 has the lowest average reward overall (42.5), and Button 3 has a slightly better average (45.3), I should explore Button 3 if I wanted to test a less-known arm. However, Button 2 has the highest observed average reward (53.75) across all plays. I will stick to exploiting Button 2 as it showed the highest overall potential, hoping the mapping is favorable or the context difference is minor for that planet.",57,B,A,D,C
12,LLM_Gemini_3_Flash,21,1,-1,1,1,A,1,exploit,0,"Button 1 has only been pulled in contexts where Mercury=1 and Krypton=1 (2 pulls resulted in 40, 37, 43, 41, 50, average 42.2). Button 3 has been pulled 4 times with the current context (M=1, K=-1, N=1) resulting in rewards 48, 42, 46. Average reward is 45.33. Button 0 was pulled frequently in other contexts (M=-1, K=1) with rewards around 50-55. Button 2 has shown high rewards (57, 57) when (M=-1, K=-1, N=1) and moderate rewards (55, 52, 51) in (M=-1, K=1, N=-1). Given the current context (M=1, K=-1, N=1), Button 3 is the only one previously tested in this exact configuration, yielding an average of 45.33. Since I lack data for Buttons 0, 1, and 2 under this specific context, and Button 3 has provided consistent, if not spectacular, results for this context previously, I will choose Button 3 based on the limited direct evidence. However, observing the history, Button 1's average is slightly lower (42.2) based on its previous pulls, but those pulls were in a different context (M=1, K=1). I re-evaluated: Button 3 is the only one pulled in the exact current context (M=1, K=-1, N=1) across 3 trials with an average reward of 45.33. This is the best evidence for the current context. I will exploit this based on direct history for this context.",74,B,A,D,C
12,LLM_Gemini_3_Flash,22,1,-1,-1,0,B,0,exploit,0,"The current context is (M=1, K=-1, N=-1). Button 0 was chosen twice with this context, yielding rewards of 51 (Trial 3) and 55 (implied mapping, though the history only shows T3: (1, -1, -1) -> Button 0 -> 51. The context in T13 was (1, -1, -1) and Button 3 was chosen, yielding 21. I need to re-evaluate based on observed plays for this exact context.

Observed Plays for Context (M=1, K=-1, N=-1):
- Trial 3: Button 0 chosen, Reward = 51
- Trial 13: Button 3 chosen, Reward = 21

Average reward for Button 0 given this context: 51 (N=1)
Average reward for Button 3 given this context: 21 (N=1)

Button 0 has provided a significantly higher reward (51 vs 21) in the only two instances where this specific context occurred and resulted in an action (T3 and T13, assuming the context mapping is fixed).

Given the limited data, Button 0 is the best choice based on past performance under this exact context.",50,B,A,D,C
12,LLM_Gemini_3_Flash,23,1,-1,-1,1,A,1,exploit,0,"Button 1 has shown a very high reward (74) in the context (M=1, K=-1, N=1) and a moderate reward (40, 37, 43, 41, 50) in other contexts, suggesting it might be a high-reward planet or that the current context is particularly favorable for it. The current context is (M=1, K=-1, N=-1). Button 3 had a very low reward (21) in this context. Given the current context (1, -1, -1), Button 1 has not been tested in this exact scenario, but Button 0 had a high reward (51) in a similar past context (1, -1, -1) in trial 3, and Button 2 had a high reward (57) in a different context (M=-1, K=-1, N=1) in trial 20. Button 1's best historical performance (74) was in (1, -1, 1). Since we have limited data and Button 1 is responsible for the maximum single reward observed (74), I will exploit by choosing Button 1 again, hoping the current context (1, -1, -1) still yields a good reward, or because the reward 74 strongly biases the estimate towards Button 1 being a good arm generally. Re-examining context (1, -1, -1): Button 0 yielded 51 (Trial 3). Button 3 yielded 21 (Trial 13). Since Button 1 provided the highest reward overall, I choose to exploit it first given the current context is close to its best observed context.",81,B,A,D,C
12,LLM_Gemini_3_Flash,24,-1,-1,1,1,A,0,exploit,0,"Button 1 has yielded high rewards (81, 74) when chosen with the context (1, -1, -1) and (1, -1, 1) respectively, suggesting it might map to a planet that favors high Mercury or is generally high-reward. Button 2 also had a high reward (57) with context (-1, -1, 1). Given the current context is (-1, -1, 1), Button 2 is a strong candidate based on past performance in this exact context (Reward 57). However, Button 1 showed extremely high variability (37 to 81). Since Button 2 has a direct historical match in this context with a decent reward (57), I will lean towards exploiting Button 2 or Button 1. Button 1 had a reward of 74 with context (1, -1, 1). Button 2 had a reward of 57 with context (-1, -1, 1). Since Button 1 provided a significantly higher reward (74) than Button 2 (57) in a somewhat similar context (differing only in Mercury signal), and Button 1 has shown the highest single reward overall (81), I choose Button 1 as the current best guess for exploitation, although Button 2 is a close second based on exact context matching.",51,B,A,D,C
12,LLM_Gemini_3_Flash,25,1,-1,-1,3,C,0,exploit,0,"Analyzing the history reveals patterns suggesting Button 3 might be associated with Planet D, which has a high reward (48, 42, 46) when Mercury=1 and Nobelium=1, regardless of Krypton. The current context is (Mercury=1, Krypton=-1, Nobelium=-1). Button 3 had the lowest recorded reward (21) in this exact context before, but Button 1 has shown very high rewards (74, 81) when Mercury=1 and Krypton=-1, which contradicts the current context for Button 1's typical high rewards. Button 0's rewards are clustered around 50. Button 2 has varied results. Given the specific current context (1, -1, -1), Button 3's previous low reward (21) is an outlier for its group, but Button 1's previous high rewards (74, 81) were for context (1, -1, 1). Given the scarcity of data for context (1, -1, -1) across all buttons (only Button 3 has been tried once with reward 21), choosing Button 3 is a minor exploration, but based on the general trend that Button 3 seems to be associated with Planet D (which has some high rewards), and Button 1's previous high rewards were under different conditions, I will re-test Button 3 to see if the low reward was noise or if it is indeed low for this specific context (1, -1, -1). However, upon re-evaluation: Button 1 has given the highest reward (81) when context was (1, -1, -1) and Button 0 gave 50. Wait, Button 1's 81 reward was for context (1, -1, -1) in Trial 23. Button 3 gave 21 for context (1, -1, -1) in Trial 13. Since Button 1 provided a very high reward (81) in this exact previous context, I will choose Button 1 to exploit that high potential.",18,B,A,D,C
12,LLM_Gemini_3_Flash,26,1,-1,-1,1,A,1,exploit,0,"Analyzing the history, Button 1 shows very high rewards (74, 81) when the context is (M=1, K=-1, N=1) and (M=1, K=-1, N=-1) respectively. The current context is (M=1, K=-1, N=-1). Button 1 has provided the highest recorded reward (81) under this exact context in trial 23. While Button 0 also performed reasonably well (50) in a similar context (M=1, K=-1, N=-1) in trial 22, the single high result of 81 for Button 1 makes it the best exploit choice for the current context (M=1, K=-1, N=-1). Exploration of other buttons or other contexts for Button 1 is secondary to capitalizing on this strong signal.",83,B,A,D,C
12,LLM_Gemini_3_Flash,27,1,-1,1,1,A,1,exploit,0,"The current context is (Mercury: 1, Krypton: -1, Nobelium: 1). Button 1 has shown very high rewards (74, 81, 83) specifically when the context included (Mercury: 1, Krypton: -1). Although the Nobelium context varied (one -1, two 1s), the strong performance in the (1, -1, *) configuration suggests Button 1 is currently associated with the highest expected payoff for the current context (1, -1, 1). Button 3 showed poor performance (48, 42, 18) in similar contexts, and Button 0/2 haven't been tested often in this specific high-reward scenario for Button 1.",84,B,A,D,C
12,LLM_Gemini_3_Flash,28,-1,1,-1,2,D,0,exploit,0,"Button 2 has been consistently chosen when the context is (-1, 1, -1) across trials 5, 7, 8, and 15, yielding average rewards of 55, 52, 57, and 51 (Average: 54.0). The current context is exactly (-1, 1, -1). Since Button 2 has the highest observed average reward for this specific context, I will exploit this knowledge.",57,B,A,D,C
12,LLM_Gemini_3_Flash,29,1,-1,-1,1,A,1,exploit,0,"Button 1 has shown very high rewards when Mercury=1 and Krypton=-1 (Rewards: 74, 81, 83, 84). The current context is Mercury=1, Krypton=-1, Nobelium=-1, which aligns perfectly with the best observed condition for Button 1. While other buttons have sparse data, Button 1 currently has the highest average return under related conditions (Avg(74, 81, 83, 84) = 80.5 for M=1, K=-1), making it the best exploit choice.",72,B,A,D,C
12,LLM_Gemini_3_Flash,30,1,-1,1,1,A,1,exploit,0,"Button 1 has shown very high rewards (74, 81, 83, 84, 72) when Mercury=1 and Krypton=-1, suggesting it might map to Planet A or B which are highly rewarded under this specific context (M=1, K=-1, N=1 or M=1, K=-1, N=-1). The current context is M=1, K=-1, N=1. Given the high previous payoffs for button 1 under similar conditions, choosing button 1 is the best exploit strategy for this trial.",77,B,A,D,C
12,LLM_Gemini_3_Flash,31,1,-1,1,1,A,1,exploit,0,"Button 1 shows significantly higher average reward (Mean: 60.4) across varied contexts compared to other buttons, especially in contexts involving Mercury=1 (Mean: 76.9). The current context (M=1, K=-1, N=1) is one where Button 1 performed exceptionally well (Trials 21, 27, 30). I will exploit this by choosing Button 1.",87,B,A,D,C
12,LLM_Gemini_3_Flash,32,-1,1,1,1,A,0,exploit,0,"The current context is {Mercury: -1, Krypton: 1, Nobelium: 1}. Button 0 has been pulled 4 times in this exact context, yielding rewards of [56, 55, 52, 44] with an average of 52.0. Buttons 1, 2, and 3 have not been pulled in this exact context. Given the history, Button 0 is the only one with observed data for this specific context. However, Button 1 shows extremely high average rewards (Avg: 74.6) across all its plays, especially when Krypton=-1, which contradicts the current context where Krypton=1. Given the ambiguity and the limited data for the exact current context, I will stick with Button 1 as it has shown the highest overall potential reward in other contexts, assuming that the high rewards associated with Button 1 (around 80s) might be the best available, and I will explore this button further for this context if I need more data. For this step, as Button 0 is the only one observed here, but Button 1 has the best historical performance overall, I will cautiously exploit Button 1 hoping for a high payoff, as Button 0 seems mediocre. Let's re-evaluate: Button 0 average is 52.0 for this context. Button 1 average is 64.0 overall, but 78.6 for the 3 times Krypton=-1. Since the current context has Krypton=1, Button 1's past performance here is unknown. Sticking to the direct evidence for the current context, Button 0 is the only option with data. However, exploiting Button 1 seems like a higher risk/reward bet based on its general performance or perhaps an exploration based on the gap in data for this specific state for Button 1. I will choose Button 1 to explore its potential in this state, as exploiting Button 0 gives a known average of 52.0, while Button 1 has shown much higher payoffs in other states. Given the high volatility and the limited trials, a calculated risk on the potentially highest performing arm overall (Button 1) is still favored over the known low-medium performer (Button 0) in this specific context.",15,B,A,D,C
12,LLM_Gemini_3_Flash,33,-1,1,-1,2,D,0,exploit,0,"The current context is M=-1, K=1, N=-1. Button 2 has only been pulled 3 times in this exact context (Trials 5, 7, 8, 15, 28) with rewards 55, 52, 57, 51, 57. The average reward for Button 2 in this context is (55+52+57+51+57)/5 = 54.6. Button 0 has never been pulled in this context. Button 1 has never been pulled in this context. Button 3 has never been pulled in this context. Given the consistently high average reward observed for Button 2 in this specific context, exploiting it (choosing 2) is the best immediate strategy, despite not having explored buttons 0, 1, and 3 in this exact context yet. Button 2 appears to be consistently high when (M=-1, K=1, N=-1).",48,B,A,D,C
12,LLM_Gemini_3_Flash,34,1,1,-1,1,A,0,exploit,0,"Button 1 has been overwhelmingly chosen in contexts where Mercury=1 and Krypton=1, resulting in high rewards (average ~67 over 10 trials in this sub-context). For the current context (Mercury=1, Krypton=1, Nobelium=-1), Button 1 has shown the highest average reward (average ~53 over 7 trials). While Button 2 has shown high rewards when Nobelium=-1, Button 1's overall history in similar contexts suggests it is the most promising option based on current information, favoring exploitation of known high-performing arms.",46,B,A,D,C
12,LLM_Gemini_3_Flash,35,1,-1,-1,1,A,1,exploit,0,"The current context is M=1, K=-1, N=-1. Button 1 has been highly exploited in this specific context (Trials 3, 13, 22, 23, 25, 29) with rewards: 51, 21, 50, 81, 18, 72. The average reward for Button 1 in this context is 48.67. Across all trials, Button 1 shows a strong positive correlation when Mercury=1 and Krypton=-1, especially when Nobelium=-1 (Trials 21, 23, 26, 27, 29, 30, 31 show high rewards, mostly when M=1). Given the high frequency and generally high observed rewards for Button 1 when M=1, K=-1 (even if N=-1 leads to low reward sometimes, the M=1, K=-1, N=-1 context has been tested 7 times with an average above 45), and the fact that this context has been explored many times on Button 1, exploiting Button 1 is the best strategy now, hoping for a high reward similar to trial 23 (81) or 29 (72) rather than low ones (18, 21).",80,B,A,D,C
12,LLM_Gemini_3_Flash,36,-1,1,1,1,A,0,exploit,0,"Button 1 has been overwhelmingly chosen (22 times) and yields high rewards (average around 61.4) specifically when (M, K, N) is (-1, 1, 1) -> 15, (1, 1, -1) -> avg 43.6, (1, -1, 1) -> avg 80.5, (1, -1, -1) -> avg 58.6, (-1, -1, 1) -> 51, (-1, -1, 1) -> 51. The context (-1, 1, 1) provided a low reward (15) on trial 32, suggesting button 1 might not be the best for this *specific* context across all planets, but Button 1 has been heavily linked to high rewards in other contexts, especially when Mercury=1. However, let's re-evaluate based on the current context: (Mercury: -1, Krypton: 1, Nobelium: 1). Button 0 was played 4 times in this context, averaging 53.5. Button 1 was played once in this context, yielding 15. Button 2/3 have never been played in this context. Given the high variability and the low recent pull on Button 1 for this context, I will default to Button 0 as it has the highest average reward (53.5) for this specific context based on historical data, making it the 'best guess' to exploit, even though Button 1 is generally the highest performing arm overall. Button 0 is the only one previously tested under this exact context.",21,B,A,D,C
12,LLM_Gemini_3_Flash,37,1,-1,-1,1,A,1,exploit,0,"Button 1 has been heavily tested, especially under the current context (Mercury=1, Krypton=-1, Nobelium=-1) in trials 3, 13, 22, 23, 25, 29, 35, receiving rewards of [51, 21, 50, 81, 18, 72, 80]. The average reward is 52.14, but the recent high rewards (81, 72, 80) suggest a high potential, particularly since this context has yielded Button 1's highest rewards when it was pulled (excluding the anomaly at trial 13). Buttons 0, 2, and 3 have been pulled much less frequently in this specific context (Button 0: once at 51; Button 3: zero times). Given the strong positive signals from Button 1 in this context recently, exploiting it is the best current strategy.",80,B,A,D,C
12,LLM_Gemini_3_Flash,38,-1,1,-1,2,D,0,exploit,0,"The current context is M=-1, K=1, N=-1. Button 2 has been chosen 4 times with rewards (55, 52, 57, 48) for this exact context, yielding an average reward of 53.0. Button 0 has been chosen 5 times for contexts where N=1, suggesting it might be high when N=1. Button 1 shows high variance but good performance when M=1, K=-1. Given the consistent performance of Button 2 for the specific current context, exploiting this observation is the best immediate strategy.",44,B,A,D,C
12,LLM_Gemini_3_Flash,39,-1,1,1,1,A,0,exploit,0,"Button 1 has been heavily sampled (26 times) and consistently yields high rewards (average around 61.7) specifically when Krypton=1 and Nobelium=-1, or when Krypton=-1 and Nobelium=1. The current context is (-1, 1, 1). Button 1 received a low reward (15) in trial 32 for this context, but high rewards (70s-80s) for similar contexts where Mercury=1. Given the high historical average for Button 1 across various contexts compared to other buttons, and the pattern suggesting Button 1 is highly profitable under certain conditions, I will exploit it unless I have strong evidence that another button is better for this specific (-1, 1, 1) context. Since Button 0 has only been played 4 times in this context with an average of 52, and Button 1 has shown peak performance when conditions are right, I stick with Button 1, hoping for a better outcome than trial 32, or acknowledging it might be the best overall arm despite that one low observation.",19,B,A,D,C
12,LLM_Gemini_3_Flash,40,-1,1,1,1,A,0,exploit,0,"Button 1 has been chosen 19 times, mostly under the current context (-1, 1, 1) or similar contexts where Mercury=1, and it shows high variance but has yielded the highest observed rewards overall (e.g., 74, 81, 83, 84, 87). The current context is (-1, 1, 1), which has been chosen 9 times in total, mostly for button 0 (5 times, avg ~52) and button 1 (1 time, reward 15). Given the strong performance of button 1 in related contexts (where Mercury=1), and the mediocre performance of button 0 in this exact context, I will exploit button 1, hoping it corresponds to the high-reward planet revealed when other factors change. Given the high volatility, further exploration might be warranted later, but for now, button 1 seems to be the best bet based on past high yields.",24,B,A,D,C
12,LLM_Gemini_3_Flash,41,-1,1,1,1,A,0,exploit,0,"Button 1 has been heavily tested, especially in contexts involving Krypton=1 and Nobelium=1 or -1, and Mercury=-1 or 1. The rewards for Button 1 are highly volatile but generally high when Mercury=1 and the other signals vary (rewards 72-87). For the current context (M=-1, K=1, N=1), Button 1 yielded very low rewards (15, 19, 24) across trials 32, 39, 40. 

Let's re-evaluate the most frequently chosen buttons in the current context (M=-1, K=1, N=1):
Button 0: Trials 1, 4, 6, 10. Rewards: 56, 55, 52, 44. Average: 51.75 (4 pulls)
Button 1: Trials 32, 36, 39, 40. Rewards: 15, 21, 19, 24. Average: 20.00 (4 pulls)

Button 0 seems significantly better for this specific context (M=-1, K=1, N=1) than Button 1 based on direct evidence. Button 2 has never been pulled in this exact context. Button 3 has never been pulled in this exact context. Since Button 0 has a strong history (average 51.75) in this context, I will exploit that known good performance over exploring Button 2 or 3, or choosing Button 1 based on potentially misleading high averages in other contexts. Button 0 is the best choice based on observed history for this exact context.",16,B,A,D,C
12,LLM_Gemini_3_Flash,42,-1,-1,1,1,A,0,exploit,0,"The current context is (Mercury: -1, Krypton: -1, Nobelium: 1). Analyzing past data, Button 1 has been pulled 22 times. The average reward for Button 1 in this specific context is very high (Trials 20, 24: avg reward = (51+51)/2 = 51). However, there are many other pulls for Button 1 under different contexts that show very high rewards (e.g., 72-87 in trials 27-31, 35, 37). The low rewards for Button 1 only occurred when Mercury= -1 and Krypton= 1 (Trials 32, 36, 39, 40, 41), specifically when Nobelium=1. Since the current context has Krypton=-1, the previous high rewards strongly suggest Button 1 is still the best choice, despite the initial low payoff when this exact context appeared in Trial 20 (Reward 51).",51,B,A,D,C
12,LLM_Gemini_3_Flash,43,-1,1,1,1,A,0,exploit,0,"Button 1 has been overwhelmingly chosen (30 out of 42 times) and shows a very high average reward (approx. 55.4) when Mercury=-1 and Krypton=1 (10 trials, average 30.3, but this is skewed by low rewards in trials 32, 36, 39, 40, 41). When Mercury=1 and context=(1, -1) or (1, 1, -1), Button 1 has extremely high rewards (avg > 78). The current context is (-1, 1, 1). Button 1 was played 6 times with this context, yielding rewards: 56, 55, 52, 44, 21, 19, 24, 16 (8 total trials). The average is (56+55+52+44+21+19+24+16)/8 = 287/8 = 35.875. Button 0 was also played with this context 3 times (avg 54.33). Button 2 was played with context (-1, 1, -1) 5 times (avg 53.6). Button 3 has few plays with this context. Given the strong evidence that Button 1 is associated with high variability but very high peaks, and the current context (-1, 1, 1) has yielded several mid-range results for Button 1, I must explore Button 0 or Button 3 further, but Button 1's performance in related contexts suggests it might still be better than the low-reward trials suggest for this specific context (-1, 1, 1). Since I have 8 data points for Button 1 in this exact context, and the average is low (35.875), compared to Button 0's average of 54.33 over 3 points in the same context, I should switch to exploring Button 0. However, Button 1 is the most frequently chosen arm, suggesting it might be the 'high-variance, high-potential' arm (Planet B/D). Since I am near the end (Trial 43), exploiting the best currently known arm for similar high-reward contexts (Button 1 for (1, -1, *)) is risky. Button 0 showed 56, 51, 50 for context (-1, 1, 1) and (1, -1, -1). Button 2 showed high rewards for context (-1, 1, -1). The current context (-1, 1, 1) has not revealed a clear leader yet, but Button 0 has the highest average reward (54.33) for this specific context. I will choose Button 0 to test this slightly better average, as it's an exploit of the best known performance for this exact context, even if Button 1 dominates other contexts.

Revisiting the data for context (-1, 1, 1):
Button 0: {56, 55, 52, 44} -> Avg: 52.0 (4 plays)
Button 1: {56, 55, 52, 44, 21, 19, 24, 16} -> Avg: 35.875 (8 plays)
Button 2: 0 plays
Button 3: 0 plays

Button 0 has the highest observed average for the current context (-1, 1, 1). I choose Button 0 for exploitation based on this specific context's history.",26,B,A,D,C
12,LLM_Gemini_3_Flash,44,-1,1,1,1,A,0,exploit,0,"Button 1 has been pulled 27 times, primarily in contexts where Mercury=-1 and Krypton=1 (11 times, avg 24.4) or Mercury=1 and Krypton=-1 (13 times, avg 79.6). Given the current context (Mercury=-1, Krypton=1, Nobelium=1), the previous 6 pulls of button 1 with this exact context yielded rewards: 56, 55, 52, 44, 19, 26, with an average of 39.33. However, Button 1's best performance is clearly in the context (M=1, K=-1) giving rewards near 80. Button 0 was pulled 5 times in this context (M=-1, K=1, N=1) yielding an average of 54.5. Given the variance and tendency for button 1 to show low reward in this specific context, but also showing extremely high rewards in another context, it is difficult to definitively exploit. However, Button 1 has been the most frequently pulled arm, and there is no strong signal to avoid it entirely. Since 43 pulls have passed, I will lean towards exploiting the best *learned* option for this specific context based on the current data, which suggests button 0 might be slightly better for this specific current context (M=-1, K=1, N=1) with an average of 54.5 vs 39.33 for button 1. Let's re-evaluate based on available data for the exact context (M=-1, K=1, N=1):
- Button 0: Pulled 4 times, Avg: 54.50
- Button 1: Pulled 6 times, Avg: 39.33
- Button 2: Pulled 0 times
- Button 3: Pulled 0 times
Button 0 appears superior for this specific context based on past observations. I will choose Button 0.",11,B,A,D,C
12,LLM_Gemini_3_Flash,45,-1,-1,1,1,A,0,exploit,0,"Button 1 is overwhelmingly the best performer in contexts where Mercury=1 and Krypton=-1 (average reward ~80), which has been the most frequently explored high-reward setting for Button 1. Although the current context (M=-1, K=-1, N=1) is new for Button 1, Button 1 has been played 30 times and shows strong performance variation, suggesting it is mapped to a high-variance planet. Buttons 0, 2, and 3 have shown much lower overall performance or inconsistency. Given the limited remaining trials, exploiting the best known high-reward pattern associated with Button 1 is the primary strategy, even if the context is slightly different, as other buttons have not shown comparable potential.",47,B,A,D,C
12,LLM_Gemini_3_Flash,46,1,1,-1,1,A,0,exploit,0,"Button 1 has been overwhelmingly associated with high rewards when (Mercury=1, Krypton=-1) is present (average ~80), and moderate rewards when (Mercury=1, Krypton=1) is present (average ~43). The current context is (Mercury=1, Krypton=1, Nobelium=-1). Button 1 provided 37, 43, 46, 41, 50, 74, 81, 83, 84, 80, 80 for this context (or closely related ones including Nobelium=1 which resulted in high rewards too). Given the strong history of Button 1 being the primary high-reward arm (especially when Mercury=1), I choose to exploit it, as it's the most likely candidate for the current high-reward condition.",53,B,A,D,C
12,LLM_Gemini_3_Flash,47,1,-1,1,1,A,1,exploit,0,"Button 1 shows a strong positive correlation with high rewards when Mercury=1 and Krypton=-1, which matches the current context (Mercury=1, Krypton=-1, Nobelium=1). The average reward for Button 1 in this context (Trials 21, 27, 30, 31, 35, 37) is (74+84+77+87+80+80)/6 = 79.83, which is significantly higher than any other observed reward for the specific context or button. I will exploit this high-performing arm.",90,B,A,D,C
12,LLM_Gemini_3_Flash,48,1,-1,-1,1,A,1,exploit,0,"The current context is [M=1, K=-1, N=-1]. Button 1 has been heavily explored (31 times) and shows a consistently high average reward (approx. 55.8) when Button 1 is selected, especially in this context where it has been tried 11 times with an average reward of 67.09. Other buttons have fewer observations or lower historical averages. I will exploit the high expected return from Button 1 for this context.",81,B,A,D,C
12,LLM_Gemini_3_Flash,49,-1,-1,1,1,A,0,exploit,0,"Button 1 has consistently yielded high rewards (average around 64.5) across most contexts where it was played, especially when Mercury=-1 and Nobelium=1 (high rewards) or Mercury=1 and Nobelium=-1 (high rewards). For the current context (Mercury=-1, Krypton=-1, Nobelium=1), Button 1 was played once in Trial 24, yielding 51, and once in Trial 42, yielding 51. Button 2 has a slightly higher average for this specific context (57+57+48=54 avg over 3 plays, two of which match the context). However, Button 1 shows a much higher overall average reward (Avg 64.5 over 34 plays) compared to Button 2 (Avg 53.8 over 6 plays). Given Button 1's history of high payoffs in varied contexts, I will exploit it as the most likely best arm, despite the two somewhat lower observations for this exact context.",41,B,A,D,C
12,LLM_Gemini_3_Flash,50,-1,1,1,1,A,0,exploit,0,"Button 1 has been chosen 35 times and consistently yields high rewards (average > 60) when (M=-1, K=1, N=-1) or (M=1, K=-1, N=1) or (M=1, K=-1, N=-1). The current context is (M=-1, K=1, N=1). Historically, Button 1 under this context yielded rewards of 15, 19, 24, 16, 26, 11, which are very low compared to its other contexts. However, Button 0 was only chosen 3 times, with an average of 54.3 for the current context (M=-1, K=1, N=1). Given the high variance and low returns for Button 1 in this specific context, I will re-examine the data. Button 0 has only been played 3 times with context (-1, 1, 1) resulting in rewards (56, 55, 52), average 54.3. Button 1 has been played 7 times with context (-1, 1, 1) resulting in rewards (15, 19, 24, 16, 26, 11), average 18.3. Since Button 0 seems significantly better for the current context (-1, 1, 1) based on the few plays so far, I will exploit Button 0. Button 1 appears to be the low-reward arm for this specific context configuration.",19,B,A,D,C
13,LLM_Gemini_3_Flash,1,-1,1,-1,0,A,0,explore,1,"This is the first trial, so no history is available. I must choose an arm to gather initial data. I will start by choosing arm 0 (Button 0).",18,A,B,C,D
13,LLM_Gemini_3_Flash,2,1,-1,1,0,A,1,explore,1,"Only one trial has occurred, providing very little information. Button 0 yielded a reward of 18 with context (-1, 1, -1). Given the new context (1, -1, 1), I must continue exploring other arms to gather more data on reward variances. I will try Button 0 again as a baseline test under new context conditions, but the overall strategy remains exploratory.",79,A,B,C,D
13,LLM_Gemini_3_Flash,3,1,1,-1,1,B,1,explore,1,"Only two trials have been performed, making the data insufficient to confidently map buttons to planets or establish robust reward functions. Button 1, 2, and 3 have never been chosen. I will choose button 1 to gather initial data on a new arm, balancing exploration against the unknown potential of the current context (1, 1, -1).",73,A,B,C,D
13,LLM_Gemini_3_Flash,4,-1,1,1,2,C,1,explore,1,"I have only tested buttons 0 and 1 twice and once, respectively. With only three data points, I have very little information about the reward structure across all four arms/planets. The current context is M=-1, K=1, N=1. Since I have no data for buttons 2 and 3, I will choose button 2 to gather initial information about an unknown arm, prioritizing exploration.",79,A,B,C,D
13,LLM_Gemini_3_Flash,5,-1,1,-1,3,D,0,explore,1,"The current context is (-1, 1, -1). Buttons 0, 1, and 2 have been tested in previous trials, revealing some of their potential rewards. Button 3 has never been chosen. Given the limited history (only 4 trials), I must choose the unchosen arm (Button 3) to gather initial data on its reward profile, which is crucial for future exploitation, thus prioritizing exploration.",51,A,B,C,D
13,LLM_Gemini_3_Flash,6,-1,-1,1,2,C,1,exploit,0,"Based on the limited history, Button 2 (chosen once with context [-1, 1, 1]) yielded a high reward (79). Button 0 was chosen twice with similar contexts ([-1, 1, -1]) yielding 18 and 51, and once with context [1, -1, 1] yielding 79. Given the current context [-1, -1, 1], Button 2 is an unknown but Button 0 had a low payout in a near context. Button 2 has a history of high payoff for a related context. Since there isn't enough data to rigorously model all 8 possible contexts for 4 arms, I will exploit Button 2 as it provided the highest single reward so far, hoping its underlying reward function is generally high or matches this context well.",86,A,B,C,D
13,LLM_Gemini_3_Flash,7,1,-1,-1,1,B,0,exploit,0,"The current context is M=1, K=-1, N=-1. Button 1 was chosen in Trial 3 with context M=1, K=1, N=-1 and yielded 73. Button 0 was chosen in Trial 2 with context M=1, K=-1, N=1 and yielded 79. Given the limited data, Button 0 has shown high reward with M=1, K=-1 (Trial 2 context differs only by N). However, since the current context (M=1, K=-1, N=-1) has not been tested directly, and Button 1 showed a decent reward (73) when M=1 and N=-1 were present (Trial 3), I will exploit by choosing Button 1 or 0. Button 0 seems slightly more promising based on Trial 2's high reward (79) sharing two context features (M=1, K=-1) with the current context. Let's re-evaluate: Button 2 gave 86 when K=-1, N=1 (Trial 6), and 79 when K=1, N=1 (Trial 4). Button 0 gave 79 when M=1, K=-1, N=1 (Trial 2). Given the high reward of 79 for Button 0 in a context highly similar to the current one (only N differs), I choose Button 0 to exploit this apparent high potential for M=1, K=-1 contexts.",53,A,B,C,D
13,LLM_Gemini_3_Flash,8,1,1,-1,1,B,1,exploit,0,"Button 1 has yielded rewards of 73 (Context: 1, -1, 1) and 53 (Context: 1, -1, -1). In the current context (1, 1, -1), Button 1 is the only one previously tested with Mercury=1 and Nobelium=-1. Button 3 had a reward of 51 in the identical context ( -1, 1, -1). Button 0 had 18 in a slightly different context (-1, 1, -1). Given that Button 1 had a high reward (73) when Mercury was 1 and Krypton was -1, and Button 2 had a high reward (86) when Krypton was -1 and Nobelium was 1, it suggests Buttons 1 and 2 might be associated with high rewards when Krypton is active (which it is not in the current context, Krypton=1). However, Button 1's previous rewards are reasonably high (avg 63). Button 3's single experience (51) was in a context where Mercury was -1. I will lean towards exploiting Button 1, as it has provided the highest rewards so far (73 vs 79 for Button 0 and 79 for Button 2, but Button 0 and 2 were tested under very different contexts that produced high noise/high values). Button 1 seems more stable or at least has a higher observed average reward (63) than Button 0 (48.5) or Button 3 (51). Since this is trial 8, I prioritize exploiting the button that has shown promising returns, even if the context differs slightly, assuming Button 1 is mapping to a planet that yields better rewards generally.",79,A,B,C,D
13,LLM_Gemini_3_Flash,9,1,1,-1,1,B,1,exploit,0,"Button 1 has yielded high rewards (73, 53, 79) across different contexts, with the highest average reward (71.67). In the current context (M=1, K=1, N=-1), Button 1 was chosen previously and returned 79. Buttons 0 and 3 have lower observed average rewards (48.5, 51.0 respectively). Given the limited history, exploiting the best-performing arm so far for similar contexts is the best strategy.",77,A,B,C,D
13,LLM_Gemini_3_Flash,10,-1,1,1,2,C,1,exploit,0,"The current context is M=-1, K=1, N=1. Button 2 was chosen once in trial 4 with this exact context and yielded a high reward of 79. Button 1 has been heavily explored (trials 3, 7, 8, 9) under varying contexts but Button 2 seems promising for this specific context based on limited evidence, making it the best exploitation choice currently.",72,A,B,C,D
13,LLM_Gemini_3_Flash,11,-1,-1,1,3,D,0,exploit,0,"Button 2 has been played twice with context (-1, 1, 1), yielding rewards of 79 and 72 (Avg: 75.5). Button 1 was played three times with context (1, 1, -1), yielding rewards of 73, 79, 77 (Avg: 76.3). Button 0 was played twice with very different contexts, yielding 18 and 79. Button 3 was played once (reward 51) with context (-1, 1, -1). The current context is (-1, -1, 1). No button has been played with this exact context. Button 2's second play (trial 10) with context (-1, 1, 1) yielded 72, whereas its first play (trial 4) with the same context yielded 79. This suggests Button 2 might be sensitive to noise or has a moderate reward structure here. Button 0 had a very low reward (18) in trial 1 with context (-1, 1, -1). Given the limited data and the high variance seen, I will choose Button 3, which has only one data point (51) so far, to gather more information on it ('explore-exploit' balance), while also prioritizing a button not recently receiving very low rewards. However, considering the clustering of high rewards (70s) for Buttons 1 and 2, I will default to exploring the least-played button (Button 3) as a balanced approach, though exploitation towards Button 1 or 2 might also be justified. Re-evaluating: Button 2 has shown high rewards (86 when played at trial 6 with context (-1, -1, 1) for the first time!) but only for that specific context. Since the current context (-1, -1, 1) matches the context from Trial 6, where Button 2 yielded 86, I will choose Button 2 based on the best single historical match, prioritizing exploitation of the most promising observed reward for this exact context.",53,A,B,C,D
13,LLM_Gemini_3_Flash,12,1,1,-1,1,B,1,exploit,0,"Button 1 has been played three times under the current context {M:1, K:1, N:-1}, yielding rewards of 73, 79, and 77. The average reward is high (76.67). Since the context is identical to these past plays, exploiting this high-performing arm is the best strategy at this stage, assuming Button 1 consistently maps to the best-performing planet under these specific conditions.",83,A,B,C,D
13,LLM_Gemini_3_Flash,13,1,1,-1,1,B,1,exploit,0,"Button 1 has been chosen 4 times when the context was [1, 1, -1] (Mercury=1, Krypton=1, Nobelium=-1), yielding rewards of 73, 79, 77, and 83. The average reward for Button 1 in this specific context is 78.5. Since the current context matches this most frequently observed high-reward context, I will exploit this finding by choosing Button 1. Buttons 0, 2, and 3 have either not been played in this context or have shown less consistent high performance in other contexts.",80,A,B,C,D
13,LLM_Gemini_3_Flash,14,1,1,-1,1,B,1,exploit,0,"Button 1 has been chosen 6 times in context (M=1, K=1, N=-1) with rewards averaging 79.0, which is consistently high. The current context is identical. Therefore, exploiting Button 1 is the best strategy based on current evidence, assuming Button 1 corresponds to a planet highly rewarded by (1, 1, -1).",77,A,B,C,D
13,LLM_Gemini_3_Flash,15,-1,1,-1,1,B,1,exploit,0,"Button 1 has been pulled 8 times, yielding rewards between 73 and 83 (average ~78.8). It has consistently provided high rewards under the context of (M=1, K=1, N=-1). For the current context (M=-1, K=1, N=-1), there is insufficient direct data, but Button 1 seems to be a high-performing arm generally. Since Button 1 has been heavily explored relative to others (except Button 2, which was pulled 2 times), and given the current context is a variation of the context where Button 1 performed well, I will exploit by choosing Button 1, as it shows the most promise so far, while continuing to monitor other arms on future pulls if rewards drop.",72,A,B,C,D
13,LLM_Gemini_3_Flash,16,-1,1,-1,2,C,0,exploit,0,"Button 1 has been heavily explored (10 times) when (M=1, K=1, N=-1), yielding a high average reward (~78.3). Button 2 was chosen twice when the context was (M=-1, K=1, N=1), yielding 79 and 72 (Avg 75.5). The current context is (M=-1, K=1, N=-1). Button 0 and 3 were only played once each under this exact context, yielding 18 and 51, respectively. Given the high consistency of Button 1, if Button 1 maps to a planet highly rewarded by (1, 1, -1), it is risky to assume Button 2 or 3 mapping to the current context's planet will be better without more data. However, Button 2 has shown strong performance (Avg 82.5 across 4 pulls, including high pulls in other contexts like (-1, -1, 1) -> 86). Since Button 1's best context has already been heavily sampled, I will switch to Button 2 to test its performance in the current context (M=-1, K=1, N=-1), as the previous results for Button 2 in a related context (M=-1, K=1, N=1) were strong (Avg 75.5). Given the lack of direct data for the current context on B2 and B3, exploring B2 seems slightly more promising based on its overall positive history compared to B0's low initial reward.",47,A,B,C,D
13,LLM_Gemini_3_Flash,17,-1,1,-1,1,B,1,exploit,0,"Button 1 has been pulled 8 times and has the highest average reward (78.67). It was pulled most frequently when the context was {M:1, K:1, N:-1} (6 pulls, avg 79.33). The current context is {M:-1, K:1, N:-1}, which is different from the highly rewarding context for Button 1. However, Button 1 has provided the best overall performance so far, suggesting it maps to a relatively high-reward planet. Given the limited exploration of other arms (0, 2, 3 pulled 2, 3, 2 times respectively), exploiting the best performing arm seems statistically sound for now, as we lack clear evidence that another arm yields higher rewards under the specific current context, even though Button 1's context history differs slightly.",79,A,B,C,D
13,LLM_Gemini_3_Flash,18,-1,-1,1,1,B,0,exploit,0,"Button 1 has been chosen 9 times, primarily under the context (M=1, K=1, N=-1) where it yielded high rewards (average ~79). It was also chosen in context (M=-1, K=1, N=-1) with a high reward (72). The current context is (M=-1, K=-1, N=1). Button 2 performed very well (86) in the context (M=-1, K=-1, N=1) once. Button 1 has the most historical data and generally strong performance when K=1. Given the ambiguity and the need to maximize reward, Button 1 is a slightly safer, high-average choice compared to Button 2's single high reading in the exact current context, though Button 2 is also a strong candidate for exploitation in this specific context based on trial 6. Since the context for Button 1 in trial 15 yielded 72, and other Button 1 trials are high, I lean towards Button 1 as the overall best performing arm based on accumulated high rewards, assuming it maps to a generally high-paying planet. However, given the current context (M=-1, K=-1, N=1) only occurred once for Button 2 (reward 86) and once for Button 3 (reward 53), I will re-evaluate based on the specific context. Button 2 provided the highest reward (86) for the exact current context (M=-1, K=-1, N=1) in trial 6. Therefore, exploiting this single, highly relevant data point for Button 2 is the best strategy now.",20,A,B,C,D
13,LLM_Gemini_3_Flash,19,1,-1,-1,1,B,0,exploit,0,"Button 1 has been heavily sampled (10 times) and consistently yields high rewards (average ~78.0) when Mercury=1 and Krypton=1, which aligns with the current context's Mercury=1. Based on past observations, Button 1 appears to be the strongest option for this context or nearby contexts, suggesting exploitation is warranted over exploring less sampled buttons (0, 2, 3) given the high confidence in Button 1's performance when M=1.",53,A,B,C,D
13,LLM_Gemini_3_Flash,20,-1,1,-1,1,B,1,exploit,0,"Button 1 has been overwhelmingly chosen (12 times) and generally yields high rewards (average around 75.5) compared to others. The current context (-1, 1, -1) has been pulled 5 times on Button 1, yielding rewards [72, 79, 77, 72, 79]. Given the consistent high performance on Button 1, especially with the current context observed previously, exploitation is favored. Buttons 0, 2, and 3 have too few or too varied data points to strongly suggest a better option for this specific context.",75,A,B,C,D
13,LLM_Gemini_3_Flash,21,1,-1,-1,0,A,1,explore,1,"Button 1 has been pulled 11 times and seems to perform very well (average ~74.1) when M=1, K=1, N=-1, and moderately well otherwise (average ~57.7). Buttons 0, 2, and 3 have been pulled less frequently. For the current context (M=1, K=-1, N=-1), Button 1 has yielded rewards of 53 (T7) and 53 (T19) on similar past contexts (M=1, K=-1, N=-1). Since Button 1 has been heavily tested in other contexts, I will explore Button 0, which hasn't been tested in this specific (M=1, K=-1, N=-1) context yet, to gain more information, especially since Button 1's performance isn't consistently high across all its pulls.",83,A,B,C,D
13,LLM_Gemini_3_Flash,22,1,1,-1,1,B,1,exploit,0,"The current context is (M=1, K=1, N=-1). Button 1 has been played 10 times with an average reward of 72.4, which is consistently high compared to other buttons under similar contexts, especially the (1, 1, -1) context (average 79.3). Button 0 showed a high reward (83) once under a different context (1, -1, -1). Given the strong performance of Button 1 in the most recent and repeated context (1, 1, -1), I choose to exploit it.",72,A,B,C,D
13,LLM_Gemini_3_Flash,23,1,-1,1,3,D,0,exploit,0,"Button 1 has been overwhelmingly chosen, likely mapping to the highest performing planet (Planet B or D, which seem to react strongly to [1, 1, -1]). However, the current context is [1, -1, 1]. Button 0 performed well (83) in context [1, -1, -1], suggesting it might be a high-reward planet under certain conditions. Button 2 performed well (86) in context [-1, -1, 1]. I will cautiously choose Button 3, as it is the least explored button, hoping it corresponds to the planet that maximizes reward for the current context [1, -1, 1], assuming the pattern observed for Button 2's good performance in a context differing only by Mercury might apply if Button 3 maps to that same planet, or since Button 3 has only one data point (51 at [-1, 1, -1]), exploring it now is justifiable if exploiting Button 1's context isn't optimal for [1, -1, 1].",49,A,B,C,D
13,LLM_Gemini_3_Flash,24,1,-1,1,3,D,0,exploit,0,"Button 1 has been heavily explored (13 times) with an average reward of 76.85, peaking at 83. Buttons 2 and 0 have shown moderate/high rewards in specific contexts (e.g., Button 2 at [-1, -1, 1] gave 86, Button 0 at [1, -1, -1] gave 83). Button 3 has only been pulled 3 times (avg 51.0) but provided a high reward (49) in the only pull matching the current context [1, -1, 1] for that button. Given the current context [1, -1, 1], the only previous pull for Button 3 yielded 49. However, the best general performer seems to be Button 1 (avg ~77). I will pull Button 3 again as it has the least data in the current context, but I notice Button 1 has a high past performance for this specific context (Trial 2: 79). Let's re-evaluate. Button 1 has a strong average (76.85) and provided 79 for this context in Trial 2. Button 3 provided 49 for this context in Trial 23. Button 1 seems the most reliable choice for the current context [1, -1, 1] based on past performance (79 vs 49 for Button 3). I will choose Button 1 for exploitation, as its past performance in this exact context is high and frequent.",59,A,B,C,D
13,LLM_Gemini_3_Flash,25,-1,-1,1,1,B,0,exploit,0,"Button 1 has been heavily tested, especially in contexts involving Krypton=1 or Mercury=1, yielding high average rewards (avg ~77.5 for K=1, M=1 contexts). For the current context (M=-1, K=-1, N=1), Button 1 yielded a reward of 20 in trial 18. However, Button 2, when tested in the identical context (M=-1, K=-1, N=1) in trial 6, yielded a high reward of 86. Given the limited data for this specific context, but recognizing Button 2 as potentially strong for this configuration based on trial 6, I will prioritize Button 2. Re-evaluating: Button 1 has the most observations and generally high rewards. Button 2 has one high reward (86) for this exact context, and one low reward (47) for a different context. Button 3 has one mediocre reward (53) for this exact context. Given the strong performance of Button 1 overall, but the specific data point for Button 2 matching the current context perfectly (Reward 86 vs Button 3's 53), I will switch to Button 2 (the best observed result for this context).

Update based on re-evaluation: Button 2 gave 86 for (M=-1, K=-1, N=1) in trial 6. Button 3 gave 53 for the same context in trial 11. Button 1 gave 20. Button 2 is the best current choice based on direct evidence for this context.",15,A,B,C,D
13,LLM_Gemini_3_Flash,26,1,-1,1,3,D,0,exploit,0,"Button 1 has been heavily explored (16 times) with inconsistent results (average ~67, but with lows of 15 and 20), suggesting high variance or context dependency. Button 3 has only been pulled 3 times, with rewards of 51, 53, and 59 (average 54.3). The current context (M=1, K=-1, N=1) previously yielded rewards of 79 (Button 0, Trial 2) and 59 (Button 3, Trial 24). Button 0's single other data point (Trial 21) yielded 83 under a different context (M=1, K=-1, N=-1). Button 2 yielded high rewards (79, 86) in contexts where N=1 (Trials 4, 6) but a low reward (47) in a different context (Trial 16). Given the context (M=1, K=-1, N=1) is rare in history, I will stick with the highest reward observed for this exact context, which was Button 0 (79). However, Button 3's exploration in Trial 24 gave 59 for context (M=1, K=-1, N=1). Button 0 has shown high variance. I will switch to Button 3, as it has only been pulled 3 times, and the last pull in this context yielded 59, which is respectable. Re-evaluating: Button 0 gave 79 for the exact context (M=1, K=-1, N=1) in Trial 2. Since I have a high-value single sample for Button 0 under the current context, I will exploit Button 0. This choice is slightly risky due to low overall history for Button 0 (3 pulls), but the reward of 79 is significantly higher than the average rewards for other buttons in other contexts. Update: I will choose Button 0 based on the single highest historical reward (79) matching the current context.",46,A,B,C,D
13,LLM_Gemini_3_Flash,27,-1,1,1,1,B,0,exploit,0,"The current context is (-1, 1, 1). Button 1 has been played 12 times, yielding an average reward of 75.42. Button 2 has been played 3 times in this context, yielding an average reward of 75.67. Button 0 and 3 have never been played in this exact context. Given the high historical performance of Button 1 (especially across similar contexts where it often performs well, e.g., high reward when Krypton=1 and Nobelium=1 or -1), and the decent average payoff for Button 2 in this context, I will exploit Button 1, as it has the highest cumulative play count in this context and a strong average reward, prioritizing a known good option over Button 2 which has fewer samples in this exact state.",48,A,B,C,D
13,LLM_Gemini_3_Flash,28,1,1,-1,1,B,1,exploit,0,"Button 1 has been heavily played (18 times) under the context [1, 1, -1] (Mercury=1, Krypton=1, Nobelium=-1) and yielded high average rewards (average ~77.9). The current context is [1, 1, -1]. Given the strong historical performance of Button 1 specifically for this context, I will exploit this finding, assuming Button 1 maps to the planet with this high reward structure for this input.",88,A,B,C,D
13,LLM_Gemini_3_Flash,29,1,-1,1,1,B,0,exploit,0,"Button 1 has been pulled 17 times, yielding an average reward of 72.18 for the current context state (M=1, K=-1, N=1), which appeared twice previously with rewards 79 and 49. The overall average for Button 1 is 67.24. Given the high density of plays on Button 1 and the good recent performance in similar contexts, exploiting Button 1 seems optimal now. Button 3 was pulled once in this context (Trial 24) with reward 59, which is less informative than the repeated high rewards from Button 1 in this situation.",20,A,B,C,D
13,LLM_Gemini_3_Flash,30,1,-1,1,0,A,1,exploit,0,"Analyzing the history, Button 1 appears highly variable, Button 2 has moderate rewards, and Button 3 has low/moderate rewards. Button 0 yielded 18 (Trial 1) and 83 (Trial 21) for different contexts. The current context (M=1, K=-1, N=1) is very similar to Trial 2 (Reward 79) and Trial 24 (Reward 59) for Button 0, and similar to Trial 29 (Reward 20) and Trial 23 (Reward 49) for Button 1. Button 0 gave 83 when the context was (1, -1, -1) in Trial 21. Given the context (1, -1, 1) is the current context, and Button 0 gave 79 in Trial 2 for the same context, Button 0 seems like a strong candidate, while Button 1 has shown very low returns recently for this context type (Trial 29: 20). I will exploit Button 0 based on the high reward observed in Trial 2 for this exact context.",83,A,B,C,D
13,LLM_Gemini_3_Flash,31,-1,1,1,1,B,0,exploit,0,"Button 1 has been chosen 16 times, yielding a high average reward, especially under the context (M=1, K=1, N=-1). The current context is (M=-1, K=1, N=1). Button 1 is still the most frequently pulled arm and has shown decent rewards across various contexts, indicating it might map to a high-variance or high-mean arm. Given the limited exploration of other arms (0: 3 times, 2: 3 times, 3: 4 times), and the need to maximize profit over the remaining trials, I will exploit Button 1 again as it has the strongest historical performance, prioritizing maximizing immediate expected return over deep exploration of less tested arms.",50,A,B,C,D
13,LLM_Gemini_3_Flash,32,1,-1,-1,1,B,0,exploit,0,"Button 1 has been played 19 times, yielding an average reward of 63.89, significantly higher than other buttons (Avg 0: 51.67, Avg 2: 67.00 (but only 3 plays), Avg 3: 52.00). The current context (M=1, K=-1, N=-1) strongly favors Button 1 based on past high rewards (e.g., trials 7, 19). Button 2 has a higher average but only 3 samples, while Button 1 has the most data and consistently high rewards under several contexts, making it the current best bet for exploitation.",46,A,B,C,D
13,LLM_Gemini_3_Flash,33,1,1,-1,1,B,1,exploit,0,"Button 1 has been overwhelmingly chosen (24 out of 32 times) and yields high rewards (Average reward for Button 1 is approx. 61.8) across various contexts. For the current context (M=1, K=1, N=-1), Button 1 has been played 8 times with an average reward of 79.375. This suggests Button 1 is currently highly profitable for this context. Buttons 0, 2, and 3 have very few plays relative to Button 1, making Button 1 the clear exploit choice.",76,A,B,C,D
13,LLM_Gemini_3_Flash,34,1,1,-1,1,B,1,exploit,0,"Button 1 has been played 19 times, mostly under the current context (Mercury=1, Krypton=1, Nobelium=-1) or similar contexts where it performed very well (average reward ~77.7). The current context (1, 1, -1) has been seen 9 times previously, all on Button 1, yielding high rewards (avg 79.1). Exploiting Button 1 seems optimal based on strong historical performance under this exact context.",81,A,B,C,D
13,LLM_Gemini_3_Flash,35,1,-1,-1,1,B,0,exploit,0,"Button 1 has been pulled 23 times and consistently yields high rewards (Average ~70.8) across various contexts, suggesting it maps to a high-yielding planet, or a planet that often encounters high-reward contexts. For the current context (M=1, K=-1, N=-1), Button 1 has yielded 53, 46, and the highest single observation for this context was 53 from Button 1 (Trial 7, 19, 32). While Button 0 showed a high reward (83) under a similar context (M=1, K=-1, N=-1) in Trial 21, Button 1 is the most heavily sampled arm with consistently good results. Given the high sample count for Button 1 and the decent expected reward for this context observed previously with Button 1, exploiting Button 1 is the current best strategy. The context (1, -1, -1) has been seen 3 times before (Trials 7, 19, 32), resulting in rewards 53, 53, 46, all achieved by playing Button 1. Thus, Button 1 is the best choice based on historical data for this specific context.",53,A,B,C,D
13,LLM_Gemini_3_Flash,36,1,1,-1,1,B,1,exploit,0,"Button 1 has been played 22 times, almost exclusively in the current context (Mercury=1, Krypton=1, Nobelium=-1), yielding an average reward of approximately 71.7. No other button has been sufficiently tested in this specific context to warrant exploration over exploiting the strong observed performance of Button 1. Given the context matches the most frequently observed context for Button 1, I choose to exploit it.",85,A,B,C,D
13,LLM_Gemini_3_Flash,37,-1,-1,1,1,B,0,exploit,0,"Button 1 has been played 25 times and consistently yields high rewards when signals are not (M=-1, K=1, N=-1) or (M=-1, K=-1, N=1). The current context is (M=-1, K=-1, N=1), for which Button 1 yielded 20 (Trial 18) and 15 (Trial 25). However, Button 1 has been overwhelmingly dominant in most other contexts, averaging around 71. Button 2 yielded 86 for the current context (M=-1, K=-1, N=1) in Trial 6. Since Button 1 has the most data, I will prioritize exploiting its overall high average performance despite the low past results for this specific context, as the high reward for Button 2 in Trial 6 might be an outlier or the mapping has changed (less likely). Given the high frequency of high rewards (>70) from Button 1 overall, I exploit it. Re-evaluating based on the specific context (M=-1, K=-1, N=1): Button 2 yielded 86 (T6), Button 3 yielded 53 (T11). Button 1 yielded 20 (T18) and 15 (T25). Button 0 has never been played in this context. Since Button 2 provided the highest reward (86) for this exact context previously, I should explore Button 2. Wait, Button 2 was played once for this context and gave 86. Button 1 was played twice and gave low rewards (20, 15). I will switch to exploiting Button 2, which has the highest known reward for this context, assuming it's the correct mapping for the context (M=-1, K=-1, N=1).",12,A,B,C,D
13,LLM_Gemini_3_Flash,38,-1,1,-1,1,B,1,exploit,0,"Button 1 has been played 27 times, showing high rewards (average ~71.6) specifically when context is (M=1, K=1, N=-1) (average ~79.9) or (M=-1, K=1, N=-1) (average ~73.7). For the current context (M=-1, K=1, N=-1), Button 1 has historically yielded high rewards, making it the best exploit choice based on accumulated data.",74,A,B,C,D
13,LLM_Gemini_3_Flash,39,1,-1,-1,1,B,0,exploit,0,"Button 1 has been heavily explored (31 times) and consistently yields high rewards (average ~67.7) when Mercury=1 and Krypton=1, Nobelium=-1 (context 33, 34, 36). In the current context (Mercury=1, Krypton=-1, Nobelium=-1), Button 1 has yielded rewards of 53, 46, and 53 in trials 7, 32, and 35 respectively, suggesting a moderate to high return compared to the few samples we have for other buttons in similar contexts. Given the strong performance pattern observed for Button 1 when Mercury=1, and the immediate availability of a reasonably tested context for this button, exploiting Button 1 is the best current strategy. Exploring other buttons with so few total trials is too risky.",50,A,B,C,D
13,LLM_Gemini_3_Flash,40,-1,1,1,2,C,1,exploit,0,"The current context is (Mercury: -1, Krypton: 1, Nobelium: 1). Button 2 has only been pulled twice with rewards 79 (Trial 4) and 72 (Trial 10) under this exact context, yielding a high average reward of 75.5. Buttons 0, 1, and 3 have either not been pulled in this context or have lower/inconsistent averages in related contexts. Button 2 seems promising for this specific context, so I will exploit this by choosing it again.",72,A,B,C,D
13,LLM_Gemini_3_Flash,41,-1,1,1,2,C,1,exploit,0,"The current context is (M=-1, K=1, N=1). Button 2 has only been pulled twice, both times under this exact context, yielding rewards of 79 (Trial 4) and 72 (Trial 10) and 72 (Trial 40). The average is 74.33. Button 1 has been heavily explored across many contexts, showing strong performance when K=1 and N=-1, but less consistent when N=1. Given that Button 2 has shown high, consistent rewards specifically for the current context, it is the most promising option to exploit now, pending further data on other arms in this specific context.",86,A,B,C,D
13,LLM_Gemini_3_Flash,42,1,-1,-1,1,B,0,exploit,0,"The current context is (M:1, K:-1, N:-1). Button 1 has been overwhelmingly played (33 times) and consistently yields high rewards (average ~65.9) in contexts where M=1, regardless of K and N. Specifically, in the context (M:1, K:-1, N:-1), Button 1 has yielded rewards of 53, 46, 53, 50. Given the high frequency and strong performance of Button 1 under similar conditions, choosing Button 1 is the highest probability exploitation move, even though the exact mapping is unknown.",48,A,B,C,D
13,LLM_Gemini_3_Flash,43,-1,1,-1,1,B,1,exploit,0,"Button 1 has been heavily sampled (34 times) and consistently yields high rewards (average around 66.6) when the context is [M: 1, K: 1, N: -1] (average around 79.5 over 11 trials) or when other contexts are sampled, suggesting it maps to a high-yielding planet. Given the current context [M: -1, K: 1, N: -1], Button 1 has been pulled 6 times yielding an average of 71.8. This is the most explored arm with the highest observed average reward under this specific context, making exploitation the best strategy for trial 43.",83,A,B,C,D
13,LLM_Gemini_3_Flash,44,-1,1,1,1,B,0,exploit,0,"Button 1 has been heavily favored in previous trials (33 times) and consistently yields high rewards (average ~70-80) across various contexts, suggesting it maps to a high-reward planet or one whose rewards are frequently stimulated. For the current context (-1, 1, 1), Button 1 has been chosen 6 times with rewards: 48, 50, 48, 83, 79, 72 (Avg: 64.5). Button 2 has also been chosen for this exact context twice (rewards 79, 72, Avg: 75.5). Given the overall high performance of Button 1 and the fact that the context (-1, 1, 1) is one that Button 1 has seen before, I will continue to exploit Button 1 as it has the most data, though Button 2 is a close contender for this specific context based on limited data. Since Button 1 is the primary high-performing arm, I stick with it for exploitation.",53,A,B,C,D
13,LLM_Gemini_3_Flash,45,1,-1,1,1,B,0,exploit,0,"Button 1 has been chosen 30 times and has the highest average reward (approx 68.0) and is heavily explored. For the current context (M=1, K=-1, N=1), Button 1 yielded rewards of 79, 20, 46, 48 in previous instances. The overall high performance of Button 1 suggests it is the best option, particularly since it was the most frequently selected arm, indicating a persistent high reward or successful early exploration. I will exploit this learned best arm.",16,A,B,C,D
13,LLM_Gemini_3_Flash,46,1,-1,1,1,B,0,exploit,0,"Button 1 has been played 32 times and shows a high average reward (around 65.7) but also high variance. Analyzing the 16 trials where context was (1, -1, 1), Button 1 yielded rewards: 79, 20, 46, 16. Analyzing the 15 trials where context was (1, 1, -1), Button 1 yielded rewards averaging 79.1. The current context is (1, -1, 1). The average reward for Button 1 in this specific context across previous trials is (79+20+46+16)/4 = 40.25. Button 0 (average 81.0) and Button 2 (average 78.3) show higher average rewards in other contexts. Button 1 is highly sensitive to context, being high when Krypton=1 and low when Krypton=-1 (in this context). Given the dense history for Button 1, I will continue exploiting it as it has been the most frequently pulled arm, and I have a reasonable estimate for this context, even if the overall average is lower than other arms in other contexts. However, re-evaluating based on the high consistency when Krypton=1 and Nobelium=-1 (average ~79.3), Button 1 seems consistently good when M=1, K=1, N=-1. For the current context (1, -1, 1), Button 0 had a reward of 79 (Trial 2) and 83 (Trial 30), suggesting it might be better for this specific state (1, -1, 1). Button 3 had rewards 49 and 59 for context (1, -1, 1) across trials 23 and 24. Button 1's average for (1, -1, 1) is 40.25. I will switch to Button 0 as it has provided the highest reward (79, 83) for the exact current context (1, -1, 1).",18,A,B,C,D
13,LLM_Gemini_3_Flash,47,1,1,-1,1,B,1,exploit,0,"Button 1 has been overwhelmingly chosen (35 times) and consistently yields high rewards (Average reward for context [1, 1, -1] on Button 1 is ~78.3) when Mercury=1, Krypton=1, Nobelium=-1. This context matches the current one, making Button 1 the highest probability best choice.",84,A,B,C,D
13,LLM_Gemini_3_Flash,48,1,-1,-1,1,B,0,exploit,0,"Button 1 has been played 30 times and consistently yields high rewards (average near 65) when Mercury=1 and Krypton=1 (79.6 average across 10 plays). In the current context (M=1, K=-1, N=-1), Button 1's average reward is 49.8 (10 plays). Button 0 and 2 show high variance but Button 1 appears to be the most reliably high-performing arm so far, and given the context, its historical average suggests it's the best current bet, especially since Button 3 has only been pulled 3 times and its average (52.3) is close to Button 1's in this specific context, but Button 1 has far more data.",54,A,B,C,D
13,LLM_Gemini_3_Flash,49,-1,1,1,2,C,1,exploit,0,"The current context is M=-1, K=1, N=1. Button 2 has only been chosen twice, both times with this exact context, yielding rewards of 79 (Trial 4) and 72 (Trial 10) and 72 (Trial 40) and 86 (Trial 41). The average is (79+72+72+86)/4 = 77.25. Button 1 is heavily explored but yields variable/low rewards in this context (e.g., 48, 50, 53). Button 2 seems to be performing very well for this specific context, suggesting it corresponds to a planet that rewards M=-1, K=1, N=1 highly. I will exploit this apparent high reward.",87,A,B,C,D
13,LLM_Gemini_3_Flash,50,1,1,-1,1,B,1,exploit,0,"Button 1 has been heavily explored (35 times) and consistently yields high rewards (average ~66.7) when the context is [1, 1, -1]. Since the current context is [1, 1, -1], exploiting this known good arm is the best strategy, despite other arms being less explored.",79,A,B,C,D
14,LLM_Gemini_3_Flash,1,1,1,-1,0,B,1,explore,1,"Since there is no history, all arms are equally unknown. I will start by pulling arm 0 to begin gathering data and estimating the reward function for the corresponding planet under the current context (1, 1, -1).",78,B,D,C,A
14,LLM_Gemini_3_Flash,2,1,-1,1,1,D,0,explore,1,"Only one trial has been executed, providing very limited information. The current context is (Mercury=1, Krypton=-1, Nobelium=1). Since I have only observed Button 0, I must explore another button to gather data about the reward structure of the other three unknown planets/arms. I will choose Button 1 for exploration.",55,B,D,C,A
14,LLM_Gemini_3_Flash,3,1,-1,1,1,D,0,exploit,0,"Button 1 was chosen in Trial 2 with context (1, -1, 1) and yielded a reward of 55. The current context is identical to Trial 2. Since Button 1 provided a decent reward on this exact context previously, I will exploit this knowledge and choose Button 1 again, assuming the mapping and reward structure are consistent.",41,B,D,C,A
14,LLM_Gemini_3_Flash,4,1,-1,1,1,D,0,exploit,0,"Button 1 has yielded rewards of 55 and 41 in the current context (Mercury=1, Krypton=-1, Nobelium=1). Since this is the only context observed more than once, and Button 1 has been played twice here, it is currently the most promising option. I will exploit this early evidence, assuming Button 1 corresponds to a planet that performs well under these specific conditions.",49,B,D,C,A
14,LLM_Gemini_3_Flash,5,-1,-1,1,1,D,0,exploit,0,"Button 1 has been chosen 3 times in a row with the exact same context (M=1, K=-1, N=1), yielding rewards of 55, 41, and 49. The average reward for this context on Button 1 is (55+41+49)/3 = 48.33. Since Button 1 has shown high, consistent returns for this specific context, and we have no information on other buttons or other contexts, exploiting this known good option seems optimal for the short term. The current context (M=-1, K=-1, N=1) is different, but Button 1 is the only button whose reward profile is somewhat characterized.",72,B,D,C,A
14,LLM_Gemini_3_Flash,6,-1,-1,1,1,D,0,exploit,0,"Button 1 has been chosen 4 times previously in contexts highly similar to the current one (last 3 trials: M=1, K=-1, N=1; Current: M=-1, K=-1, N=1) and yielded high rewards (55, 41, 49, 72 for the last occurrence). Given the immediate history suggests Button 1 performs well under these conditions (or Button 1 maps to a planet that performs well), I will exploit this promising option for the current context, which is identical to the context in Trial 5 where Button 1 yielded 72.",46,B,D,C,A
14,LLM_Gemini_3_Flash,7,1,-1,1,1,D,0,exploit,0,"Button 1 has been chosen 5 times in contexts where (Mercury=1, Krypton=-1, Nobelium=1) or similar contexts, yielding rewards of 55, 41, 49, 72, 46. The average reward for Button 1 under similar high-signal conditions is around 52.6. Since the current context (Mercury=1, Krypton=-1, Nobelium=1) exactly matches three of the previous trials where Button 1 was chosen, and we have very little data on Buttons 0, 2, and 3, exploiting the seemingly best-performing button for this specific context is the optimal short-term strategy. Button 0 only has one data point (reward 78) under a different context.",56,B,D,C,A
14,LLM_Gemini_3_Flash,8,1,1,-1,2,C,0,explore,1,"Button 1 has been heavily played (6 times) with varying rewards (avg ~53.5), suggesting it might be a volatile arm or that the true best arm hasn't been identified yet. Buttons 0, 2, and 3 have only been played once (Button 0) or not at all. Since the current context (M=1, K=1, N=-1) is unique compared to previous contexts (except Trial 1 for Button 0), and we need to gather more data on other arms, I will choose an unplayed arm (Button 2) to explore potential high-reward mappings, as Button 1's performance is not definitively superior across all observed contexts.",23,B,D,C,A
14,LLM_Gemini_3_Flash,9,-1,1,1,1,D,0,exploit,0,"Button 1 has been pulled 6 times, showing average rewards of 55.0, 41.0, 49.0, 72.0, 46.0, and 56.0 (Average: 54.67). Button 0 and 2 have only been pulled once each. Given the high frequency of choices for Button 1, I will exploit this arm, as the current context (-1, 1, 1) has not yet been tested against it. However, given the limited data across all arms, exploiting the most tested arm for now seems the most reasonable approach until more data is gathered.",53,B,D,C,A
14,LLM_Gemini_3_Flash,10,-1,1,-1,3,A,0,explore,1,"Button 3 has never been pulled. Given the limited data across buttons 0, 1, and 2 (which suggest highly variable rewards, especially for button 1), it is crucial to gather information on button 3 before settling on an exploitation strategy. The current context is M=-1, K=1, N=-1.",24,B,D,C,A
14,LLM_Gemini_3_Flash,11,-1,-1,1,1,D,0,exploit,0,"Button 1 has been pulled 7 times, yielding rewards averaging around 55. The context for the last pull of Button 1 (trials 2, 3, 4, 7) was (M:1, K:-1, N:1), yielding rewards 55, 41, 49, 56 (Avg: 50.25). The context for the pulls of Button 1 in trials 5 and 6 was (M:-1, K:-1, N:1), yielding 72 and 46 (Avg: 59). The current context is (M:-1, K:-1, N:1), which matches the context from trials 5 and 6 where Button 1 performed well (Avg: 59). Given the high frequency and reasonable average performance of Button 1, and the direct match with a previously experienced high-reward context, exploiting Button 1 is the current best strategy.",48,B,D,C,A
14,LLM_Gemini_3_Flash,12,-1,1,-1,1,D,0,exploit,0,"Button 1 has been pulled 8 times, receiving rewards ranging from 41 to 72 (Average ~55.38). Button 1 was pulled 4 times in context (M=1, K=-1, N=1) with rewards 55, 41, 49, 56 (Avg 49.75) and 3 times in context (M=-1, K=-1, N=1) with rewards 72, 46, 48 (Avg 55.33). Given that this button has been heavily explored and seems to provide consistently decent rewards, I will exploit it for the current context (M=-1, K=1, N=-1). Although this specific context has only been seen once with Button 3 (Reward 24), Button 1 is the most frequently and consistently high-performing arm so far, justifying exploitation until other arms yield significantly better data for the current context state.",48,B,D,C,A
14,LLM_Gemini_3_Flash,13,-1,1,1,1,D,0,exploit,0,"Button 1 has been pulled 9 times and consistently yields the highest rewards (Avg ~54.1), suggesting it maps to a high-reward planet. Given the current context (-1, 1, 1), Button 1 previously yielded 53 in Trial 9. Since Button 1 is the most experienced and most rewarding arm so far, I will exploit it. The other buttons have yielded low rewards when pulled.",49,B,D,C,A
14,LLM_Gemini_3_Flash,14,-1,1,1,3,A,0,exploit,0,"Button 1 has been pulled 10 times, yielding an average reward of 51.33. Buttons 0, 2, and 3 have been pulled only once each. The current context (M:-1, K:1, N:1) was previously pulled with Button 1 in trials 9 and 13, yielding rewards 53 and 49 (Avg: 51.0). However, Button 3 was pulled once (Trial 10) in context (M:-1, K:1, N:-1) yielding 24. Given the high frequency and stable (though mediocre) performance of Button 1, and the lack of sufficient data for others, I will stick to Button 1's best observed context for now, but since the current context (M:-1, K:1, N:1) for Button 1 gave 51.0 average, I will choose Button 3 to explore its potential, as it has only been pulled once in a different context (low reward of 24). Wait, I need to re-evaluate. Button 1 seems highly visited, suggesting it might map to a frequently occurring context. Given the ambiguity, and the fact that Button 1 has a decent history, I will stick with Button 1 as the default best guess among explored arms unless a clear better option emerges. 
Revisiting: The current context (M:-1, K:1, N:1) has been associated with Button 1 giving ~51. I will choose Button 3 (the least explored arm) to see if it maps to a better context, as exploration is still necessary, even if Button 1 seems reliable for *that specific* context. Since I have no data for the current context on Buttons 0, 2, or 3, I will prioritize exploring Button 3 as it hasn't been used much yet (only once in a different context).
Correction based on available data: Button 1 is the most sampled arm (10/13 trials). Its average reward is 51.33. Button 3 has only one data point (24) under a different context. Since Button 1 has provided consistent, if not spectacular, results for similar contexts, and I have very little information on the other arms, an exploratory move to Button 3 is warranted to gather data on this specific context (-1, 1, 1) if it maps to Button 3.
Final Decision: Stick with the best-sampled arm (Button 1) for the current context, as its average is the most robust estimate available for similar situations. I will choose Button 1. 
Wait, the current context (-1, 1, 1) was Button 1 in trial 9 (53) and trial 13 (49). Average 51.0.
Button 3 has only been tested once in a completely different context (-1, 1, -1) yielding 24. I will choose Button 3 (Explore) to test a completely new arm in the current context.
Let's go with Button 3 for exploration of a different arm under the current context.",25,B,D,C,A
14,LLM_Gemini_3_Flash,15,1,1,-1,0,B,1,explore,1,"Button 0 has only been pulled once (Trial 1) in the current context [1, 1, -1] and yielded 78. Buttons 1, 2, and 3 have been pulled more often in different contexts, and Button 1 seems heavily explored with highly variable, but generally mid-range, rewards in other contexts. Given that Button 0's single observation is relatively high (78) for this specific context, and it has the least history overall, I will choose to re-explore it to confirm its performance under these strong signals before committing to exploiting other buttons which have shown volatility or lower average returns across contexts. Button 2 and 3 also have little history.",73,B,D,C,A
14,LLM_Gemini_3_Flash,16,-1,1,1,1,D,0,exploit,0,"Button 1 has been played 10 times, yielding an average reward of 50.2. Button 0 was played twice with an average of 75.5. Button 2 once (23), and Button 3 twice (24.5). Given the current context (-1, 1, 1), Button 1 has provided a relatively consistent, decent reward in the past (e.g., trials 9, 13 show high rewards for this specific context). I will exploit Button 1 as it has the most data and the current context has been observed multiple times resulting in rewards around 50, which is better than the alternatives seen so far, except for Button 0, which has only been sampled twice and not in the current context.",49,B,D,C,A
14,LLM_Gemini_3_Flash,17,1,1,-1,3,A,0,exploit,0,"Button 1 has been played 12 times, mostly in contexts where Mercury=-1, showing an average reward around 49-55, except for one high outlier (72). Button 0 (played twice) has an average reward of 75.5 in the current context [1, 1, -1]. Button 2 was played once in context [1, 1, -1] yielding 23. Button 3 was played twice in context [-1, 1, -1] yielding an average of 24.5. The current context is [1, 1, -1]. Button 0 yielded 78 and 73 in this exact context on trials 1 and 15. Therefore, Button 0 (which is likely Planet A or B) appears to be the best option for this specific context based on previous high returns.",54,B,D,C,A
14,LLM_Gemini_3_Flash,18,-1,1,1,1,D,0,exploit,0,"Button 1 has been pulled 10 times, mainly under contexts where Mercury=-1 and Krypton/Nobelium vary, or Mercury=1/Krypton=-1/Nobelium=1. The average reward for Button 1 is (55+41+49+72+46+56+48+49+48+49)/10 = 51.3. Button 0 has high rewards (78, 73) when Mercury=1, Krypton=1, Nobelium=-1. Button 2 had one low reward (23) when Mercury=1, Krypton=1, Nobelium=-1. Button 3 has mixed results (24, 25, 54) under various contexts. The current context is Mercury=-1, Krypton=1, Nobelium=1. Button 1 was pulled 5 times in this exact context, yielding an average of (53+49+48+49)/4 = 49.75 (Trial 9, 13, 14 (as button 3), 16). Given the strong history of Button 1 being pulled frequently, and observing the highest average reward for this specific context, I will exploit Button 1. The history suggests Button 1 is frequently associated with the context that includes Mercury=-1 and Krypton=1, Nobelium=1.",53,B,D,C,A
14,LLM_Gemini_3_Flash,19,-1,-1,1,1,D,0,exploit,0,"Button 1 has been played 12 times, mostly under the context (Mercury: -1, Krypton: -1, Nobelium: 1) where it yielded an average reward of 51.33, or similar contexts. The current context is (Mercury: -1, Krypton: -1, Nobelium: 1), which matches the most frequent context for Button 1. Buttons 0, 2, and 3 have few plays or inconsistent results across contexts, making Button 1 the current best exploit choice based on observed history for this specific context. Since Button 1 has been frequently pulled in this exact context, I will exploit this strong local evidence.",54,B,D,C,A
14,LLM_Gemini_3_Flash,20,-1,-1,1,1,D,0,exploit,0,"Button 1 has been pulled 13 times, mostly under the context {M:-1, K:-1, N:1} (6 times, avg reward 52.0) or contexts similar to the current one {M:?, K:?, N:1}. The average reward for Button 1 is around 49.8, which is significantly higher than the average reward for Button 0 (75.5, but only pulled twice with a specific context), Button 2 (23.0, pulled once), and Button 3 (24.7, pulled twice). For the current context {M:-1, K:-1, N:1}, Button 1 has yielded rewards like 72, 46, 54, 48, suggesting it is either the best performer in this scenario or the planet mapped to Button 1 is generally high-yielding. Given the strong history for Button 1 in similar contexts, I will exploit it now.",57,B,D,C,A
14,LLM_Gemini_3_Flash,21,1,-1,1,1,D,0,exploit,0,"Button 1 has been heavily explored (15 times) primarily under the context (M=-1, K=-1, N=1) or (M=-1, K=1, N=1) or (M=1, K=-1, N=1). The average reward for Button 1 in the current context (M=1, K=-1, N=1) is (55+41+49+56)/4 = 49.75. Other buttons have very few observations, but Button 1 appears to be consistently high-yielding in contexts involving K=-1. I will exploit the learned average for the current context based on past observations involving similar contexts for Button 1.",50,B,D,C,A
14,LLM_Gemini_3_Flash,22,-1,1,-1,0,B,1,exploit,0,"Button 1 has been pulled 16 times and seems to have moderate rewards (avg approx 50.9). Buttons 0, 2, and 3 have been pulled few times. For the current context (-1, 1, -1):
Button 0 has only been pulled when context was (1, 1, -1) twice, yielding rewards 78 and 73 (avg 75.5).
Button 2 was pulled once with context (1, 1, -1) yielding 23. This context is different from the current one.
Button 3 was pulled once with context (-1, 1, -1) yielding 24. This matches the current context.
Button 1 was pulled once with context (-1, 1, -1) yielding 48.

Given the high historical average for Button 0 in a similar context (1, 1, -1) and the low reward from Button 3 in the exact current context (-1, 1, -1) (reward 24), I will choose Button 0 as it shows the highest potential reward so far, prioritizing potential high reward over the single data point from Button 3 in the exact current context. This leans towards exploitation based on observed high reward points.",81,B,D,C,A
14,LLM_Gemini_3_Flash,23,1,-1,1,1,D,0,exploit,0,"Button 1 has been played 16 times and shows a relatively stable average reward of approximately 51.5 (Sum: 824 / 16). Buttons 0, 2, and 3 have been played far less often (3, 1, and 2 times, respectively) and show higher variance or lower average rewards when considering their specific contexts. The current context (M=1, K=-1, N=1) has been played 5 times on Button 1, yielding rewards (55, 41, 49, 56, 50) with an average of 50.4. Given the extensive data on Button 1, exploiting this established average is the best strategy for the current trial, as the evidence suggests Button 1 is likely a high-performing arm overall, or at least predictable in this context.",47,B,D,C,A
14,LLM_Gemini_3_Flash,24,1,1,-1,0,B,1,exploit,0,"The current context is (Mercury=1, Krypton=1, Nobelium=-1). Button 0 has only been pulled twice under this exact context in trials 1 and 15, yielding rewards of 78 and 73, averaging 75.5. Button 2 was pulled once in this context (trial 8) yielding 23, suggesting Button 2 might be a low-reward arm in this scenario, or it maps to a different planet than Button 0. Button 1 has been pulled many times but mostly under different contexts. Given the high historical average for Button 0 specifically in the current context, I will exploit this potential pattern until more data refutes it, treating Button 0 as the best current option based on direct evidence for this context.",80,B,D,C,A
14,LLM_Gemini_3_Flash,25,-1,1,1,0,B,0,error,0,Error: 'NoneType' object has no attribute 'arm_choice',48,B,D,C,A
14,LLM_Gemini_3_Flash,26,-1,1,-1,3,A,0,exploit,0,"Button 1 has been pulled 17 times, mostly in contexts where Mercury=-1 and Krypton=1 (or similar) with an average reward around 50. Button 0 has been pulled 5 times, showing high rewards (73-81) when Mercury=1 and Krypton=1 and Nobelium=-1. Button 2 has only been pulled once (reward 23) for context (M=1, K=1, N=-1). Button 3 has been pulled twice with low rewards (24, 25) for context (M=-1, K=1, N=-1). 

The current context is (Mercury: -1, Krypton: 1, Nobelium: -1). 
Button 3 received rewards of 24 and 25 in this exact context. Button 1 received 48 in this context (Trial 12). Button 0 received 81 in context (M=-1, K=1, N=-1) at Trial 22, which matches the current context.

Recalculating Button 0 historical pulls for context (M=-1, K=1, N=-1):
Trial 22: Button 0, Reward 81. (Context M=-1, K=1, N=-1)

Recalculating Button 3 historical pulls for context (M=-1, K=1, N=-1):
Trial 10: Button 3, Reward 24. (Context M=-1, K=1, N=-1)

Recalculating Button 1 historical pulls for context (M=-1, K=1, N=-1):
Trial 12: Button 1, Reward 48. (Context M=-1, K=1, N=-1)

Based on the direct observation for the current context (M=-1, K=1, N=-1):
- Button 0 yielded 81 (1 observation).
- Button 1 yielded 48 (1 observation).
- Button 3 yielded 25 (average of 1 observation).

Button 0 appears to be the best choice for the current context based on limited but direct evidence. I choose Button 0.",21,B,D,C,A
14,LLM_Gemini_3_Flash,27,1,-1,-1,0,B,0,exploit,0,"Button 1 has been played 17 times, mostly yielding rewards in the 40s-50s range, suggesting it might be a moderate-yield planet or highly context-dependent with lower payoffs under the most explored contexts. Buttons 0, 2, and 3 have few plays. 

For the current context (M=1, K=-1, N=-1):
- Button 0 was played twice in this context (or similar: T1: M=1, K=1, N=-1; T24: M=1, K=1, N=-1) and yielded high rewards (78, 80). T1 and T24 both share M=1 and N=-1 with the current context, and differ only by Krypton (K=1 vs K=-1). T22 (M=-1, K=1, N=-1) gave 81 for button 0. This suggests Button 0 is likely the high-reward planet (Planet A or B) when Mercury is on (1), especially when Nobelium is off (-1).
- Button 1 has no plays in this exact context, but its average rewards (around 51) are lower than Button 0's best results.
- Button 2 was played once (T8) in context (M=1, K=1, N=-1) yielding 23.
- Button 3 was played once (T10) in context (M=-1, K=1, N=-1) yielding 24.

Given the high rewards associated with Button 0 when Mercury is 1 (T1, T15, T24 all show high rewards >73 for Button 0 when M=1, N=-1), I will exploit by choosing Button 0, as the current context (M=1, K=-1, N=-1) is close to contexts where Button 0 performed very well.",51,B,D,C,A
14,LLM_Gemini_3_Flash,28,1,1,-1,0,B,1,exploit,0,"Button 0 has consistently provided high rewards (Avg ~68) across the three times it was played in the context (Mercury=1, Krypton=1, Nobelium=-1) (Rewards: 78, 73, 80). Button 2 has only been played once (Reward: 23) under this context, making Button 0 the most reliable high-reward option observed for this specific context. I will exploit this finding.",82,B,D,C,A
14,LLM_Gemini_3_Flash,29,-1,1,-1,0,B,1,exploit,0,"Analyzing past data: Button 0 has only been played when Context C1 (M=1, K=1, N=-1) appeared (4 times, Avg Reward $\approx 79.5$) or Context C2 (M=-1, K=1, N=-1) appeared (2 times, Avg Reward $\approx 66.0$) or Context C3 (M=1, K=-1, N=-1) appeared (1 time, Avg Reward $\approx 51.0$). Button 1 has been played very frequently (17 times, Avg Reward $\approx 50.3$) across various contexts, suggesting it might correspond to a planet with generally moderate rewards or a highly variable one. Button 2 only once (Reward 23). Button 3 has been played 4 times (Avg Reward $\approx 24.7$) across two contexts (C4: M=-1, K=1, N=1; C5: M=1, K=1, N=-1).

The current context is C6: (M=-1, K=1, N=-1). This exact context appeared in Trial 10 (Button 3, Reward 24) and Trial 26 (Button 3, Reward 21), suggesting Button 3 might map to a planet whose reward is low under this configuration (Avg $\approx 22.5$).

However, context C2 (M=-1, K=1, N=-1) is almost identical to the current context C6, only differing in Nobelium (C2 N=1, C6 N=-1).

Crucially, context C2 (M=-1, K=1, N=-1) was played for Button 0 in Trial 22, yielding a high reward of 81. Context C1 (M=1, K=1, N=-1) was played for Button 0 in Trials 1, 15, 17, 24, 28, yielding high rewards (Avg $\approx 79.5$). Given that Button 0 seems strongly associated with high rewards when Mercury and Krypton are positive (C1) or when Mercury is negative and Krypton is positive (C2/C6 context family), and the current context is C6 (M=-1, K=1, N=-1), which is close to C2 where Button 0 performed very well (Reward 81), Button 0 is the primary candidate for exploitation.

Since Button 0 has consistently shown high rewards when K=1 and N=-1 (regardless of M's sign, if we consider Trial 22 vs Trial 17/24/28), and this context (M=-1, K=1, N=-1) falls into this group, I choose to exploit Button 0.",89,B,D,C,A
14,LLM_Gemini_3_Flash,30,-1,-1,1,0,B,0,exploit,0,"Button 0 has shown high rewards (average ~66.5) only when the context is (M=1, K=1, N=-1) [Avg: 79.25] or (M=-1, K=1, N=-1) [Avg: 85.0], suggesting it might map to a planet sensitive to these states. The current context is (M=-1, K=-1, N=1). Button 1 has been played 13 times with an average reward of ~50.8, showing consistency. Button 2 was played only once (Reward 23) for context (M=1, K=1, N=-1). Button 3 has low rewards (average ~23.8) when context is (M=-1, K=1, N=-1) or (M=-1, K=1, N=1). Given the lack of data for Button 0 in the current context (M=-1, K=-1, N=1), and Button 1's consistent moderate performance, I must re-evaluate based on the current context (M=-1, K=-1, N=1).

Button 1 has been played 6 times in this exact context, yielding rewards [72, 46, 54, 57, 48, 55] (using T2, T3, T4, T7 for T1, T5, T6, T7). Wait, history shows Button 1 was played 6 times for this context, with rewards: [72, 46, 54, 57, 48, 55] -> this is an error in manual tracking of history. Let's use the provided history directly for context (M=-1, K=-1, N=1):
Trial 5 (B=1, R=72)
Trial 6 (B=1, R=46)
Trial 11 (B=1, R=48)
Trial 19 (B=1, R=54)
Trial 20 (B=1, R=57)
Average for B1 in current context: (72+46+48+54+57)/5 = 55.4 (Trial 6 was an outlier, let's recheck trial 6 context: M=-1, K=-1, N=1. Yes it was 46). 
Average for B1 in current context: (72+46+48+54+57) / 5 = 55.4.

Button 0: Played 6 times, average 66.5. (Rewards 78, 73, 80, 51, 82, 89)
Button 1: Played 13 times, average 50.8.
Button 2: Played 1 time, reward 23.
Button 3: Played 4 times, average 23.75.

There is no history for Button 0 in the current context (M=-1, K=-1, N=1).

However, Button 0 has the highest overall mean reward (66.5). Since Button 1 has been heavily explored in this context (5 plays, avg 55.4), and Button 0 is the highest overall performer, I will explore Button 0 to see if it performs well in this context, as it might be the best planet overall. Since this is trial 30, I favor exploitation, but Button 0 is under-represented for this specific context. 

Revisiting strategy: Button 1 is the only button with significant history in this exact context (5 plays, Avg 55.4). Button 0 has the highest overall mean (66.5) but zero plays in this context. Button 2 and 3 have very low overall means. Exploiting Button 1 (Avg 55.4) is safer than blindly trying Button 0 (Best overall Avg 66.5, but unknown context payoff). Given the high frequency of plays on Button 1 in this context, it suggests a strong correlation if the mapping is stable. I will exploit Button 1 based on strong local evidence.

Wait, I must choose the *best* button. Button 0 has the highest *overall* mean. I will choose Button 0 to gather data for the current context, as it is the highest potential reward arm overall, thus it's a calculated risk/explore choice. Let's stick to exploitation based on the strongest local evidence (Button 1).

Final Decision: Button 1 has the strongest observed average reward for this exact context (55.4 over 5 trials). I choose to exploit this finding.",18,B,D,C,A
14,LLM_Gemini_3_Flash,31,-1,1,1,0,B,0,exploit,0,"Button 0 has been strongly associated with high rewards (average ~75.7) when Mercury is 1, especially in combination with other contexts tested. In the current context (M=-1, K=1, N=1), Button 0's average reward (for M=-1, K=1, N=1, which appeared three times) is (48+48+89)/3 = 61.67, while Button 1's average for the same context is (53+49+49+53+54+57+50+47)/8 = 51.38. Button 3's only appearance in a similar context (M=-1, K=1, N=-1) yielded 21, and another (M=-1, K=1, N=1) yielded 25. Button 2 has only been pulled once with low reward (23). Button 0 appears to have the highest general potential and a reasonable expected reward for the current context based on past pulls in that specific context.",56,B,D,C,A
14,LLM_Gemini_3_Flash,32,-1,1,-1,0,B,1,exploit,0,"Button 0 has consistently yielded high rewards (average ~67.4) across various contexts, especially when Mercury=-1 and Krypton=1 (average ~85.5 for the last 3 occurrences). Given the current context (Mercury=-1, Krypton=1, Nobelium=-1), Button 0 is the most promising choice based on past high-value observations associated with this context/button combination.",72,B,D,C,A
14,LLM_Gemini_3_Flash,33,1,-1,-1,0,B,0,exploit,0,"The current context is (M=1, K=-1, N=-1). Button 0 has been played 10 times across various contexts, yielding high average rewards, especially in contexts involving M=1 or K=-1. Specifically, Button 0 was played 3 times with (M=1, K=1, N=-1) averaging ~77.7, once with (M=1, K=-1, N=-1) yielding 51, and twice with (M=-1, K=1, N=-1) averaging ~80.5. Given the current context (1, -1, -1), Button 0 seems to be associated with high rewards when Mercury is 1. Buttons 1, 2, and 3 have either not been played in this specific context or have shown lower overall rewards (Button 1 average ~50.7, Button 3 average ~34.6). Button 2 has only one data point in a very different context (1, 1, -1) yielding 23. Based on the historical data, Button 0 is the most promising choice for exploitation in the current context (1, -1, -1).",49,B,D,C,A
14,LLM_Gemini_3_Flash,34,1,-1,1,0,B,0,exploit,0,"Button 0 has shown very high rewards (average ~69.7) specifically when context is (1, 1, -1) or (1, -1, -1) or (-1, 1, -1) or (-1, 1, 1). The current context (1, -1, 1) has only been sampled once with Button 1 (reward 55). Given Button 0's history of high variance but high potential, and observing Button 1's consistently moderate rewards (average ~51.1) across many samples, Button 0 remains the most likely candidate for the highest reward in the current context (1, -1, 1) compared to the average performance of Button 1 in this context. Since Button 0 has yielded the highest reward (89) in the past under a similar context (-1, 1, -1), I will exploit Button 0, hoping it corresponds to a high-value planet configuration for (1, -1, 1).",22,B,D,C,A
14,LLM_Gemini_3_Flash,35,1,-1,-1,2,C,0,explore,1,"Button 2 has only been pulled once (Trial 8) with a very low reward (23) under context (1, 1, -1). Button 0 seems to be associated with high rewards when Mercury=1, Krypton=1, Nobelium=-1 (Avg ~79.6), and also when Mercury=-1, Krypton=1, Nobelium=-1 (Avg ~79.0). Button 1 has highly variable rewards across many contexts. Since Button 2 is the least explored, I will choose it in the current context (1, -1, -1) to gather more information, as Button 0 might be highly context-dependent, and Button 1 is too variable. This choice is exploratory.",20,B,D,C,A
14,LLM_Gemini_3_Flash,36,1,-1,1,1,D,0,exploit,0,"Button 1 has been heavily sampled (21 times) primarily under the context C={M:-1, K:1, N:1} (10 times, avg 51.6) and C={M:1, K:-1, N:1} (6 times, avg 51.1). For the current context C={M:1, K:-1, N:1}, Button 1 yielded rewards of 55, 41, 49, 56, 47, 50. The average reward for Button 1 under this exact context is 49.5. Button 0 shows very high rewards (avg ~75) when context is {M:1, K:1, N:-1} (4 times) and high rewards (avg ~67) when M=-1, K=1, N=-1 (3 times). Button 3 seems lower value (avg ~23). Given the high frequency of play and moderate observed rewards for Button 1 under similar contexts to the current one, and the lack of data for Button 1 under the current specific context since trial 7, exploiting the established mean for Button 1 in this specific context (49.5) is preferred over exploring other arms where data is sparse or known to be highly context-dependent and potentially lower for the current state.",46,B,D,C,A
14,LLM_Gemini_3_Flash,37,-1,1,1,0,B,0,exploit,0,"Button 0 has a high average reward (mean approx 63.5) but seems highly dependent on context. Specifically, when context is (M=-1, K=1, N=-1) or (M=1, K=1, N=-1), Button 0 yields high rewards (89, 72, 81, 82). The current context is (M=-1, K=1, N=1). Button 0 has been played 11 times in this context configuration (including variations of K/N when M=-1), and the most recent result was 56. Button 1 shows lower, more stable rewards (mean approx 50.5) for contexts involving K=1, N=1. Given the high variability and strong signals for Button 0 when signals align similarly to this context (though N=1 here vs N=-1 in the highest payoff instances), Button 0 remains the most promising exploit choice based on observed high rewards, despite the current context being slightly different from the peak signals seen for Button 0.",53,B,D,C,A
14,LLM_Gemini_3_Flash,38,-1,1,1,0,B,0,exploit,0,"Button 0 has consistently yielded high rewards (average ~68.3) across various contexts, especially when Mercury=-1 (high rewards when M=-1, K=1, N=-1 or M=-1, K=-1, N=1). The current context is M=-1, K=1, N=1. Button 0 has previously performed well in contexts similar to this (e.g., T31: 56, T25: 48). Button 1's average reward is low (~50.7) and highly varied. Buttons 2 and 3 have very few observations. Given the strong performance of Button 0, exploiting it for the current context seems optimal.",54,B,D,C,A
14,LLM_Gemini_3_Flash,39,1,-1,-1,0,B,0,exploit,0,"Button 0 has been heavily tested, especially when Mercury=1 and Krypton=-1. The current context is (M=1, K=-1, N=-1). Button 0 has provided high rewards (average ~64 across 8 plays, including 49, 51, 81, 72, 49, 20, 49) when this specific context or similar contexts appear, suggesting it might correspond to a high-value planet under these conditions. Buttons 1, 2, and 3 lack sufficient data for this specific context, making Button 0 the most promising exploit choice based on accumulated evidence.",51,B,D,C,A
14,LLM_Gemini_3_Flash,40,-1,1,1,2,C,1,explore,1,"Button 2 has only been chosen once (Trial 35) with a low reward (20) under context (1, -1, -1). Button 3 has only been chosen twice (Trials 10, 14, 17, 26) with low rewards (24, 25, 54, 21, Avg=33.5). Buttons 0 and 1 are heavily explored and appear to be the high-reward planets for many contexts. Given the current context (-1, 1, 1), Button 1 has historically yielded high rewards (Avg ~51.7) when tried, but it's possible Button 2 or 3 are better suited for this specific context. Since Button 2 has the least data, I will explore it now, as it might correspond to a planet that performs very well under context (-1, 1, 1), which hasn't been tested for Button 2 yet. Button 0's historical average for this context is 52.8, and Button 1's is 50.6, so they are likely good, but exploration of the least-tested arm is prioritized when data is sparse.",66,B,D,C,A
14,LLM_Gemini_3_Flash,41,1,-1,1,0,B,0,exploit,0,"The current context is (Mercury: 1, Krypton: -1, Nobelium: 1). Button 0 has been played 17 times, Button 1 has been played 14 times, Button 2 has been played 3 times, and Button 3 has been played 3 times. Button 0 has shown the highest average reward (Avg: 59.82) across all contexts, and has a relatively high average reward (Avg: 47.6) in the specific context (1, -1, 1) across 5 trials, despite one low outlier (22). Given the high amount of data on Button 0 and its generally strong performance, especially in contexts similar to the current one, exploiting Button 0 is the best strategy now. Button 1 yields lower average rewards in similar contexts (Avg: 51.4 in context (1, -1, 1) across 5 trials).",17,B,D,C,A
14,LLM_Gemini_3_Flash,42,-1,1,1,0,B,0,exploit,0,"Button 0 has been pulled 19 times, yielding an average reward of 58.74. It seems highly rewarded when Mercury=-1 and Krypton=1 (Average 66.75 over 6 pulls for context [-1, 1, x]) or when Mercury=-1 and Krypton=-1 (Average 42.83 over 6 pulls for context [-1, -1, x]). For the current context [-1, 1, 1], Button 0 yielded 56 (Trial 31) and 53 (Trial 37, 38). Button 1 (avg 50.5) has been played too often in contexts that are not the current one, and its rewards are generally lower when compared to Button 0's high rewards. Button 2 (avg 37.75) and Button 3 (avg 35.5) have lower overall averages. Given the strong history suggesting Button 0 is often high-rewarding, especially when Mercury=-1, I will exploit Button 0 for the current context [-1, 1, 1], as it has previously performed reasonably well with this specific context (56, 53, 53).",50,B,D,C,A
14,LLM_Gemini_3_Flash,43,-1,1,1,0,B,0,exploit,0,"Button 0 shows consistently high rewards (average ~65.6) across various contexts, suggesting it maps to a high-reward planet, possibly one where rewards are less sensitive to context or one that frequently hits contexts yielding high rewards for its planet. Buttons 1, 2, and 3 show lower average rewards or higher variance. For the current context (Mercury=-1, Krypton=1, Nobelium=1), Button 0 has given high rewards in the past (56, 53, 54, 48, 50). Button 1 has given 53, 49, 49, 49, 57, 50, 46. Given the strong prior performance of Button 0 in similar or even identical contexts, exploiting Button 0 is the best strategy for maximizing immediate reward.",51,B,D,C,A
14,LLM_Gemini_3_Flash,44,1,-1,-1,2,C,0,exploit,0,"Button 0 has been heavily explored and shows very high rewards (average ~63.7) when Mercury=1, Krypton=-1, Nobelium=-1 (Contexts 27, 33, 39) or moderately high when Mercury=-1, Krypton=1, Nobelium=-1 (average ~68.6). Button 1 seems consistently low/medium in general when pulled (average ~50.4). Button 3 has only been pulled 3 times with low rewards (average ~30). Button 2 has been pulled twice: once with a very low reward (20) at [1, -1, -1] and once with a high reward (66) at [-1, 1, 1]. The current context is [1, -1, -1]. Button 0 yields high rewards (avg 60.3) for this specific context [1, -1, -1] across 4 trials (51, 49, 51, 51) if we consider the initial lower variance pulls might belong to a different button. However, looking at the consistent high rewards for Button 0 with this exact context (51, 49, 51, 51 -> Avg 50.5), Button 2's only pull at this context yielded 20. Given the strong historical performance of Button 0 (average reward across all pulls is ~54.6) compared to Button 2 (average reward across all pulls is ~43.0), Button 0 is statistically safer. Let's re-evaluate Button 0 vs Button 2 for the current context [1, -1, -1].

History for Context [1, -1, -1]:
- Button 0: Pulled 4 times. Rewards: 51 (T27), 49 (T33), 51 (T39), 20 (T35 - Wait, T35 context is [1, -1, -1] but button chosen was 2). Button 0 pulls for [1, -1, -1]: 51 (T27), 49 (T33), 51 (T39). Average = 50.33.
- Button 2: Pulled 1 time. Reward: 20 (T35).

Button 0 has consistently yielded rewards around 50 for this specific context. Button 2 yielded 20. I will exploit Button 0 as it has the best evidence for this context, despite Button 2 having a higher observed variance across its few plays.
Wait, checking history again for [1, -1, -1]:
- T27: [1, -1, -1] -> Button 0, Reward 51.
- T33: [1, -1, -1] -> Button 0, Reward 49.
- T35: [1, -1, -1] -> Button 2, Reward 20.
- T39: [1, -1, -1] -> Button 0, Reward 51.

Button 0 average for this context: (51+49+51)/3 = 50.33
Button 2 average for this context: 20/1 = 20.0

Button 0 is the clear choice here based on available data for this specific context.

Re-checking the history for Button 2 to see if it's worth exploring again. It only has 2 plays total. If I decide Button 0 is well-mapped, I should explore the least played arm, Button 2 or 3. Since Button 2 has shown a very low reward (20) in the current context configuration, I should trust the data for the current context and choose Button 0 (Exploit). If Button 0's historical average was lower, I might explore Button 2 or 3.
Given the strong signal for Button 0 (avg 50.33) vs Button 2 (avg 20.0) specifically for [1, -1, -1], I choose 0.",16,B,D,C,A
14,LLM_Gemini_3_Flash,45,-1,1,-1,0,B,1,exploit,0,"Button 0 has been heavily tested, especially in the current context (M=-1, K=1, N=-1) across trials 10, 22, 29, 32. The rewards (24, 81, 89, 72) suggest Button 0 is highly rewarding for this context, likely corresponding to a planet with a strong positive correlation with K=1 when M=-1 and N=-1. Given the strong positive history for this exact context, exploiting Button 0 is the optimal choice.",80,B,D,C,A
14,LLM_Gemini_3_Flash,46,1,-1,-1,0,B,0,exploit,0,"The current context is M=1, K=-1, N=-1. Button 0 has been tried 18 times, mostly under this specific context or similar ones where M=1, K=1, N=-1 (high rewards around 70-80) or M=-1, K=1, N=-1 (high rewards around 70-89). Under the exact context (M=1, K=-1, N=-1), Button 0 yielded rewards of 51 (T33), 49 (T39), and 51 (T27). The average is around 50.3. Button 2 was played once under this context (T35) yielding 20, and once under M=1, K=-1, N=1 (T35) yielding 20. Button 1 and 3 have not been played under this exact context. Given the strong trend of Button 0 performing well when M=1 and K=-1 are present (even if N varies, or when M=-1, K=1, N=-1), I will exploit Button 0 as it has shown the most consistent high average reward (Avg ~65 across all trials, Avg ~50 under the exact context) compared to the single low results for Button 2 (Avg 18 across trials, 20 under similar context). I will exploit Button 0 for the current context (M=1, K=-1, N=-1) based on its observed history.",58,B,D,C,A
14,LLM_Gemini_3_Flash,47,1,-1,1,0,B,0,error,0,Error: 'NoneType' object has no attribute 'arm_choice',24,B,D,C,A
14,LLM_Gemini_3_Flash,48,1,-1,1,0,B,0,exploit,0,"The current context is (M=1, K=-1, N=1). 
Button 1 has been heavily tested with this context (8 times) yielding an average reward of (55+41+49+56+50+47+46)/8 (Trial 36 was 46, Trials 2,3,4,7,21,23,36,47). 
Let's re-calculate averages for the current context (M=1, K=-1, N=1):
Button 1: Trials 2, 3, 4, 7, 21, 23, 36, 47: Rewards: 55, 41, 49, 56, 50, 47, 46, 24. Average: 46.625 (8 trials).
Button 0: Trials 27, 33, 39, 41, 46: Rewards: 51, 49, 51, 17, 58. Average: 45.2 (5 trials).
Button 2: Trial 35: Reward: 20 (1 trial).
Button 3: No trials with this exact context.

However, Button 0 shows high variability and good average performance when M=1, K=-1, N=-1 (Trials 27, 33, 39, 44, 46: Avg=43) and especially when M=1, K=1, N=-1 (Trials 1, 15, 24, 28: Avg=78.25).

Let's re-examine Button 0's performance when M=1, K=-1, N=1:
Trial 34 (1,-1,1) -> R=22 (Button 0)
Trial 47 (1,-1,1) -> R=24 (Button 0)
Average for Button 0 at this context: (22+24)/2 = 23.0 (2 trials).

Button 1 at this context (M=1, K=-1, N=1):
Trials: 2, 3, 4, 7, 21, 23, 36: Rewards: 55, 41, 49, 56, 50, 47, 46. Average: 49.43 (7 trials).

Button 1 has a significantly higher historical average (49.43 vs 23.0) for the current context (M=1, K=-1, N=1) across multiple trials, suggesting Button 1 is the better choice, likely corresponding to Planet B or C.

I will choose Button 1 based on the strong historical performance under this exact context, leaning towards exploitation.",14,B,D,C,A
14,LLM_Gemini_3_Flash,49,1,1,-1,0,B,1,exploit,0,"The current context is (Mercury: 1, Krypton: 1, Nobelium: -1). Button 0 has been played 20 times in this context (Trials 1, 15, 24, 28, 29, 32, 39, 45, plus 12 others that had the same context but resulted in different button choices, this is based on the pattern recognition below).

Analyzing the pattern for Button 0's rewards:
Context (1, 1, -1): Played 6 times (T1, T15, T24, T28, T28, T28 - re-evaluating, the context (1, 1, -1) occurred at T1, T15, T24, T28. Button 0 was chosen 4 times with rewards 78, 73, 80, 82. Average ≈ 77.75. T28 was played 3 times for button 0, but the history only shows one T28. Let's re-examine based on observed rewards.

Observed Button 0 Rewards for Context (1, 1, -1):
- T1: 78
- T15: 73
- T24: 80
- T28: 82
Average for Button 0 in Context (1, 1, -1): (78+73+80+82)/4 = 77.75 (4 plays)

Observed Button 2 Rewards for Context (1, 1, -1):
- T8: 23 (1 play)

Observed Button 3 Rewards for Context (1, 1, -1):
- T17: 54 (1 play)

It seems Button 0 is highly associated with the high rewards when the context is (1, 1, -1). The other buttons played in this context (2 and 3) gave much lower rewards (23 and 54), suggesting Button 0 maps to a planet that yields high rewards in this specific context.

Button 1 was never chosen in this exact context.

Given the strong history of high rewards (avg ~77.75) for Button 0 in the current context (1, 1, -1), exploiting Button 0 is the best strategy for this trial.",81,B,D,C,A
14,LLM_Gemini_3_Flash,50,1,-1,-1,0,B,0,exploit,0,"The current context is (Mercury: 1, Krypton: -1, Nobelium: -1). Button 0 has been played 29 times, mostly in this context or similar contexts, yielding an average reward of 61.79. Specifically, the context (1, -1, -1) was played 5 times on Button 0 with rewards (51, 49, 58, 16, 51) if we look at all trials where Button 0 was chosen in this context type, but focusing only on exact matches (Trial 27: 51, Trial 33: 49, Trial 39: 51, Trial 44: 16, Trial 46: 58). The average for the 5 observed exact matches is 45.2. However, looking at the broader pattern, Button 0 seems very strong when Mercury=1 and Krypton=-1 or when Mercury=-1 and Krypton=1, suggesting a strong dependence on M*K or M*K*N interactions, often yielding high rewards (around 50-89) when M=1, K=-1, N=-1 (Button 0 received 51, 49, 51, 16, 58). Button 2 was played once in this context (Trial 35) with a reward of 20. Given the significant historical evidence favoring Button 0 in this specific context pattern, I will exploit this perceived best arm for this context.",50,B,D,C,A
15,LLM_Gemini_3_Flash,1,1,-1,-1,0,C,0,explore,1,"Since this is the very first trial (empty history), I have no information about any button or planet. I must choose an arm to gather initial data. I will start by choosing arm 0 (Button 0) to begin learning the mapping and reward structure under the current context (Mercury=1, Krypton=-1, Nobelium=-1).",20,C,D,A,B
15,LLM_Gemini_3_Flash,2,1,1,-1,2,A,0,explore,1,"Only one data point exists (Button 0 yielded 20 at context [1, -1, -1]), which is insufficient for confident exploitation. The current context is [1, 1, -1]. I will choose an untried arm (Button 2) to gather more information about the underlying reward structure and mapping, aiming to explore the state space efficiently.",43,C,D,A,B
15,LLM_Gemini_3_Flash,3,1,1,-1,0,C,0,explore,1,"Button 2 yielded a high reward (43) in the context (1, 1, -1) similar to the current one (1, 1, -1). Button 0 was only tried once with a moderate reward (20) in a different context (1, -1, -1). Since only 2 trials have occurred, I will try Button 0 again in this high-value context (1, 1, -1) to gather more data on its potential before committing to Button 2 or exploring the unplayed buttons (1 and 3).",14,C,D,A,B
15,LLM_Gemini_3_Flash,4,1,-1,-1,1,D,0,explore,1,"Only buttons 0 and 2 have been tried. Button 0 gave 20 and 14, while Button 2 gave 43 for a similar context (Context T2: M=1, K=1, N=-1; Context T3: M=1, K=1, N=-1). Button 1 and 3 are completely unknown. Since the current context (M=1, K=-1, N=-1) is the same as Trial 1, choosing Button 1 (which hasn't been tried) is an exploration step to gather more data points across different arms before settling on exploitation.",60,C,D,A,B
15,LLM_Gemini_3_Flash,5,1,1,-1,2,A,0,exploit,0,"The current context (M=1, K=1, N=-1) matches trials 2 and 3. Button 2 yielded 43 in trial 2, while Button 0 yielded 14 in trial 3. Given the limited history, Button 2 seems slightly more promising for this specific context state (compared to Button 0's previous yield), so I choose to exploit Button 2. Button 1 was chosen in a different context state.",54,C,D,A,B
15,LLM_Gemini_3_Flash,6,1,1,-1,2,A,0,exploit,0,"The current context (M=1, K=1, N=-1) has been played twice on Button 2, yielding rewards of 43 and 54. The average is 48.5. Button 0 was played once in this context (reward 14), and Button 1/3 have never been played in this context. Given the limited data, Button 2 currently has the highest observed average reward for this specific context, leading to an exploit choice.",52,C,D,A,B
15,LLM_Gemini_3_Flash,7,1,1,-1,2,A,0,exploit,0,"The current context (M=1, K=1, N=-1) has been tested three times, always pulling button 2, yielding rewards of 43, 54, and 52 (Average ~49.7). Button 0 and 1 have only been pulled under a different context (M=1, K=-1, N=-1) where button 0 gave 20 and button 1 gave 60. Since button 2 has a history of high rewards under the identical current context, I will exploit this by choosing button 2 again. Button 3 remains unexplored.",49,C,D,A,B
15,LLM_Gemini_3_Flash,8,-1,1,-1,3,B,1,explore,1,"Buttons 0, 1, and 2 have been played multiple times, yielding rewards ranging from 14 to 60. Button 3 has never been chosen. Given the current context (-1, 1, -1), and the fact that we have almost no data for the planet mapped to Button 3, choosing Button 3 represents a necessary exploration step to gather data on all potential reward mechanisms, especially since the best known reward so far (60 from Button 1) is not overwhelmingly high compared to others (e.g., 54, 52, 49 from Button 2; 20 from Button 0). We must explore the unplayed option.",81,C,D,A,B
15,LLM_Gemini_3_Flash,9,1,-1,1,2,A,1,exploit,0,"Button 2 has been played 4 times with context (1, 1, -1) yielding rewards (43, 54, 52, 49), averaging 49.5. Button 3 was played once with context (-1, 1, -1) yielding 81. Buttons 0 and 1 have been played twice each with different contexts. The current context is (1, -1, 1). Since we lack data for this specific context on any button, we examine patterns based on the available data. Button 2 shows consistently high rewards when Krypton=1 and Nobelium=-1. Given the current high context signals (Mercury=1, Nobelium=1) and the lack of strong competing evidence, Button 2, which has shown the most reliable history so far, is chosen to exploit, although exploration is warranted in the long run. However, given the structure of context bandit problems, we must pick the button that seems best based on limited observations or patterns. Button 2 seems the most stable so far, despite the context change, so I will choose it, leaning towards exploitation of past success.",78,C,D,A,B
15,LLM_Gemini_3_Flash,10,1,-1,1,2,A,1,exploit,0,"The current context is [M:1, K:-1, N:1]. Button 2 has been tried three times with this exact context, yielding rewards of 78, 54, and 52 (after trials 9, 5, 6, 7 were slightly different contexts for button 2, let's re-examine). Button 2 was chosen in Trial 9 with context [1, -1, 1] and yielded 78. The average reward for Button 2 in the observed contexts is high (Avg: (43+54+52+49+78)/5 = 54.4). Given that Button 2 gave the highest recent reward (78) for the exact current context [1, -1, 1] in Trial 9, exploitation is favored unless other buttons show significantly better potential across a wider range of contexts. Button 3 performed well (81) in its only trial, but with a different context [ -1, 1, -1]. Button 2 is the best choice based on past performance with the identical context.",75,C,D,A,B
15,LLM_Gemini_3_Flash,11,1,-1,1,2,A,1,exploit,0,"Button 2 has been overwhelmingly chosen (7 out of 10 trials) primarily under the context {1, 1, -1} where it yielded high rewards (43, 54, 52, 49). It was also chosen once under the current context {1, -1, 1} yielding a very high reward (78) and 75 on the next try. Given the current context is {1, -1, 1}, which previously resulted in high rewards (78, 75) for button 2, exploiting this button is the best strategy. No other buttons have been pulled under this specific context.",78,C,D,A,B
15,LLM_Gemini_3_Flash,12,1,-1,-1,2,A,1,exploit,0,"Button 2 has been heavily sampled (7 times) and consistently yields high rewards (avg ~57) when the context is (1, 1, -1). It was also sampled once with context (1, -1, 1) yielding a very high reward (~77). Given the current context is (1, -1, -1), Button 0 and Button 1 have both been sampled once under this exact context, yielding 20 and 60 respectively. Button 2 has not been sampled in the (1, -1, -1) context yet, but given its overall high performance and the high reward of 60 seen on Button 1 for this specific context, I will rely on exploring less sampled arms in future trials. For now, based on the limited data, the distribution suggests Button 2 is likely the best overall performer, but Button 1 provided the best known reward (60) for the current context (1, -1, -1). However, Button 2 has the most data suggesting high potential rewards (rewards in the 70s and 50s). Since Button 1 gave 60 in this context, and Button 0 gave 20, I will exploit by choosing Button 1 as it has the highest observed reward for this specific context so far. Re-evaluating: Button 1 had reward 60 at (1, -1, -1). Button 0 had reward 20 at (1, -1, -1). Button 2 has high rewards in other contexts. I will switch to exploiting Button 1 based on the direct observation for this context, as 60 is the highest observed reward for this specific context tuple.",82,C,D,A,B
15,LLM_Gemini_3_Flash,13,-1,1,1,2,A,0,exploit,0,"Button 2 has been pulled 8 times, mostly in contexts where Nobelium=-1 or Nobelium=1, showing high rewards (average ~62.6). For contexts similar to the current one (Mercury=1, Krypton=-1, Nobelium=1), Button 2 has yielded high rewards (average ~77). Given the strong historical performance of Button 2, especially in contexts involving Nobelium=1, I will exploit this by choosing Button 2 again, as it seems highly profitable in this type of context.",20,C,D,A,B
15,LLM_Gemini_3_Flash,14,1,-1,-1,2,A,1,exploit,0,"Button 2 has been played 8 times across 5 distinct contexts, yielding rewards ranging from 75 to 82 (excluding the low outlier on trial 13). The current context (M=1, K=-1, N=-1) has been played on Button 0 (R=20) and Button 1 (R=60). Button 2 has been played on this context twice (Trials 1 & 12) with rewards 82 and 20. Given the high average reward for Button 2 in other contexts (e.g., 50.6 for M=1, K=1, N=-1; 76.3 for M=1, K=-1, N=1), and the current context being an observed one, I choose to exploit Button 2 again, hoping the reward variance is due to noise, as it's the most frequently chosen arm and has shown high potential.",85,C,D,A,B
15,LLM_Gemini_3_Flash,15,-1,-1,1,0,C,1,exploit,0,"Button 2 has been heavily explored and seems to offer high rewards when Mercury=1 and Nobelium=-1 (average ~64.6). However, for the current context (M=-1, K=-1, N=1), Button 2 has shown very low reward (20). Button 1 has only been played once (reward 60 for M=1, K=-1, N=-1). Button 0 has been played once (reward 20 for M=1, K=-1, N=-1). Button 3 has one data point (reward 81 for M=-1, K=1, N=-1). Since Button 2 seems highly variable and poor in the M=-1 context, and there is no data for Button 0 or Button 1 in the current context (M=-1, K=-1, N=1), I will choose Button 0 as a semi-exploratory exploitation move, based on Button 2 being poor in other M=-1 contexts. Given the lack of specific data for this exact context, I will revert to exploiting the arm that hasn't shown extreme failure across all observed contexts, leaning towards Button 0 or 1 since Button 2 showed low reward in a related context (Trial 13). I will pick Button 0 as a slightly safer bet than Button 2 for this specific context.",79,C,D,A,B
15,LLM_Gemini_3_Flash,16,-1,1,-1,3,B,1,exploit,0,"Button 3 has only been pulled once (Trial 8) under context (-1, 1, -1) yielding a high reward of 81. Button 2 has been pulled 9 times, but its rewards are highly variable (20 to 85), suggesting it might be mapping to a context-sensitive planet or the mapping is complicated. Button 0 and 1 have fewer pulls. Given the current context is (-1, 1, -1), which perfectly matches the only observation for Button 3 (Reward 81), exploiting Button 3 seems the most promising move for high immediate reward. I will prioritize exploiting the strong signal from Button 3 over exploring other arms with highly inconsistent or sparse data for this specific context.",69,C,D,A,B
15,LLM_Gemini_3_Flash,17,-1,1,-1,2,A,0,exploit,0,"Button 2 has been played 11 times, yielding an average reward of 57.36. It performed exceptionally well in contexts where Mercury=1 (average 65.83 across 9 plays) and moderately when Mercury=-1 (20.00 for 1 play). Button 3 has only been played twice with a high reward (average 75.00), but only in the current context type (Mercury=-1, Krypton=1, Nobelium=-1). Given the volume of data on Button 2 and its generally high performance across various contexts observed so far, especially in the current context type (Trial 8: 81), exploiting Button 2 is the most statistically supported action. The context signals (-1, 1, -1) have been observed once before (Trial 8) resulting in a high reward of 81 when Button 3 was chosen. However, Button 2 was chosen 9 times when Mercury=1 and produced high rewards (e.g., 82, 85). Since Button 2 has the most history and shows potential for high rewards, I will exploit it, despite the single high observation on Button 3 for this exact context.",22,C,D,A,B
15,LLM_Gemini_3_Flash,18,1,-1,1,2,A,1,exploit,0,"Button 2 has been chosen 11 times, mostly under context (M=1, K=-1, N=1) yielding high rewards (75, 78, 78) or context (M=1, K=-1, N=-1) yielding high rewards (82, 85). For the current context (M=1, K=-1, N=1), Button 2 has historically provided very high rewards (average ~77). While Button 0 and Button 1 lack data for this specific context, Button 2 provides the strongest historical performance for this exact context or very similar high-reward contexts. I will exploit this high-performing arm.",77,C,D,A,B
15,LLM_Gemini_3_Flash,19,-1,1,-1,2,A,0,exploit,0,"Button 2 has been played 11 times, primarily under contexts where Mercury=1 and Nobelium=-1, yielding high average rewards (e.g., ~50 when Krypton=1, ~80 when Krypton=-1). It also showed low rewards (20, 22) when Mercury=-1. Button 2 is the most heavily sampled arm. The current context is (Mercury: -1, Krypton: 1, Nobelium: -1). Button 3 was played once in this exact context (Trial 8) yielding a high reward of 81. Button 2 was played in a similar context (Trial 17: M=-1, K=1, N=-1) yielding 22. Given the strong pattern observed for Button 2 under (M=1, K=1, N=-1) and the single data point for Button 3 under the current context (81), I will exploit the arm that has shown better performance in similar, though not identical, contexts or has high reward density. Since Button 2 has the most data points, I will trust its established profile, which suggests high variability. However, since Button 3 provided a high reward (81) in the *exact* current context, I will switch to Button 3 to exploit that high recent signal, as it's the best single observation for this specific context.",20,C,D,A,B
15,LLM_Gemini_3_Flash,20,-1,1,-1,3,B,1,exploit,0,"Button 2 has been overwhelmingly explored (14 times) and shows highly variable/low rewards (Avg ~49.5, min 14, max 85) across contexts, suggesting it might map to a planet with less profitable contexts. Button 3 was only played 2 times in the context {M:-1, K:1, N:-1}, yielding high rewards (81 and 69, Avg 75.0). Given the current context {M:-1, K:1, N:-1} matches the contexts where Button 3 performed well, I will exploit this apparent high-reward association. Button 0 has only been pulled 3 times with mixed results, and Button 1 only once.",75,C,D,A,B
15,LLM_Gemini_3_Flash,21,1,1,-1,2,A,0,exploit,0,"Button 2 has been played 13 times, mostly under the context (1, 1, -1) where it yielded high rewards (average ~50.6) and once under (1, -1, 1) yielding high rewards (~77), and once under (-1, 1, 1) yielding a very low reward (20). For the current context (1, 1, -1), Button 2 is the most frequently and reliably high-rewarding arm observed for this specific context, even though it has explored other contexts. The high average reward suggests exploiting this arm for the current context.",52,C,D,A,B
15,LLM_Gemini_3_Flash,22,-1,1,-1,3,B,1,exploit,0,"Button 2 has been heavily explored (16 times) and seems to have very volatile rewards depending on context, with a general low average reward (Avg: 52.1) for contexts similar to the current one or contexts where it performed poorly before. Button 3 has only been played twice (Trials 8, 16, 20) under the context M=-1, K=1, N=-1, yielding high rewards (81, 69, 75). Given the current context is M=-1, K=1, N=-1, Button 3 is the most promising choice based on observed high rewards from previous pulls of that specific context on that specific button.",74,C,D,A,B
15,LLM_Gemini_3_Flash,23,1,-1,1,2,A,1,exploit,0,"Button 2 has been chosen 14 times, primarily under the context (M=1, K=-1, N=-1) yielding high rewards (avg ~79.8) and (M=1, K=-1, N=1) yielding high rewards (avg ~77.0). Button 2 was chosen 4 times for the current context (M=1, K=-1, N=1) with an average reward of 77.5. Given the high frequency and consistent high rewards observed for Button 2 when this context or similar contexts are active, I will exploit this by choosing Button 2, as it appears to be the most consistently high-reward arm tested so far, especially under the current context.",80,C,D,A,B
15,LLM_Gemini_3_Flash,24,-1,-1,1,1,D,0,explore,1,"Button 1 has never been pulled, despite covering one context instance where Button 0 was pulled (Trial 15: M=-1, K=-1, N=1) and gave a high reward (79). Given the current context (M=-1, K=-1, N=1), pulling Button 1 is essential to determine its reward profile under this configuration and potentially find a better arm for this specific high-reward context signal pattern. Button 2 has been heavily explored and seems highly variable/context-dependent, while Button 0 has shown a high reward (79) under the current context signals, but we must check Button 1.",46,C,D,A,B
15,LLM_Gemini_3_Flash,25,1,-1,1,2,A,1,exploit,0,"Button 2 has been played 13 times, predominantly under the current context (Mercury=1, Krypton=-1, Nobelium=1) where it yielded high rewards (avg ~78). This context has appeared 5 times for Button 2, with rewards [78, 75, 78, 82, 77, 80]. This strongly suggests Button 2 corresponds to a planet that performs very well in the current context (1, -1, 1). Since the current context is identical to these high-reward observations, exploiting Button 2 is the best strategy.",72,C,D,A,B
15,LLM_Gemini_3_Flash,26,-1,-1,1,0,C,1,exploit,0,"The current context is (M=-1, K=-1, N=1). Button 0 has only been pulled in this exact context once (Trial 15) yielding a high reward of 79. Button 1 has only been pulled once in a different context (Trial 24, R=46). Buttons 2 and 3 have not been pulled in this specific context, but Button 2 appears highly variable and low-rewarding when N=1 and K=1 (Trial 13, R=20). Given the high reward for Button 0 in the matching context, I will exploit this choice.",73,C,D,A,B
15,LLM_Gemini_3_Flash,27,-1,-1,1,2,A,0,exploit,0,"Button 2 has been heavily pulled (17 times) and shows high reward variability, suggesting it maps to a planet sensitive to the context signals. The average reward for Button 2 is 55.88. The current context is (-1, -1, 1). Button 0 was pulled twice under this exact context, yielding rewards 79 and 73 (Avg: 76.0). Button 1 was pulled once under context (1, -1, -1) yielding 60, and once under context (-1, -1, 1) yielding 46. Button 3 has not been pulled in this context. Given Button 2's large sample size, and the fact that it has produced high rewards (e.g., 82, 85, 80, 77, 78, 75) in similar contexts, I will prioritize exploiting what seems to be the most active arm. However, the best prior data point for this exact context (-1, -1, 1) is Button 0 (Avg 76.0). Since Button 2 is heavily explored and has shown high potential, and to explore Button 3 less, I will stick with Button 2 to see if the high variance means it can still yield the max, but recognize Button 0 is the best current estimate for this specific context. Re-evaluating the context (-1, -1, 1): Button 0 was pulled twice (Avg 76.0). Button 2 was pulled once (Reward 20), suggesting Button 2 might be poor for this specific context. Button 1 was pulled once (Reward 46). Given the strong indication from Button 0, I should choose Button 0 or Button 2 if I suspect Button 2 is the best overall. Since I need to maximize profit now, and Button 0 has the highest observed average for this specific context (76.0), I should choose 0. However, Button 2 is the most explored and has historically high rewards in other contexts, suggesting it's a prime candidate. I will choose Button 2 for one more pull to gather more data on its behavior in this context, prioritizing continued learning on the most sampled arm while exploiting its general high potential, leaning slightly towards exploration implicitly by not choosing the statistically best known arm for this specific context yet, but I classify it as exploit due to heavy sampling.",51,C,D,A,B
15,LLM_Gemini_3_Flash,28,-1,1,1,3,B,0,exploit,0,"The current context is M=-1, K=1, N=1. Button 3 has only been pulled twice (Trials 8, 20) in this context (M=-1, K=1, N=-1) or similar contexts, yielding high rewards (81, 75). Button 2 has been pulled 14 times with this exact context (M=-1, K=1, N=1) yielding very low rewards (avg approx 20.7). Button 0 pulled once (T15) with a different context (M=-1, K=-1, N=1) gave 79. Button 1 pulled twice (T4, T24) with different contexts gave 60 and 46. Given the strong historical performance of Button 3 when K=1 and N=-1, and the very poor performance of Button 2 in the *exact* current context (M=-1, K=1, N=1), I suspect Button 3 is the best option here, possibly corresponding to Planet B or D which seem to perform well under certain conditions, or Button 2 corresponds to a planet that performs poorly when M=-1, K=1, N=1. Since Button 3 has never been tried in this exact context, there is a slight exploration aspect, but based on the contrasting rewards when K=1 and N=-1 (Button 3 high vs Button 2 low when M=-1), exploiting Button 3 is the highest immediate expectation.",53,C,D,A,B
15,LLM_Gemini_3_Flash,29,1,1,-1,2,A,0,exploit,0,"Button 2 has been played 17 times, mostly under the context (M=1, K=1, N=-1) where it yielded high rewards (avg ~50.8) and under (M=1, K=-1, N=1) where it yielded very high rewards (avg ~77.1). For the current context (M=1, K=1, N=-1), Button 2 consistently provided good rewards (43, 54, 52, 49, 52). Buttons 0 and 1 have limited history under this specific context. Given the high frequency and consistent performance of Button 2 when M=1 and K=1 (regardless of N, although N=-1 is the current state), it remains the most promising choice to exploit.",50,C,D,A,B
15,LLM_Gemini_3_Flash,30,1,-1,1,2,A,1,exploit,0,"Button 2 has been heavily chosen (18 times) when the context was (1, -1, 1) or similar high-reward contexts, yielding consistently high rewards (average ~77). The current context is (1, -1, 1), which strongly aligns with past high-reward pulls on button 2. Button 3 also shows potential in some contexts, but button 2 is the clear current leader for this specific context pattern.",77,C,D,A,B
15,LLM_Gemini_3_Flash,31,1,1,-1,2,A,0,exploit,0,"Button 2 has been heavily played (22 times) and consistently shows high rewards when Mercury=1 and Krypton=1 (average ~50) or when Mercury=1 and Nobelium=1 (average ~78). Button 3 seems strong when Mercury=-1 (average ~75). Button 0 and 1 have sparse data. The current context is (Mercury=1, Krypton=1, Nobelium=-1). Button 2 has the highest historical average reward (50.86) for this exact context based on 8 previous plays. I will exploit this known high-performing arm for the current context.",50,C,D,A,B
15,LLM_Gemini_3_Flash,32,-1,1,-1,2,A,0,exploit,0,"Button 2 has been chosen 21 times and has shown highly variable rewards depending on the context, suggesting it is tied to a highly contextual planet. For the current context (Mercury=-1, Krypton=1, Nobelium=-1), Button 2 received rewards of 22 (Trial 17) and 20 (Trial 19). Other contexts for Button 2 often yield high rewards (e.g., 72-85 when Mercury=1 and Nobelium=1), but this specific context has only yielded low rewards. Given the strong pattern seen in other contexts for Button 2, and the low observed rewards for this exact context, Button 2 remains the most likely candidate to maximize expected reward compared to the other options which have either been chosen rarely (0, 1, 3) or have yielded inconsistent/lower rewards in the past.",22,C,D,A,B
15,LLM_Gemini_3_Flash,33,1,-1,-1,2,A,1,exploit,0,"Button 2 has been played 21 times, showing high variance. When M=1, K=-1 (Trials 12, 14), rewards were high (82, 85). When M=1, K=1 (Trials 2, 3, 5, 6, 7, 21, 29, 31), rewards were medium (14-54). When M=-1, K=1 (Trials 17, 19, 32), rewards were low (20-22). When M=1, K=-1, N=1 (Trials 9, 10, 11, 18, 23, 25, 30), rewards were very high (72-80). The current context is M=1, K=-1, N=-1. Button 2 yielded 82 and 85 in this exact context (Trials 12, 14). Buttons 0, 1, and 3 have had fewer plays and less consistent high rewards in contexts that overlap slightly, but Button 2 shows a strong pattern of high reward for M=1, K=-1 regardless of N (82, 85 vs low 20s when M=-1, K=1). Given the strong historical performance for this specific context (M=1, K=-1, N=-1), exploiting Button 2 is the best strategy.",85,C,D,A,B
15,LLM_Gemini_3_Flash,34,-1,1,1,2,A,0,exploit,0,"Button 2 has been heavily explored (25 times) and consistently yields high rewards (mean ~58.7) when context is (1, 1, -1) and very low rewards (mean ~21.2) when context is (-1, 1, 1). For the current context (-1, 1, 1), button 2 is the most reliably low-reward arm observed, but Button 3 has only been pulled 5 times (rewards 81, 75, 74, 53) and Button 0 twice when Nobelium was 1 (rewards 79, 73). Button 1 has only been pulled twice (60, 46). Given that Button 2 is the only one tested in the exact current context (-1, 1, 1) resulting in low rewards (20, 20, 22, 22), I will exploit this pattern and choose Button 2, assuming it corresponds to a planet that pays poorly under these conditions, despite the overall high average for Button 2 across all contexts. However, let's re-evaluate based on observed high-yields for other buttons. Button 3 had high rewards (81, 75, 74) when context was (-1, 1, -1). Button 2 had high rewards (78, 75, 78, 82, 85, 77, 80, 72, 77) for contexts involving M=1 or N=1. Since Button 2 is the most tested, I should trust its previous outcome for this specific context C(-1, 1, 1) = Avg(20, 20, 22, 22) = 21.0. I will stick with Button 2 as the exploitation choice based on direct evidence, even if it seems counter-intuitive to overall averages.",25,C,D,A,B
15,LLM_Gemini_3_Flash,35,1,1,-1,2,A,0,exploit,0,"Button 2 has been played 23 times, primarily under the context (1, 1, -1) where it yielded high rewards (average ~50) and in contexts where Mercury=1 and Nobelium=1 (average ~77). The current context is (1, 1, -1), which is a context where Button 2 has performed very well historically. Given the high frequency of plays and consistent performance in similar contexts, exploiting Button 2 is the best strategy now.",51,C,D,A,B
15,LLM_Gemini_3_Flash,36,-1,-1,1,2,A,0,exploit,0,"Button 2 has been played 27 times and consistently yielded high rewards when Mercury=1 and Nobelium=1 (Avg ~77.5), or when Mercury=1 and Nobelium=-1 (Avg ~50.8), and low rewards when Krypton=1 and Nobelium=1 (Avg ~22.3). The current context is (Mercury: -1, Krypton: -1, Nobelium: 1). Button 2 was played once with this exact context (Trial 27) and yielded a reward of 51. Buttons 0 and 1 have very limited data under this context. Given the strong pattern observed for Button 2, exploiting its previously established behavior for this context is the best strategy.",41,C,D,A,B
15,LLM_Gemini_3_Flash,37,-1,1,-1,2,A,0,exploit,0,"Button 2 has been played 24 times, yielding an average reward of 50.46. It was frequently chosen when Mercury=1, Krypton=-1, Nobelium=1 (Avg 77.5) and when Mercury=-1, Krypton=1, Nobelium=-1 (Avg 21.25). Button 3 was chosen 6 times, mostly under context (-1, 1, -1) with high rewards (Avg 77.5). Button 0 was chosen 4 times (Avg 60.25) and Button 1 twice (Avg 53.0). The current context is (-1, 1, -1). The highest observed average reward for this specific context was 81 (Button 3, Trial 8). However, Button 2 also shows high variance and has been played significantly more. Given the history, Button 2 is the most frequently explored arm, and the context (-1, 1, -1) has yielded mixed results (22, 20, 22) for Button 2, but very high results (81, 69, 75, 74) for Button 3. Since Button 3 is only clearly dominant under context (-1, 1, -1) (Avg ~77.5), and Button 2 has shown a lower return (Avg ~21.25) for this context, there is strong evidence suggesting Button 3 maps to Planet B/C/D which yields high rewards when context is (-1, 1, -1). However, Button 2 has been played almost exclusively in the past, suggesting it might be the consistently best arm overall or the one the agent converged on early. Given the strong signal for Button 3 in this exact context, I should lean towards exploring Button 3 more or exploiting the best previously seen arm for this context. Re-evaluating: Button 3 has 3 high rewards (81, 69, 75, 74) and 1 lower reward (53) for the context (-1, 1, -1). Button 2 has 4 low rewards (20, 22, 22, 20) for the context (-1, 1, -1). Button 3 is highly preferred for this specific context. I will choose Button 3 to exploit the pattern found for context (-1, 1, -1), overriding the general high exploration of Button 2, as the history strongly suggests Button 3 is the correct choice here. Wait, the context (-1, 1, -1) was played 8 times on Button 2 (Avg 21.25) and 4 times on Button 3 (Avg 76.0). Exploiting this specific context points strongly to Button 3. I must select the best button based on past performance for the current context. Button 3 is clearly superior for this context.

Correction: I will choose Button 3, as it has provided the highest rewards (Avg 76.0) for the current context (-1, 1, -1), despite Button 2 being the most played overall.",23,C,D,A,B
15,LLM_Gemini_3_Flash,38,-1,1,1,1,D,0,explore,1,"Button 2 has been heavily explored, suggesting it corresponds to a planet with low rewards when Mercury=-1 and Nobelium=1 (Avg ~22). Buttons 0, 1, and 3 have limited data in the current context (Mercury=-1, Krypton=1, Nobelium=1). Button 3 was chosen twice in this context range (Trial 8: 81, Trial 20: 75, Trial 22: 74, Trial 28: 53). Button 1 has only been pulled once (Trial 4, but different context) and Button 0 has no pulls in this context. I will pull Button 1 to gather more information on its reward structure, as Buttons 0, 1, and 3 are currently unknown in this high-potential context. Button 3 seems inconsistent in this context pattern.",51,C,D,A,B
15,LLM_Gemini_3_Flash,39,-1,1,-1,3,B,1,exploit,0,"Analyzing history: Button 2 is heavily associated with low rewards (avg ~42) when Mercury=-1, Krypton=1, Nobelium=-1. Button 3 has only been played twice with this context (T8: 81, T20: 75), showing high historical rewards. Button 0 and 1 have not been played in this exact context. Given the strong evidence from Button 3's previous successful plays in this context, I will exploit this choice. The average reward for Button 3 in this context is (81+75)/2 = 78.",77,C,D,A,B
15,LLM_Gemini_3_Flash,40,1,1,-1,2,A,0,exploit,0,"Button 2 has been heavily explored across 24 trials and consistently shows high rewards when Mercury=1 and Krypton=1 (Avg ~51.5, max 85, min 43), or when Mercury=1 and Nobelium=1 (Avg ~77.7, max 82, min 72). The current context is (Mercury=1, Krypton=1, Nobelium=-1). Button 2's historical performance in this specific context is strong (average of 50.3 across 7 plays). While other buttons/contexts might yield higher peak rewards (e.g., Button 3 with M=-1, K=1, N=-1 yields ~75), Button 2 is the most reliable high-reward arm based on aggregated data, and the current context strongly aligns with its high-performing historical subsets. I will exploit this known good choice.",58,C,D,A,B
15,LLM_Gemini_3_Flash,41,-1,1,-1,3,B,1,exploit,0,"The current context is (Mercury=-1, Krypton=1, Nobelium=-1). Button 3 has only been played 4 times, all under this exact context, yielding rewards of [81, 69, 75, 74]. The average reward for Button 3 in this specific context is high (~75.25). Button 2, which has been played most often, has highly variable rewards under this context (rewards like 22, 20, 22, 23), suggesting it might be a low-reward arm in this state. Given the high, consistent returns from Button 3 for this specific context, exploiting this high mean reward is the best immediate strategy.",80,C,D,A,B
15,LLM_Gemini_3_Flash,42,1,-1,-1,2,A,1,exploit,0,"The current context is (M=1, K=-1, N=-1). Button 2 has been played 22 times, mostly in this context or similar contexts (e.g., when N=1). In the context (1, -1, -1), Button 2 yielded rewards of 82, 85, and 85 (average 84.0). This arm appears to be highly rewarding for this specific context. Other arms have very limited data in this context, and Button 2 shows a clear, high payoff pattern when M=1 and K=-1. Therefore, exploiting the known high reward for Button 2 is the optimal strategy.",84,C,D,A,B
15,LLM_Gemini_3_Flash,43,-1,1,-1,3,B,1,exploit,0,"The current context is (Mercury: -1, Krypton: 1, Nobelium: -1). Button 3 has exclusively been chosen in this context across 5 previous trials (Trials 8, 16, 20, 22, 39, 41), yielding rewards of {81, 69, 75, 74, 77, 80}. The average reward is high (~75.8). Button 2, which has been chosen most often overall, seems to perform poorly (average reward around 45) when this specific context appears, suggesting Button 3 is the optimal choice for this context, likely corresponding to a planet that performs well when Mercury=-1, Krypton=1, Nobelium=-1.",87,C,D,A,B
15,LLM_Gemini_3_Flash,44,-1,-1,1,2,A,0,exploit,0,"Button 2 has been played 26 times, dominating the history. It shows a very high reward (average ~60) when Mercury=1 and Nobelium=-1 (Contexts: [1, -1, -1], [1, 1, -1]), and a very low reward (average ~21) when Krypton=1 and Nobelium=1 (Context: [-1, 1, 1]). The current context is M=-1, K=-1, N=1. Button 2 was played once in this exact context (Trial 27) yielding 51. Button 0 was also played once in this context (Trial 15) yielding 79. Button 1 was played once (Trial 24) yielding 46. Given the high number of plays on Button 2, I will tentatively assign Planet C or D to Button 2, and since Button 0 yielded a high reward (79) in this state previously, Button 0 might be better. However, Button 2's average reward is higher overall. Based on the high frequency of Button 2 usage, I will stick with Button 2 as the most likely high performer until more data suggests otherwise, despite the single high reward from Button 0 in this specific state. Given the current context [-1, -1, 1], Button 2 has yielded 51, and Button 0 has yielded 79. I choose Button 0 because it had a significantly higher single reward for this precise context previously (79 vs 51 for Button 2).",39,C,D,A,B
15,LLM_Gemini_3_Flash,45,1,-1,-1,2,A,1,exploit,0,"Button 2 has been heavily explored across many contexts, showing consistently high rewards when Mercury=1 (average reward approx 71.5 across 12 pulls) and relatively low rewards when Mercury=-1 (average reward approx 35.6 across 10 pulls). The current context has Mercury=1, Krypton=-1, Nobelium=-1. Button 2 has yielded the highest rewards in this specific context (average of 83.2 across 5 pulls). Given the strong positive correlation observed for Button 2 under Mercury=1, and the high past performance in this exact context, exploiting Button 2 is the best strategy.",76,C,D,A,B
15,LLM_Gemini_3_Flash,46,-1,-1,1,2,A,0,exploit,0,"Button 2 has been heavily explored (32 times) and consistently yields high rewards (average ~59.4) when Mercury=1 and Nobelium=-1 (where it averages ~81.1). The current context is M=-1, K=-1, N=1. Button 2 showed a decent reward (avg ~56.8) for this context across 6 trials. Button 0 has only been pulled twice in this context (T15: 79, T26: 73, T44: 39), yielding a highly variable average. Given the strong historical performance of Button 2 across most conditions, I will exploit it, as it has the highest known performance baseline, although this specific context is not its peak performance setting. However, Button 2 is the most informed arm overall.",51,C,D,A,B
15,LLM_Gemini_3_Flash,47,-1,1,-1,3,B,1,exploit,0,"Button 2 has been heavily explored and generally yields low rewards (average ~47.6) across varied contexts, especially when Mercury=-1 and Nobelium=-1 (average ~21.4). Button 3 has only been pulled 7 times, but 5 of those times (Trials 8, 16, 20, 22, 39, 41, 43) were under contexts where Mercury=-1 and Krypton=1. For the current context (Mercury=-1, Krypton=1, Nobelium=-1), Button 3 has yielded high rewards (81, 69, 75, 74, 77, 80, 87; average ~77.8) in previous trials matching this exact context. Button 2's average for this specific context is much lower (~21.6). Therefore, Button 3 is the highest expected reward choice based on observed history for this specific context.",81,C,D,A,B
15,LLM_Gemini_3_Flash,48,-1,1,-1,3,B,1,exploit,0,"Button 3 has consistently shown high rewards (average around 79.5) in the contexts where it was played, particularly when Mercury=-1 and Krypton=1 (where rewards were 81, 69, 75, 74, 53, 77, 80, 87, 81). The current context is Mercury=-1, Krypton=1, Nobelium=-1, which strongly aligns with the high-reward patterns observed for Button 3. Buttons 0, 1, and 2 show much more variable or lower overall rewards across the different contexts they were associated with. Therefore, exploiting the high expected reward from Button 3 seems optimal here.",89,C,D,A,B
15,LLM_Gemini_3_Flash,49,-1,1,-1,3,B,1,exploit,0,"The current context is (Mercury: -1, Krypton: 1, Nobelium: -1). Button 3 has historically yielded high rewards (81, 69, 75, 53, 80, 87, 81, 89) specifically when this context or very similar contexts appeared (Context for Button 3 plays: T8:(-1, 1, -1) R=81; T16:(-1, 1, -1) R=69; T20:(-1, 1, -1) R=75; T28:(-1, 1, 1) R=53; T39:(-1, 1, -1) R=77; T41:(-1, 1, -1) R=80; T43:(-1, 1, -1) R=87; T47:(-1, 1, -1) R=81; T48:(-1, 1, -1) R=89). The average reward for context (-1, 1, -1) when played on Button 3 is high (around 80). Button 2, which was heavily explored, showed low rewards (20s) for this context (T17, T19, T32, T37) and high rewards for context (1, -1, -1) (T12, T14, T33, T42, T45). Given the strong performance of Button 3 under the current context (-1, 1, -1), I choose to exploit it.",75,C,D,A,B
15,LLM_Gemini_3_Flash,50,1,1,-1,3,B,1,exploit,0,"The current context is (M:1, K:1, N:-1). Button 2 was chosen 23 times, yielding an average reward of 53.35. Button 3 was chosen 9 times (mostly in contexts where M=-1, K=1, N=-1, yielding high average reward ~80.88), and once in a different context (M=-1, K=-1, N=1) yielding 53. However, Button 0 and Button 1 have been explored very little. Based on the high average reward observed when Button 2 was played in similar contexts, and the high rewards associated with Button 3 in other contexts, Button 3 appears potentially strong, but Button 2 is the one most associated with the current context's features (M=1, K=1, N=-1) through the history.

Let's re-evaluate the clusters based on rewards:
Context (1, 1, -1): Buttons 2 (Avg: 50.86 from 14 plays). High consistency.
Context (1, -1, 1): Button 2 (Avg: 77.33 from 6 plays).
Context (1, -1, -1): Button 2 (Avg: 83.25 from 4 plays).
Context (-1, 1, -1): Button 3 (Avg: 80.88 from 9 plays); Button 2 (Avg: 21.67 from 3 plays).
Context (-1, -1, 1): Button 0 (Avg: 76.33 from 3 plays); Button 2 (Avg: 45 from 2 plays).
Context (-1, 1, 1): Button 2 (Avg: 21.67 from 3 plays); Button 1 (Reward: 51 from 1 play).

For the current context (1, 1, -1):
Button 2 has been played 14 times with an average reward of 50.86.
Buttons 0, 1, and 3 have never been played with this exact context. Since Button 2 has a decent track record for this specific context cluster, I will exploit Button 2. However, the average reward for Button 2 when M=-1 (e.g., 21-25) is much lower than when M=1 (e.g., 50-83). Given the high consistency for (1, 1, -1) on Button 2, I will choose 2 for exploitation. Wait, I misread the prompt context. The context is (M:1, K:1, N:-1). In trials 2, 3, 5, 6, 7, 21, 29, 31, 35, 40, these all map to Button 2, with an average of 50.86. This is the best information available for this specific context.

Revisiting my choice based on the best observed reward for the exact context (1, 1, -1): Button 2 is the only button played in this context. Therefore, I exploit Button 2.",80,C,D,A,B
16,LLM_Gemini_3_Flash,1,1,-1,1,0,B,0,explore,1,"Since there is no previous history, this is the first trial. I must choose an arm (Button 0) to gather initial data about its reward potential under the current context (Mercury=1, Krypton=-1, Nobelium=1). This initial choice is inherently exploratory.",23,B,A,C,D
16,LLM_Gemini_3_Flash,2,1,-1,1,0,B,0,explore,1,"Only one trial has occurred, and it used the current context (M=1, K=-1, N=1). Button 0 yielded a reward of 23 in this context. Since there is no other data, I must continue to explore other buttons (1, 2, 3) in this context on subsequent trials to map out the reward structures before settling into exploitation.",28,B,A,C,D
16,LLM_Gemini_3_Flash,3,1,-1,-1,2,C,0,explore,1,"Only two trials have been played, both on Button 0, which yielded high rewards (23, 28) under context (1, -1, 1). Since the true mapping and reward structure are unknown, I need to explore the other buttons (1, 2, 3) to gather data. I will choose Button 2 arbitrarily to start exploring the reward landscape, as there is insufficient data to exploit confidently.",16,B,A,C,D
16,LLM_Gemini_3_Flash,4,1,1,-1,2,C,0,explore,1,"Only 3 trials have occurred, providing very limited data. Button 2 has only been pulled once (Trial 3, reward 16) with context (1, -1, -1). The current context is (1, 1, -1). I will choose Button 2 again to gather more data points for the action that has been pulled the least, aiming to narrow down which planet it maps to, as exploiting any arm is premature. Button 0 has been pulled twice, so I will switch to explore Button 2 again to get a second data point for it.",24,B,A,C,D
16,LLM_Gemini_3_Flash,5,1,-1,1,3,D,0,explore,1,"Button 1 and 3 have not been pulled yet. In the current context (M=1, K=-1, N=1), Button 0 yielded high rewards (avg 25.5) and Button 2 yielded moderate rewards (avg 20.0). Since the context is the same as trials 1 and 2, Button 0 seems strong for this context, but we must test the unpulled arms (1 and 3) to ensure we are not missing a much higher-paying planet. I will explore button 3 next.",53,B,A,C,D
16,LLM_Gemini_3_Flash,6,-1,1,-1,1,A,0,explore,1,"Button 1 has never been chosen, and there are only 5 total trials. I need to gather data on all buttons before settling on exploitation, especially since the context has shifted significantly from previous trials (especially Mercury changing from 1 to -1). Choosing button 1 is necessary for initial exploration.",27,B,A,C,D
16,LLM_Gemini_3_Flash,7,-1,-1,1,3,D,0,exploit,0,"Button 3 has provided the highest reward (53) in Trial 5 under context [1, -1, 1]. While data is sparse, exploring other buttons has yielded lower rewards (e.g., Button 0 max 28, Button 2 max 24, Button 1 max 27). Since the current context [-1, -1, 1] differs from the highest reward context [1, -1, 1], and we have no data for Button 3 under [-1, -1, 1], choosing the previously highest-performing arm (Button 3) is a reasonable exploitation strategy given the low trial count, assuming Button 3 maps to a high-variance or high-average planet. More exploration is needed, but exploitation based on observed maximum reward is prioritized here.",48,B,A,C,D
16,LLM_Gemini_3_Flash,8,-1,1,-1,1,A,0,exploit,0,"Button 1 was chosen in Trial 6 with context (-1, 1, -1) and yielded a reward of 27. This is the only previous data point for this exact context. Since the current context is identical to Trial 6, and Button 1 has the only known high reward (27) for this specific context state, I will exploit this choice until further exploration suggests otherwise.",21,B,A,C,D
16,LLM_Gemini_3_Flash,9,1,-1,1,3,D,0,exploit,0,"The current context (Mercury=1, Krypton=-1, Nobelium=1) appeared in trials 1, 2, and 5. Button 3 was chosen in trial 5 and yielded the highest reward (53) among all observed rewards. Buttons 0 and 2 showed lower or moderate rewards under this context previously (23/28 for 0, and 0 for 2 as it wasn't tried then). Given the strong positive signal from Button 3, the intent is to exploit this potentially high-reward arm for the current context.",45,B,A,C,D
16,LLM_Gemini_3_Flash,10,-1,1,1,1,A,0,exploit,0,"Button 1 has only been played when context was (-1, 1, -1), yielding rewards {27, 21}. The average reward is 24. The current context is (-1, 1, 1). Given the small history, and that other buttons have shown high variability or lower average returns, I will choose the button with the most consistent moderate return, Button 1, as a default, unless a better pattern emerges. However, upon closer inspection, the highest rewards (53, 48, 45) came from buttons 3 and 0, suggesting the optimal arm might be among them. Button 3's rewards (53, 48, 45) were all high for contexts involving Nobelium=1, whereas Button 1's rewards (27, 21) were lower for contexts involving Nobelium=-1. Since the current context has Nobelium=1, Button 3 is highly promising based on past performance (average 48.7 for contexts with Nobelium=1). Button 1 has only been sampled when Nobelium=-1. Therefore, I should switch to Button 3 for exploitation, as it has shown the highest potential rewards in the past, specifically when Nobelium=1.

Recalculating based on recent high rewards:
Button 3 played at (1,-1,1) -> 53, (-1,-1,1) -> 48, (1,-1,1) -> 45. Average for Button 3 (when Nobelium=1): 48.7
Button 1 played at (-1,1,-1) -> 27, (-1,1,-1) -> 21. Average for Button 1 (when Nobelium=-1): 24.0

Current context: (-1, 1, 1) matches the high-reward context for Button 3 better than any context seen for Button 1. Exploiting Button 3 seems best.

Wait, re-checking history:
B0: (1,-1,1) avg 25.5 (2 pulls)
B1: (-1,1,-1) avg 24.0 (2 pulls)
B2: (1,-1,-1) 16, (1,1,-1) 24. Avg 20.0 (2 pulls)
B3: (1,-1,1) 53, (-1,-1,1) 48, (1,-1,1) 45. Avg 48.7 (3 pulls)

Context (-1, 1, 1) is unobserved. Button 3 gave high rewards when Mercury was 1 and Nobelium was 1. Button 1 was only played when Nobelium was -1. Given that Button 3 generated the highest rewards, it is the best candidate for exploitation, even if the Mercury signal differs from its past successes. Button 1 is unlikely to be optimal as its rewards were low when Nobelium was -1. I will explore Button 3 one more time.

Revisiting the strategy: Since Button 3 produced the highest rewards consistently (53, 48, 45), even if the context is slightly different from its past plays (current: M=-1, K=1, N=1 vs B3 history: M={1, -1, 1}, K={-1, -1, -1}, N={1, 1, 1}), it is the most promising arm to exploit based on overall high performance. I will choose Button 3 for exploitation.",15,B,A,C,D
16,LLM_Gemini_3_Flash,11,1,-1,-1,3,D,0,exploit,0,"Button 3 has yielded the highest rewards (53, 48, 45) across all observations, suggesting it corresponds to a highly rewarding planet, likely one favored by the current context (Mercury=1, Krypton=-1, Nobelium=-1) or having a generally high reward baseline. Buttons 0, 1, and 2 have shown lower rewards. Given the strong historical performance of Button 3, I choose to exploit this arm.",48,B,A,C,D
16,LLM_Gemini_3_Flash,12,1,1,-1,2,C,0,exploit,0,"The current context is (Mercury=1, Krypton=1, Nobelium=-1). Button 2 was chosen once before with this exact context (Trial 4) and yielded a reward of 24. Buttons 0 and 3 have been tried in different contexts, and Button 1's history is sparse for this context. Given the direct observation for the current context via Button 2, exploiting this data point (Reward=24) is the best immediate strategy, assuming Button 2 corresponds to a planet with a high reward for this configuration.",21,B,A,C,D
16,LLM_Gemini_3_Flash,13,-1,-1,1,3,D,0,exploit,0,"Button 3 has provided high rewards (48, 45) specifically under the context (M=-1, K=-1, N=1) in trials 7 and 9 (though the context in trial 9 was (M=1, K=-1, N=1), it resulted in 45, and trial 7 was (M=-1, K=-1, N=1) resulting in 48). The current context is (M=-1, K=-1, N=1). Button 3 has the highest observed average reward (49.33 from 3 trials) across all buttons, although the observed contexts varied. Given that Button 3 performed very well when its context matched the current context (Trial 7: 48), I will exploit this lead. Button 0's average is 25.67, Button 2's is 20.33, and Button 1's is 21.33. Button 3 is the clear leader based on observed rewards.",56,B,A,C,D
16,LLM_Gemini_3_Flash,14,-1,1,-1,1,A,0,exploit,0,"The current context is M=-1, K=1, N=-1. This context has been tested twice previously with Button 1 (Trials 6 and 8), yielding rewards of 27 and 21, respectively (Average: 24.0). Button 1 has only been pulled when this specific context occurs, suggesting it might be highly tuned to it. Button 3 shows high rewards (avg 49.8) but under different contexts (M=1/K=-1/N=1, M=-1/K=-1/N=1, M=1/K=-1/N=-1). Given the limited data, exploiting the known good context for Button 1 (or avoiding the potentially bad context for Button 3 that yielded 48) seems reasonable, but Button 1 is the only one tested specifically under the current context M=-1, K=1, N=-1. I will exploit Button 1 based on the existing data for this exact context.",21,B,A,C,D
16,LLM_Gemini_3_Flash,15,1,-1,-1,3,D,0,exploit,0,"Button 3 has been heavily sampled (6 times) across various contexts and shows the highest average reward (mean approx 51.3) when Mercury=1 or Krypton=-1 or Nobelium=1 are present. Specifically, for contexts involving Mercury=1 (trials 5, 9, 11), button 3 yielded high rewards (53, 45, 48). Given the current context is (Mercury: 1, Krypton: -1, Nobelium: -1), which is similar to trial 11 (where button 3 gave 48), exploiting button 3 seems optimal based on the high observed rewards.",48,B,A,C,D
16,LLM_Gemini_3_Flash,16,-1,-1,1,3,D,0,exploit,0,"Button 3 has been consistently played when the context has Nobelium=1 (Trials 5, 7, 9, 13) or Nobelium=-1 (Trials 11, 15), yielding high rewards (average ~49 when Nobelium=1 and ~48 when Nobelium=-1). The current context is (M:-1, K:-1, N:1), which has strongly correlated with high rewards for Button 3 previously (Trials 7: 48, 13: 56, Avg: 52.0). Buttons 0, 1, and 2 show mixed or lower results across contexts. Therefore, exploiting Button 3 seems optimal.",47,B,A,C,D
16,LLM_Gemini_3_Flash,17,-1,1,1,1,A,0,exploit,0,"Button 1 has consistently yielded high rewards (Avg: 21.0, 15.0, 21.0, 21.0) under contexts where Mercury=-1 and Krypton=1 (Trials 6, 8, 10, 14). The current context is Mercury=-1, Krypton=1, Nobelium=1. Based on the data for Button 1 (Trial 10: Reward 15 for context [-1, 1, 1]), this button appears to be the best choice, suggesting it might be Planet C or D, which seem to have a lower reward when Nobelium=1 compared to when Nobelium=-1 (Button 1 data suggests strong negative correlation with Nobelium when other signals are fixed). Despite the lower reward on trial 10, Button 1 is the only one tested under this exact context, and its average performance in similar settings makes it the primary exploitable option for this context.",14,B,A,C,D
16,LLM_Gemini_3_Flash,18,1,-1,1,3,D,0,exploit,0,"Button 3 has shown the highest average reward (Avg: 50.25 across 8 pulls) and seems strongly associated with the current context (M=1, K=-1, N=1) where it yielded rewards of 53, 45, 48, and 56. Exploiting this high-performing arm seems optimal now, as the observed context matches several high-reward historical pulls for this button.",52,B,A,C,D
16,LLM_Gemini_3_Flash,19,-1,-1,1,3,D,0,exploit,0,"Button 3 has consistently yielded high rewards (avg ~49.8) across contexts where it was played (Trials 5, 7, 9, 11, 13, 15, 16, 18). The current context (M=-1, K=-1, N=1) is the exact context of Trial 7 and 13, where Button 3 gave 48 and 56, respectively. Button 1 seems associated with low rewards (avg ~20.5) when played. Buttons 0 and 2 have mixed results but are generally lower than 3. Exploiting Button 3 is the highest probability action for maximizing reward given the current context strongly favors it based on past observations.",52,B,A,C,D
16,LLM_Gemini_3_Flash,20,1,-1,-1,3,D,0,exploit,0,"Button 3 has been exclusively chosen when the context was (1, -1, 1) or (1, -1, -1) or (-1, -1, 1). The average reward for button 3 is high: (53+48+48+56+47+52+52)/7 ≈ 50.57. The current context is (1, -1, -1). Button 3 has given rewards of 48 twice in this specific context. Buttons 0, 1, and 2 have lower overall averages or are associated with contexts that suggest lower rewards for button 3's best contexts. Given the strong performance of button 3, especially in contexts similar to the current one, I choose to exploit this high-yielding option.",48,B,A,C,D
16,LLM_Gemini_3_Flash,21,1,1,-1,0,B,1,explore,1,"Button 0 has only been played when Context=(1, -1, 1), yielding rewards of 23 and 28 (Avg 25.5). Given the current context is (1, 1, -1), which is different, I need to explore this button under a new context or heavily explore buttons that haven't been tried with this context yet. Buttons 0 and 1 have not been played with the current context (1, 1, -1). Button 2 was played once with (1, 1, -1) yielding 24. I will choose Button 0 to gather more data points, as exploring less-tested arms/contexts is prudent at this stage (Trial 21/50).",86,B,A,C,D
16,LLM_Gemini_3_Flash,22,-1,1,1,1,A,0,exploit,0,"Button 1 has consistently yielded high rewards (Avg ~21-27) when the context is C(M=-1, K=1, N=-1) or C(M=-1, K=1, N=1). The current context is C(M=-1, K=1, N=1). Assuming Button 1 corresponds to a planet that rewards this specific state, it is chosen for exploitation, especially since other buttons (like 0 and 2) have shown very volatile or less promising patterns relative to the current context given the limited data.",15,B,A,C,D
16,LLM_Gemini_3_Flash,23,1,-1,-1,3,D,0,exploit,0,"Button 3 has been pulled 10 times, consistently yielding high rewards (average ~50.5) across various contexts, especially when the context matches the current one ({M:1, K:-1, N:-1}) where it yielded 48 (Trial 20). Button 0 showed an extremely high reward (86) once in context {M:1, K:1, N:-1}, but its other two pulls were moderate (23, 28). Buttons 1 and 2 have lower observed averages. Given the current context {M:1, K:-1, N:-1} matches a context where Button 3 performed well (48, 48, 48 from trials 11, 15, 20), exploiting Button 3 is the best strategy.",57,B,A,C,D
16,LLM_Gemini_3_Flash,24,1,1,-1,0,B,1,exploit,0,"Button 0 has only been pulled when context is (1, -1, 1) or (1, 1, -1). The average reward for (1, -1, 1) across trials 1 & 2 is 25.5. The reward for (1, 1, -1) on trial 21 was 86, significantly higher than any other reward seen. The current context is (1, 1, -1). Given the high reward on the only previous instance of this context for button 0, I choose to exploit this button, suspecting it might correspond to Planet A, which seems highly rewarded by (M=1, K=1, N=-1).",89,B,A,C,D
16,LLM_Gemini_3_Flash,25,1,1,-1,0,B,1,exploit,0,"Button 0 has only been pulled when context is (1, 1, -1), yielding high rewards (86, 89). The current context is (1, 1, -1). Given the consistency and high values, I will exploit this apparent high-reward setting for Button 0. Buttons 1 and 3 show mixed rewards indicating they are likely dependent on context, and Button 2 has only been pulled twice with moderate results (16, 24) for different contexts.",83,B,A,C,D
16,LLM_Gemini_3_Flash,26,1,-1,-1,3,D,0,exploit,0,"Button 3 has been played 10 times, exclusively under contexts where Mercury=1 and Nobelium=-1 (or -1, 1). When M=1, K=-1, N=-1 (3 times), average reward is 48.0. When M=1, K=-1, N=1 (5 times), average reward is 50.2. When M=-1, K=-1, N=1 (2 times), average reward is 54.0. Button 3 consistently yields high rewards (average ~50) across several different contexts, making it the current best candidate. The current context (M=1, K=-1, N=-1) has previously resulted in high rewards (48, 57, 48), so exploiting Button 3 is justified.",57,B,A,C,D
16,LLM_Gemini_3_Flash,27,1,-1,-1,3,D,0,exploit,0,"Button 3 has been heavily sampled with the context (1, -1, -1) and yielded high rewards (average ~51.25 across 8 trials). For the current context (Mercury=1, Krypton=-1, Nobelium=-1), Button 3 is the strongest candidate based on observed history. Button 0 shows high reward only when (1, 1, -1) occurs, which is not the current context. Buttons 1 and 2 have not been tested under the current context, but Button 3 shows consistent performance here. I will exploit the knowledge that Button 3 is performing well for this context.",47,B,A,C,D
16,LLM_Gemini_3_Flash,28,-1,1,1,0,B,0,exploit,0,"Button 0 has only been played when context is (M=1, K=1, N=-1), yielding high rewards (avg 86.0). The current context is (M=-1, K=1, N=1). Button 1 is strongly associated with context (M=-1, K=1, N=1) (avg 17.25), suggesting Planet B/D is low reward here. Button 3 is heavily explored and yields high rewards (avg 50.0) when M=1, N=1, but this context is different. Button 0's reward profile must be highly dependent on Mercury=-1, or Button 0 is Planet A, which has a very high potential reward when K=1 and N=-1. Given the high average reward for Button 0 when played, and the lack of data for Button 0 in the current context, I must pivot. However, Button 3 has consistently high rewards when M=1, N=1 (avg 51.6). Button 1 seems highly correlated with low rewards when M=-1, K=1, N=1 (avg 15.0). Button 2 has only been played twice with moderate rewards (avg 20.0) for contexts dissimilar to the current one. Given the ambiguity, let's re-evaluate Button 0. It gave 86-89 for (1, 1, -1). Let's try Button 2, which has the least played history, to explore its potential, as Button 0 is risky without context on the current signal combination. Wait, let's analyze Button 1's performance on the current context: (M=-1, K=1, N=1) yields average reward 15.0 over 4 trials for Button 1. Since Button 0 has shown very high potential rewards (80s) in *some* conditions, I will exploit Button 0 as it has the highest overall potential seen so far, hoping the reward function is high here too, or choose Button 3 if it looks consistently good for the M=1, N=1 aspect. Given the current context (M=-1, K=1, N=1), Button 1 is the only one explicitly tested in this exact configuration (avg 15.0). Button 3 (avg 50.0) is the next best overall. I will explore Button 2 (least explored) to gain information, as all known paths for Button 1 seem poor. Since Button 2 has only 2 pulls, it's the best candidate for exploration, but the intent is set to exploit based on history. Given Button 1's history in this context is very low (15.0), I will exploit the best known performer overall (Button 3 avg ~50.0) or Button 0 (high peak 86+). I will default to exploiting Button 0 due to its highest observed peaks, despite the context difference.",57,B,A,C,D
16,LLM_Gemini_3_Flash,29,-1,1,-1,0,B,1,exploit,0,"Button 0 has only been played when context is (1, 1, -1) or (-1, 1, 1), yielding high rewards (average ~73.4 for (1, 1, -1) and 57 for (-1, 1, 1)). Given the current context (-1, 1, -1), Button 0 is one of the less explored, but Button 1 has consistently given low rewards (average ~20.5) in the context (-1, 1, -1) which is very similar to the current one, suggesting Button 1 is likely a poor choice. Button 3 shows high rewards when Mercury is 1 and low when Mercury is -1 (for contexts where it was played). Button 0 seems to be the high-reward option for contexts involving Krypton=1. Since Button 0 has shown the highest variance and potential for large rewards on previous plays, and we have strong evidence that Button 1 is low-reward in similar conditions, exploiting Button 0 is the current best strategy while balancing exploration/exploitation tradeoff, preferring to focus on the known high performer or the one that hasn't been tried in this exact context yet.",72,B,A,C,D
16,LLM_Gemini_3_Flash,30,1,-1,1,0,B,0,exploit,0,"The current context (M=1, K=-1, N=1) matches trials 1, 2, 5, 9, and 18. Button 0 was only tried once under this context (Trial 21 with a slightly different context: M=1, K=1, N=-1 led to high rewards 86, 89, 83). Button 3 has been played most often under the current context (M=1, K=-1, N=1) yielding an average reward of 50.4 (from 5 plays). However, Button 0 has shown extremely high rewards (86, 89, 83) when M=1 and N=-1 (Trial 21, 24, 25), suggesting a high potential reward profile for Button 0, which might be the best option overall, even though Button 3 has been more consistent for this exact historical context. Given the very high variance and potential upside observed for Button 0 in similar contexts (M=1, N=-1), and the fact that Button 0 delivered the single highest reward observed (89) when the context included M=1 and N=-1, I will exploit Button 0 as it represents the best potential outcome seen so far, even though the exact context (M=1, K=-1, N=1) has only been played on Button 3 previously. Re-evaluating the history: Trials 1, 2, 5, 9, 18 share the current context (1, -1, 1).
- Button 3 was played 5 times with this context: Rewards {53, 45, 48, 52, 47}. Average = 49.0.
- Button 0 was played 0 times with this exact context.
- Button 2 was played 0 times with this exact context.
- Button 1 was played 0 times with this exact context.

Since Button 3 is the only arm consistently tried with the current context, and its average reward is 49.0, I will exploit Button 3. My initial read missed that Button 0 was only played under a different context (M=1, K=1, N=-1) which yielded high rewards, but for the *current* context (M=1, K=-1, N=1), Button 3 is the only one sampled.

Correction: Arm choice is 3, not 0. Let's stick to Button 3 based purely on the highest observed average for this specific context.

Recalculating based on Button 3: Arm choice should be 3.",20,B,A,C,D
16,LLM_Gemini_3_Flash,31,-1,1,-1,0,B,1,exploit,0,"The current context is M=-1, K=1, N=-1. Button 0 has shown high variance but significantly high rewards (57, 72) when this context was previously selected (Trial 29), compared to its reward (23, 28, 20) in other contexts or the consistent low rewards of Button 1 (Avg ~19) and Button 2 (Avg ~21). While Button 3 has high rewards in other contexts (Avg ~50), the most recent, relevant data point (Trial 29) strongly suggests Button 0 is superior for the current context (M=-1, K=1, N=-1). Given 30 trials, I will exploit the strong signal from Trial 29 for Button 0.",77,B,A,C,D
16,LLM_Gemini_3_Flash,32,-1,1,-1,0,B,1,exploit,0,"Button 0 is strongly associated with high rewards when Mercury=1 and Krypton=1 (Contexts 21, 24, 25) or when Mercury=-1 and Krypton=1 (Contexts 28, 29, 31), suggesting it maps to a planet that benefits from Krypton=1. For the current context (Mercury=-1, Krypton=1, Nobelium=-1), Button 0 gave 72 and 77 in previous trials (Trials 29 and 31), which are relatively high compared to the lower rewards seen for Button 1 in this same context (27 and 21 in Trials 6 and 8/14). Button 0 appears to be the best current option based on observed rewards for this specific context. Buttons 1, 2, and 3 have not been tested as frequently or yielded as high a reward in this exact configuration.",84,B,A,C,D
16,LLM_Gemini_3_Flash,33,1,-1,-1,3,D,0,exploit,0,"Button 3 consistently yields the highest rewards (average ~50.8) across various contexts, strongly suggesting it corresponds to a planet with a high base reward or one activated by the current context (M=1, K=-1, N=-1). Button 0 is highly rewarding only when K=1 (average ~66.2), Button 1 is consistently low (average ~19.8), and Button 2 has very few pulls. Given the current context (M=1, K=-1, N=-1) has previously yielded rewards of 48, 48, 57, 57, 47 for Button 3, exploiting this high-performing arm is the best strategy.",50,B,A,C,D
16,LLM_Gemini_3_Flash,34,-1,-1,1,3,D,0,exploit,0,"Button 3 has been consistently played under the context {Mercury: -1, Krypton: -1, Nobelium: 1} in trials 7, 13, 16, 19, and received high rewards (48, 56, 47, 52, 52, average ~51). Other buttons have not been tested in this exact context. Given the high historical reward for Button 3 when this context appears, I will exploit this apparent good option, assuming Button 3 maps to a high-reward planet under these conditions.",50,B,A,C,D
16,LLM_Gemini_3_Flash,35,-1,-1,1,3,D,0,exploit,0,"Button 3 has been overwhelmingly chosen in the context where Mercury=-1, Krypton=-1, Nobelium=1 (Trials 7, 13, 16, 19). The rewards (48, 56, 47, 52, 50) are consistently high compared to Button 1 in the same context (Trial 10, Reward 15). Based on the consistent, high payoffs for this specific context (M=-1, K=-1, N=1), Button 3 is the most likely best choice here, and I will exploit this pattern.",50,B,A,C,D
16,LLM_Gemini_3_Flash,36,-1,1,1,0,B,0,exploit,0,"Button 0 shows very high rewards (average ~67) specifically when context is (M=-1, K=1, N=1) (Trials 28, 29, 31, 32) or (M=1, K=1, N=-1) (Trials 21, 24, 25). The current context is (M=-1, K=1, N=1), which strongly suggests Button 0 is the best choice based on observed high payoffs in similar contexts.",42,B,A,C,D
16,LLM_Gemini_3_Flash,37,-1,1,1,1,A,0,exploit,0,"The current context is (-1, 1, 1). Button 1 has only been pulled when the context was (-1, 1, -1) (3 times) or (-1, 1, 1) (1 time). The average reward for Button 1 in context (-1, 1, 1) across trials 10, 17, 22, and 36 is (15 + 14 + 15 + 42) / 4 = 21.5. However, the last pull (Trial 36) yielded 42, suggesting Button 1 might be Planet B (high reward for this context) or Planet D (moderate reward for this context) if Planet B is the high-reward one. Button 0 performed extremely well (average 63.8) in context (-1, 1, 1) in 4 out of 5 pulls, suggesting Button 0 is likely the best arm for this context, corresponding to a high-reward planet (likely Planet B or D). Button 1's performance seems too low compared to Button 0's in this specific context, suggesting Button 1 is not the best option here. Given the strong consistent high rewards for Button 0 in this context, and only one pull for Button 1 in this exact context, relying on Button 0 is the highest expectation. However, the question asks for the best choice based on analysis. Let's re-evaluate the context (-1, 1, 1):

Button 0 pulls for context (-1, 1, 1): Trials 28 (57), 36 (42). Average: 49.5. (2 pulls)
Button 1 pulls for context (-1, 1, 1): Trials 10 (15), 17 (14), 22 (15), 36 (42 - wait, Trial 36 context is (-1, 1, 1) and pulled 0, not 1. Let's recheck history):

Context (-1, 1, 1):
Trial 10: Button 1, Reward 15.
Trial 17: Button 1, Reward 14.
Trial 22: Button 1, Reward 15.
Trial 28: Button 0, Reward 57.
Trial 36: Button 0, Reward 42.

Button 0 Avg for (-1, 1, 1): (57 + 42) / 2 = 49.5
Button 1 Avg for (-1, 1, 1): (15 + 14 + 15) / 3 = 14.67

Since Button 0 has a significantly higher observed average (49.5) than Button 1 (14.67) for the current context (-1, 1, 1), I will exploit Button 0.

Wait, I must select one choice from 0, 1, 2, or 3. My initial analysis strongly points to Button 0 being superior in this context based on past pulls. However, I misread my internal thought process regarding the choice of arm in the final output construction. I will choose the arm with the highest observed average for the current context.

Arm 0: Avg 49.5 for context (-1, 1, 1).
Arm 1: Avg 14.67 for context (-1, 1, 1).
Arm 2: Never pulled for context (-1, 1, 1).
Arm 3: Never pulled for context (-1, 1, 1).

Button 0 is the clear choice based on observed data for this context.",22,B,A,C,D
16,LLM_Gemini_3_Flash,38,-1,1,1,1,A,0,exploit,0,"Analyzing the history reveals potential patterns:
Button 0: Seems highly rewarded when (M=1, K=1, N=-1) (Rewards ~83-89) or when (M=-1, K=1, N=-1) (Rewards ~72-84). For the current context (M=-1, K=1, N=1), Button 0 yielded 57 and 42, suggesting moderate reward.
Button 1: When pulled in context (M=-1, K=1, N=1) (current context), rewards were 15, 15, 22. This seems to be the lowest yielding option for this specific context.
Button 3: Seems to have consistently high rewards when N=1, especially when M=-1 (Rewards ~47-56) or when M=1, N=-1 (Rewards ~47-57).

Given the current context (Mercury=-1, Krypton=1, Nobelium=1):
- Button 0 yielded {57, 42}. Avg: 49.5
- Button 1 yielded {15, 15, 22}. Avg: 17.3

Button 2 has only been pulled twice in different contexts, making its profile uncertain.

Since Button 1 has provided the lowest rewards in this exact context historically (avg 17.3), and Button 0 has provided moderate rewards (avg 49.5), I must re-evaluate. Button 2 and 3 have not been pulled in this exact context yet. However, let's look at the pattern of Button 1 in this context: it seems consistently low (around 15-22). Given the limited data, Button 0 has shown better results for this specific context compared to Button 1.

Let's check Button 2 and 3's potential for (M=-1, K=1, N=1):
Button 2: Only pulled for (1, 1, -1) -> Avg 22.5. (1, -1, -1) -> 16. Unknown.
Button 3: Only pulled for (-1, -1, 1) -> Avg 50.3. (1, -1, -1) -> Avg 51.3. (1, -1, 1) -> Avg 48.5. (0 observed for Button 3 in context (-1, 1, 1) is missing).

Based on the direct historical data for the current context (-1, 1, 1):
Button 0: Average reward is 49.5 (from 2 pulls).
Button 1: Average reward is 17.3 (from 3 pulls).

Button 0 appears to be the local best, but Button 1's low results strongly suggest it might be the worst arm for this context, or it maps to a planet that dislikes this configuration. Since Button 1 is the only one with multiple pulls in this exact context and it consistently underperforms compared to Button 0's average, I will explore Button 2 or 3, as they are completely unobserved in this specific context, to check for potentially higher rewards. I choose Button 2 as an exploration step since Button 0 has been heavily explored.",20,B,A,C,D
16,LLM_Gemini_3_Flash,39,1,1,-1,2,C,0,exploit,0,"Planet B (Button 2) showed a reward of 24 when context was (1, 1, -1). For the current context (1, 1, -1), this button has only been played twice (rewards 16 and 24), averaging 20. However, Button 0 shows very high rewards (average ~61.9) when Mercury=1 and Krypton=1, and Button 3 shows high rewards (average ~50.7) when Nobelium=1. Given the current context (1, 1, -1), Button 0 has historically yielded very high rewards (86, 89, 83) suggesting it is Planet A or D which reacts strongly to M=1, K=1. Button 2 has also been pulled in this context with a moderate reward (24). Since Button 0 has strongly indicated a high potential payoff in this specific context (1, 1, -1) in previous trials, I will exploit this by choosing Button 0. Wait, looking closer at the history, Button 2 was chosen exactly once with context (1, 1, -1) giving reward 24, and once with context (1, 1, -1) giving reward 16. Button 0 has *not* been chosen with (1, 1, -1) other than trials 4 and 12 where it gave 24 and 21 respectively (Wait, checking history: Trials 4 & 12 used Button 2 for (1, 1, -1) giving 24 and 21. Trials 21, 24, 25 used Button 0 for (1, 1, -1) giving 86, 89, 83. My analysis of the history for Button 2 was incorrect in the thought process, let's re-evaluate based on the provided history.)

Re-evaluation:
Context (M=1, K=1, N=-1):
- Button 0: Trials 4, 12 -> Rewards 24, 21 (Average 22.5)
- Button 2: Trials 4, 12 -> Rewards 24, 21 (Wait, the history states:
  T4: C=(1, 1, -1), Button=2, R=24
  T12: C=(1, 1, -1), Button=2, R=21
  T21: C=(1, 1, -1), Button=0, R=86
  T24: C=(1, 1, -1), Button=0, R=89
  T25: C=(1, 1, -1), Button=0, R=83

Button 0 shows extremely high rewards (Avg ~86) for context (1, 1, -1). Button 2 shows moderate rewards (Avg 22.5) for context (1, 1, -1).

It appears Button 0 corresponds to a planet that strongly prefers (1, 1, -1). I should choose Button 0 to exploit this high observed return.

Wait, the current context IS (Mercury: 1, Krypton: 1, Nobelium: -1). 
Previous choices with this exact context:
- Button 0 (3 times): Rewards 86, 89, 83. Average 86.0
- Button 2 (2 times): Rewards 24, 21. Average 22.5

Button 0 is clearly superior for this context based on observation. I choose 0.",20,B,A,C,D
16,LLM_Gemini_3_Flash,40,1,-1,-1,3,D,0,exploit,0,"Button 3 has consistently provided high rewards (average ~50.7) across various contexts, especially when Nobelium is -1 (avg ~51.5) and when Mercury is -1 (avg ~50.8). Button 0 shows high variance but seems context-dependent (very high when M=1, K=1, N=-1, but very low when M=1, K=-1, N=1). Button 1 seems to yield low rewards (avg ~20.6). Button 2 has too little data but rewards were moderate. Given the current context (M=1, K=-1, N=-1), which closely matches contexts where Button 3 performed well (e.g., trials 3, 11, 15, 20, 23, 26, 27, 33), Button 3 is the most reliable exploitative choice.",55,B,A,C,D
16,LLM_Gemini_3_Flash,41,1,-1,1,0,B,0,exploit,0,"The current context is (Mercury: 1, Krypton: -1, Nobelium: 1). Button 0 has been played 10 times with this context, yielding an average reward of (23+28+20+57+72+77+84+42+20) / 9 = 49.67, with the last observed reward being 20. Button 3 has been played 4 times with this context, yielding an average reward of (53+45+52+48) / 4 = 49.75. Button 0 has the highest historical average reward (49.67) for this specific context state (C1) among the most frequently tested buttons in this state (B0 vs B3). Given the high number of plays on B0 under this context, I will exploit the slight historical edge, though B3 is very close. All other buttons have significantly lower or zero history for this context.",25,B,A,C,D
16,LLM_Gemini_3_Flash,42,-1,-1,1,3,D,0,exploit,0,"Button 3 has been pulled 15 times, primarily in contexts where Mercury is -1 and Nobelium is 1 (high rewards: 47-56), or contexts involving other signals (rewards 48-57). The current context is (M: -1, K: -1, N: 1). Button 3 has yielded the highest average reward in this specific context (Avg(T7, 13, 16, 19, 34, 35) for Ctx(-1, -1, 1) $\approx$ 51.5, when pulled on 3). Button 0 shows high variance (low 20s to high 80s) and Button 1 shows consistently low rewards (14-27). Button 2 has been pulled only 4 times with mixed results. Given the strong history suggesting Button 3 performs well when Nobelium is 1 and Mercury is -1, exploiting this strong signal seems optimal.",51,B,A,C,D
16,LLM_Gemini_3_Flash,43,1,-1,1,0,B,0,exploit,0,"The current context is (Mercury=1, Krypton=-1, Nobelium=1). Button 0 has been played 10 times with this exact context, yielding an average reward of (23+28+20+57+72+77+84+42+25) / 9 = 47.44 (Wait, let's re-check the data for context (1, -1, 1) and button 0).

Context (1, -1, 1) plays on Button 0:
Trial 1: Reward 23
Trial 2: Reward 28
Trial 30: Reward 20
Trial 41: Reward 25
Average for B0 at (1, -1, 1): (23+28+20+25) / 4 = 96 / 4 = 24.0.

Let's re-evaluate the observed rewards for the context (1, -1, 1) across all buttons:
B0: 23, 28, 20 (Avg 23.67)
B3: 53, 45, 52, 48, 57, 55 (Avg 50.83)

Button 3 provided a much higher average reward (50.83) for the context (1, -1, 1) than Button 0 (23.67). 

Let's check other buttons for this context (1, -1, 1):
B1: Never played.
B2: Never played.

Since Button 3 shows a significantly higher historical reward (Avg ~50.83) than Button 0 (Avg ~23.67) for the current context (1, -1, 1), choosing Button 3 is the best exploitation strategy based on current data, even though Button 0 was explored heavily.

Button 3 history for (1, -1, 1): Trials 5, 9, 18, 20, 23, 26, 40. Avg: 50.83
Button 0 history for (1, -1, 1): Trials 1, 2, 30, 41. Avg: 23.67

Choosing Button 3 for exploitation.",20,B,A,C,D
16,LLM_Gemini_3_Flash,44,-1,1,1,0,B,0,exploit,0,"The current context is (Mercury: -1, Krypton: 1, Nobelium: 1). 
Button 1 has been played 7 times with this context, yielding rewards averaging (15+14+15+22+20+22+20)/7 = 18.14. However, Button 0 has also been played 4 times in this context (trials 28, 36, 42, 43 are close but not exact, wait let's re-check the history for exact matches).

Exact history matching the current context (-1, 1, 1):
- Trial 10: Button 1, Reward 15. (Avg for B1: 15.0)
- Trial 17: Button 1, Reward 14. (Avg for B1: 14.5)
- Trial 22: Button 1, Reward 15. (Avg for B1: 14.67)
- Trial 37: Button 1, Reward 22. (Avg for B1: 16.25)
- Trial 38: Button 1, Reward 20. (Avg for B1: 16.6)

Button 0 was played in context (-1, 1, 1) at Trial 28, Reward 57.

Comparing the only two buttons played in this exact context:
- Button 1 average: 16.6 (5 plays)
- Button 0 average: 57.0 (1 play)

Button 0 yielded a significantly higher reward (57) in this specific context, while Button 1 consistently yields low rewards (14-22). Despite Button 0 only having one sample here, the disparity is large enough to strongly suggest Button 0 is the better choice for this specific context. I will exploit this observed high reward.",50,B,A,C,D
16,LLM_Gemini_3_Flash,45,1,1,-1,2,C,0,exploit,0,"The current context is (M=1, K=1, N=-1). Button 2 has only been pulled twice, both times with this exact context, yielding rewards of 24 and 20 (Average: 22). Button 0 has shown extremely high rewards (avg ~65) primarily when M=1, K=1, N=-1 or M=-1, K=1, N=-1. Button 3 shows high rewards when N=1 (avg ~50). Given the current context (1, 1, -1), Button 2 has the highest observed average reward (22) for this specific context compared to the few times Button 0 was tried in this context (last pull was 20). However, Button 0 yielded 86, 89, 83 in trials 21, 24, 25 with context (1, 1, -1). This suggests Button 0 is likely the best choice for the current context (M=1, K=1, N=-1), as its observed rewards (avg ~86) are vastly superior to Button 2's observations (avg 22) for this specific context. I will exploit Button 0's established high performance in this context.",21,B,A,C,D
16,LLM_Gemini_3_Flash,46,-1,1,-1,0,B,1,exploit,0,"Analyzing historical data, Button 0 seems highly correlated with high rewards (e.g., 86, 89, 83, 72, 77, 84) specifically when the context is (M:1, K:1, N:-1) or (M:-1, K:1, N:-1). The current context is (M:-1, K:1, N:-1). Button 0 has been chosen 12 times and yielded high rewards in the contexts where M=-1, K=1, N=-1 (72, 77, 84), averaging ~77.67. Other buttons show lower or inconsistent rewards for similar patterns or have not been tested as extensively in high-reward configurations. Button 2 is weak (avg ~21.75 across 5 trials). Button 1 seems tied to low rewards (avg ~20.5 across 9 trials). Button 3 shows moderate rewards but less consistently high than Button 0 in patterns seen. Therefore, Button 0 is the most likely optimal choice for the current context (M:-1, K:1, N:-1).",82,B,A,C,D
16,LLM_Gemini_3_Flash,47,-1,1,-1,0,B,1,exploit,0,"Button 0 has shown very high rewards (average ~60.8) specifically when Mercury=-1 and Krypton=1 (context R: -1, K: 1, N: -1 is the current context). This pattern appears strongly linked to the current context, suggesting Button 0 maps to a high-value planet under these conditions. The other buttons have either low or inconsistent averages under various conditions. I will exploit this strong observed correlation.",80,B,A,C,D
16,LLM_Gemini_3_Flash,48,-1,-1,1,0,B,0,exploit,0,"The current context is (Mercury: -1, Krypton: -1, Nobelium: 1). Button 3 has been played 15 times in this context, yielding an average reward of approximately 50.13. Button 0 has been played 13 times in this context, yielding an average reward of approximately 45.54. However, the rewards for Button 0 seem to follow a strong pattern related to the context (M=-1, K=1, N=1) or (M=-1, K=1, N=-1), where high rewards (72-84) were observed when Krypton was 1. Given the current context (M=-1, K=-1, N=1), Button 3 has been consistently chosen and provided stable, high rewards (avg ~50.4). Button 1 and 2 have not been played in this specific context. Button 0's rewards in similar contexts have been very low (20, 25). Given the high consistency and average reward for Button 3 in this exact context, I will stick with Button 3. Re-evaluating: The provided history shows Button 3 was played 15 times with context (-1, -1, 1) resulting in an average reward of 50.13. Button 0 was played 1 time with this context, resulting in 57. Button 1 and 2 were never played in this context. The average for Button 3 is much more reliable. I will stick with Button 3 as the highest historical performer for this context, despite the single high outlier for Button 0. Let's choose Button 3 for exploitation based on extensive historical data for this exact state.",25,B,A,C,D
16,LLM_Gemini_3_Flash,49,1,-1,1,0,B,0,exploit,0,"Analyzing the data suggests two distinct reward groups based on the button chosen:

Group 1 (Buttons 1, 2, 3 in some context combinations):
- Button 1 seems to yield low rewards (14-27).
- Button 2 seems to yield low rewards (16, 20, 21, 24).
- Button 3 seems to yield moderate rewards (45-57) when Mercury=-1/Nobelium=1 OR Mercury=1/Nobelium=-1.

Group 2 (Button 0):
- Button 0 yields very high rewards (72, 77, 80, 82, 84, 89) when context is (M=-1, K=1, N=-1) or (M=1, K=1, N=-1).
- Button 0 yields low rewards (20, 23, 25, 28, 42, 50, 57) in other contexts, notably the current context (M=1, K=-1, N=1) where it returned {23, 20, 25} with an average of 22.67 over 4 trials.

However, looking closely at the high rewards for Button 0, they cluster heavily around the context (M=-1, K=1, N=-1) (Rewards: 72, 77, 84, 82) and (M=1, K=1, N=-1) (Rewards: 86, 89, 83).

The current context is (Mercury=1, Krypton=-1, Nobelium=1). 
Button 0 has been pulled 10 times in this exact context, yielding rewards {23, 28, 20, 25, 20, 25} (average ~23.33).
Button 3 has been pulled 5 times in this exact context, yielding rewards {53, 45, 52, 48, 56, 47, 50, 51} (average ~50.00).

Button 3 shows a significantly higher average reward (approx 50.00) for the exact current context (M=1, K=-1, N=1) than Button 0 (approx 23.33).
I will exploit the observed performance for this specific context by choosing Button 3, despite Button 0 having higher rewards in other contexts (like when Krypton=1 and Nobelium=-1).
Wait, re-checking the history for (M=1, K=-1, N=1):
- Trial 1, 2, 30, 41, 43: Button 0 (R: 23, 28, 20, 25, 20). Avg: 23.2
- Trial 5, 9, 18: Button 3 (R: 53, 45, 52). Avg: 50.0

Therefore, Button 3 is the clear best choice for the current context based on historical average.

--- Final Decision Check: My initial thought process was confused by grouping. For the specific context (M=1, K=-1, N=1):
- Button 0 average: 23.2
- Button 3 average: 50.0
I must choose Button 3.",26,B,A,C,D
16,LLM_Gemini_3_Flash,50,1,-1,-1,3,D,0,exploit,0,"The current context is (Mercury=1, Krypton=-1, Nobelium=-1). Button 3 has been strongly favored in this context, yielding high rewards (averaging around 50-57) in trials 3, 11, 15, 20, 23, 26, 27, 33, 40. Buttons 0, 1, and 2 have shown significantly different reward profiles across contexts, especially Button 0 which seems high when M=1, K=1, N=-1 (avg ~85) but low when M=1, K=-1, N=1 (avg ~23). Given the current context matches multiple high-reward pulls for Button 3, I will exploit this by choosing 3.",51,B,A,C,D
17,LLM_Gemini_3_Flash,1,-1,1,1,0,B,0,explore,1,"This is the first trial, so I must explore all available arms (buttons) to begin gathering data on their reward distributions under the current context (-1, 1, 1). I choose button 0 arbitrarily to start.",40,B,C,D,A
17,LLM_Gemini_3_Flash,2,1,-1,1,0,B,0,explore,1,"Only one trial has been played (Button 0 gave a reward of 40). With only one data point, the expected reward functions for all four arms are highly uncertain. I will choose to play Button 0 again to get a more reliable estimate of its expected reward under the current context (Mercury=1, Krypton=-1, Nobelium=1) given the previous context (Mercury=-1, Krypton=1, Nobelium=1) that yielded 40. This balances exploration (learning about other arms) and exploitation (refining the estimate for the only known arm).",15,B,C,D,A
17,LLM_Gemini_3_Flash,3,1,1,-1,1,C,0,explore,1,"With only two trials, the mapping is completely unknown and there is very little data to form strong beliefs. Both previous choices (Button 0) gave low rewards (40 and 15). Since the current context is entirely new in terms of combinations observed, and to quickly gather information about the remaining buttons (1, 2, 3), I will choose Button 1 to explore its potential reward profile, as exploiting based on two low rewards is premature.",19,B,C,D,A
17,LLM_Gemini_3_Flash,4,1,-1,1,0,B,0,exploit,0,"Button 0 has provided two previous rewards (40 and 15) under contexts where the current context's signals (Mercury=1, Krypton=-1, Nobelium=1) were active for Mercury and Nobelium. The reward of 40 (Trial 1) occurred when Mercury=-1, Krypton=1, Nobelium=1, and the reward of 15 (Trial 2) occurred under the current context signals. Since the context for Trial 2 matches the current context, choosing Button 0 leverages the observed reward of 15. Given the limited data, I choose to exploit the known recent payoff for this exact context, as the reward variance for other arms is unknown.",17,B,C,D,A
17,LLM_Gemini_3_Flash,5,1,1,-1,1,C,0,exploit,0,"Button 1 was chosen in Trial 3 with context (1, 1, -1) and yielded 19. Button 0 has been tested twice with context (1, -1, 1) yielding 15 and 17, and once with (-1, 1, 1) yielding 40. Given the current context (1, 1, -1) matches the condition used for Button 1, and since we have very little data (only 4 trials total), exploiting the only previous observation for this exact context configuration (which belongs to Button 1) is the most reasonable initial greedy choice before exploring other options or refining estimates. The average reward for Button 0 in the context (1, -1, 1) is 16. Since we have no data for Button 2 or 3, and Button 1 had a unique context previously, we lean towards the only known signal match.",19,B,C,D,A
17,LLM_Gemini_3_Flash,6,-1,-1,1,3,A,0,explore,1,"Buttons 0 and 1 have been tested 5 times, yielding average rewards of 27.33 and 19.00, respectively. Buttons 2 and 3 have never been chosen. Given the current context (-1, -1, 1), it is optimal to explore an unchosen arm (Button 2 or 3) to gather information, as the optimal mapping is still highly uncertain. I choose Button 3 arbitrarily among the unexplored arms.",49,B,C,D,A
17,LLM_Gemini_3_Flash,7,-1,1,1,1,C,1,exploit,0,"Button 1 has only been pulled twice (Trials 3 and 5) under the context (M=1, K=1, N=-1), yielding a consistent reward of 19 each time. For the current context (M=-1, K=1, N=1), Button 0 yielded 40 (Trial 1). Since there isn't enough information to strongly link the current context to Button 1's previous high performance, I will stick with Button 1 as it has the only consistent, non-noisy observation so far, leaning towards exploitation based on existing patterns, but acknowledge this is a weak exploit due to context mismatch. Given the high reward from Button 0 in the *exact* current context previously, I should re-test Button 0 or choose Button 1 based on its consistency. Since Button 0 has yielded highly variable results (40, 15, 17) across similar contexts, I will choose Button 1 which showed consistency, hoping its underlying reward structure is high for this context pattern.",85,B,C,D,A
17,LLM_Gemini_3_Flash,8,1,-1,1,3,A,1,exploit,0,"Button 0 has shown low rewards (15, 17) in context (1, -1, 1), while Button 1 has shown high rewards (19, 19) in context (1, 1, -1). Button 3 yielded a very high reward (49) in context (-1, -1, 1). Button 1 gave 85 in context (-1, 1, 1). Given the current context (1, -1, 1), Button 0 gave 15 and 17 previously. Button 3 is the only one that has not been pulled in this specific context (1, -1, 1) or a very similar one. However, Button 0 seems generally poor for this context configuration. Button 3 has shown high variance/high potential (49 for (-1, -1, 1)). Button 1 seems strong (85 for (-1, 1, 1)). Button 0 gave 15 for (1, -1, 1). I will choose Button 3, as it provided the highest reward (49) in the past for a context (-1, -1, 1) that shares two signals with the current one (1, -1, 1), suggesting it might be a high-reward arm, even though Button 0 was tried twice here with lower results. Given the limited data, exploiting the highest historical pull (Button 3 gave 49) or the button tried in this context (Button 0 gave 15/17) is possible. I will choose Button 3 as the highest overall non-outlier performance was 49, and Button 0 is consistently low for this specific context.",90,B,C,D,A
17,LLM_Gemini_3_Flash,9,-1,1,-1,2,D,0,explore,1,"Buttons 0, 1, and 3 have been tried multiple times, revealing varying rewards based on context, although the specific planet mapping is still unclear. Button 2 has never been chosen. Given the need to map the four planets (A, B, C, D) to the four buttons (0, 1, 2, 3), exploring Button 2 in this current context (-1, 1, -1) is necessary to gather initial data for this unobserved arm, rather than relying on extrapolated data from the other three.",51,B,C,D,A
17,LLM_Gemini_3_Flash,10,-1,1,-1,2,D,0,exploit,0,"Button 2 was chosen once (Trial 9) under the current context (-1, 1, -1) yielding 51. The other buttons have either not been tested in this exact configuration or have shown lower average returns across all trials. Since Button 2 has the only direct evidence for this specific context, exploiting this choice seems optimal for now, pending more data for other buttons under this context.",46,B,C,D,A
17,LLM_Gemini_3_Flash,11,-1,1,-1,2,D,0,exploit,0,"Button 2 has only been played twice (Trials 9 and 10) under the current context (-1, 1, -1) yielding rewards of 51 and 46 (Average 48.5). Buttons 0 and 3 have shown high variance in rewards across different contexts, suggesting complex reward functions, while Button 1's performance is currently unknown for this specific context. Given the limited data for Button 2 in this exact context, and the promising initial average, I will exploit Button 2. I will re-evaluate exploration for other buttons in future rounds if the returns diminish.",48,B,C,D,A
17,LLM_Gemini_3_Flash,12,1,1,-1,2,D,0,exploit,0,"Button 2 has only been pulled when context was (M=-1, K=1, N=-1), yielding rewards of 51, 46, and 48 (Avg ~48.3). The current context is (M=1, K=1, N=-1). Given the lack of data for this specific context on Button 2, I must rely on exploration/exploitation balance. However, if I assume Button 2 corresponds to Planet C which consistently yields high rewards (as suggested by the high rewards on Button 3 in similar contexts, potentially sharing a planet mapping), I should try to exploit the knowledge gathered. Given the current context (1, 1, -1), it hasn't been tested on any button yet. Button 2 is the most frequently chosen arm (3 times) among those with non-uniform results. Since I don't have enough data to robustly estimate rewards for the current context across all arms, I will choose the arm (Button 2) that showed high base activity, but this is a soft exploit/initial exploration hybrid. Given the high variance in rewards for all arms when tested, I will lean towards exploiting the arm that has shown the highest *average* return on the few pulls it has received, although data is extremely sparse. Since Button 2 had 46, 48, 51, it seems relatively good. I will stick with 2 as a soft exploit based on its previous performance, as there's no clear better choice yet.",54,B,C,D,A
17,LLM_Gemini_3_Flash,13,-1,1,1,1,C,1,exploit,0,"The current context is M=-1, K=1, N=1. Button 1 has previously yielded high rewards (85) in this exact context (Trial 7). Button 0 yielded 40 in this context (Trial 1). Buttons 2 and 3 have not been tried in this exact context, but Button 1 showed the highest return previously. I will exploit the best historical result for this context.",79,B,C,D,A
17,LLM_Gemini_3_Flash,14,-1,1,-1,2,D,0,exploit,0,"Button 2 has been pulled 3 times with the context (-1, 1, -1), yielding rewards of 51, 46, and 48 (average ~48.3). The current context is also (-1, 1, -1). Given this consistency, it is highly probable that Button 2 maps to a planet whose reward is maximized or consistently high under this specific context. All other buttons have been pulled fewer times under contexts different from the current one, making Button 2 the best exploit choice based on observed data.",53,B,C,D,A
17,LLM_Gemini_3_Flash,15,1,1,-1,2,D,0,exploit,0,"The current context is [M=1, K=1, N=-1]. Button 2 has been played 5 times, all in this exact context, yielding rewards: 54, 51, 46, 48, 53. The average reward is 50.2. This suggests Button 2 is likely associated with a planet that performs well under this context. Buttons 0, 1, and 3 have been played under different contexts with varied results, but Button 2 shows consistent, moderate-to-high performance for the specific context we are currently in. I will exploit this apparent high-performing arm.",48,B,C,D,A
17,LLM_Gemini_3_Flash,16,-1,1,-1,2,D,0,exploit,0,"Button 2 has been pulled 7 times, primarily in contexts where Mercury=-1 and Nobelium=-1, yielding high rewards (avg ~50.2). The current context is Mercury=-1, Krypton=1, Nobelium=-1. Button 2 has consistently performed well in this specific context or similar ones. Buttons 0, 1, and 3 have shown much more variability or lower average rewards across the observed contexts. I will exploit the seemingly high average reward associated with Button 2 for this context.",55,B,C,D,A
17,LLM_Gemini_3_Flash,17,1,1,-1,2,D,0,exploit,0,"Button 2 has only been pulled when the context was (M: -1, K: 1, N: -1) or (M: 1, K: 1, N: -1). The average rewards were high: 50.33 for (-1, 1, -1) and 51.0 for (1, 1, -1). The current context is (M: 1, K: 1, N: -1), which matches a context where Button 2 performed very well. Button 1 showed high variance and was pulled only twice when N=-1, one result being 19. Button 0 and 3 have less consistent data for this specific context type. I will exploit the promising historical data for Button 2 under the current context (1, 1, -1).",46,B,C,D,A
17,LLM_Gemini_3_Flash,18,1,1,-1,2,D,0,exploit,0,"Button 2 has been pulled 8 times, most frequently in the context (M=1, K=1, N=-1) resulting in an average reward of 50.5, and other contexts yielding averages around 50-55. This consistency suggests Button 2 is likely the best performing option observed so far, especially given the current context (M=1, K=1, N=-1) has yielded high rewards (54, 48, 46, 48, 55, 46, total 297/6 = 49.5). Since Button 2 has been well-explored and performs well in similar contexts, I will exploit this knowledge. Buttons 0, 1, and 3 have highly variable or lower average returns observed.",49,B,C,D,A
17,LLM_Gemini_3_Flash,19,1,-1,1,2,D,0,exploit,0,"Button 2 has been tried 10 times, mostly under the context (M:1, K:1, N:-1) yielding rewards averaging around 50. The current context is (M:1, K:-1, N:1). Button 2 has shown high returns in contexts similar to the ones explored. Buttons 0, 1, and 3 have shown high variability or lower returns in the contexts where they were tried. Given the history, Button 2 appears to be consistently high-rewarding, or at least provides the most robust data, leading to an exploitation choice while maintaining a focus on the most explored options.",50,B,C,D,A
17,LLM_Gemini_3_Flash,20,1,1,-1,2,D,0,exploit,0,"Button 2 has been heavily sampled (10 times) primarily under the context (1, 1, -1), yielding an average reward of 49.4. For this specific context (1, 1, -1), Button 2 is the only one tried, with an average reward of 49.2 across 6 plays. Given the strong history for this exact context and button, it is best to exploit this known high-value option. Buttons 0, 1, and 3 have been played infrequently and under different contexts, making Button 2 the most reliable choice for exploitation.",52,B,C,D,A
17,LLM_Gemini_3_Flash,21,-1,-1,1,2,D,0,exploit,0,"Button 2 has been pulled 11 times, consistently yielding rewards between 46 and 55 (Avg ~50.7). Button 1 has shown high variance (19, 79, 85) across 3 pulls, suggesting strong context dependence. Button 0 has low variance (15-40) across 3 pulls. Button 3 has yielded 49 and 90 across 2 pulls. The current context is (-1, -1, 1). Button 2 has been pulled 4 times in this specific context, yielding rewards of 51, 46, 55, 53 (Avg ~51.25). Given the repeated high performance of Button 2 under this specific context, I will exploit this choice while continuing to gather data on other buttons in other contexts.",43,B,C,D,A
17,LLM_Gemini_3_Flash,22,1,-1,-1,0,B,0,error,0,Error: 'NoneType' object has no attribute 'arm_choice',40,B,C,D,A
17,LLM_Gemini_3_Flash,23,1,-1,1,2,D,0,exploit,0,"Button 2 has been overwhelmingly chosen in recent trials (Trials 9-21) across varied contexts, yielding rewards generally in the high 40s to mid-50s, suggesting it is currently the most reliable high-reward arm. The current context (M=1, K=-1, N=1) was played once with Button 2 (Trial 19) resulting in a reward of 50. Based on the high frequency and consistent performance of Button 2, I will exploit this arm. Buttons 0, 1, and 3 have shown much more variance or lower average returns in the history observed.",47,B,C,D,A
17,LLM_Gemini_3_Flash,24,-1,1,1,1,C,1,exploit,0,"Button 1 has shown very high rewards (79, 85) specifically when the context is (-1, 1, 1), which matches the current context. Button 2 has been heavily explored but seems optimized for a different context (-1, 1, -1). Button 1 is the best current option based on limited but high-value observations.",84,B,C,D,A
17,LLM_Gemini_3_Flash,25,-1,1,1,1,C,1,exploit,0,"Button 1 shows a very high average reward (79, 85, 84) when the context is (Mercury=-1, Krypton=1, Nobelium=1), resulting in an average of 80.67. Button 2 has been heavily explored with moderate rewards (avg ~50). Buttons 0 and 3 have insufficient data under this specific context to compete with Button 1's established high performance in this state. I will exploit the high observed performance of Button 1 for the current context (-1, 1, 1).",85,B,C,D,A
17,LLM_Gemini_3_Flash,26,1,1,-1,2,D,0,exploit,0,"Button 2 has been chosen 14 times with an average reward of 49.43. It was chosen exclusively when the context was (M:1, K:1, N:-1) or (M:-1, K:-1, N:1). For the current context (M:1, K:1, N:-1), Button 2 has historically performed consistently well (avg ~49.5). Buttons 0, 1, and 3 have shown high variance or have not been tested in this exact context. Exploiting the known high average for Button 2 under this specific context is the best current strategy.",45,B,C,D,A
17,LLM_Gemini_3_Flash,27,1,1,-1,2,D,0,exploit,0,"Button 2 has been consistently chosen in the context (M=1, K=1, N=-1) and yielded average rewards between 45 and 54. The current context is identical (M=1, K=1, N=-1). Based on the strong historical performance of Button 2 under this specific context, choosing Button 2 is the best exploitation strategy now, as other buttons have shown high variance or have not been tested in this exact configuration.",51,B,C,D,A
17,LLM_Gemini_3_Flash,28,-1,1,1,1,C,1,exploit,0,"The current context is {-1, 1, 1}. Button 1 has consistently provided very high rewards (79, 85, 84, 85) when this context or similar contexts have appeared, especially compared to Button 2 which seems highly reactive to this context (rewards around 80s) or Button 0/3 (which have less history on this context, but Button 1 is clearly dominant here based on observed data for context { -1, 1, 1}). I will exploit this high observed reward for Button 1 under the current context.",82,B,C,D,A
17,LLM_Gemini_3_Flash,29,1,1,-1,1,C,0,exploit,0,"Button 1 has consistently yielded very high rewards (79-85) when Mercury=-1 and Krypton=1, regardless of Nobelium's value (-1 in trials 3, 5, 12, 15, 17, 18, 20, 26, 27; 1 in trials 1, 7, 13, 24, 25, 28). The current context is Mercury=1, Krypton=1, Nobelium=-1. Button 2 has been heavily explored in this specific context (M=1, K=1, N=-1) with an average reward of approximately 49.6. Button 1 has never been tested in the current context (M=1, K=1, N=-1). However, Button 1 seems strongly associated with the high-reward scenarios when M=-1, K=1 (Avg ~83.5). Given the high variance and strong signals for Button 1 when M=-1, K=1, and the relatively stable, lower rewards for Button 2 when M=1, K=1, N=-1 (Avg ~49.6), selecting Button 1 is a riskier exploit because it might map to a planet that performs well under M=1, K=1, N=-1, or it might be an exploration based on strong prior evidence from a different context. Button 2 is the most explored arm for the *current* context. The average reward for Button 2 in this context is ~49.6. The highest overall average reward comes from Button 1 (~83.5) when M=-1, K=1. Since Button 2 has been thoroughly explored in this exact context (M=1, K=1, N=-1) with stable, medium rewards (Avg ~49.6 across 9 trials), exploiting this known quantity seems safer than choosing Button 1, which has never been tested here. Button 0 has low rewards (Avg ~27.7). Button 3 has medium rewards (Avg ~69.5 over 2 trials, but one outlier at 90). Given the current context (M=1, K=1, N=-1), Button 2 has the highest sample mean (49.6) across multiple trials for this specific context. Therefore, I choose to exploit Button 2, but based on the analysis of past data (which shows Button 1 is potentially the best planet overall), I will choose Button 1 if I assume the reward function for Button 1 will be high, or Button 2 if I stick to the best observed for the current context. Re-evaluating: Button 2 has the highest number of pulls in the current context, suggesting it might be the 'safe' option. However, let's reconsider Button 1's potential. Button 1 shows high rewards (80s) when M=-1, K=1. If Planet A maps to Button 1, and Planet A rewards are high when K=1, it might still be good. Let's check Button 2's rewards for M=1, K=1, N=-1: {19, 19, 54, 48, 46, 49, 52, 45, 51}. Average is 44.9. Button 1's highest average is when M=-1, K=1 (~83.5). Given the game structure usually favors a consistently high earner, and Button 2 has been heavily explored for this context with medium returns, I will stick with Button 2 as the exploit target based on the best known reward for this specific context. 
Wait, checking Button 2's average again: (19*2 + 54 + 48 + 46 + 49 + 52 + 45 + 51) / 9 = 404 / 9 = 44.89. 
Let's check Button 1's average: (85*3 + 79 + 84*2 + 82) / 7 = 578 / 7 = 82.57 (when M=-1, K=1). 
If I must choose between exploiting the known medium return (Button 2) or betting on the potentially high return (Button 1), I lean towards exploiting the button that has shown the most consistency in the current context (Button 2, avg 44.89). 

However, examining the context: M=1, K=1, N=-1. This context was pulled 9 times on Button 2 (Avg ~44.9). Button 1 has never been pulled in this context. Button 0 has been pulled when (M=1, K=-1, N=-1) Avg 40, and (M=1, K=-1, N=1) Avg 16. The risk/reward ratio still favors Button 2 based on direct evidence for this exact context. I will stick with Button 2 as the exploit. 

Wait, I see an error in my manual check for Button 1 vs Button 2 exploration. The choice for Button 1 was done in Trial 7 with M=-1, K=1, N=1 (Reward 85). The current context is M=1, K=1, N=-1. The current context has been pulled 9 times on Button 2 (Avg ~44.9). If I consider the possibility that Button 1 maps to the planet that gives high rewards when K=1 (which it seems to, both trials 7 and 24/25 when M=-1, K=1 are high), it might be better than Button 2. Given the high variance and strong outlier potential, I will explore Button 1 as it might lead to the high rewards seen previously on Button 1 under similar K=1 conditions. 

Final decision: Exploit the best known average for this context, which is Button 2 (Avg ~44.9). I will adjust my intent to exploit, sticking with Button 2.",11,B,C,D,A
17,LLM_Gemini_3_Flash,30,-1,1,-1,2,D,0,exploit,0,"Button 2 has been played 17 times with an average reward of 49.94. It was played frequently in the context (-1, 1, -1), averaging 50.4, and (1, 1, -1), averaging 49.75. Button 1 is consistently high (avg 67.75) when M=-1, K=1, N=1, but the current context is (-1, 1, -1). Given the stability and high frequency of plays for Button 2, and the current context matching several high-frequency plays on Button 2, I will exploit Button 2 as the current best known option for this specific context (-1, 1, -1), which has an average reward of 50.4 for Button 2. Button 0 and 3 have very limited or confusing data for this context. Button 1's best context is different from the current one.",46,B,C,D,A
17,LLM_Gemini_3_Flash,31,-1,-1,1,2,D,0,exploit,0,"Button 2 has been played 17 times, mostly in contexts where Mercury=1 and Nobelium=-1 (average reward ~50.5) or Mercury=-1 and Nobelium=-1 (average reward ~50.0). The current context is (M=-1, K=-1, N=1). Button 2 gave a reward of 43 in this exact context (Trial 21). Buttons 0, 1, and 3 have shown high variance or strong rewards in other contexts (e.g., Button 1 for M=-1, K=1, N=1 yields rewards in the 80s), but Button 2 seems the most consistently high performer overall, and we have a direct sample for the current context, favoring exploitation of the already established high average for Button 2.",51,B,C,D,A
17,LLM_Gemini_3_Flash,32,1,-1,1,1,C,0,exploit,0,"The current context is (Mercury: 1, Krypton: -1, Nobelium: 1). Button 1 has previously yielded high rewards (85, 79, 84, 85, 82) when the context was (Mercury: -1, Krypton: 1, Nobelium: 1) or similar high-reward contexts, suggesting Button 1 maps to a planet that benefits greatly from Krypton=1. However, Button 3 gave 90 for (1, -1, 1) in trial 8, and Button 2 gives medium rewards for many contexts. 

Let's re-examine the structure based on Button 1's high rewards (85, 79, 84, 85, 82) when context was M=-1, K=1, N=1. This suggests Planet B (if mapped to Button 1) is highly profitable when Krypton is on. 

For the current context (M=1, K=-1, N=1):
Button 0 has received (1, -1, 1) -> 17 and (-1, -1, -1) -> 40. The first instance is close to the current context.
Button 2 has received (1, -1, 1) -> 50.
Button 3 has received (1, -1, 1) -> 90 (Trial 8).

Button 3 showed the highest reward (90) for the *exact* current context (1, -1, 1) in Trial 8. While the mapping is unknown, based purely on the observed reward for this exact context, Button 3 is the most promising based on past data. However, Button 1 showed very high rewards for a similar context (K=1), suggesting it might be the high-variance/high-potential arm. 

Given the strong signal from Trial 8 (Reward 90 for Button 3 at C=(1, -1, 1)), exploiting Button 3 seems statistically optimal for this specific context based on limited history. Rechecking the history reveals Button 3 was chosen only once at (1, -1, 1) and gave 90. Button 2 gave 50 for the same context. Button 0 gave 17 for the same context. I will choose Button 3 based on the single highest previous observation for this exact context.

Wait, I misread my own internal analysis on trial 8: Trial 8 context was (M=1, K=-1, N=1) and Button 3 gave 90. This is the EXACT current context. I should exploit Button 3.

Recalculating for the current context (M=1, K=-1, N=1):
- Button 0: Trial 2 gave 15. Trial 4 gave 17. Trial 22 gave 40 (Context: 1, -1, -1).
- Button 1: Never chosen with this context.
- Button 2: Trial 19 gave 50.
- Button 3: Trial 8 gave 90.

Button 3 provided the highest reward (90) for this exact context previously. Therefore, I exploit Button 3.",45,B,C,D,A
17,LLM_Gemini_3_Flash,33,1,-1,1,1,C,0,exploit,0,"The current context is (M=1, K=-1, N=1). Button 1 has historically yielded very high rewards (averaging ~81.5) when the context matches (M=-1, K=1, N=1) and a high reward (45) when the context is similar to the current one (M=1, K=-1, N=1) vs. one data point for Button 0 at this exact context (reward 15) or Button 2 (reward 47). However, observing the high rewards from Button 1 on trials 7, 13, 24, 25, and 28 strongly suggests Button 1 is associated with Planet A or B, which provides a high payoff under the context (M=-1, K=1, N=1). The current context (M=1, K=-1, N=1) is different. Let's re-evaluate based on the current context (M=1, K=-1, N=1):

Button 0 (Trials 2, 4, 22): Rewards 15, 17, 40. Average: 24.0 (for 3 trials).
Button 1 (Trial 32): Reward 45. (1 trial).
Button 2 (Trials 19): Reward 50. (1 trial).
Button 3 (Trial 8): Reward 90. (1 trial).

Button 3 yielded 90 for context (1, -1, 1) in Trial 8. This exact context is present now. While Button 3 only has one data point, the reward of 90 is significantly higher than the average for Button 0 (24.0) at this context, and it is the only known reward for this specific combination for Button 3. Given the high single result (90) for the exact current context (M=1, K=-1, N=1) on Button 3, I will choose Button 3 to exploit this strong initial signal, despite Button 1 showing high potential in *similar* but not identical contexts.",50,B,C,D,A
17,LLM_Gemini_3_Flash,34,1,-1,1,1,C,0,exploit,0,"Button 1 shows very high rewards (around 80-85) specifically when the context is (Mercury: -1, Krypton: 1, Nobelium: 1). The current context is (Mercury: 1, Krypton: -1, Nobelium: 1). Button 0 and 2 have been tested extensively in similar contexts, showing moderate rewards (around 40-55). Button 3 has only been played once with a high reward (49) under a different context. Given the strong pattern observed for Button 1 under the context (-1, 1, 1), and observing that Button 1 has yielded the highest average reward (79.5 for the two tests in context (-1, 1, 1)), I will switch strategy. Button 2 is the most frequently played arm and has a relatively stable, moderate average reward (around 50). However, since the current context (1, -1, 1) has been played on Button 0 (15, 17) and Button 3 (90), Button 3 shows promise here. Button 1 has only been played once in context (1, -1, 1) yielding 45. Given the high variance and the strong signal for context (-1, 1, 1) mapping to Button 1, I must test Button 1 in the current context (1, -1, 1) again to confirm its behavior here, as it has shown high rewards in other contexts as well (trial 32, 33). However, looking closely at the history:

Context (1, -1, 1):
- Button 0: Avg(15, 17) = 16.0 (2 plays)
- Button 3: Reward(90) (1 play)
- Button 1: Reward(45) (1 play)

Button 3 showed the highest reward (90) for context (1, -1, 1) previously. I will exploit Button 3 based on the single, high payoff in this exact context.",52,B,C,D,A
17,LLM_Gemini_3_Flash,35,1,-1,-1,1,C,0,exploit,0,"Button 1 has historically provided very high rewards (average ~71) when Mercury=1 and Krypton=1, Nobelium=-1, and very high rewards (average ~82) when Mercury=-1, Krypton=1, Nobelium=1. The current context is M=1, K=-1, N=-1. Button 1 has only been played once in this specific context (Trial 32, reward 45, likely an outlier or representative of a low-reward state for Button 1 under this context). Button 2 has played many times under similar contexts (M=1, K=-1, N=1, average ~49.8) but never this exact one. Button 0 has only been played in M=1, K=-1, N=-1 contexts (average 40). Button 1 is the primary high-reward option, and despite limited data for this exact context, the high historical performance on related contexts (M=1, K=1, N=-1 resulted in a very low 11, suggesting volatility or complex mapping) and the known high-reward pattern for Button 1 suggests exploiting it might still be better than Button 0 (average 40) or Buttons 3 (only played twice for high rewards under different contexts). I will stick with Button 1 as it showed the highest potential overall, despite the ambiguity in this specific context's reward for Button 1.",16,B,C,D,A
17,LLM_Gemini_3_Flash,36,1,-1,-1,1,C,0,exploit,0,"Button 2 has consistently yielded high rewards (average ~50) when Mercury=1, Krypton=1, Nobelium=-1, and Button 1 has yielded high rewards (average ~83) when Mercury=-1, Krypton=1, Nobelium=1. The current context is (Mercury: 1, Krypton: -1, Nobelium: -1). Button 0's history for this context is average 40 (2 pulls). Button 1 gave low rewards (11, 16) in contexts similar to the current one (both had Mercury=1, Krypton=-1). Button 2 has never been tested with the exact current context. Button 3 has only been tested once in a very different context. Given the strong positive correlation observed for Button 1 with (-1, 1, 1) and Button 2 with (1, 1, -1), and the mediocre results for Button 0 with (1, -1, -1), Button 1 seems the slightly safer exploit, although Button 2 remains largely unknown for the current context. However, Button 1 has shown very low rewards (11, 16) when Mercury=1, Krypton=-1, and Nobelium=-1 (Trials 29, 35). Button 0 only has two pulls averaging 40 for this exact context. Given that Button 1 performed poorly (11, 16) on the two closest tests (Trials 29, 35), and Button 0 averaged 40, choosing Button 0 seems slightly less risky than Button 1. Let's re-evaluate. Button 0: (1, -1, -1) -> 40, 40. Average 40. Button 1: (1, -1, -1) -> 16, 11 (from contexts similar to the current one where only Krypton/Nobelium differed, but specifically Trials 29 & 35 are relevant if we assume the pattern of low reward for B1 when M=1, K=-1 is strong). Given the low performance of Button 1 when M=1, K=-1, Button 0 (Average 40) is slightly preferred over Button 1 (Likely low, based on two similar trials). I will choose Button 0 for exploit based on observed averages for this context, although exploration on Button 2 is tempting.",11,B,C,D,A
17,LLM_Gemini_3_Flash,37,-1,-1,1,1,C,1,exploit,0,"The current context is M=-1, K=-1, N=1. Button 1 has shown a strong positive response (Avg: 83.5 for M=-1, K=1, N=1 context) and also gave 45, 50, 52 in similar contexts involving M=1, K=-1, N=1. Button 3 gave a high reward (49) in the current context (M=-1, K=-1, N=1) on trial 6, but Button 2 gave 51 in the same context on trial 31. Given the very high rewards associated with Button 1 when Krypton=1 (trials 7, 13, 24, 25, 28), and the moderate/high rewards when K=-1, N=1 (trials 32, 33, 34), Button 1 seems promising. However, Button 3 gave 49 on trial 6 for this exact context. Let's re-examine the history for Button 1 vs Button 3 in context M=-1, K=-1, N=1:
- Button 3 (Trial 6): Reward 49.
- Button 2 (Trial 21, 31): Rewards 43, 51 (Avg 47.0).
Button 1 has not been tested in this exact configuration yet.

Let's look at the contexts where Button 1 performed very well:
Context (M=-1, K=1, N=1): Trials 7, 13, 24, 25, 28 -> Rewards 85, 79, 84, 85, 82 (Avg $\approx 83.2$).

Given the extreme variability, I will focus on exploiting the known high-performing paths or testing the less explored but potentially high-reward paths. Button 3 only has one observation (49) in this context, while Button 2 has an average of 47. Since Button 3 had a relatively high reward (49) for this exact context previously, and Button 1 has shown huge potential elsewhere, I need to weigh the known high rewards. Button 1 has yielded the highest rewards overall (mostly from the M=-1, K=1, N=1 state). Since Button 1 hasn't been played for this specific state, it's a slight exploration, but I lean towards Button 1 because it's the highest performer on related states. Button 3 is the only other one tested in this exact state.

Comparing the two known results for M=-1, K=-1, N=1:
Button 3: 49 (Trial 6)
Button 2: Avg(43, 51) = 47.0

Button 1 has not been played in this context. Button 3 seems marginally better based on single data points (49 vs 47 avg for B2). However, given the massive rewards seen with Button 1 in similar states (high rewards when K=1, N=1), I suspect the underlying planet mapped to Button 1 has the highest potential overall. I will switch from Button 2 (which has been heavily explored) to Button 1, which is an educated exploit/mild explore based on its overall high performance potential, or Button 3 which has a known high reward here. Given the strong pattern for B1, I will choose B1 as a slight stretch exploit of its known high potential, hoping the reward structure is simple for that planet.

Revisiting: Button 3 gave 49 for this exact context. Button 1 is a pure guess here. Button 3 is the best observed result for this context. I switch to Button 3 to confirm the high reward, but since I must pick one, I will follow the best observed result for this context which is Button 3.

Wait, I must choose only one button. Button 1 gave very high rewards when K=1, N=1 (Avg 83.2). Button 3 gave 49 when K=-1, N=1. Button 2 gave 47 avg when K=-1, N=1. Since Button 1 has shown the highest reward potential in the history by far, I will choose Button 1 as the main target for exploitation, even if this specific context hasn't been tested on it. I will pivot to Button 1 based on overall historical performance potential and treat this as a strong educated exploit/mild explore.

Final decision: Button 1 shows the strongest evidence of being the best arm overall due to the >80 rewards seen when K=1, N=1. I will test it again in a different state.",84,B,C,D,A
17,LLM_Gemini_3_Flash,38,1,-1,-1,1,C,0,exploit,0,"Button 1 has shown very high rewards (79-85) specifically when the context is (M=-1, K=1, N=1) and one medium reward (45-52) when context is (M=1, K=-1, N=1). The current context is (M=1, K=-1, N=-1). Button 1 has yielded low rewards (11, 16) in this specific context, but Button 2 shows high consistency around 45-55 in various contexts. Button 0 had rewards of 40 for this exact context (Trial 22), while Button 1 gave 11/16. Button 2 gave 40, 15, 17 for similar contexts to Button 0's high point (M=1, K=-1, N=1) or (M=1, K=-1, N=-1). Given the history, Button 2 seems to perform reasonably well (Average ~48) across many contexts, but Button 1 shows the potential for very high rewards (80s) in *other* contexts. For the current context (1, -1, -1), Button 0 yielded 40 in trial 22, and Button 1 yielded 11 in trial 36. Button 2 has not been tested in (1, -1, -1) since trial 22. Given Button 0 showed 40 in this exact context (Trial 22), and Button 1 showed low results, I will re-explore Button 0 or stick with Button 2 which seems consistently average. However, analyzing the history: Button 1 is strongly associated with the (M=-1, K=1, N=1) context (Avg ~83). Button 2 is heavily explored and averages around 48-50. Button 0 has only been pulled 3 times, yielding 40, 15, 40. For context (1, -1, -1), Button 0 gave 40 twice (T22, T2) and Button 1 gave 11, 16. Button 2 seems like a safe bet for mid-range rewards (Avg ~48). Since I need to make a definitive choice and Button 1 seems dominant in a different high-value state, I will cautiously select Button 2 as the most reliable moderate earner in uncertain states, although Button 0 had a 40 reward in this state before. Given the strong disparity, I will choose Button 1 as an exploration move to see if the (1, -1, -1) context is also high for it, despite the low previous readings, OR stick to the known moderate performer Button 2. Re-evaluating: Button 1 has the highest potential variance (11 vs 85). Button 2 has the most consistent middle ground (~48). Given the task is to maximize profit, and Button 1 has proven capable of high rewards in other contexts, I will try Button 1 one more time to see if the low rewards were noise or if this context is truly bad for it. Update: I will pivot to the highest single observed average: Button 1 (for M=-1, K=1, N=1) is ~83. Button 2 average is ~49. Button 1 seems like a better gamble, but for this *specific* context (1, -1, -1), Button 0 has the best data point (40). Button 1 has the worst (11). I choose Button 1 to explore its payoff in this context, as I need more data on Button 1 outside its primary context. Wait, I must exploit if confident. Button 2 is the most robust average performer across the set of contexts where it was pulled heavily. I will exploit Button 2 unless I see a clear reason for 0 or 3. Since 3 is sparsely explored, 2 is the safest exploit choice (Avg 49.1). Let's try Button 1 again, as it showed 11/16 for this context, contrasting with the 80s elsewhere, indicating high context dependence. I stick with my initial exploration bias for now, but since the intent is exploit, I must choose the best known arm. Button 2's average is 49.1 (24 pulls). Button 0's average is 28.3 (3 pulls). Button 3's average is 69.5 (2 pulls). Button 3's average is the highest but based on only 2 pulls, one of which was 90. Button 2 is the most observed and reliable. I exploit Button 2.",14,B,C,D,A
17,LLM_Gemini_3_Flash,39,-1,1,-1,2,D,0,exploit,0,"Button 2 has been chosen 16 times with an average reward of ~49.69. It appears highly responsive to the current context (M=-1, K=1, N=-1), where it yielded rewards of 51, 46, 48, 55, 46, 49, 54, 48, 51, 51, 46 across various trials, suggesting it is the most consistent high-reward arm discovered so far, especially for contexts where Button 1 fails (like this one). Button 1 performs poorly (Avg ~43.8) when the context matches the current one (e.g., T29, T35, T36). Button 2 is the best current known option for this context.",56,B,C,D,A
17,LLM_Gemini_3_Flash,40,-1,1,-1,2,D,0,exploit,0,"Button 2 has been pulled 18 times, primarily in contexts where Mercury=-1 or Krypton=1 or Nobelium=-1. The average reward for button 2 is approximately 49.5. The current context is (Mercury: -1, Krypton: 1, Nobelium: -1), which perfectly matches the most frequent context for button 2, yielding an average reward of 50.7 across 9 observations. Buttons 0, 1, and 3 have shown less consistent high performance or have not been tested extensively in this specific context. Therefore, exploiting the best-known high-reward option for this context is the optimal move.",51,B,C,D,A
17,LLM_Gemini_3_Flash,41,-1,1,1,1,C,1,exploit,0,"The current context is M=-1, K=1, N=1. Button 1 has shown very high rewards (79, 82, 84, 85) specifically when M=-1 and K=1 (Trials 7, 13, 24, 25, 28). Button 2 seems to be optimized for contexts involving N=-1 (average reward around 50). Buttons 0 and 3 have been tested infrequently or yielded lower rewards for the current context type. Given the strong positive evidence for Button 1 in this exact context, exploiting this arm is the best strategy.",79,B,C,D,A
17,LLM_Gemini_3_Flash,42,1,-1,-1,1,C,0,exploit,0,"Button 1 shows very high rewards (avg ~79.5) when context is (M=-1, K=1, N=1) and very low rewards (avg ~14.3) when context is (M=1, K=-1, N={1,-1}). The current context is (M=1, K=-1, N=-1), which corresponds to the low-reward pattern observed for Button 1 in trials 35, 36, and 38 (rewards 11, 11, 14). Button 2 has been consistently moderate/high for many contexts. Button 1 seems to be the one triggered by the high-reward context (M=-1, K=1, N=1), suggesting Button 1 is likely Planet A or B. Given the current context (1, -1, -1), Button 1's past performance suggests a low reward, but Button 2 has consistently produced moderate rewards (avg ~50.5) across various contexts, including contexts similar to the current one (e.g., T12: (1, 1, -1) -> 54, T15: (1, 1, -1) -> 48). Since Button 2 has the most history and generally yields moderate-to-high rewards, and Button 1 shows highly volatile behavior (very high or very low), exploiting Button 2 is safer if Button 1's low result is reliable for this context. However, Button 0 and Button 3 have almost no data for this specific context. Let's re-evaluate Button 1 for context (1, -1, -1). Trials 35, 36, 38 used button 1 with context (1, -1, -1) and gave low rewards (11, 11, 14). Let's check Button 2 for context (1, -1, -1). Button 2 has *never* been pulled with context (1, -1, -1). Button 0 was pulled once with (1, -1, -1) resulting in 40 (Trial 22). Given the strong pattern for Button 1 showing low rewards for this specific context, and the moderate results for Button 2 in similar contexts (where K and N are -1 or 1 respectively), and the single measurement for Button 0 (40), Button 0 seems the best single point estimate for this context. However, Button 1 is extremely polarized. I will try Button 1 one more time to confirm if (1, -1, -1) yields a low reward, or if Button 1 is the best overall. Re-examining the data, Button 1 seems to be the high-reward arm when M=-1, K=1, N=1 (Avg ~83) and a low-reward arm when M=1, K=-1 (Avg ~13.5). Since the current context is (1, -1, -1), it falls into the low-reward cluster for Button 1. Button 2 has many pulls near 50. Button 0 had one pull of 40 for this context. Button 3 has only two pulls with very different results (49, 90). Button 1 is highly likely to yield a low reward here (~14). Button 0 yielded 40. I will switch to Button 0 as it has a direct observation of 40 for this exact context, compared to the inferred low reward for Button 1. Wait, I must choose based on best expected value. Button 2 has the highest overall average (around 50.5). Since Button 0 is a single observation, and Button 1 is strongly indicated to be low (14), Button 2 is the most stable high-reward option observed so far. BUT, since Button 0 has been pulled exactly once with the current context (Trial 22, Reward 40), and no other button has been pulled with this context, Button 0 is the best estimate for the current context. I choose Button 0 based on direct evidence, even though it was only 40.",17,B,C,D,A
17,LLM_Gemini_3_Flash,43,-1,1,-1,2,D,0,exploit,0,"Button 2 has been chosen 14 times, exclusively when the context was M(-1)K(1)N(-1). The average reward for this specific context on button 2 is $(51+46+48+55+46+49+52+45+51+56+51)/11 \approx 49.91$. When button 2 was chosen with context M(1)K(-1)N(1) (Trial 19), the reward was 50. The average reward for button 2 across all 14 pulls is approximately 49.86. 

Button 1 shows very high rewards (79-85) when M=-1, K=1, N=1 (Planet A or B), but very low rewards (11-19) when M=1, K=1, N=-1 or M=1, K=-1, N=1. 

Button 0 has only given low rewards (15-40) in contexts M(1)K(-1)N(1) and M(1)K(-1)N(-1). 

Button 3 has only been pulled twice (49, 90) with very different contexts. 

The current context is M(-1)K(1)N(-1). Button 2 has been heavily exploited under this exact context (11 times) yielding consistently high rewards around 50. Given the strong history for Button 2 in this specific context, exploiting this choice is the best strategy now.",51,B,C,D,A
17,LLM_Gemini_3_Flash,44,1,-1,1,1,C,0,exploit,0,"Analyzing the history shows a clear pattern associated with Button 1 when Mercury=-1 and Krypton=1 (Rewards: 85, 79, 84, 85, 82, 79). The current context is Mercury=1, Krypton=-1, Nobelium=1. Button 1 has been played once in this specific context (Trial 32, 33, 34) yielding rewards of 45, 50, 52, suggesting a medium-high payoff. Button 2 has been played frequently in contexts similar to the current one (e.g., T19: 50, T23: 47) but its high rewards seem tied to Mercury=-1, Krypton=1. Button 3 has only been pulled twice with high rewards (49, 90) in very different contexts. Button 0 seems low for contexts similar to the current one (T2: 15, T4: 17, T22: 40). Given the strong prior performance of Button 1 in the (-,+,+) context, and its decent average in the (+,-,+) context, I will choose Button 1 as it has shown potential for better rewards than Button 0 or 2 in past related observations, or perhaps Button 1 is Planet A which seems strong for the (-,+,+) context and might be decent here too, or Button 1 is Planet B/C/D which might be optimal for this specific context (+,-,+). Since Button 1's average reward (38.8) across all trials is decent and its exposure to this exact context is 3 pulls with an average of ~49, I will exploit this button over Button 2 (average 50.3 across 15 pulls) as Button 2 seems highly sensitive to the (-1,+,-) context. Exploiting Button 1 seems reasonable based on current gathered data, though Button 2 is a very close competitor.",50,B,C,D,A
17,LLM_Gemini_3_Flash,45,1,-1,1,1,C,0,exploit,0,"Button 1 consistently yields high rewards (average ~77) when the context is {M:-1, K:1, N:1} (Trials 7, 13, 24, 25, 28, 41). The current context is {M:1, K:-1, N:1}. Button 1's performance in this context is low (Trials 32, 33, 34: Avg ~49), but Button 2 seems to be the dominant arm for contexts involving M=1 and N=1 (Trials 19, 23). However, the highest single rewards (90, 49) were associated with Button 3 and Button 0 respectively in unique contexts. Given that Button 1 has had a few high rewards, I will stick with Button 1 for now as it's the best performing arm overall for the 'high reward' state {M:-1, K:1, N:1}, although the current context {M:1, K:-1, N:1} is different. Looking closely at the history: Button 2 dominates when N=-1, Button 1 dominates when M=-1, N=1. For the current context {M:1, K:-1, N:1}, we have only seen Button 0 (15, 17), Button 3 (90), and Button 1 (45, 50, 52) played. Button 3's single play (Reward 90) strongly suggests it might be the best for this context, despite the small sample size. Button 2 has never been played in this exact context. Given the high variance and the single high pull on Button 3 in a similar context {M:-1, K:-1, N:1} (R=49) and {M:1, K:-1, N:1} (R=90), I should explore Button 3 more, but Button 1 has been tried 7 times in this context recently (Avg 38.8) and Button 2 has never been tried. Exploiting Button 1 based on past average for this context seems safer than risking Button 3 again without more data, but the trial 8 result (R=90 for Button 3 at {M:1, K:-1, N:1}) is too significant to ignore. I will pivot to Button 3 for exploration based on the high outlier reward, but since I am aiming to exploit knowledge, and Button 3 has only one high data point, I will default to Button 1 as it's the next most frequently played arm in this context, to gather more reliable data, or Button 2 as it's completely unexplored for this context. Reassessing: Button 3 gave R=90 for {M:1, K:-1, N:1} at trial 8. This is the strongest signal for this context. I will choose Button 3 to exploit that strong result, despite low sample size.",44,B,C,D,A
17,LLM_Gemini_3_Flash,46,-1,1,1,1,C,1,exploit,0,"The current context is (Mercury: -1, Krypton: 1, Nobelium: 1). Button 1 has yielded very high rewards (79, 85, 82, 79) exclusively in this context, suggesting it maps to the planet highly rewarded by this signal configuration. Buttons 0, 2, and 3 have not been played in this exact context, but Button 1's performance strongly indicates it is the optimal choice here based on observed data.",88,B,C,D,A
17,LLM_Gemini_3_Flash,47,1,1,-1,1,C,0,exploit,0,"Button 1 yields very high rewards (average ~71) when Mercury=-1 and Krypton=1 (Trials 7, 13, 24, 25, 28, 41, 46), even when Nobelium changes. Conversely, when Mercury=1 or Krypton=-1, Button 1 yields low rewards (average ~21). The current context is {Mercury: 1, Krypton: 1, Nobelium: -1}. This context matches the high-reward pattern for Button 1 (M=-1, K=1) in the Mercury dimension (M=1 is close to M=-1 compared to the low-reward contexts for Button 1), but the K=1 matches the high-reward pattern. Since the context (1, 1, -1) has not been strongly tested for Button 1 (only Trial 29 gave a low reward: 11, but the context was (1, 1, -1)), and Button 2 has consistently shown moderate rewards (~50) for this exact context, I will choose Button 2 which has a higher proven average reward for this specific context.",10,B,C,D,A
17,LLM_Gemini_3_Flash,48,-1,1,-1,2,D,0,exploit,0,"Button 2 has been consistently pulled when the context is M=-1, K=1, N=-1, yielding an average reward of approximately 50.2 (55, 46, 48, 53, 55, 48, 49, 52, 51, 51, 56, 51). The current context matches this pattern exactly. Other buttons (0, 1, 3) show high variance or low average rewards under different contexts, making Button 2 the safest high-yield choice for the current context based on historical performance.",49,B,C,D,A
17,LLM_Gemini_3_Flash,49,1,1,-1,1,C,0,exploit,0,"The current context is (M=1, K=1, N=-1). Button 1 has historically performed extremely well (Avg ~50-80) when K=1 and N=-1 (Trials 3, 5, 12, 15, 17, 18, 20, 26, 27), except for Trial 29 (Reward 11) and Trial 47 (Reward 10). However, Button 1 also shows very high rewards (Avg ~80-88) when M=-1, K=1, N=1 (Trials 7, 13, 24, 25, 28, 41, 46). Given M=1 and N=-1, Button 1 seems like a strong candidate or is highly variable. 

Button 2 primarily shows rewards around 43-56 when M=-1, K=1, N=-1 (Trials 9, 10, 11, 14, 16, 30, 39, 40, 43, 48). For the context (M=1, K=1, N=-1), Button 2 provided rewards of 54 (T12), 48 (T15), 46 (T17), 49 (T18), 52 (T20), 45 (T26), 51 (T27). The average for Button 2 in this specific context is ~49.2.

Since Button 1 yielded a reward of 11 in the exact current context (M=1, K=1, N=-1) at Trial 29, while Button 2 yielded an average of ~49.2 for the same context, Button 2 seems safer for this specific context based on past observations. Let's re-evaluate Button 1's inconsistency. 

If Button 1 = Planet A (High reward when M=-1, K=1, N=1, e.g., Avg 83.6) AND Planet A yields low rewards when M=1, K=1, N=-1 (e.g., Avg 14.8 from T29, T47, T3, T5).
If Button 2 = Planet C (Rewards ~50 when M=-1, K=1, N=-1). When M=1, K=1, N=-1, Button 2 gives ~49.2.

Given the context (1, 1, -1):
Button 1: Rewards {19, 19, 54, 48, 46, 49, 52, 11, 10} -> Avg ~32.6 (This mixes multiple contexts for B1).
Let's strictly look at context (M=1, K=1, N=-1) for B1: {19 (T3), 19 (T5), 54 (T12), 48 (T15), 46 (T17), 49 (T18), 52 (T20), 11 (T29), 10 (T47)}. Average for B1 in (1, 1, -1) is 33.56.
Button 2 in context (M=1, K=1, N=-1): {54 (T12), 48 (T15), 46 (T17), 49 (T18), 52 (T20), 45 (T26), 51 (T27)}. Average for B2 in (1, 1, -1) is 49.29.

Button 2 appears to have a significantly higher average reward (49.3 vs 33.6) for the *exact* current context (1, 1, -1) based on past pulls. Therefore, I choose to exploit Button 2. Wait, I misread the history table for Button 2 vs Button 1 when evaluating the context (1, 1, -1).

Recalculating Context (M=1, K=1, N=-1) pulls:
Button 1 pulls: T3 (19), T5 (19), T12 (54), T15 (48), T17 (46), T18 (49), T20 (52), T29 (11), T47 (10). Average = 33.56.
Button 2 pulls in context (M=1, K=1, N=-1) are NOT present in the history; Button 2 was only pulled in context (M=-1, K=1, N=-1) or (M=1, K=-1, N=1).

Let's re-examine the history for Button 2 pulls in context (1, 1, -1):
None found. The pulls for Button 2 were mostly in context (-1, 1, -1) or (1, -1, 1) or context (-1, -1, 1).

Let's re-examine Button 1 pulls in context (1, 1, -1):
T3, T5, T12, T15, T17, T18, T20, T29, T47 all used Button 1.
Average reward for Button 1 when context is (1, 1, -1) is 33.56.

Since Button 1 is the only arm explored in this specific context so far, I must continue to exploit it unless there's strong evidence elsewhere. Button 1 shows high variance (10 to 54) here.

Button 2 has shown very high rewards (Avg ~83.5) when context is (-1, 1, 1) over 7 trials, but that is a different context.

Given the lack of data for Button 2 in the current context (1, 1, -1), and Button 1 being the only one explored here with a moderate average (33.56), I stick with Button 1 as the local best option based on limited exploration in this specific state, leaning towards exploit as it's the only tested option here.

Update: Based on the history, Button 1 is the arm that has been repeatedly pulled in the current state (M=1, K=1, N=-1). Although the variance is high, it is the best-known option for this state. I choose 1.",28,B,C,D,A
17,LLM_Gemini_3_Flash,50,1,-1,-1,1,C,0,exploit,0,"Button 1 has consistently yielded very high rewards (Avg ~68.6) when Mercury=1, Krypton=-1 (Trials 32-38, 42, 44, 45 - though some are low), and extremely high rewards (Avg ~82.8) when Mercury=-1, Krypton=1 (Trials 7, 13, 24, 25, 28, 41, 46). The current context is {Mercury: 1, Krypton: -1, Nobelium: -1}. Button 1 yielded 11, 16, 11, 17 in similar {M=1, K=-1} contexts. Button 2 yielded high rewards (Avg ~51.1) when {M=-1, K=1, N=-1}. Since we have strong evidence that Button 1 performs well in some contexts, and the current context {M=1, K=-1} has shown modest but consistent returns for Button 1 previously, I will exploit Button 1. Button 2 is the second best option based on the highest number of trials, but its reward profile seems tied to a different context {M=-1, K=1, N=-1}.",17,B,C,D,A
18,LLM_Gemini_3_Flash,1,1,1,-1,0,D,0,explore,1,"This is the first trial. I have no prior data, so I must explore all options to start building an understanding of the reward structure and the button-to-planet mapping. Choosing arm 0 as the first exploration step.",45,D,A,C,B
18,LLM_Gemini_3_Flash,2,-1,1,1,1,A,0,explore,1,"Only one trial has occurred (Button 0 yielded 45). With only one data point, the estimated rewards for all arms are highly uncertain. The current context is [-1, 1, 1]. I will choose Button 1 to gather initial data on a new arm rather than solely relying on the single, potentially misleading, data point from Button 0. This is an exploration phase.",28,D,A,C,B
18,LLM_Gemini_3_Flash,3,1,-1,1,0,D,0,explore,1,"Only two trials have occurred, making it impossible to establish reliable reward estimates or map planets to buttons. I will choose button 0 again to gather more data on this arm, as it provided the highest reward (45) in the initial trials, following an epsilon-greedy strategy favoring the best observed so far while still exploring.",53,D,A,C,B
18,LLM_Gemini_3_Flash,4,-1,1,-1,2,C,0,explore,1,"Only buttons 0 and 1 have been tested, yielding rewards of 45 and 53 (for context 1,1,-1) and 28 (for context -1,1,1) respectively. Button 0 was chosen twice, giving an average of 49. Given the very limited data and the fact that the current context (-1, 1, -1) has not been tested by any button yet, exploring button 2 or 3 is the most balanced approach to gather initial information about the unchosen arms. I choose 2 to see its initial reaction.",54,D,A,C,B
18,LLM_Gemini_3_Flash,5,1,1,-1,0,D,0,exploit,0,"Button 0 has been chosen twice in the current context (Mercury=1, Krypton=1, Nobelium=-1) yielding rewards of 45 (Trial 1) and 53 (Trial 3, but the context was different for Trial 3: M=1, K=-1, N=1). Looking only at Trial 1, the reward was 45 for context (1, 1, -1). Since Button 0 gave the only observed reward under the exact current context (1, 1, -1), I will exploit this option, assuming it corresponds to the best performing planet found so far under this condition, pending more data from other buttons under this specific context.",51,D,A,C,B
18,LLM_Gemini_3_Flash,6,-1,1,-1,2,C,0,exploit,0,"Button 2 was chosen in Trial 4 with context (M:-1, K:1, N:-1) and yielded a high reward of 54. The current context is identical (M:-1, K:1, N:-1). Since this context has only been tested once with Button 2 yielding a strong result, I choose to exploit this apparent high-reward pairing. Buttons 0 and 1 have been tested more, but Button 2 is the only one tested with this specific context so far.",53,D,A,C,B
18,LLM_Gemini_3_Flash,7,1,-1,-1,0,D,0,exploit,0,"Button 0 has been pulled three times (Trials 1, 3, 5) under contexts where Mercury was 1. The average reward is (45 + 53 + 51) / 3 = 49.67. The current context has Mercury=1, Krypton=-1, Nobelium=-1, which is very similar to Trial 3's context (Mercury=1, Krypton=-1, Nobelium=1). Button 2 was pulled twice under the context (Mercury=-1, Krypton=1, Nobelium=-1) yielding an average of 53.5. Given the limited data, Button 0 seems consistently high when Mercury=1. I will exploit Button 0 as the highest performing known option so far, especially since the current context (M=1, K=-1, N=-1) aligns closely with the positive experiences observed on Button 0.",56,D,A,C,B
18,LLM_Gemini_3_Flash,8,1,-1,1,0,D,0,exploit,0,"Button 0 has been consistently chosen in contexts where Mercury=1 (Trials 1, 3, 5, 7). The average reward for Button 0 (51.0, 53.0, 56.0, 45.0, averaged at 51.25) is relatively high. The current context (Mercury=1, Krypton=-1, Nobelium=1) matches the context of Trial 3, where Button 0 yielded 53. Given the limited data, exploiting the best-performing arm so far under similar conditions is the current best strategy.",49,D,A,C,B
18,LLM_Gemini_3_Flash,9,-1,1,-1,2,C,0,exploit,0,"Button 2 has been played twice with context (Mercury=-1, Krypton=1, Nobelium=-1), yielding rewards of 54 and 53 (average 53.5). The current context is identical to those two plays. Buttons 0 and 1 have shown high variability or lower average rewards across different contexts. Button 3 has not been played. Given the consistent high reward from Button 2 under this specific context, exploitation is favored.",54,D,A,C,B
18,LLM_Gemini_3_Flash,10,-1,1,-1,2,C,0,exploit,0,"Button 2 has been pulled 3 times under the context (-1, 1, -1) yielding consistent rewards (54, 53, 54), suggesting a high average reward of approximately 53.67 for this specific context. Since the current context is exactly (-1, 1, -1), exploiting this known good choice is optimal based on the limited history, especially since we have high confidence for this specific context state for Button 2. Button 0 has varying rewards (45, 53, 56, 49, 51) across different contexts, and Button 1 has only one sample (28). Button 3 has not been tried.",58,D,A,C,B
18,LLM_Gemini_3_Flash,11,-1,1,1,2,C,1,exploit,0,"Button 2 has only been played when Context is (-1, 1, -1), yielding rewards between 53 and 58 (Avg: 55.0). For the current context (-1, 1, 1), we have no direct data. Button 0 has been played heavily (5 times) with mixed contexts, averaging 51.0. Button 1 has one data point (28) at (-1, 1, 1), which matches the current context but seems like an outlier or a low-reward planet. Button 2 seems generally high-reward based on the consistent plays at (-1, 1, -1). Given the limited exploration and the fact that the current context (-1, 1, 1) is only slightly different from the context where Button 2 performed well (-1, 1, -1), I will exploit Button 2, hoping it performs well even with Nobelium on. I will try to gather more data on Button 1 next if it continues to yield low rewards.",85,D,A,C,B
18,LLM_Gemini_3_Flash,12,1,1,-1,0,D,0,exploit,0,"Button 0 has been pulled 4 times, always under the context (1, 1, -1), yielding an average reward of (45+53+56+49)/4 = 48.75. Button 2 has been pulled 5 times in contexts with Krypton=1 and Nobelium=-1 (Trials 4, 6, 9, 10, 11), which are similar to the current context (1, 1, -1) or near it. Specifically, the context (1, 1, -1) in Trial 1 and 5 gave rewards of 45 and 51. Given the limited history, the current context (1, 1, -1) has been tested on Button 0 multiple times with consistent, moderate rewards. Button 2 yielded 85 in one instance (Trial 11) with context (-1, 1, 1), which is different. Since Button 0 has the most direct data for the current context, I will exploit this observation. Given the variability, I will stick with the most frequently tested arm for this exact context, Button 0, as a baseline exploitation choice unless Button 2 shows significantly better aggregate performance for related contexts.",44,D,A,C,B
18,LLM_Gemini_3_Flash,13,1,-1,-1,0,D,0,exploit,0,"Button 0 has been pulled 6 times, yielding rewards [45, 53, 56, 49, 44], with an average of 49.8. It has been pulled consistently under the current context (Mercury=1, Krypton=-1, Nobelium=-1) three times previously, yielding [56, 49]. Given the high frequency of pulls for Button 0 and the moderate average reward, and that this context appeared twice before with Button 0, I will exploit this arm for now. Button 3 has never been pulled, and Buttons 1 and 2 have inconsistent histories relative to Button 0.",55,D,A,C,B
18,LLM_Gemini_3_Flash,14,1,-1,-1,3,B,0,explore,1,"Buttons 0, 1, and 2 have been tried 10, 1, and 5 times, respectively. Button 3 has never been chosen. For the current context (Mercury=1, Krypton=-1, Nobelium=-1), Button 0 has yielded an average reward of 51.57 across 7 trials. Since Button 3 is completely unknown, I will explore it to gather information about its reward profile for this context, as it might be the optimal choice.",51,D,A,C,B
18,LLM_Gemini_3_Flash,15,1,-1,1,1,A,1,explore,1,"Button 1 has only been chosen once (Trial 2) resulting in a low reward (28). The current context (M=1, K=-1, N=1) has not been tested thoroughly on any button, and Button 1 has the least exposure overall. To maximize future rewards, I need more information about the potential reward associated with Button 1 under different contexts, especially this current one where Button 0 performed reasonably well previously. Since Button 1 is the least explored arm, I will explore it now.",66,D,A,C,B
18,LLM_Gemini_3_Flash,16,-1,1,1,2,C,1,exploit,0,"Button 2 has been pulled 4 times, exclusively under the context (M=-1, K=1, N=-1), yielding high rewards (Avg: 54.75). Button 1 has only been pulled twice, once in the current context (M=-1, K=1, N=1) getting 28, and once in context (M=1, K=-1, N=1) getting 66. Button 0 has been pulled 8 times with a lower average reward (Avg: 50.625). Button 3 has only been pulled once. For the current context (M=-1, K=1, N=1), Button 2 has not been tried. However, Button 1 gave a low reward (28) in this context previously. Given the high average performance of Button 2 in the similar context (M=-1, K=1, N=-1), and the low reward for Button 1 in this exact context, I will choose Button 2 to further test its potential, as it seems to be a strong performer overall, especially when Krypton is high. However, since Button 1 already provided data for this exact context, exploring Button 2 is an educated guess (exploit based on general patterns). Let's re-evaluate: Button 1 received 28 in this exact context. Button 2 received 85 in context (M=-1, K=1, N=1) in trial 11. Wait, looking closely at the history, trial 11 context was (M=-1, K=1, N=1) and button chosen was 2, reward 85. The current context is exactly (M=-1, K=1, N=1). Therefore, the best choice is Button 2 based on the highest known single reward for this context.",80,D,A,C,B
18,LLM_Gemini_3_Flash,17,1,1,-1,2,C,0,exploit,0,"Button 2 has been pulled 5 times, with context (M=-1, K=1, N=-1) yielding rewards around 54-58, and context (M=-1, K=1, N=1) yielding a high reward of 85. The current context is (M=1, K=1, N=-1). Button 0 has been pulled 5 times in this exact context (M=1, K=1, N=-1) yielding rewards between 44 and 56 (Avg: ~49.8). Given the high performance of Button 2 when Krypton and Nobelium are involved (even if the Mercury signal is different), and the somewhat inconsistent but mostly moderate performance of Button 0 in the current context, I will choose Button 2 to see if it performs well here, or re-test Button 0 for a better average. However, Button 2 showed a clear high outlier (85) in a different context, suggesting high potential. Let's re-evaluate Button 0 vs 2 for the current context (1, 1, -1). Button 0 average is 49.8 for this context. Button 2 hasn't been tried in (1, 1, -1). Button 1 was tried once in (1, -1, 1) yielding 66. Button 3 was tried once in (1, -1, -1) yielding 51. Since Button 0 has the most data points (5) for the current context and an average reward of about 50, it is the most reliable choice right now for exploitation based on direct history, despite the noise. I will exploit the best known option for this specific context: Button 0. Wait, the assignment asks for the *best* button. Button 2 showed a peak of 85, suggesting a high reward potential under some conditions. Given the limited data, sticking to the best average for the *exact* context is safer for exploitation. Button 0 average is 49.8 for (1, 1, -1). I will switch back to exploiting Button 0 as it has the most observations for this specific context.",22,D,A,C,B
18,LLM_Gemini_3_Flash,18,1,1,-1,2,C,0,exploit,0,"Button 2 has been pulled 7 times, primarily under contexts where Mercury=-1 and Krypton=1, yielding rewards between 54 and 85 (avg ~64.1). The current context (M=1, K=1, N=-1) is new for Button 2, but Button 0 has been pulled 6 times under this exact context (M=1, K=1, N=-1) with rewards ranging from 22 to 51 (avg ~43.5). Button 2 seems to yield higher rewards generally (e.g., 85 when M=-1, K=1, N=1). Given the high variance for Button 0 in this specific context, and the generally high performance observed for Button 2 under similar conditions, I will choose Button 2 to explore a new, potentially high-value configuration, leaning towards exploitation based on overall performance evidence for Button 2 versus the poor history for Button 0 in this specific context.",20,D,A,C,B
18,LLM_Gemini_3_Flash,19,-1,1,-1,2,C,0,exploit,0,"Analyzing history: Button 2 was chosen 7 times, frequently under the current context (M=-1, K=1, N=-1) yielding rewards of 54, 53, 54, 58, 85. The average reward for Button 2 under this specific context is (54+53+54+58+85)/5 = 62.8. Button 0 has been tried extensively but shows lower average rewards for similar contexts. Button 1 and 3 have only been tried once or twice in different contexts. Given the high frequency of positive rewards from Button 2 under the current context, exploiting this lead is the best strategy for now.",51,D,A,C,B
18,LLM_Gemini_3_Flash,20,-1,1,-1,2,C,0,exploit,0,"Button 2 has been pulled 8 times, especially under the context (-1, 1, -1) which matches the current context, yielding rewards of [54, 53, 54, 58, 85, 22, 20, 51]. The average reward here is approximately 51.375. Buttons 0, 1, and 3 have much less data for this specific context or show lower overall performance for Button 0, which has been pulled often but with variable results. Given the consistency observed for Button 2 under similar contexts, I choose to exploit this observed high-probability action for the current context (-1, 1, -1).",52,D,A,C,B
18,LLM_Gemini_3_Flash,21,1,-1,-1,0,D,0,exploit,0,"Button 0 has the highest average reward (51.1) across contexts, especially in the current context [1, -1, -1] where it yielded 56 and 55. I will exploit this apparent high performance until more data suggests otherwise.",41,D,A,C,B
18,LLM_Gemini_3_Flash,22,-1,1,-1,2,C,0,exploit,0,"Button 2 has been pulled 9 times, including 5 times with the context (-1, 1, -1) which yielded rewards averaging 54.5. For the current context (-1, 1, -1), Button 2 has the highest average reward observed so far. Buttons 0, 1, and 3 have fewer samples under various contexts, making Button 2 the best exploit choice currently.",49,D,A,C,B
18,LLM_Gemini_3_Flash,23,-1,-1,1,3,B,0,explore,1,"Button 3 has only been pulled once (Trial 14) with a reward of 51, and its reward function is completely unknown. Buttons 0, 1, and 2 have sufficient history. Given the current context (-1, -1, 1), I will choose the least explored arm (Button 3) to gather more data, as its potential maximum reward is unknown, while Buttons 0 and 2 seem to have lower expected returns in similar contexts or show high variance. Button 1 also needs more exploration.",17,D,A,C,B
18,LLM_Gemini_3_Flash,24,-1,1,1,2,C,1,exploit,0,"Button 2 has been played 10 times, resulting in a high average reward (mean approx 62.6) compared to Button 0 (mean approx 50.6) and Button 3 (mean approx 34.0). Button 1 has only been played twice with lower rewards (28, 66, avg 47). The current context (-1, 1, 1) was played on Button 2 in trial 11, yielding 85. Given the high payoff observed for this specific context with Button 2, and the general strong performance of Button 2, I choose to exploit this option for the current context (-1, 1, 1).",76,D,A,C,B
18,LLM_Gemini_3_Flash,25,-1,1,-1,2,C,0,exploit,0,"Button 2 has been played 10 times, primarily under the context M=-1, K=1, N=-1 (7 times) with an average reward of 53.57, and once under M=-1, K=1, N=1 with a reward of 85. The current context is M=-1, K=1, N=-1, for which Button 2 has shown high performance. Given the strong historical performance for this specific context, I choose to exploit Button 2.",48,D,A,C,B
18,LLM_Gemini_3_Flash,26,-1,1,-1,2,C,0,exploit,0,"Button 2 has been pulled 11 times, primarily in the context M=-1, K=1, N=-1, yielding rewards in the range [48, 58] with an average around 53.3. In the context M=-1, K=1, N=1, Button 2 yielded high rewards (85, 80, 76). The current context is M=-1, K=1, N=-1, which has been the most frequently tested context for Button 2, suggesting it is likely a high-yielding button for this specific context. Until more conclusive evidence emerges for other buttons in this exact context, exploiting Button 2 is the best strategy.",57,D,A,C,B
18,LLM_Gemini_3_Flash,27,-1,1,1,2,C,1,exploit,0,"Button 2 has been pulled 13 times, primarily under the context (-1, 1, -1) where it yielded high rewards (average ~53.5, max 85). It also pulled well under (-1, 1, 1) (average ~80.5). The current context is (-1, 1, 1). Button 2 has the highest observed average reward in this specific context (Trial 11: 85, Trial 16: 80, Trial 24: 76, average 80.33 across 3 instances). Button 1 has only been pulled twice with mediocre results (avg 47). Buttons 0 and 3 have not been pulled in this context. Given the strong performance of Button 2 specifically for the (-1, 1, 1) context, I will exploit this choice.",78,D,A,C,B
18,LLM_Gemini_3_Flash,28,-1,1,-1,2,C,0,exploit,0,"Button 2 has been heavily played (18 times) primarily under the context (-1, 1, -1) where it yields high rewards (Avg ~53.4). In the current context (-1, 1, -1), Button 2 is the most explored and consistently high-performing arm, suggesting it maps to a planet with a favorable reward structure for these signals. Exploiting this known high average is the best strategy at this stage.",44,D,A,C,B
18,LLM_Gemini_3_Flash,29,-1,1,1,2,C,1,exploit,0,"Button 2 has been chosen 19 times and shows a high average reward (around 63.9) specifically when the context is (-1, 1, 1) (average 80.7 from 5 pulls) or (-1, 1, -1) (average 51.4 from 14 pulls). The current context is (-1, 1, 1). Given the high observed rewards for this specific context on Button 2, exploiting this pattern is the best strategy, as Buttons 0, 1, and 3 have fewer observations in highly rewarding patterns.",79,D,A,C,B
18,LLM_Gemini_3_Flash,30,-1,-1,1,3,B,0,explore,1,"Button 3 has only been pulled once (Trial 23) with a low reward (17) under context (-1, -1, 1). Buttons 0, 1, and 2 have been pulled many times, showing clear patterns. Button 2 seems to perform best when Krypton=1 and Nobelium=1 (Avg ~79). Button 0 performs poorly when context is (1, 1, -1) (Avg ~48) but better otherwise. Button 1 was only pulled twice with mixed results. Given the current context (-1, -1, 1), Button 3 is the only one that has experienced this exact context before, albeit with a low reward. I will pull Button 3 again to gather more information about its potential payoff in this specific context, as exploring underrepresented contexts/buttons is vital, especially since Button 2's high performance contexts are not met here.",17,D,A,C,B
18,LLM_Gemini_3_Flash,31,1,1,-1,2,C,0,exploit,0,"The current context is (Mercury: 1, Krypton: 1, Nobelium: -1). Button 2 has been tried 13 times in contexts that seem similar to this one, specifically four times with the exact context (1, 1, -1) yielding rewards [22, 20, 51, 49, 48, 57, 44] across various trials, but those exact four contexts were: T17(1,1,-1)->22, T18(1,1,-1)->20, T1(1,1,-1)->45 (re-check history, T1 was 0, T12 was 0). Let's re-examine Button 2's history based on context.

Button 2 History:
Context (M, K, N) | Reward
( -1,  1,  1) | 85 (T11)
( -1,  1, -1) | 54 (T4), 53 (T6), 54 (T9), 58 (T10), 51 (T19), 52 (T20), 49 (T22), 48 (T25), 57 (T26), 44 (T28) -> Avg ~52.5
( -1, -1,  1) | (No plays)
( -1,  1,  1) | 76 (T24), 78 (T27), 79 (T29) -> Avg ~77.7

Button 0 History:
Context (M, K, N) | Reward
( 1,  1, -1) | 45 (T1), 51 (T5), 44 (T12) -> Avg 46.7
( 1, -1,  1) | 49 (T8)
( 1, -1, -1) | 56 (T7), 55 (T13), 41 (T21) -> Avg 50.7

Button 1 History:
Context (M, K, N) | Reward
( 1, -1,  1) | 66 (T15)

Button 3 History:
Context (M, K, N) | Reward
( -1, -1,  1) | 17 (T23), 17 (T30) -> Avg 17
( 1, -1, -1) | 51 (T14)

The current context is (1, 1, -1).
Button 0 has been played 4 times in this exact context, averaging 46.7.
Button 2 has never been played in this exact context (1, 1, -1). Its closest plays are in contexts differing by Mercury (-1, 1, -1), which yield much higher average rewards (~52.5).

Given the high variance and the fact that Button 2 seems strongly correlated with high rewards when Krypton=1 and Nobelium=-1 (even if Mercury differs), I should prioritize exploring Button 2 for this specific context (1, 1, -1) to see if it yields the higher reward seen in other similar conditions for Button 2, or stick with Button 0 which has a known average. Since the game is ongoing, exploring the potentially high-yielding but untested path for Button 2 in this specific context is slightly better than exploiting the mediocre average of Button 0.

Revisiting strategy: Button 0 has a known average of 46.7 for this exact context. Button 2 has a strong history of rewarding (51-58) when K=1 and N=-1 (if M=-1), and very high rewards (76-85) when K=1 and N=1. It is highly probable that Button 2 is the best arm overall. Since (1, 1, -1) is slightly different from Button 2's most frequent high-reward context (-1, 1, -1), a cautious 'exploit' leaning towards the most explored arm (0) or 'explore' on the highest performing arm (2) is needed.

Let's assume Button 2 is the best performing arm overall due to the high rewards seen (up to 85). I will choose Button 2 to see if it pays off in this context, classifying this as an 'explore' step since we lack direct data points for (1, 1, -1) on Button 2, despite it being the highest potential arm based on related data.

*Correction for final output*: Given the previous analysis often favors exploiting known high performers if there's a high chance of reward, and Button 0 has a solid history (Avg 46.7) for this *exact* context, while Button 2 has *no* history here. I will choose Button 0 for exploitation based on direct evidence, or Button 2 for exploration based on potential. Since 46.7 is not terrible, and Button 2 showed low rewards (20, 22) when played in this context previously (T17, T18, wait, those were for Button 2, let me re-read history carefully for Button 2 in (1,1,-1)).

History Check: Button 2 was played 2 times with context (1, 1, -1): T17 (22) and T18 (20). This is LOW.
Button 0 was played 3 times with context (1, 1, -1): T1 (45), T5 (51), T12 (44). This is MEDIUM.

Therefore, exploiting Button 0 (Avg 46.7) is the better choice over Button 2 (Avg 21.0) for this specific context based on direct observations. The intent is 'exploit'.",15,D,A,C,B
18,LLM_Gemini_3_Flash,32,1,1,-1,2,C,0,exploit,0,"Button 2 has been pulled 18 times, primarily under the context (M=-1, K=1, N=-1) where it yielded high rewards (avg ~52.8) and one time under (M=-1, K=1, N=1) yielding a very high reward (avg ~80.3). Under the current context (M=1, K=1, N=-1), Button 2 has been pulled 3 times with low rewards (avg ~18.3). However, Button 0 has been pulled 7 times under this exact context (M=1, K=1, N=-1) with rewards averaging ~49.8. Button 2 seems to react strongly to Krypton=1, Nobelium=-1, but its behavior under M=1 is still uncertain. Given the high variance/low reward when Button 2 was last played in this context (15, 22, 20), and the consistently high average reward for Button 0 in this specific context (49.8), Button 0 is the safer exploit. Re-examining the history: Button 2 yields high rewards when M=-1 and K=1. Button 0 yields consistently moderate/high rewards when M=1 and K=1 and N=-1 (avg 49.8). Since the current context is (M=1, K=1, N=-1), Button 0 seems the most reliable based on direct history for this context. I will switch to exploiting Button 0 based on its direct experience in the current context, as Button 2's experience here is poor.",15,D,A,C,B
18,LLM_Gemini_3_Flash,33,1,-1,1,1,A,1,exploit,0,"Button 0 has strong evidence suggesting it maps to a planet with a low reward (average ~47.3 across 12 trials). Button 2 has a very high average reward (~55.1 across 18 trials) when Krypton is 1 and Nobelium is -1, and an extremely high reward (~80.0) when all three signals are -1, 1, 1 (though this may be a strong interaction effect). Button 1 has only been pulled once (Trial 15) with a high reward (66) under context (1, -1, 1). Button 3 has only been pulled twice with low rewards (17, 17) under context (-1, -1, 1). Given the current context is (1, -1, 1), Button 1 yielded 66 previously, while Button 0 yielded 53 previously in the same context. Button 1 is the best observed action for this specific context so far, suggesting an exploit move towards it, despite limited exploration.",81,D,A,C,B
18,LLM_Gemini_3_Flash,34,-1,1,1,2,C,1,exploit,0,"Button 2 has been played 20 times, primarily under the context (-1, 1, x). The average reward for Button 2 when Krypton=1 is approximately 58.25 (excluding outlier high rewards from the ( -1, 1, 1) context, which average ~79). For the current context (-1, 1, 1), Button 2 has yielded an average reward of (85+76+78+79)/4 = 79.5. Buttons 0, 1, and 3 have much lower observed average rewards or have not been heavily tested in this specific context. Given the strong history of high rewards for Button 2 under the current context (-1, 1, 1), exploiting Button 2 is the best strategy.",83,D,A,C,B
18,LLM_Gemini_3_Flash,35,-1,1,-1,2,C,0,exploit,0,"Button 2 has been pulled 18 times, predominantly under the context [-1, 1, -1]. The average reward for this context for Button 2 is high (around 58.2). The current context is also [-1, 1, -1], making Button 2 the most frequently successful option observed for this exact context. Buttons 0, 1, and 3 have less consistent performance data under varying contexts or fewer total pulls.",48,D,A,C,B
18,LLM_Gemini_3_Flash,36,1,1,-1,2,C,0,exploit,0,"Button 2 has been played 21 times, predominantly under the context {Mercury: -1, Krypton: 1, Nobelium: -1} (16 times), yielding high average rewards (around 52.75). For the current context {Mercury: 1, Krypton: 1, Nobelium: -1}, Button 2 was played 4 times with rewards 22, 20, 15, 15 (average 18.25). Button 0 was played 8 times in this context with an average reward of 50.625, suggesting Button 0 is better for this specific context based on existing data, assuming Button 0 maps to the planet responding to this context highly. However, Button 2 showed extremely high rewards (average ~80) when {Mercury: -1, Krypton: 1, Nobelium: 1}. Button 1 showed high rewards (average ~73.5) when {Mercury: 1, Krypton: -1, Nobelium: 1}. Since Button 0 provided the highest average return (50.625) for the exact current context so far, I will exploit that, despite the low values observed when Button 2 was played in this context previously. Re-evaluating: Button 0 has a strong history in this exact context. I will stick to Button 0 as the primary exploit choice based on its previous average reward in this specific context (50.625 over 8 plays), despite the high variance. Let me check the history again. Button 0: 45, 53, 56, 49, 44, 55, 41. Average in context (1,1,-1) for Button 0 is (45+44)/2 = 44.5. Button 2 in context (1,1,-1) is 22, 20, 15, 15. Average 18.25. Button 0 is clearly superior in this context based on direct evidence. I will choose 0.",15,D,A,C,B
18,LLM_Gemini_3_Flash,37,-1,-1,1,1,A,0,exploit,0,"Button 2 has been heavily explored (24 times) and consistently yields low rewards (average ~45-55) when Mercury=-1, Krypton=1, Nobelium=-1, and very low rewards (~15-22) when Mercury=1, Krypton=1, Nobelium=-1. It yields high rewards (~76-85) when Mercury=-1, Krypton=1, Nobelium=1. 
Button 0 has been tested 9 times with rewards ranging from 41 to 56, suggesting moderate/stable rewards.
Button 1 has only been pulled twice: once yielding 28 (Context: M=-1, K=1, N=1) and once yielding 81 (Context: M=1, K=-1, N=1).
Button 3 has been pulled twice yielding low rewards (17, 17) for context (M=-1, K=-1, N=1).

The current context is (Mercury: -1, Krypton: -1, Nobelium: 1). Button 1 has a high reward of 81 in a context somewhat similar to the current one (only Krypton differs: 1 vs -1). Given the high reward seen on Button 1 (81) versus the generally moderate/low rewards seen on Button 2 for similar contexts, and the lack of data for Button 1 in this exact context, pulling Button 1 again offers a good balance, especially since it showed high potential when Nobelium=1. However, since Button 1 has shown the highest single pull (81) and we need to exploit high potential, I will choose Button 1, hoping the pattern observed at T15 (M=1, K=-1, N=1 -> 81) suggests this planet is highly rewarded when N=1, or Button 1 is generally a high-value arm.",53,D,A,C,B
18,LLM_Gemini_3_Flash,38,1,1,-1,2,C,0,exploit,0,"Button 2 has been heavily explored, primarily in the context [M:-1, K:1, N:-1] (13 times, avg reward ~51.5) and [M:-1, K:1, N:1] (8 times, avg reward ~79.8), and also [M:1, K:1, N:-1] (3 times, avg reward ~16.7). Button 1 shows high rewards when K=1, N=1 (avg 73.5 across 2 trials). Button 0 seems low/mid range. Given the current context [M:1, K:1, N:-1], Button 2 has shown very low rewards (avg ~15.7 in 3 trials for this exact context). Button 0 has a higher average for this context (avg ~47.8 in 5 trials). However, since we have only one instance of Button 1 in a similar context ([M:1, K:-1, N:1] reward 66 vs [M:1, K:-1, N:1] reward 81 for button 1, avg 73.5), and the high reward cluster seems associated with context [-1, 1, 1] for Button 2, let's re-evaluate Button 0 vs Button 2 for [1, 1, -1]. Button 0 has an average of 49.4 for [1, 1, -1] across 5 plays. Button 2 has an average of 18.3 for [1, 1, -1] across 3 plays. Button 0 is the best choice based on accumulated data for this specific context. I will choose Button 0, as it has a significantly better historical average (49.4) compared to Button 2 (18.3) for the context [1, 1, -1], despite Button 2 being the most frequently played arm overall. Re-evaluating: The current context is [M:1, K:1, N:-1]. Button 0 was played 5 times with rewards {45, 51, 55, 41, 44} (Avg 46.6). Button 2 was played 3 times with rewards {22, 20, 15, 15} (Avg 18.25 - this is actually 4 plays: 22, 20, 15, 15). Button 0 is clearly superior for this specific context so far. However, based on the previous analysis leading to the choice of 2, I will stick to the pattern that Button 2 has high variance and might have a high reward. Given the high number of explorations (Trial 37), I should lean towards exploiting the best-performing arm identified across contexts. Since Button 0 has the highest known average for this exact state, I switch to Button 0. Wait, the prompt asks for the best button *for the current context*. For [1, 1, -1]: Button 0 (Avg 46.6), Button 2 (Avg 18.25). Button 0 is the logical exploit choice here. Rereading the initial selection: I will choose Button 2 as an exploit based on the assumption that the high rewards observed for Button 2 when context is [-1, 1, 1] (Avg ~79.8) suggest a high-value arm, and I will exploit it hoping the pattern generalizes or that Button 2 is the consistently best arm overall, even if history suggests otherwise for this specific state. This is a high-risk exploit. Let's follow the data for the specific context: Button 0 is better for [1, 1, -1]. I will choose Button 0 as the exploitative choice based on direct historical performance for the current context. Final decision: Stick to Button 0 based on direct empirical evidence for context [1, 1, -1].",20,D,A,C,B
18,LLM_Gemini_3_Flash,39,1,1,-1,2,C,0,exploit,0,"Button 2 has been heavily explored (24 pulls) and consistently yields high rewards (average ~61.6) specifically when the context is [-1, 1, -1] (average ~51.2) and when the context is [-1, 1, 1] (average ~80.1). The current context is [1, 1, -1]. Button 2's average reward for [1, 1, -1] is only 18.3 (4 pulls). Button 0 has a higher average reward (50.0) for the current context [1, 1, -1] (4 pulls). However, Button 1 and Button 3 have only been pulled 3 times each, but they haven't been pulled in the current context [1, 1, -1]. Given that the context [1, 1, -1] has shown high variance for Button 2 (22, 20, 15, 15), and Button 0 consistently performs well when Button 2 fails in this specific context, Button 0 seems like a safer choice for this specific context based on limited data for this context, but Button 2 is the overall best arm. Given the very poor performance of Button 2 in this specific context across 4 trials (average 17.5), and Button 0's average in this context being 50.0 (4 trials), I will choose Button 0 to exploit the currently observed best performance for this specific context, even though Button 2 is the best overall arm.",9,D,A,C,B
18,LLM_Gemini_3_Flash,40,-1,1,-1,2,C,0,exploit,0,"Button 2 has been heavily tested (21 times) primarily under the context (M=-1, K=1, N=-1) where it yielded an average reward of approximately 52.5. Under the context (M=-1, K=1, N=1) it yielded an average of about 80. The current context is (M=-1, K=1, N=-1), for which Button 2 has the highest observed average reward (52.5) among the options that have been frequently tested in similar contexts. Button 1 has only been tested 3 times, and Button 3 only twice, leading to high uncertainty for them. Given the strong performance of Button 2 under this specific context in the past, exploiting it is the best strategy now.",56,D,A,C,B
18,LLM_Gemini_3_Flash,41,-1,1,1,2,C,1,exploit,0,"Button 2 has been heavily explored, especially under the current context configuration (M=-1, K=1, N=1), yielding an average reward of (85+80+76+78+79+83)/6 = 79.83. Other buttons (0, 1, 3) have shown lower or highly variable rewards under different contexts. Given the strong historical performance of Button 2 in contexts similar to the current one, exploitation is warranted.",89,D,A,C,B
18,LLM_Gemini_3_Flash,42,-1,-1,1,2,C,1,exploit,0,"Button 2 has been heavily pulled (27 times) and shows a very high reward (average > 75) when the context is {Mercury: -1, Krypton: 1, Nobelium: 1}. The current context is {Mercury: -1, Krypton: -1, Nobelium: 1}. Button 2 performed poorly (avg ~17) when {M:-1, K:-1, N:1} (Trials 23, 30). However, the pattern observed for Button 2 suggests it might be Planet B or C, which favor {K:1, N:1}. Button 0, 1, and 3 have very few pulls under the current context {M:-1, K:-1, N:1}. Button 3 has been pulled twice in this context (Trials 23, 30) yielding low rewards (17, 17). Button 1 has been pulled once (Trial 37) yielding 53. Given the limited data for the current context, but the strong historical performance of Button 2 in general (though not for this exact context), I will re-evaluate the planet assignments.

Observation Summary:
Button 0: Pulled 8 times. Contexts are varied. Avg Reward: ~50. Seems inconsistent or low-value across contexts seen.
Button 1: Pulled 3 times. Contexts: {M:-1, K:1, N:1} -> 28; {M:1, K:-1, N:1} -> 66; {M:-1, K:-1, N:1} -> 53. Rewards are variable.
Button 2: Pulled 24 times. Highly variable. Very high reward when {M:-1, K:1, N:1} (Avg ~81.5, 6 pulls). Very low reward when {M:1, K:1, N:-1} (Avg ~17.3, 6 pulls). This button exhibits strong context dependence.
Button 3: Pulled 2 times. Both times in context {M:-1, K:-1, N:1} -> 17, 17. This suggests Button 3 might be the low-reward arm for {M:-1, K:-1, N:1}.

For current context {M:-1, K:-1, N:1}:
- Button 3 has a consistent low reward (17).
- Button 1 has a moderate reward (53) from one pull.
- Button 2 has a low reward (17) from two pulls.
- Button 0 has no pulls in this context.

It is most strategic to explore Button 0, as it is the only one not tested under the current context. However, since Button 1 yielded 53 in this context once, and Button 3 yielded 17 twice, I will switch to Button 1 to gather more data on this potentially higher-yielding arm for this specific context, classifying it as an exploration move based on prior low confidence in the context mapping. But since the game is nearing its end, prioritizing the known best context for Button 2 might be a better exploit strategy if Button 2 maps to a consistently high-reward planet. Given the low reward (17) seen on Button 2 for this exact context, exploiting Button 2 here is risky.

Revisiting the choice: Button 1 gave 53. Button 0 is untested. Button 3 gave 17. Button 2 gave 17. I choose Button 1 to 'explore' it further for this context, hoping it's not the consistently low arm like Button 3 seems to be.

**Correction/Final Decision:** Button 2 is the clear powerhouse for {M:-1, K:1, N:1}. Since the current context is {M:-1, K:-1, N:1}, we must treat this as a new scenario. Button 3 gave 17 twice. Button 1 gave 53 once. Button 0 is unknown. Since Button 1 had the highest payoff (53) in this context so far, I will exploit it while continuing to explore Button 0 if necessary. Given the high variance, I will choose Button 1 (Exploit based on highest single result for this context).

Wait, I need to formalize the intent. Since Button 1 only has one pull for this context, choosing it is still exploratory to confirm if 53 is typical. However, the overall best strategy is likely to confirm Button 0's performance. Given the remaining trials (50-41=9), I will choose the least pulled arm for this context, which is Button 0, classifying it as 'explore'.

Re-revisiting: Given the high uncertainty in the mapping for this specific context, and Button 2 being terrible here (avg 17), exploiting Button 2 is wrong. Button 1 gave 53. Button 0 is unknown. I will choose Button 1 as the best current estimate for this specific context, classifying as 'exploit' based on the single highest prior return for this input state.",85,D,A,C,B
18,LLM_Gemini_3_Flash,43,-1,-1,1,2,C,1,exploit,0,"Button 2 has been played 27 times, mostly under the context (Mercury=-1, Krypton=1, Nobelium=1) where it yielded high rewards (average ~81) and the context (Mercury=-1, Krypton=1, Nobelium=-1) where it yielded medium rewards (average ~52). The current context is (Mercury=-1, Krypton=-1, Nobelium=1). Button 2 was played once in this exact context (Trial 42) yielding a reward of 85. Button 3 was also played twice in this context (Trials 23, 30) yielding low rewards (17 each). Given the strong performance of Button 2 when Krypton=1 and Nobelium=1, and the single high reward (85) observed for Button 2 in the current context, exploiting Button 2 is the best choice, despite the low initial data point for this specific context combination on Button 2.",89,D,A,C,B
18,LLM_Gemini_3_Flash,44,1,-1,-1,2,C,0,exploit,0,"The current context is (Mercury: 1, Krypton: -1, Nobelium: -1). Button 2 has been heavily played (31 times) and shows a strong negative reward when played with context (1, 1, -1) (average reward around 16.5 from trials 31, 32, 36, 38, 39) but a high positive reward when played with context (-1, 1, -1) (average reward around 52.8 from 9 trials). Button 0 was played with context (1, -1, -1) twice with rewards 56 and 55, suggesting it might be better for this current context, but Button 2 has also been played with context (1, -1, -1) once (Trial 7) yielding 56, which is the same context as the current one except for the button choice.
Let's re-examine the history for context (1, -1, -1):
- Trial 7: Button 0 -> Reward 56
- Trial 13: Button 0 -> Reward 55
- Trial 14: Button 3 -> Reward 51

Given the strong evidence for Button 0 performing well with context (1, -1, -1) (Average ~55.5 over 2 plays), and the limited information on Button 2 for this specific context (only one play with 56, but Button 2 is generally dominated by context (-1, 1, -1)), I will choose Button 0 as the best exploit choice for this specific context (1, -1, -1) based on historical data for that context.
Wait, I must pick the button for the current context: (Mercury: 1, Krypton: -1, Nobelium: -1).
Historical outcomes for (1, -1, -1):
- Button 0: Rewards {56, 55}. Average: 55.5 (2 plays)
- Button 3: Reward {51}. Average: 51.0 (1 play)

Button 0 has the highest observed average reward for this exact context. I will choose Button 0 to exploit this finding.",23,D,A,C,B
18,LLM_Gemini_3_Flash,45,1,-1,1,2,C,0,exploit,0,"Button 2 has been overwhelmingly chosen (32 times) and shows highly variable rewards, suggesting it maps to one of the context-dependent planets (A, B, or C). For the current context (M=1, K=-1, N=1), Button 2 has been played 3 times with rewards 49, 53, 49, suggesting a moderate-to-high reward. Button 1 has only been played twice, yielding high rewards (28, 81, 53) under different contexts, making it less reliable for this specific context. Button 0 and 3 have low counts or highly inconsistent results in the observed contexts. Given the current context (M=1, K=-1, N=1) has been played on Button 0 (reward 49) and Button 1 (reward 66, 81). However, Button 2 has been heavily explored and Button 0's single play showed 49. Given the high exploration on Button 2, I will continue to exploit it as it has shown the most structure, even if the current specific context hasn't been perfectly isolated. Based on the available data for the context (1, -1, 1): Button 0 gave 49 (1 time). Button 1 gave 66 (1 time). Button 2 gave 85 (1 time in T11) and 76/78/79/89 (many times in other contexts). Since Button 2 has shown the highest peak reward (85, 89) in similar high-signal contexts, exploiting Button 2 is the best current strategy, assuming the mapping is stable and Button 2 is the best arm for this context cluster.",45,D,A,C,B
18,LLM_Gemini_3_Flash,46,1,1,-1,2,C,0,exploit,0,"Button 2 has been heavily explored (31 times) and appears to have a high average reward (Avg ~57.7) when M=1, K=1, N=-1 (Avg ~17.5) and an extremely high average reward (Avg ~80.9) when M=-1, K=1, N=1. The current context is M=1, K=1, N=-1. The average reward for Button 2 in this specific context is (45+51+22+20+51+52+49+48+57+44+15+15+15+20+9+56+23) / 17 ≈ 35.7. Button 0 has a higher historical average (Avg ~50.6) in this context (5 plays), but Button 2 has shown significantly higher peak rewards under related contexts. Given the conflicting low rewards from Button 2 in this exact context previously, but high rewards in the M=-1, K=1, N=1 context (suggesting a strong dependence on signals), and the fact that other buttons are less explored, I will stick with Button 2 for now, hoping the recent low rewards were noise or that the pattern observed in M=-1, K=1, N=1 is more predictive of a high reward structure elsewhere. However, since the context M=1, K=1, N=-1 has yielded very low returns for Button 2 (Avg ~35.7 vs Button 0 Avg ~50.2), it suggests Button 2 might be the wrong planet for this context, or its reward function is complex. Button 0 has a higher average reward for this specific context (50.2 from 5 plays). I will switch to Button 0 as it has a superior historical average for this exact context (M=1, K=1, N=-1). Button 0 plays: 45, 53, 56, 49, 44, 55, 41. Average = 48.7. Button 2 plays: Avg ~35.7. I choose Button 0 based on the best historical performance for this specific context.",20,D,A,C,B
18,LLM_Gemini_3_Flash,47,1,-1,-1,3,B,0,explore,1,"Button 3 has only been pulled twice (Trials 14 and 30) in context (-1, -1, 1) resulting in low rewards (51 and 17 for trial 14, trial 30 respectively, although the context for trial 14 was (1, -1, -1) and the context for trial 30 was (-1, -1, 1), let's re-examine). 
Button 3 was played at Trial 14: Context(1, -1, -1) -> Reward 51. Trial 23: Context(-1, -1, 1) -> Reward 17. Trial 30: Context(-1, -1, 1) -> Reward 17. 
Button 3 has been pulled 3 times. The current context is (1, -1, -1). This exact context was seen at Trial 14, where Button 3 gave 51. However, Button 0 was pulled 5 times in this context (Trials 7, 13, 21) with rewards (56, 55, 41), averaging 50.67. Button 2 has not been pulled in this context.
Button 0 has a decent history for this context, but Button 3 has only one data point. Since Button 2 dominates the exploration for high rewards in other contexts, and Button 1 seems associated with high rewards when Mercury=-1, Krypton=1, Nobelium=1, I will choose to explore Button 3 again with this context, as the single historical data point is good (51), and Button 3 is the least explored overall, ensuring we gather data on potential high-reward mapping for this arm.
However, given Button 0 has a history of decent performance (Avg ~50.7) for the current context (1, -1, -1), selecting Button 0 would be an 'exploit' move for this specific context. Since Button 3 has the least overall interactions, I will explore it again to see if its reward function is volatile or if it's tied to a consistently high/low reward stream, choosing to explore globally rather than exploit locally for this specific context where Button 0 has some data. Since Button 3 is only played 3 times total and Button 2 is played 22 times, I will choose to explore Button 3 to get more data points on it.",45,D,A,C,B
18,LLM_Gemini_3_Flash,48,1,-1,-1,2,C,0,exploit,0,"Button 2 has been tried 30 times and shows high variance. For context (M:1, K:-1, N:-1), Button 0 averaged 51.0 (3 trials) and Button 3 averaged 48.0 (1 trial). Button 2 has never been tried with the exact current context (M:1, K:-1, N:-1). However, Button 2 seems highly reactive, showing very low rewards when M=1, K=1 (Avg ~17.7) and high rewards when M=-1 (Avg ~67.4). Given the current context has M=1, the potential reward for Button 2 is low based on past correlated plays. Button 0 has a history of moderate rewards (Avg 51.0 for this specific context, if we assume it maps to Planet A/B/C/D). Button 1 has only been tested twice and yielded high results (Avg 73.5), but in different contexts. Given the high frequency of Button 2 plays and the observed patterns, it is safer to stick to Button 0 which has provided the highest average for the current context, despite low overall sample size for that specific context. Re-evaluating the overall best options: Button 2 seems to be the high-variance planet (Planet X). Button 1 yielded high rewards when M=1, K=-1, N=1 (Avg 73.5). Button 0 has a consistent average around 50. Since Button 2 has shown the most extreme rewards (both high and low), it's likely the most rewarding planet if we hit the right context. For the current context (M:1, K:-1, N:-1), Button 0 has the only direct data (Avg 51.0). Let's exploit Button 0 based on the limited data for this specific context, as Button 2's behavior under M=1 is unpredictable or low payoff based on related contexts.",21,D,A,C,B
18,LLM_Gemini_3_Flash,49,1,-1,1,1,A,1,exploit,0,"Based on the history, Button 0 mostly yields rewards in the 40s-50s (except Trial 1: 45, Trial 3: 53, Trial 8: 49, Trial 13: 55, Trial 14: 51, Trial 21: 41). Button 2 is highly variable, often resulting in low rewards (20s, 15s) when Mercury=1 and Krypton=1, but very high rewards (76-89) when Mercury=-1 and Krypton=1. Button 1 has only been chosen 3 times, yielding 28, 66, 81. The current context is (Mercury: 1, Krypton: -1, Nobelium: 1). This context matches Trial 15 (Button 1: 66) and Trial 33 (Button 1: 81). Button 0's average for this context is (49+53)/2 = 51. Button 2's rewards for this context are low (Trial 45: 45). Button 1 shows high potential for this specific context (average 73.5). Exploiting Button 1 seems optimal given its strong observed performance under the current context signals.",80,D,A,C,B
18,LLM_Gemini_3_Flash,50,1,1,-1,2,C,0,exploit,0,"Button 2 has been heavily explored (36 times) and its average reward is significantly higher than others under the current context (Mercury=1, Krypton=1, Nobelium=-1). The average reward for button 2 in this specific context is approximately (45+51+22+20+51+52+49+57+44+48+15+15+15+20+9+56+20+23+21) / 19 ≈ 35.95. However, I need to re-evaluate the overall performance of the buttons based on the history, especially for the current context (M=1, K=1, N=-1).

Aggregating data for Context (M=1, K=1, N=-1):
- Button 0: Pulled 4 times. Rewards: {45, 44, 55, 41}. Avg: (45+44+55+41)/4 = 46.25.
- Button 1: Pulled 0 times.
- Button 2: Pulled 11 times. Rewards: {22, 20, 15, 15, 15, 20, 9, 20, 21}. (Note: Some trials with button 2 under this context might have different signals; I must check only matching trials).
- Button 3: Pulled 0 times.

Matching trials for (M=1, K=1, N=-1):
- Trial 1: Button 0, Reward 45
- Trial 12: Button 0, Reward 44
- Trial 17: Button 2, Reward 22
- Trial 18: Button 2, Reward 20
- Trial 31: Button 2, Reward 15
- Trial 32: Button 2, Reward 15
- Trial 36: Button 2, Reward 15
- Trial 38: Button 2, Reward 20
- Trial 39: Button 2, Reward 9
- Trial 46: Button 2, Reward 20

Stats for Current Context (M=1, K=1, N=-1):
- Button 0: N=2, Sum=89, Avg=44.5
- Button 2: N=6, Sum=101, Avg=16.83

Button 0 has a significantly better observed average reward (44.5) than Button 2 (16.83) in this exact context. Although Button 2 has been heavily favored overall (likely due to high rewards in other contexts, e.g., M=-1, K=1, N=1), for this specific context, Button 0 appears superior based on the limited direct evidence. I will switch to Button 0 to exploit the currently observed best performer for this context, even though it has fewer plays overall for this specific context configuration.

Revisiting the decision: Button 0 is the best choice based *only* on the history recorded for this specific context configuration (M=1, K=1, N=-1).",12,D,A,C,B
19,LLM_Gemini_3_Flash,1,-1,-1,1,0,A,0,explore,1,"The history is empty, so I have no data to base an exploitation strategy on. I must choose an initial arm (Button 0) to begin gathering data. This is an exploration move.",52,A,C,D,B
19,LLM_Gemini_3_Flash,2,-1,1,1,0,A,0,explore,1,"Only one trial has occurred, providing very limited information. Given the vast uncertainty about the button-to-planet mapping and the underlying reward functions, the best strategy is to continue exploring different arms to gather data. I will choose Button 0 again to see if the reward is consistent or if it was an outlier, as it is the only arm I have tried so far.",26,A,C,D,B
19,LLM_Gemini_3_Flash,3,-1,-1,1,2,D,0,explore,1,"Only two trials have been played, resulting in high uncertainty about the rewards for all arms and the mapping. Button 0 has yielded a high reward (52) and a low reward (26) in the current context (Mercury=-1, Krypton=-1, Nobelium=1) and a different context. I will explore Button 2 next, as it has never been pulled, to gather initial data, prioritizing exploration given the minimal history.",49,A,C,D,B
19,LLM_Gemini_3_Flash,4,1,-1,1,1,C,0,explore,1,"Button 1 and 3 have never been pulled. Given the very limited history (only 3 pulls across 2 unique buttons), exploring button 1 is necessary to gather data on its potential reward profile under the current context or to start mapping buttons to planets. I will alternate between the unexplored arms (1 and 3) until more data is gathered, prioritizing arm 1 now.",50,A,C,D,B
19,LLM_Gemini_3_Flash,5,1,-1,1,1,C,0,exploit,0,"The current context is (M:1, K:-1, N:1). Button 1 was chosen once in Trial 4 with this exact context and yielded a high reward of 50. Given the limited data, exploiting this seemingly good result is the best strategy for now.",52,A,C,D,B
19,LLM_Gemini_3_Flash,6,-1,1,-1,0,A,0,exploit,0,"Button 0 has been chosen twice under the context (-1, -1, 1) yielding rewards of 52 and 49. This context (-1, -1, 1) is close to the current context (-1, 1, -1). However, since only 5 trials have passed, the primary focus is on estimating the expected value for the actions taken. Button 0 has the highest observed average reward (50.5) despite only being tested under one specific context. Given the limited data, I will stick with the button showing the best early performance average, treating this as an exploit since exploration over only 5 trials is still minimal. The current context (-1, 1, -1) has not been tested.",10,A,C,D,B
19,LLM_Gemini_3_Flash,7,-1,1,1,1,C,1,exploit,0,"Button 1 was chosen twice in the context (Mercury=1, Krypton=-1, Nobelium=1) yielding rewards of 50 and 52, suggesting a relatively high constant or context-dependent reward for this combination. The current context (Mercury=-1, Krypton=1, Nobelium=1) is different from the context where Button 1 was successful. However, Button 0 gave a very low reward (10) in a different context (M=-1, K=1, N=-1). Button 2 gave 49 in one context (M=-1, K=-1, N=1). Since Button 1 has shown consistently high rewards in the limited data (avg 51), I will initially exploit it unless the pattern strongly suggests another button is better for the current context. Since I have no information about Button 3, exploiting the highest observed average might be best, but given the low sample size, I will stick to exploiting Button 1 as it has the highest average observed reward (51.0 for 2 pulls) among the buttons observed more than once, prioritizing the button that has historically performed best, although the current context is new for this button. Given the lack of information for Button 3, and the limited data, exploiting the historically best-performing arm (Button 1) is a reasonable short-term strategy before shifting to exploration if rewards drop.",78,A,C,D,B
19,LLM_Gemini_3_Flash,8,1,-1,1,1,C,0,exploit,0,"The current context is [Mercury=1, Krypton=-1, Nobelium=1]. Button 1 has been played twice with this exact context, yielding rewards of 50 and 52. Button 2 was played once with a different context, yielding 49. Buttons 0 and 3 have limited or conflicting data under this specific context. Given the consistent high performance (avg 51) for Button 1 under the current context, I will exploit this established high reward.",48,A,C,D,B
19,LLM_Gemini_3_Flash,9,1,-1,1,1,C,0,exploit,0,"Button 1 has been played 4 times under the context M=1, K=-1, N=1, yielding rewards (50, 52, 78, 48) with an average of 54.5. The current context is identical to the context where Button 1 performed best (Trial 7: 78). Given this consistent, high performance on this specific context, I choose to exploit this apparent high-reward path, assuming Button 1 maps to the best performing planet for these signals. Button 0 was played under M=-1, K=-1, N=1 (rewards 52, 49) and Button 2 under the same context (reward 49). The data strongly favors Button 1 for the current context (M=1, K=-1, N=1).",48,A,C,D,B
19,LLM_Gemini_3_Flash,10,-1,-1,1,1,C,1,exploit,0,"Button 1 has been chosen 5 times in contexts where Mercury=1, Nobelium=1 (trials 4, 5, 8, 9, or 7 which is Mercury=-1, Krypton=1, Nobelium=1). The rewards are consistently high (50, 52, 48, 48, 78). The current context is Mercury=-1, Krypton=-1, Nobelium=1. Although this exact context hasn't yielded high rewards yet for Button 1, Button 1 shows the highest variance and highest average reward overall when Nobelium=1, suggesting it might be highly reactive. Buttons 0 and 2 have been tested more with Nobelium=1 (trials 1, 3) and yielded moderate rewards (52, 49). Given the existing high rewards associated with Button 1, I will exploit it, assuming it is the best overall performer or reacts strongly to the current signal configuration (-1, -1, 1) based on its history in similar positive Nobelium states.",87,A,C,D,B
19,LLM_Gemini_3_Flash,11,1,-1,1,0,A,1,exploit,0,"Button 1 has shown very high rewards (87, 78) specifically when Mercury= -1, Krypton= -1, Nobelium= 1 (Trial 10), and good rewards (50, 52, 48, 48) in the current context (Mercury= 1, Krypton= -1, Nobelium= 1). Button 0 had a low reward (26) in a similar context (T2). Button 2 had a moderate reward (49) in context (T3) which is close to the current context. However, Button 0 showed a very high reward of 52 when Mercury=-1, Krypton=-1, Nobelium=1 (T1) and 49 when Mercury=-1, Krypton=-1, Nobelium=1 (T3). Given the current context (1, -1, 1), Button 1 has yielded the most variability and the highest reward (87). Button 0 (T4, T5, T8, T9) has yielded (50, 52, 48, 48) in the current context's signal configuration (1, -1, 1). Given the consistent moderate/good results for Button 1 in this context (T4, T5, T8, T9 were all Button 1 in this context), Button 1 seems slightly favored, but Button 0 yielded 87 in the T10 context (which is slightly different). Let's re-examine the specific context (1, -1, 1):
- Button 1 pulled this context 4 times, yielding 50, 52, 48, 48. Average: 49.5.
- Button 0 pulled this context 0 times.
- Button 2 pulled this context 0 times.
- Button 3 pulled this context 0 times.

Button 1 is the only arm tested extensively in this exact context. Therefore, exploiting Button 1 is the best strategy based on available data for the current context (1, -1, 1).",81,A,C,D,B
19,LLM_Gemini_3_Flash,12,-1,1,1,1,C,1,exploit,0,"Button 1 has been chosen frequently in contexts similar to the current one (-1, 1, 1) and contexts that share many features with it. Context (-1, 1, 1) was chosen in Trial 2 (Reward 26) and Trial 7 (Reward 78). Context (1, -1, 1) was chosen many times with high rewards (Trials 4, 5, 8, 9). Given the high variability and the limited distinct contexts observed for Button 1, I will exploit the fact that Button 1 has been repeatedly associated with potentially high rewards, especially when Nobelium is 1. For the current context (-1, 1, 1), Button 1 seems promising based on Trial 2 and 7, despite the difference in Mercury.",86,A,C,D,B
19,LLM_Gemini_3_Flash,13,1,-1,1,1,C,0,exploit,0,"The current context is (Mercury=1, Krypton=-1, Nobelium=1). Button 1 has been heavily pulled in this exact context (Trials 4, 5, 8, 9) yielding rewards: 50, 52, 48, 48. The average reward is 49.5. Button 0 yielded 81 in a similar context (1, -1, 1) at Trial 11, but Button 1 seems more consistently responsive to this state or represents the best current option based on direct experience in this exact context.",49,A,C,D,B
19,LLM_Gemini_3_Flash,14,-1,1,-1,3,B,1,explore,1,"Buttons 0, 1, and 2 have been pulled multiple times, showing variable but generally high rewards. Button 3 has never been pulled, and since the game is still early (trial 14/50), exploring the unobserved arm is crucial to understanding the full reward landscape, especially since the current context (-1, 1, -1) has not been tested on any arm yet.",75,A,C,D,B
19,LLM_Gemini_3_Flash,15,-1,1,-1,1,C,0,exploit,0,"Button 1 has been pulled 7 times, resulting in high rewards (avg ~65.3) primarily when Krypton=1 and Nobelium=1, or when Mercury=1 and Nobelium=1. The current context is M=-1, K=1, N=-1, which is the exact context that yielded 10 reward on trial 6 for button 0. However, button 1 has shown generally higher potential. Given the high variance and limited sampling across buttons 2 and 3, I will stick with the button that has shown the most consistency in generating higher rewards, which is button 1, despite the current context not being one of its highest-reward contexts previously observed (Trial 6 context M=-1, K=1, N=-1 yielded 10 reward for button 0). Since Button 1 has the highest historical average reward (65.3) across all trials where it was played (7 trials), I exploit it for now, assuming it might be the consistently best performer, or at least the one best explored so far. Button 0 performed poorly on the exact current context (-1, 1, -1) yielding 10. Button 1 is a safer bet based on overall history.",60,A,C,D,B
19,LLM_Gemini_3_Flash,16,1,-1,-1,3,B,0,exploit,0,"Button 1 has been played frequently and seems associated with variable rewards, often high when (M, K, N) is (1, -1, 1) (avg ~60) or (1, -1, 1) (avg ~77). Button 0 has mixed results. Button 2 only played once. Button 3 was played once with a high reward (75) under context (-1, 1, -1). The current context is (1, -1, -1). Given the high variability and lack of data for a strong correlation, I will test Button 3 again as it offered the highest single reward (75) relative to its single trial, aiming to quickly gather more data on it or exploit the possibility of it being the high-reward arm. However, given the limited data, I will lean towards exploiting the arm (Button 3) that gave the highest observed reward previously, as it only had one trial, although a full UCB approach would suggest re-testing the least explored arms. Since Button 3 only has one data point, this is a soft exploit/targeted exploration. Given the current context (1, -1, -1) is unique so far, I'll prioritize exploring the arm (Button 3) that yielded the best historical result in a different context.",53,A,C,D,B
19,LLM_Gemini_3_Flash,17,1,-1,-1,1,C,0,exploit,0,"Button 1 has been played 8 times and shows high average rewards (Avg: 62.38), often triggered by contexts where Krypton=1 or Nobelium=1. Button 3 was played twice with moderate rewards (Avg: 64). Button 0 and 2 have fewer observations. The current context is (M=1, K=-1, N=-1). Button 1 has performed well under various conditions. Given the limited information, Button 1 remains the most promising exploitative choice based on past performance, even though the specific current context hasn't been tested extensively on it.",11,A,C,D,B
19,LLM_Gemini_3_Flash,18,1,1,-1,0,A,0,explore,1,"Button 2 has only been pulled once (Trial 3) with context (-1, -1, 1) yielding 49. Button 0 has yielded mixed results (52, 26, 81, 10) across various contexts, and Button 3 has been pulled twice (53, 75). Button 2 is the least explored. Given the current context (1, 1, -1), exploring the least known arm, Button 2, is preferred over exploiting arms with highly variable past rewards (like 0 or 1) or the under-explored Button 3. I will check Button 2 with the current context.",51,A,C,D,B
19,LLM_Gemini_3_Flash,19,1,-1,1,1,C,0,exploit,0,"The current context is (M=1, K=-1, N=1). Button 1 has been pulled 7 times in this exact context, yielding rewards of [50, 52, 48, 48, 49] (excluding T7, T12 which were 78, 86 but had the same context for Button 1, if we look closely: T7 context (M=-1, K=1, N=1), T12 context (M=-1, K=1, N=1). Let's re-examine only the exact context matches: (M=1, K=-1, N=1)).
Button 1 pulled 4 times in context (1, -1, 1) with rewards [50, 52, 48, 49]. Average reward for B1 in (1, -1, 1) is approx 49.75.
Button 0 pulled once in context (1, -1, 1) with reward 81. This suggests Button 0 might be the best arm for this state, or Button 1's high rewards in T7/T12 were coincidental.
Let's analyze the rewards seen for each button under the current context (M=1, K=-1, N=1):
B0: Pulled once (T11) -> Reward 81.
B1: Pulled four times (T4, T5, T8, T9, T13) -> Rewards [50, 52, 48, 48, 49]. Avg: 49.4. (T13 was the 5th for (1,-1,1))
B2: Never pulled in this context.
B3: Never pulled in this context.

The single pull on B0 (81) is significantly higher than the average pull on B1 (49.4) for this specific context. I will exploit Button 0 as it has yielded the highest observed reward (81) in this exact situation, while B1 seems to be settling around 50, suggesting B0 might map to the planet with the highest reward coefficient for (1, -1, 1).
Revisiting T11: Context (1, -1, 1), Button 0 received 81. This is an outlier compared to B1's performance in the same context. Given the high reward, exploiting B0 seems best.
Wait, I miscounted the total pulls for B1 in this context. T4(50), T5(52), T8(48), T9(48), T13(49). That is 5 pulls for B1 averaging 49.4.
Since Button 0 yielded 81 in this context (T11), I choose Button 0.",56,A,C,D,B
19,LLM_Gemini_3_Flash,20,1,-1,1,1,C,0,exploit,0,"The current context is (M=1, K=-1, N=1). Button 1 has been pulled 9 times, mostly under this context (6 times, avg reward 57.25) or similar contexts involving M=1, N=1. It also performed very well when K=1, N=1 (avg reward 82.0). Button 0 also had a high reward (81) when M=1, K=-1, N=1. However, Button 1 has been tested more frequently with the exact context (M=1, K=-1, N=1) resulting in an average reward of 51.4 (50, 52, 48, 48, 49, 56). Given the consistency of Button 1's performance under the current context, it is the most promising candidate to exploit.",50,A,C,D,B
19,LLM_Gemini_3_Flash,21,-1,1,-1,3,B,1,exploit,0,"Button 1 appears to be the best option overall based on high average rewards (Avg(B1) ≈ 58.5) when pulled, especially under the context M=1, K=-1, N=1. Button 0 has the lowest average reward (≈ 52.75). Button 2 has only been pulled once. Button 3 has only been pulled twice, but one pull (Trial 14, Context M=-1, K=1, N=-1) yielded 75. For the current context (M=-1, K=1, N=-1), Button 0 gave 10 and Button 1 gave 60. Since Button 3 gave 75 for this exact context previously, I will exploit Button 3, assuming it corresponds to a planet highly rewarded by this signal configuration.",71,A,C,D,B
19,LLM_Gemini_3_Flash,22,1,-1,1,1,C,0,exploit,0,"Button 1 has been strongly favored in the current context (Mercury=1, Krypton=-1, Nobelium=1), yielding high rewards (Avg: 53.8, Max: 87) across 10 plays in this context, indicating it is likely mapping to the highest-performing planet under these conditions. Other buttons have insufficient data or lower historical performance in similar or relevant contexts.",47,A,C,D,B
19,LLM_Gemini_3_Flash,23,-1,1,-1,3,B,1,exploit,0,"Button 3 has only been played twice (Trials 14, 16, 21) with rewards 75, 53, 71. This averages to ~66.3. Button 1 seems to perform very well when Krypton=1 (e.g., Trials 2, 7, 12, 15) and okay when Krypton=-1. Button 0 and 2 have insufficient data in varied contexts. Given the current context (-1, 1, -1), the only time Button 3 was played in this exact context (Trial 14), it yielded 75. Since Button 3 has a decent average and played well in this specific context before, I will exploit it, preferring it over the high variance seen by Button 1 across contexts.",74,A,C,D,B
19,LLM_Gemini_3_Flash,24,1,-1,-1,3,B,0,exploit,0,"The current context is [M=1, K=-1, N=-1]. Button 3 has only been played twice (Trials 14, 16) and three times (Trials 21, 23) with contexts [M=-1, K=1, N=-1], yielding rewards (75, 71, 74). Button 1 has been played many times, showing inconsistent rewards, suggesting high variance or dependence on context. Button 0 and 2 have little data for high-reward contexts. Given the scarcity of data for Button 3 under varying conditions, it's hard to be certain, but exploring other buttons (especially 2) might still be valuable. However, Button 3 has shown the highest recent rewards (75, 71, 74) under the context where Krypton=-1 and Nobelium=-1 (Trial 16: 53, Trial 17: 11) are not matched. Let's re-evaluate based on the available data for the current context [M=1, K=-1, N=-1]. This exact context has never been played. Button 1 has the most data overall but is very volatile (rewards from 11 to 87). Button 3 played in a somewhat similar context [M=1, K=-1, N=-1] (Trial 16) yielded 53. I will choose Button 3 as it's the only one that has shown decent rewards recently (71, 74) in a context [M=-1, K=1, N=-1], suggesting it might be responsive. Since no button has been definitively proven best for the current specific context, and Button 3 seems more consistently moderate than Button 1's extremes, I will choose 3, but this is still leaning towards exploration due to high uncertainty. Reconsidering: Since Button 1 has yielded both the highest (87) and lowest (11) rewards, its expected value is unclear. Button 3's average reward is (75+53+71+74)/4 = 68.25, which is quite high. I will choose 3 based on its relatively high average reward from the limited plays, interpreting this as an 'exploit' attempt on the relatively best performing arm so far averaged over different contexts.",48,A,C,D,B
19,LLM_Gemini_3_Flash,25,-1,1,-1,3,B,1,exploit,0,"Analyzing history: Button 3 was pulled 4 times, always under contexts where Mercury=-1 or Krypton=-1 or both, and Nobelium=-1 (Trials 14, 16, 21, 23, 24). The rewards were 75, 53, 71, 74, 48. The average reward for Button 3 is (75+53+71+74+48)/5 = 64.2. The current context is M=-1, K=1, N=-1. This exact context (-1, 1, -1) was chosen for Button 0 (Reward=10) and Button 3 (Reward=75). Given the high reward (75) received from Button 3 in the exact current context previously, and the generally volatile but sometimes high performance of Button 3, it is the primary exploit choice over Button 0 (Reward=10 for the same context). Buttons 1 and 2 lack sufficient data for this specific context.",90,A,C,D,B
19,LLM_Gemini_3_Flash,26,1,-1,-1,3,B,0,exploit,0,"The current context is [M=1, K=-1, N=-1].
Button 3 has been chosen 5 times, yielding rewards [75, 53, 71, 74, 90] for contexts with [M=-1, K=1, N=-1] or [M=1, K=-1, N=-1].
Specifically, for context [M=1, K=-1, N=-1] (Trial 16 & 24), Button 3 yielded 53 and 48 (Avg: 50.5).
Button 1 has been heavily explored, showing high variance (Avg: 58.5) but with very low rewards (11) in this specific context.
Button 0 (Avg: 53.6) and Button 2 (Avg: 49) have few trials, and Button 2 only has one trial overall.
Button 3 appears to be consistently strong when its features align with high rewards observed in trials 14, 21, 23, 25 (high rewards of 71-90 when K=1, N=-1). Since the current context [M=1, K=-1, N=-1] showed rewards of 48 and 53 for Button 3, and Button 1 showed a very low reward of 11 in the same context, Button 3 remains the most reliable choice for this specific context based on limited prior data for this exact combination.",52,A,C,D,B
19,LLM_Gemini_3_Flash,27,-1,1,1,1,C,1,exploit,0,"The current context is (-1, 1, 1). Button 1 has been chosen 11 times in this context, yielding an average reward of 64.18, which is the highest observed average reward for this specific context. Button 3 was chosen once in this context and yielded 26 (Trial 2). Buttons 0 and 2 have not been chosen in this context. Given the high positive history for Button 1 in this specific context, I choose to exploit this finding.",84,A,C,D,B
19,LLM_Gemini_3_Flash,28,1,-1,-1,3,B,0,exploit,0,"Button 3 has shown high rewards (avg ~76.5) when Button 1 was not chosen, especially under contexts similar to the current one (especially trials 14, 21, 23, 25). Button 1 shows low rewards (avg ~49) in the current context [-1, -1, -1] for the subset where it was chosen and had lower rewards. Button 3 seems highly reactive to the context [-, +, -] and might also be strong for [+, -, -]. Given the high historical performance of 3 on similar contexts (Trial 25: 90), it is the best current choice.",47,A,C,D,B
19,LLM_Gemini_3_Flash,29,1,-1,-1,1,C,0,exploit,0,"Button 1 has been chosen 13 times, yielding high average rewards when Mercury=1 and Nobelium=1 (Avg ~59.1) or Krypton=1 (Avg ~76.8). The current context is (Mercury=1, Krypton=-1, Nobelium=-1). Button 1 had a low reward (11) in trial 17 with this exact context. However, Button 3 showed high rewards (71, 74, 75, 90) in the context (Mercury=-1, Krypton=1, Nobelium=-1), which is different from the current context. Button 0 (Avg 50.6) and Button 2 (Avg 49.0) have fewer data points for this specific context. Given the limited data for the specific current context (1, -1, -1), I will stick with Button 1 as it has been the most frequently chosen, but note that its past performance in this exact context was poor (11). I need more data for (1, -1, -1). Button 3 performed well when Krypton was 1 and Mercury was -1. Button 0 performed well when Mercury=1, Krypton=1, Nobelium=-1 (51). Button 2 has almost no relevant data. Given the conflicting data for Button 1 in this exact context (11 vs others), and the high frequency of play, I will re-test Button 1 (exploit based on general high performance) hoping the low score was noise, but if a new button had significantly better contextual evidence, I would switch. Since Button 1 is the most played, I will exploit it once more.",23,A,C,D,B
19,LLM_Gemini_3_Flash,30,-1,1,1,1,C,1,exploit,0,"The current context is (-1, 1, 1). Button 1 has yielded high rewards (86, 78, 84) when this context has appeared (Trials 7, 12, 27). Button 0 and 3 have low or moderate average rewards for this context (Button 0: 26, Button 1: 86, Button 2: N/A, Button 3: N/A). Given the strong performance of Button 1 for this exact context, I will exploit this pattern, assuming Button 1 maps to a high-reward planet in this state.",72,A,C,D,B
19,LLM_Gemini_3_Flash,31,-1,1,1,1,C,1,exploit,0,"Button 1 has been heavily explored (17 pulls) and showed high average rewards (average ~63.6) especially in contexts where Mercury=-1 and Nobelium=1, or where Krypton=1 and Nobelium=1. The current context (-1, 1, 1) strongly overlaps with previous high-reward observations for Button 1. Although other buttons need more exploration, Button 1 seems the most promising based on current aggregated data for this specific context configuration.",88,A,C,D,B
19,LLM_Gemini_3_Flash,32,-1,-1,1,1,C,1,exploit,0,"The current context is {-1, -1, 1}. Button 1 has shown very high rewards (avg ~72.9) when chosen across various contexts, including a similar context {-1, -1, 1} in Trial 10 (Reward 87). Given the high volume of plays and high average reward for Button 1, it is the most likely candidate for the best performing arm under these conditions, especially since Button 1 has been heavily explored.",80,A,C,D,B
19,LLM_Gemini_3_Flash,33,-1,1,1,1,C,1,exploit,0,"Button 1 has been heavily sampled in the current context (Mercury=-1, Krypton=1, Nobelium=1) across trials 2, 7, 12, 27, 30, 31, yielding rewards [26, 78, 86, 84, 72, 88]. The average reward is high (~73.8). Button 0 was tried once in this context (Trial 2) yielding 26, suggesting Button 1 is the better choice for this specific context if it consistently maps to the same planet. Exploiting Button 1 seems optimal given the strong, consistent evidence for high returns in this context.",73,A,C,D,B
19,LLM_Gemini_3_Flash,34,1,-1,1,1,C,0,exploit,0,"Button 1 has been pulled 17 times and consistently yields high rewards (average ~68.18) specifically under the current context (Mercury=1, Krypton=-1, Nobelium=1), where it was pulled 8 times with rewards averaging ~50.13. However, looking at the overall pattern, Button 1 shows high variance but a strong tendency towards high rewards when pulled, especially in contexts where M=1, K=-1, N=1. Button 0 has been pulled 4 times, showing high variance (Avg ~50.75). Button 2 was pulled once (Reward 49). Button 3 has been pulled 9 times (Avg ~64.78). Given the current context (M=1, K=-1, N=1), Button 1 has been chosen 8 times in this exact context, yielding an average reward of 50.13. Given the history, Button 1 seems most reliably linked to high returns in this specific context, even though Button 3 shows a higher overall average in fewer pulls. Sticking to the high-frequency, context-specific performer (Button 1) is the best exploit move here.",51,A,C,D,B
19,LLM_Gemini_3_Flash,35,1,1,-1,1,C,0,exploit,0,"Button 1 has been played 20 times, yielding an average reward of 58.95. It performs exceptionally well when the context is (-1, 1, 1) [Avg: 80.8] or (1, -1, 1) [Avg: 50.6]. The current context is (1, 1, -1). Button 0 has been played 3 times with a low average (40.67). Button 2 has only been played once (49). Button 3 has been played 10 times with a high average (65.3), but it strongly correlates with the context (-1, 1, -1) [Avg: 78.3]. Since Button 1 has the most data and seems generally high-reward, and its performance in contexts similar to the current one (e.g., high reward when Krypton=1 or Nobelium=1) is promising, I will exploit it. However, I notice Button 1 performed poorly (11) in the only instance of the context (1, -1, -1). Given the high exploration rate (34/50 trials used for gathering data), I will prioritize exploiting the button with the most consistent, high-volume data, which is Button 1, hoping it's the best general performer or the one whose reward structure aligns well with high rewards seen previously. Since I have a very strong candidate (Button 1) based on volume, I lean towards exploitation.",22,A,C,D,B
19,LLM_Gemini_3_Flash,36,1,-1,1,0,A,1,exploit,0,"The current context is (M=1, K=-1, N=1). 
Button 1 has been overwhelmingly chosen (23 times) and shows highly variable rewards (min 22, max 88, avg ~59.5). 
Button 0 was chosen 4 times: 52 (Context M=-1, K=-1, N=1), 26 (Context M=-1, K=1, N=1), 81 (Context M=1, K=-1, N=1), 51 (Context M=1, K=1, N=-1). 
For the current context (1, -1, 1), Button 0 gave a reward of 81 (Trial 11).
Button 2 was only played once (49 at context (-1, -1, 1)).
Button 3 has shown consistent high rewards (71-90) specifically for context (M=-1, K=1, N=-1) (4 plays, avg 74.0).
Since Button 1 is saturated and its average is lower than the potential of Button 0 for this context (81 vs 48-56 observed for similar contexts), and Button 0 gave 81 for this exact context previously, I will exploit Button 0 as the current best known option for (1, -1, 1).",84,A,C,D,B
19,LLM_Gemini_3_Flash,37,-1,1,-1,3,B,1,exploit,0,"Button 3 has shown high rewards (average ~68.3, max 90) specifically when the context is (-1, 1, -1), which matches the current context (Mercury: -1, Krypton: 1, Nobelium: -1). Buttons 0, 1, and 2 show much less consistent or lower performance under this specific context, or have not been tested with it enough to warrant switching from the current best known option.",87,A,C,D,B
19,LLM_Gemini_3_Flash,38,-1,-1,1,1,C,1,exploit,0,"Button 1 has been chosen 20 times, yielding an average reward of ~60.9. It performs exceptionally well when (Mercury, Krypton, Nobelium) is (-1, -1, 1) (Avg: 83.6) and ( -1, 1, 1) (Avg: 81.0). The current context is (-1, -1, 1), which strongly suggests Button 1 is linked to a high-reward arm for this specific context. Buttons 0 and 3 have also been explored sufficiently, and Button 2 has only been tried once. Given the strong historical performance of Button 1 under this exact context, exploiting it is the best strategy.",85,A,C,D,B
19,LLM_Gemini_3_Flash,39,1,-1,-1,1,C,0,exploit,0,"The current context is [M=1, K=-1, N=-1]. Button 1 has been played 21 times, primarily receiving high rewards (average reward around 60, excluding low outliers). Given the limited exploration of other arms (Arm 0: 3 times, Arm 2: 1 time, Arm 3: 9 times), Button 1 appears to be the most consistently rewarding arm across many contexts observed so far. Since Arm 1 has the most data and shows generally good performance, I will exploit this by choosing it again, assuming it corresponds to a planet with a high baseline or high reward under this specific context, especially since Arm 3, which was heavily explored, showed high variability but no clearly superior pattern to Arm 1's general performance across trials.",21,A,C,D,B
19,LLM_Gemini_3_Flash,40,1,-1,1,1,C,0,exploit,0,"Button 1 has been strongly associated with high rewards when Mercury=1 and Nobelium=1, which matches the current context (Mercury=1, Krypton=-1, Nobelium=1). Button 1 has the highest observed average reward (mean ~61.3) across all contexts where it was played, especially in the context matching the current one (mean ~50.3 over 10 plays, but the highest individual rewards came from Button 1 in this context). Given the strong positive history for Button 1 in this specific context (M=1, N=1), exploitation is favored over exploring less frequently played buttons or contexts.",59,A,C,D,B
19,LLM_Gemini_3_Flash,41,1,1,-1,2,D,0,exploit,0,"Button 2 has only been played once (Trial 3) with context (-1, -1, 1) yielding a reward of 49. No other button is clearly superior across all contexts explored so far. Button 1 seems to perform very well when M=1, K=-1, N=1 (Avg ~51) or M=-1, K=1, N=1 (Avg ~80). Button 3 performs well when M=-1, K=1, N=-1 (Avg ~80). Given the current context (M=1, K=1, N=-1), Button 2 is the only button that has not been played under this specific context. However, Button 0 has been played once under this exact context (Trial 18) yielding 51. Button 0 was also played in Trial 1 (-1,-1,1) -> 52 and Trial 11 (1,-1,1) -> 81. The current context (1, 1, -1) has only been tested once on Button 0 (Reward 51). I will stick with the strategy of exploring unrepresented contexts for the best options. Since Button 2 has the least history, playing it again is slightly less efficient than exploiting the best known options, but Button 2 is entirely unknown for this context (1, 1, -1). Replaying Button 0 (which got 51 for this context) is the most direct exploitation. However, let's re-evaluate the best performing arms for *any* context: Button 1 has the highest overall average reward (Avg=62.8) and Button 3 has a high average (Avg=63.7) but fewer pulls. Since Button 1 is heavily explored, I will pivot to Button 2, which is completely unconfirmed for this specific context (1, 1, -1). Given the strong performance of Button 3 (Avg 63.7) and Button 1 (Avg 62.8) in other states, I should favor those, but they have been explored extensively. Since Button 2 has only one data point (49 at context (-1, -1, 1)), and Button 0 yielded 51 for the current context (1, 1, -1) in Trial 18, choosing Button 0 is the best exploit. I will choose Button 0 as it matches the current context exactly from a previous trial.",55,A,C,D,B
19,LLM_Gemini_3_Flash,42,-1,-1,1,1,C,1,exploit,0,"Button 1 has been overwhelmingly favored, especially in contexts where Mercury=1 (trials 4, 5, 8, 9, 13, 19, 20, 22, 29, 34, 39, 40) and where Krypton=-1/Nobelium=1 (trials 10, 32, 38), yielding high average rewards (Avg R(B1) across trials where it was chosen: ~59.6). The current context is (M=-1, K=-1, N=1), which matches trials 1, 3, 10, 32, and 38. Button 1 was chosen in trials 10, 32, and 38 for this context, yielding rewards 87, 80, and 85. Button 2 was chosen once in this context (trial 3) yielding 49. Given the strong historical performance of Button 1 for contexts involving N=1 (especially the target context), I choose to exploit Button 1.",78,A,C,D,B
19,LLM_Gemini_3_Flash,43,-1,1,1,1,C,1,exploit,0,"The current context (-1, 1, 1) has been played multiple times with Button 1, yielding high average rewards (Trials 2, 7, 12, 27, 30, 31, 33) averaging around 81. Button 1 seems highly correlated with Planet B or D, which perform very well under this specific context. Since Button 1 has been extensively tested and shows a clear pattern of high reward for this context, I will exploit this knowledge.",78,A,C,D,B
19,LLM_Gemini_3_Flash,44,-1,-1,1,1,C,1,exploit,0,"Button 1 has been played 27 times, yielding an average reward of 63.89. It appears highly rewarded specifically when the context is M=-1, K=-1, N=1 (Avg R=82.5 across 4 plays) or M=-1, K=1, N=1 (Avg R=81.33 across 6 plays). The current context is M=-1, K=-1, N=1, for which Button 1 has historically performed very well. Buttons 0, 2, and 3 have fewer plays or less consistent high performance in this specific configuration, making Button 1 the most reliable exploitation choice.",78,A,C,D,B
19,LLM_Gemini_3_Flash,45,-1,1,1,1,C,1,exploit,0,"The current context is M=-1, K=1, N=1. Button 1 has been chosen 27 times in this context (or very similar contexts where only M, K, N are active, see trials 2, 7, 12, 27, 30, 31, 33, 43), yielding high rewards (average around 80+ in the later trials where the pattern became clearer, e.g., 86, 84, 88, 78). Buttons 0, 2, and 3 have either not been tried in this exact context, or when tried in similar contexts (Button 0 in T1, T11, T18, T36), they yielded lower or inconsistent rewards. Button 1 appears highly optimized for the current context (M=-1, K=1, N=1). Therefore, I will exploit this learned high-reward action.",79,A,C,D,B
19,LLM_Gemini_3_Flash,46,-1,1,-1,3,B,1,exploit,0,"Analyzing the history, Button 3 shows consistently high rewards (Avg ~74.8) specifically when context is (M:-1, K:1, N:-1) or (M:1, K:-1, N:-1). In the current context (M:-1, K:1, N:-1), Button 3 has previously yielded rewards of 75, 71, 74, 90, 87. Button 1, which has been heavily explored, seems to perform poorly (Avg ~52.5) in contexts where Button 3 excelled, or its high rewards (Avg ~79.3) are tied to the (M:-1, K:1, N:1) context which is different from the current one. Given the strong historical performance of Button 3 in the exact current context signal configuration, exploiting Button 3 is the best strategy now.",73,A,C,D,B
19,LLM_Gemini_3_Flash,47,1,1,-1,1,C,0,exploit,0,"The current context is (Mercury=1, Krypton=1, Nobelium=-1). Button 1 has been pulled 26 times, yielding an average reward of 57.58. While other buttons have been pulled fewer times, Button 1 shows strong overall performance and has been tested across many contexts. Based on historical data, Button 1 appears consistently high-performing. I will exploit this by choosing Button 1 again, expecting a reasonably high reward, as exploring other less tested buttons might lead to lower rewards at this late stage (Trial 47/50).",13,A,C,D,B
19,LLM_Gemini_3_Flash,48,1,-1,1,0,A,1,exploit,0,"The current context is (M=1, K=-1, N=1). Button 1 has been overwhelmingly chosen (37 times) but yields an average reward around 53. However, Button 0 showed a very high reward (81) once in this exact context (Trial 11) and a decent reward (52) in Trial 4. Button 2 was chosen only twice (Trial 3: 49, Trial 41: 55) in different contexts. Button 3 has not been chosen in this context. Given the high volatility/uncertainty around Button 1 (high variance in rewards, e.g., 21 to 88), and the one strong signal for Button 0 (81) in this context, I will explore Button 0 one more time to confirm the potential high reward, leaning towards exploiting the highest known reward in this specific situation, while acknowledging the need to test other buttons for better long-term models.",88,A,C,D,B
19,LLM_Gemini_3_Flash,49,-1,-1,1,1,C,1,exploit,0,"Button 1 has been played 31 times and consistently yields high rewards (average around 60-70) across various contexts, especially when Krypton=-1 or Nobelium=1. The current context is (-1, -1, 1). Button 1 has shown very high rewards (e.g., 87, 80, 85, 78) under this exact context in previous trials (10, 32, 38, 42, 44). While buttons 0 and 3 also show high rewards in certain contexts, Button 1 appears to be the most reliable high-performer overall, and especially for the current context given the history. Button 2 has only been played twice with moderate results (49, 55). Button 1 is the strongest candidate for exploitation.",83,A,C,D,B
19,LLM_Gemini_3_Flash,50,1,-1,-1,1,C,0,exploit,0,"The current context is M=1, K=-1, N=-1. Button 1 has been played 31 times and shows a pattern of very low rewards (average around 30-40 when M=1, K=-1, N=1, and average around 11-23 when M=1, K=-1, N=-1). However, button 1 shows very high rewards (70s-80s) when the context is M=-1. Button 3 has shown very high rewards (70s-90s) when M=-1, K=1, N=-1. Given the current context (M=1, K=-1, N=-1), Button 1 has yielded low rewards (11, 21, 23) in 3 past instances. Button 3 has yielded 53, 48, 47, 52 in 4 instances for this context. Button 0 has yielded 81, 88 in 2 instances, but under different signal combinations for M=1. Given the relatively poor history for Button 1 under this exact context (M=1, K=-1, N=-1), and the fact that Button 3 has some moderate rewards (50s) for this context, I will revisit Button 3, as Button 1 seems consistently bad when M=1 and N=-1. However, re-examining Button 1's history when M=1, K=-1, N=-1 (Trials 17, 29, 39), the rewards were 11, 23, 21 (Avg: 18.3). Button 3's history when M=1, K=-1, N=-1 (Trials 16, 24, 26, 28) had rewards 53, 48, 52, 47 (Avg: 49.75). Button 3 appears better for this exact context based on limited data. I will choose Button 3 to exploit the slightly better observed average, although I'm still uncertain about the mapping. Wait, I need to choose one arm. Given the high frequency of plays on Button 1, there's an implicit bias towards it potentially being one of the better arms overall due to high observed variability. I'll stick to exploiting the *best observed average for this specific context*, which is Button 3 (49.75 vs 18.3 for Button 1). Let's select Button 3.",24,A,C,D,B
